race_id,venue_slug,date,race_no,lineup,ni_sha_tan,san_ren_tan,san_ren_fuku,wide,banum,player_name,pref,age,term,player_class,running_style,gear,race_score,mark,mark_num,win_rate_4m,top2_rate_4m,top3_rate_4m,nige_4m,maku_4m,rank,agari,finish_type,margin,win_lose,close_time
1120260530030001,hakodate,2026-05-30,1,◎1 ×4 注5 △2 ○3,,,,,1,阿部 龍也  山,口,33,119,A3,逃,3.92,67.83,◎,6,26.6,30.0,33.3,6,0,,,,,,
1120260530030001,hakodate,2026-05-30,1,◎1 ×4 注5 △2 ○3,,,,,2,三木 翔太  群,馬,37,95,A3,両,3.92,67.91,△,4,4.1,16.6,37.5,0,0,,,,,,
1120260530030001,hakodate,2026-05-30,1,◎1 ×4 注5 △2 ○3,,,,,3,鈴木 豪  福,島,39,105,A3,両,3.85,68.12,○,5,4.1,12.5,29.1,0,0,,,,,,
1120260530030001,hakodate,2026-05-30,1,◎1 ×4 注5 △2 ○3,,,,,4,田口 守  山,口,38,94,A3,両,3.92,66.5,×,1,8.0,16.0,16.0,2,0,,,,,,
1120260530030001,hakodate,2026-05-30,1,◎1 ×4 注5 △2 ○3,,,,,5,横瀬 聡  福,岡,54,69,A3,追,3.92,66.78,注,2,9.3,12.5,25.0,0,0,,,,,,
1120260530030002,hakodate,2026-05-30,2,◎4 ○5 注1 △2 ×3 ▲6,,,,,1,梶原 亜湖  静,岡,55,73,A3,追,3.85,66.3,注,2,0.0,3.3,23.3,0,0,,,,,,
1120260530030002,hakodate,2026-05-30,2,◎4 ○5 注1 △2 ×3 ▲6,,,,,2,近藤 直幹  徳,島,52,75,A3,追,3.92,71.24,△,4,7.3,31.7,58.5,0,0,,,,,,
1120260530030002,hakodate,2026-05-30,2,◎4 ○5 注1 △2 ×3 ▲6,,,,,3,秋永 昂人  福,岡,39,98,A3,両,3.86,68.2,×,1,6.4,16.1,35.4,0,0,,,,,,
1120260530030002,hakodate,2026-05-30,2,◎4 ○5 注1 △2 ×3 ▲6,,,,,4,高橋 明久  宮,城,45,98,A3,逃,3.92,71.66,◎,6,13.6,18.1,40.9,1,1,,,,,,
1120260530030002,hakodate,2026-05-30,2,◎4 ○5 注1 △2 ×3 ▲6,,,,,5,戸ノ下 太郎  千,葉,50,76,A3,追,3.85,68.37,○,5,6.8,20.6,34.4,0,0,,,,,,
1120260530030002,hakodate,2026-05-30,2,◎4 ○5 注1 △2 ×3 ▲6,,,,,6,原 司  佐,賀,54,70,A3,追,3.85,63.88,▲,3,0.0,4.0,4.0,0,0,,,,,,
1120260530030003,hakodate,2026-05-30,3,×4 注7 ▲1 ◎2 ○5 △6,,,,,1,吉橋 秀城  埼,玉,47,85,A3,追,3.92,69.42,,0,6.0,24.2,33.3,0,0,,,,,,
1120260530030003,hakodate,2026-05-30,3,×4 注7 ▲1 ◎2 ○5 △6,,,,,2,鈴木 康平  静,岡,31,123,A3,逃,3.86,70.0,▲,3,8.6,30.4,52.1,6,1,,,,,,
1120260530030003,hakodate,2026-05-30,3,×4 注7 ▲1 ◎2 ○5 △6,,,,,3,勝部 貴博  福,岡,37,105,A3,両,3.83,70.39,△,4,15.1,36.3,48.4,7,2,,,,,,
1120260530030003,hakodate,2026-05-30,3,×4 注7 ▲1 ◎2 ○5 △6,,,,,4,山崎 寛巳  新,潟,42,93,A3,逃,3.92,70.09,×,1,28.5,42.8,47.6,4,4,,,,,,
1120260530030003,hakodate,2026-05-30,3,×4 注7 ▲1 ◎2 ○5 △6,,,,,5,山本 康旗  大,分,25,127,A3,逃,3.92,74.04,◎,6,14.2,38.0,52.3,4,3,,,,,,
1120260530030003,hakodate,2026-05-30,3,×4 注7 ▲1 ◎2 ○5 △6,,,,,6,真崎 章徳  佐,賀,30,113,A3,逃,3.92,68.03,○,5,9.6,22.5,29.0,2,4,,,,,,
1120260530030003,hakodate,2026-05-30,3,×4 注7 ▲1 ◎2 ○5 △6,,,,,7,村松 俊弥  山,梨,39,96,A3,追,3.93,69.84,注,2,6.2,12.5,37.5,0,0,,,,,,
1120260530030004,hakodate,2026-05-30,4,×4 ○6 ▲5 ◎2 △1 注3,,,,,1,松本 ちひろ  山,口,31,120,L1,両,3.77,47.74,△,4,0.0,3.7,14.8,0,0,,,,,,
1120260530030004,hakodate,2026-05-30,4,×4 ○6 ▲5 ◎2 △1 注3,,,,,2,中嶋 里美  愛,知,35,110,L1,両,3.77,49.24,◎,6,8.0,24.0,28.0,1,2,,,,,,
1120260530030004,hakodate,2026-05-30,4,×4 ○6 ▲5 ◎2 △1 注3,,,,,3,近澤 諒香  三,重,25,118,L1,両,3.79,46.74,注,2,0.0,5.7,14.2,0,0,,,,,,
1120260530030004,hakodate,2026-05-30,4,×4 ○6 ▲5 ◎2 △1 注3,,,,,4,土井 柚姫  岡,山,23,128,L1,両,3.77,49.73,×,1,0.0,20.0,33.3,0,0,,,,,,
1120260530030004,hakodate,2026-05-30,4,×4 ○6 ▲5 ◎2 △1 注3,,,,,5,佐藤 乃愛,北海道,22,126,L1,両,3.69,46.4,▲,3,0.0,3.3,16.6,1,0,,,,,,
1120260530030004,hakodate,2026-05-30,4,×4 ○6 ▲5 ◎2 △1 注3,,,,,6,今西 瑠花  大,阪,23,128,L1,両,3.77,46.89,○,5,0.0,20.0,20.0,3,0,,,,,,
1120260530030005,hakodate,2026-05-30,5,◎4 ○1 △6 注2 ×5 ▲3,,,,,1,佐藤 政利  新,潟,43,91,A2,追,3.92,82.66,○,5,3.7,11.1,33.3,0,0,,,,,,
1120260530030005,hakodate,2026-05-30,5,◎4 ○1 △6 注2 ×5 ▲3,,,,,2,大西 健士,神奈川,45,88,A2,追,3.93,84.03,△,4,0.0,21.4,42.8,0,0,,,,,,
1120260530030005,hakodate,2026-05-30,5,◎4 ○1 △6 注2 ×5 ▲3,,,,,3,山崎 翼  大,分,37,95,A2,逃,3.92,78.66,×,1,16.6,16.6,16.6,0,2,,,,,,
1120260530030005,hakodate,2026-05-30,5,◎4 ○1 △6 注2 ×5 ▲3,,,,,4,市川 健太  東,京,50,82,A2,両,3.85,83.0,◎,6,11.1,22.2,29.6,1,1,,,,,,
1120260530030005,hakodate,2026-05-30,5,◎4 ○1 △6 注2 ×5 ▲3,,,,,5,飯塚 隼人  佐,賀,38,95,A2,両,3.92,80.8,注,2,7.6,19.2,23.0,1,4,,,,,,
1120260530030005,hakodate,2026-05-30,5,◎4 ○1 △6 注2 ×5 ▲3,,,,,6,齊藤 健人  静,岡,39,92,A2,両,3.92,78.37,,0,0.0,7.4,11.1,2,0,,,,,,
1120260530030005,hakodate,2026-05-30,5,◎4 ○1 △6 注2 ×5 ▲3,,,,,7,吉良 勝信  福,岡,51,75,A2,追,3.93,81.86,▲,3,4.3,8.6,30.4,0,0,,,,,,
1120260530030006,hakodate,2026-05-30,6,○4 ×1 ◎7 注5 ▲6 △2,,,,,1,境 啓亨  熊,本,33,111,A2,逃,3.92,80.95,×,1,8.3,8.3,20.8,0,0,,,,,,
1120260530030006,hakodate,2026-05-30,6,○4 ×1 ◎7 注5 ▲6 △2,,,,,2,國廣 哲治  埼,玉,51,84,A1,追,3.92,83.0,▲,3,0.0,18.5,37.0,0,0,,,,,,
1120260530030006,hakodate,2026-05-30,6,○4 ×1 ◎7 注5 ▲6 △2,,,,,3,宮崎 康司  香,川,37,94,A2,両,3.92,85.03,△,4,11.1,22.2,29.6,0,2,,,,,,
1120260530030006,hakodate,2026-05-30,6,○4 ×1 ◎7 注5 ▲6 △2,,,,,4,枝村 弘樹  宮,崎,27,123,A1,逃,3.92,84.96,○,5,10.0,20.0,46.6,3,2,,,,,,
1120260530030006,hakodate,2026-05-30,6,○4 ×1 ◎7 注5 ▲6 △2,,,,,5,高橋 紀史  佐,賀,39,91,A2,追,3.92,81.34,注,2,4.3,13.0,26.0,0,0,,,,,,
1120260530030006,hakodate,2026-05-30,6,○4 ×1 ◎7 注5 ▲6 △2,,,,,6,松田 昂己  茨,城,24,123,A2,逃,3.92,80.9,,0,4.7,19.0,28.5,2,2,,,,,,
1120260530030006,hakodate,2026-05-30,6,○4 ×1 ◎7 注5 ▲6 △2,,,,,7,野口 大誠  熊,本,36,105,A1,両,3.92,93.66,◎,6,33.3,55.5,66.6,0,2,,,,,,
1120260530030007,hakodate,2026-05-30,7,注5 ○4 ▲1 ×2 ◎6 △3,,,,,1,須藤 誠  千,葉,41,92,A1,追,3.85,85.51,▲,3,3.7,37.0,51.8,0,0,,,,,,
1120260530030007,hakodate,2026-05-30,7,注5 ○4 ▲1 ×2 ◎6 △3,,,,,2,坂本 拓也  福,島,40,111,A1,両,3.92,86.85,×,1,25.0,39.2,57.1,0,4,,,,,,
1120260530030007,hakodate,2026-05-30,7,注5 ○4 ▲1 ×2 ◎6 △3,,,,,3,三木 健正  岡,山,25,125,A1,逃,3.92,88.18,◎,6,22.7,40.9,54.5,4,5,,,,,,
1120260530030007,hakodate,2026-05-30,7,注5 ○4 ▲1 ×2 ◎6 △3,,,,,4,白戸 淳太郎,神奈川,53,74,A1,追,3.92,91.46,○,5,13.3,20.0,46.6,0,0,,,,,,
1120260530030007,hakodate,2026-05-30,7,注5 ○4 ▲1 ×2 ◎6 △3,,,,,5,齋藤 一茂  群,馬,37,97,A1,逃,3.92,84.25,注,2,29.6,44.4,51.8,10,2,,,,,,
1120260530030007,hakodate,2026-05-30,7,注5 ○4 ▲1 ×2 ◎6 △3,,,,,6,田原 大広,北海道,46,87,A1,追,3.92,83.8,,0,4.7,14.2,42.8,0,0,,,,,,
1120260530030007,hakodate,2026-05-30,7,注5 ○4 ▲1 ×2 ◎6 △3,,,,,7,森岡 正臣  高,知,50,75,A1,追,3.92,86.14,△,4,0.0,25.9,48.1,0,0,,,,,,
1120260530030008,hakodate,2026-05-30,8,◎7 ○5 △1 ×4 注2 ▲3,,,,,1,細川 貴史  広,島,45,87,A2,追,3.92,83.41,△,4,8.3,16.6,41.6,0,0,,,,,,
1120260530030008,hakodate,2026-05-30,8,◎7 ○5 △1 ×4 注2 ▲3,,,,,2,片折 勇輝  福,岡,42,95,A2,両,3.92,82.17,注,2,10.3,17.2,24.1,1,0,,,,,,
1120260530030008,hakodate,2026-05-30,8,◎7 ○5 △1 ×4 注2 ▲3,,,,,3,井上 雄三  埼,玉,43,88,A2,追,3.92,82.79,▲,3,13.7,27.5,37.9,0,0,,,,,,
1120260530030008,hakodate,2026-05-30,8,◎7 ○5 △1 ×4 注2 ▲3,,,,,4,金ヶ江 勇気  佐,賀,30,111,A1,両,3.92,91.62,×,1,33.3,51.8,66.6,0,5,,,,,,
1120260530030008,hakodate,2026-05-30,8,◎7 ○5 △1 ×4 注2 ▲3,,,,,5,谷元 奎心  山,口,25,117,A1,逃,3.92,85.52,○,5,19.0,33.3,47.6,1,5,,,,,,
1120260530030008,hakodate,2026-05-30,8,◎7 ○5 △1 ×4 注2 ▲3,,,,,6,松本 一志  宮,崎,30,117,A2,逃,3.85,79.44,,0,3.7,18.5,29.6,5,0,,,,,,
1120260530030008,hakodate,2026-05-30,8,◎7 ○5 △1 ×4 注2 ▲3,,,,,7,細中 翔太  岡,山,27,125,A2,逃,3.92,92.0,◎,6,50.0,62.5,75.0,12,1,,,,,,
1120260530030009,hakodate,2026-05-30,9,注3 ×7 ▲1 ○6 ◎4 △5,,,,,1,野木 義規,北海道,53,72,A3,追,3.92,73.83,▲,3,4.1,45.8,50.0,0,0,,,,,,
1120260530030009,hakodate,2026-05-30,9,注3 ×7 ▲1 ○6 ◎4 △5,,,,,2,中川 昌久  茨,城,46,94,A3,追,3.93,74.33,△,4,0.0,25.0,58.3,0,0,,,,,,
1120260530030009,hakodate,2026-05-30,9,注3 ×7 ▲1 ○6 ◎4 △5,,,,,3,川西 康彦  徳,島,22,127,A3,逃,3.85,74.87,注,2,30.3,42.4,57.5,7,5,,,,,,
1120260530030009,hakodate,2026-05-30,9,注3 ×7 ▲1 ○6 ◎4 △5,,,,,4,吉田 夢希斗  埼,玉,21,127,A3,逃,3.92,76.86,○,5,26.6,63.3,83.3,11,6,,,,,,
1120260530030009,hakodate,2026-05-30,9,注3 ×7 ▲1 ○6 ◎4 △5,,,,,5,中川 飛隆  新,潟,27,127,A3,逃,3.75,77.29,◎,6,51.8,70.3,88.8,8,7,,,,,,
1120260530030009,hakodate,2026-05-30,9,注3 ×7 ▲1 ○6 ◎4 △5,,,,,6,前川 裕希,北海道,49,95,A3,追,3.92,68.93,,0,0.0,12.5,31.2,0,0,,,,,,
1120260530030009,hakodate,2026-05-30,9,注3 ×7 ▲1 ○6 ◎4 △5,,,,,7,白濱 一平  長,崎,32,111,A3,両,3.92,76.03,×,1,53.8,65.3,73.0,3,7,,,,,,
1120260530030010,hakodate,2026-05-30,10,△2 ×3 ▲4 ○7 ◎6 注1,,,,,1,児玉 碧衣  福,岡,31,108,L1,逃,3.79,57.58,◎,6,86.2,93.1,96.5,15,12,,,,,,
1120260530030010,hakodate,2026-05-30,10,△2 ×3 ▲4 ○7 ◎6 注1,,,,,2,岡田 優歩,和歌山,22,128,L1,両,3.79,54.11,△,4,29.4,58.8,82.3,2,5,,,,,,
1120260530030010,hakodate,2026-05-30,10,△2 ×3 ▲4 ○7 ◎6 注1,,,,,3,吉村 早耶香  静,岡,28,112,L1,両,3.77,54.52,×,1,24.0,56.0,80.0,3,3,,,,,,
1120260530030010,hakodate,2026-05-30,10,△2 ×3 ▲4 ○7 ◎6 注1,,,,,4,高橋 梨香  埼,玉,46,106,L1,両,3.69,52.0,▲,3,3.0,24.2,54.5,2,0,,,,,,
1120260530030010,hakodate,2026-05-30,10,△2 ×3 ▲4 ○7 ◎6 注1,,,,,5,田中 月菜  佐,賀,25,118,L1,両,3.77,52.27,注,2,5.5,33.3,61.1,0,0,,,,,,
1120260530030010,hakodate,2026-05-30,10,△2 ×3 ▲4 ○7 ◎6 注1,,,,,6,荒川 ひかり  茨,城,31,110,L1,追,3.77,49.3,,0,15.3,23.0,30.7,0,0,,,,,,
1120260530030010,hakodate,2026-05-30,10,△2 ×3 ▲4 ○7 ◎6 注1,,,,,7,石井 貴子  千,葉,36,106,L1,両,3.79,54.1,○,5,10.5,36.8,78.9,0,3,,,,,,
1120260530030011,hakodate,2026-05-30,11,◎1 ○5 注6 ▲2 ×3 △4,,,,,1,三神 遼矢  福,島,24,127,A2,逃,3.92,86.83,◎,6,83.3,91.6,91.6,9,1,,,,,,
1120260530030011,hakodate,2026-05-30,11,◎1 ○5 注6 ▲2 ×3 △4,,,,,2,小川 賢人  福,岡,41,103,A1,両,3.92,92.83,注,2,12.5,45.8,66.6,1,4,,,,,,
1120260530030011,hakodate,2026-05-30,11,◎1 ○5 注6 ▲2 ×3 △4,,,,,3,坪内 恒  千,葉,34,123,A1,逃,3.92,92.5,▲,3,42.3,53.8,61.5,8,6,,,,,,
1120260530030011,hakodate,2026-05-30,11,◎1 ○5 注6 ▲2 ×3 △4,,,,,4,磯川 勝裕  東,京,31,113,A1,逃,3.85,94.11,×,1,42.3,65.3,80.7,3,9,,,,,,
1120260530030011,hakodate,2026-05-30,11,◎1 ○5 注6 ▲2 ×3 △4,,,,,5,渡辺 正光  福,島,38,95,A1,追,3.92,90.73,○,5,6.2,18.7,43.7,0,0,,,,,,
1120260530030011,hakodate,2026-05-30,11,◎1 ○5 注6 ▲2 ×3 △4,,,,,6,中里 福太郎,北海道,30,113,A2,逃,3.93,78.5,,0,4.7,19.0,23.8,3,0,,,,,,
1120260530030011,hakodate,2026-05-30,11,◎1 ○5 注6 ▲2 ×3 △4,,,,,7,久樹 克門  徳,島,34,113,A1,逃,3.92,92.28,△,4,34.4,48.2,55.1,0,3,,,,,,
2420260530030001,utsunomiya,2026-05-30,1,○4 ◎7 △1 注6 ×2 ▲5,7-1  480円(3),"7-1-2  3,010円(8)","1=2=7  1,490円(4)","1=2  1,400円(8)  1=7  200円(2)  2=7  490円(4) / 1=2  1,400円(8)  1=7  200円(2)  2=7  490円(4)",1,山本 紳貴  千,葉,41,107,S2,追,3.92,98.4,△,4,4.0,12.0,32.0,0,0,2,14.7,ク,３/４車輪,,
2420260530030001,utsunomiya,2026-05-30,1,○4 ◎7 △1 注6 ×2 ▲5,7-1  480円(3),"7-1-2  3,010円(8)","1=2=7  1,490円(4)","1=2  1,400円(8)  1=7  200円(2)  2=7  490円(4) / 1=2  1,400円(8)  1=7  200円(2)  2=7  490円(4)",2,藤原 憲征  新,潟,46,85,S2,追,3.92,98.0,×,1,9.0,15.1,42.4,0,0,3,14.5,,３/４車身,,
2420260530030001,utsunomiya,2026-05-30,1,○4 ◎7 △1 注6 ×2 ▲5,7-1  480円(3),"7-1-2  3,010円(8)","1=2=7  1,490円(4)","1=2  1,400円(8)  1=7  200円(2)  2=7  490円(4) / 1=2  1,400円(8)  1=7  200円(2)  2=7  490円(4)",3,桑原 亮  福,岡,41,91,S2,追,3.92,96.22,,0,2.7,16.6,30.5,0,1,5,14.7,,１車身,,
2420260530030001,utsunomiya,2026-05-30,1,○4 ◎7 △1 注6 ×2 ▲5,7-1  480円(3),"7-1-2  3,010円(8)","1=2=7  1,490円(4)","1=2  1,400円(8)  1=7  200円(2)  2=7  490円(4) / 1=2  1,400円(8)  1=7  200円(2)  2=7  490円(4)",4,木村 佑来  宮,城,24,119,S2,逃,3.92,101.48,○,5,20.6,41.3,55.1,7,4,4,15.0,,１/２車身,,
2420260530030001,utsunomiya,2026-05-30,1,○4 ◎7 △1 注6 ×2 ▲5,7-1  480円(3),"7-1-2  3,010円(8)","1=2=7  1,490円(4)","1=2  1,400円(8)  1=7  200円(2)  2=7  490円(4) / 1=2  1,400円(8)  1=7  200円(2)  2=7  490円(4)",5,上原 龍  長,野,41,95,S2,追,3.92,95.27,▲,3,3.4,3.4,20.6,0,0,6,14.6,,３/４車輪,,
2420260530030001,utsunomiya,2026-05-30,1,○4 ◎7 △1 注6 ×2 ▲5,7-1  480円(3),"7-1-2  3,010円(8)","1=2=7  1,490円(4)","1=2  1,400円(8)  1=7  200円(2)  2=7  490円(4) / 1=2  1,400円(8)  1=7  200円(2)  2=7  490円(4)",6,柿本 大貴  東,京,30,113,S2,逃,3.92,94.03,注,2,3.8,19.2,23.0,0,2,7,14.5,,１/２車身,,
2420260530030001,utsunomiya,2026-05-30,1,○4 ◎7 △1 注6 ×2 ▲5,7-1  480円(3),"7-1-2  3,010円(8)","1=2=7  1,490円(4)","1=2  1,400円(8)  1=7  200円(2)  2=7  490円(4) / 1=2  1,400円(8)  1=7  200円(2)  2=7  490円(4)",7,菅原 裕太  静,岡,34,100,S2,追,3.92,103.28,◎,6,18.4,34.2,52.6,0,0,1,14.8,差,,,
2420260530030002,utsunomiya,2026-05-30,2,◎1 ○4 ×5 ▲2 注6 △7,"4-2  1,310円(4)","4-2-5  3,100円(3)","2=4=5  1,170円(3)",2=4  220円(1)  2=5  840円(15)  4=5  320円(6) / 2=4  220円(1)  2=5  840円(15)  4=5  320円(6),1,伊藤 裕貴  三,重,34,100,S2,両,3.92,98.84,◎,6,5.0,40.0,45.0,0,4,4,14.7,,１/２車輪,,
2420260530030002,utsunomiya,2026-05-30,2,◎1 ○4 ×5 ▲2 注6 △7,"4-2  1,310円(4)","4-2-5  3,100円(3)","2=4=5  1,170円(3)",2=4  220円(1)  2=5  840円(15)  4=5  320円(6) / 2=4  220円(1)  2=5  840円(15)  4=5  320円(6),2,坂本 貴史  青,森,37,94,S2,両,3.92,100.17,×,1,5.8,29.4,47.0,2,3,2,14.3,差,３/４車輪,,
2420260530030002,utsunomiya,2026-05-30,2,◎1 ○4 ×5 ▲2 注6 △7,"4-2  1,310円(4)","4-2-5  3,100円(3)","2=4=5  1,170円(3)",2=4  220円(1)  2=5  840円(15)  4=5  320円(6) / 2=4  220円(1)  2=5  840円(15)  4=5  320円(6),3,福島 武士  香,川,40,96,S2,追,3.92,100.3,△,4,0.0,22.2,33.3,0,0,5,14.2,,１/２車輪,,
2420260530030002,utsunomiya,2026-05-30,2,◎1 ○4 ×5 ▲2 注6 △7,"4-2  1,310円(4)","4-2-5  3,100円(3)","2=4=5  1,170円(3)",2=4  220円(1)  2=5  840円(15)  4=5  320円(6) / 2=4  220円(1)  2=5  840円(15)  4=5  320円(6),4,小嶋 敬二  石,川,56,74,S2,両,3.92,95.28,○,5,14.2,17.8,25.0,0,3,1,14.5,差,,,
2420260530030002,utsunomiya,2026-05-30,2,◎1 ○4 ×5 ▲2 注6 △7,"4-2  1,310円(4)","4-2-5  3,100円(3)","2=4=5  1,170円(3)",2=4  220円(1)  2=5  840円(15)  4=5  320円(6) / 2=4  220円(1)  2=5  840円(15)  4=5  320円(6),5,笹倉 慎也  富,山,40,91,S2,追,3.92,94.64,,0,6.4,9.6,16.1,0,0,3,14.4,,３/４車輪,,
2420260530030002,utsunomiya,2026-05-30,2,◎1 ○4 ×5 ▲2 注6 △7,"4-2  1,310円(4)","4-2-5  3,100円(3)","2=4=5  1,170円(3)",2=4  220円(1)  2=5  840円(15)  4=5  320円(6) / 2=4  220円(1)  2=5  840円(15)  4=5  320円(6),6,相澤 政宏  宮,城,47,99,S2,追,3.92,94.48,▲,3,0.0,0.0,22.5,0,0,7,14.5,,３車身,,
2420260530030002,utsunomiya,2026-05-30,2,◎1 ○4 ×5 ▲2 注6 △7,"4-2  1,310円(4)","4-2-5  3,100円(3)","2=4=5  1,170円(3)",2=4  220円(1)  2=5  840円(15)  4=5  320円(6) / 2=4  220円(1)  2=5  840円(15)  4=5  320円(6),7,成松 春樹  佐,賀,40,93,S2,両,3.93,97.35,注,2,7.1,10.7,21.4,1,1,6,14.1,,３/４車身,,
2420260530030003,utsunomiya,2026-05-30,3,○2 ◎7 △5 注4 ×1 ▲6,1-7  550円(1),"1-7-4  5,090円(19)","1=4=7  1,170円(4)",1=4  380円(8)  1=7  170円(1)  4=7  790円(12) / 1=4  380円(8)  1=7  170円(1)  4=7  790円(12),1,中川 誠一郎  熊,本,46,85,S1,両,3.92,105.22,×,1,22.7,36.3,50.0,0,3,1,14.7,差,,,
2420260530030003,utsunomiya,2026-05-30,3,○2 ◎7 △5 注4 ×1 ▲6,1-7  550円(1),"1-7-4  5,090円(19)","1=4=7  1,170円(4)",1=4  380円(8)  1=7  170円(1)  4=7  790円(12) / 1=4  380円(8)  1=7  170円(1)  4=7  790円(12),2,熊崎 麻人  埼,玉,26,123,S2,逃,3.92,98.8,○,5,6.4,19.3,32.2,1,3,6,14.8,,３/４車輪,,
2420260530030003,utsunomiya,2026-05-30,3,○2 ◎7 △5 注4 ×1 ▲6,1-7  550円(1),"1-7-4  5,090円(19)","1=4=7  1,170円(4)",1=4  380円(8)  1=7  170円(1)  4=7  790円(12) / 1=4  380円(8)  1=7  170円(1)  4=7  790円(12),3,神尾 敬冬  静,岡,26,123,S2,逃,3.92,93.09,,0,6.2,6.2,15.6,1,1,5,15.1,,１/２車輪,,
2420260530030003,utsunomiya,2026-05-30,3,○2 ◎7 △5 注4 ×1 ▲6,1-7  550円(1),"1-7-4  5,090円(19)","1=4=7  1,170円(4)",1=4  380円(8)  1=7  170円(1)  4=7  790円(12) / 1=4  380円(8)  1=7  170円(1)  4=7  790円(12),4,津村 洸次郎  福,岡,35,101,S2,両,3.93,94.0,注,2,6.8,10.3,20.6,2,1,3,14.9,,３/４車身,,
2420260530030003,utsunomiya,2026-05-30,3,○2 ◎7 △5 注4 ×1 ▲6,1-7  550円(1),"1-7-4  5,090円(19)","1=4=7  1,170円(4)",1=4  380円(8)  1=7  170円(1)  4=7  790円(12) / 1=4  380円(8)  1=7  170円(1)  4=7  790円(12),5,池田 憲昭  香,川,44,90,S2,追,3.92,95.6,△,4,5.7,17.1,20.0,0,1,4,14.5,,３/４車輪,,
2420260530030003,utsunomiya,2026-05-30,3,○2 ◎7 △5 注4 ×1 ▲6,1-7  550円(1),"1-7-4  5,090円(19)","1=4=7  1,170円(4)",1=4  380円(8)  1=7  170円(1)  4=7  790円(12) / 1=4  380円(8)  1=7  170円(1)  4=7  790円(12),6,松尾 勇吾  熊,本,27,115,S2,追,3.92,92.62,▲,3,0.0,0.0,6.8,0,0,7,15.0,,５車身,,
2420260530030003,utsunomiya,2026-05-30,3,○2 ◎7 △5 注4 ×1 ▲6,1-7  550円(1),"1-7-4  5,090円(19)","1=4=7  1,170円(4)",1=4  380円(8)  1=7  170円(1)  4=7  790円(12) / 1=4  380円(8)  1=7  170円(1)  4=7  790円(12),7,片折 亮太  埼,玉,38,92,S2,両,3.92,95.23,◎,6,7.6,23.0,30.7,1,2,2,14.5,差,３/４車身,,
2420260530030004,utsunomiya,2026-05-30,4,△6 ▲4 ◎1 ○9 注5 ×2,5-2  300円(1),"5-2-3  1,000円(1)",2=3=5  590円(2),2=3  280円(4)  2=5  130円(1)  3=5  210円(2) / 2=3  280円(4)  2=5  130円(1)  3=5  210円(2),1,山形 一気  徳,島,37,96,S1,追,3.92,108.6,△,4,3.8,26.9,46.1,0,0,4,14.2,,１/８車輪,,
2420260530030004,utsunomiya,2026-05-30,4,△6 ▲4 ◎1 ○9 注5 ×2,5-2  300円(1),"5-2-3  1,000円(1)",2=3=5  590円(2),2=3  280円(4)  2=5  130円(1)  3=5  210円(2) / 2=3  280円(4)  2=5  130円(1)  3=5  210円(2),2,海老根 恵太  千,葉,48,86,S2,追,3.92,102.32,○,5,10.3,27.5,37.9,0,0,2,13.7,ク,３/４車輪,,
2420260530030004,utsunomiya,2026-05-30,4,△6 ▲4 ◎1 ○9 注5 ×2,5-2  300円(1),"5-2-3  1,000円(1)",2=3=5  590円(2),2=3  280円(4)  2=5  130円(1)  3=5  210円(2) / 2=3  280円(4)  2=5  130円(1)  3=5  210円(2),3,渡邉 豪大  福,岡,36,107,S2,追,3.92,108.5,×,1,20.8,33.3,50.0,0,1,3,14.3,,４車身,,
2420260530030004,utsunomiya,2026-05-30,4,△6 ▲4 ◎1 ○9 注5 ×2,5-2  300円(1),"5-2-3  1,000円(1)",2=3=5  590円(2),2=3  280円(4)  2=5  130円(1)  3=5  210円(2) / 2=3  280円(4)  2=5  130円(1)  3=5  210円(2),4,岡田 泰地  栃,木,34,100,S2,追,3.92,98.03,,0,0.0,10.3,37.9,0,0,6,14.4,,１/８車輪,,
2420260530030004,utsunomiya,2026-05-30,4,△6 ▲4 ◎1 ○9 注5 ×2,5-2  300円(1),"5-2-3  1,000円(1)",2=3=5  590円(2),2=3  280円(4)  2=5  130円(1)  3=5  210円(2) / 2=3  280円(4)  2=5  130円(1)  3=5  210円(2),5,根田 空史  千,葉,37,94,S1,逃,3.92,109.48,◎,6,34.4,51.7,58.6,12,3,1,13.7,捲,,,
2420260530030004,utsunomiya,2026-05-30,4,△6 ▲4 ◎1 ○9 注5 ×2,5-2  300円(1),"5-2-3  1,000円(1)",2=3=5  590円(2),2=3  280円(4)  2=5  130円(1)  3=5  210円(2) / 2=3  280円(4)  2=5  130円(1)  3=5  210円(2),6,中村 隆生  栃,木,25,117,S2,逃,3.92,97.0,,0,7.6,19.2,38.4,5,0,7,14.5,,３/４車輪,,
2420260530030004,utsunomiya,2026-05-30,4,△6 ▲4 ◎1 ○9 注5 ×2,5-2  300円(1),"5-2-3  1,000円(1)",2=3=5  590円(2),2=3  280円(4)  2=5  130円(1)  3=5  210円(2) / 2=3  280円(4)  2=5  130円(1)  3=5  210円(2),7,瀬戸 栄作  長,崎,32,109,S2,両,3.92,98.8,注,2,7.6,11.5,30.7,0,2,9,15.1,,６車身,,
2420260530030004,utsunomiya,2026-05-30,4,△6 ▲4 ◎1 ○9 注5 ×2,5-2  300円(1),"5-2-3  1,000円(1)",2=3=5  590円(2),2=3  280円(4)  2=5  130円(1)  3=5  210円(2) / 2=3  280円(4)  2=5  130円(1)  3=5  210円(2),8,高橋 雅之  千,葉,43,90,S2,追,3.92,97.57,,0,5.8,20.5,35.2,0,0,8,14.0,,２車身,,
2420260530030004,utsunomiya,2026-05-30,4,△6 ▲4 ◎1 ○9 注5 ×2,5-2  300円(1),"5-2-3  1,000円(1)",2=3=5  590円(2),2=3  280円(4)  2=5  130円(1)  3=5  210円(2) / 2=3  280円(4)  2=5  130円(1)  3=5  210円(2),9,湊 聖二  徳,島,49,86,S1,追,3.92,101.95,▲,3,14.2,28.5,61.9,0,0,5,14.1,,１/４車輪,,
2420260530030005,utsunomiya,2026-05-30,5,△8 ◎1 ○6 注2 ×9 ▲7,,,,,1,佐々木 雄一  福,島,46,83,S1,追,3.92,103.93,△,4,19.3,22.5,45.1,0,1,,,,,,
2420260530030005,utsunomiya,2026-05-30,5,△8 ◎1 ○6 注2 ×9 ▲7,,,,,2,市田 龍生都  福,井,24,127,S2,逃,3.93,111.0,◎,6,83.3,83.3,83.3,4,1,,,,,,
2420260530030005,utsunomiya,2026-05-30,5,△8 ◎1 ○6 注2 ×9 ▲7,,,,,3,寺沼 拓摩  東,京,27,115,S2,両,3.93,102.85,×,1,9.5,23.8,33.3,2,2,,,,,,
2420260530030005,utsunomiya,2026-05-30,5,△8 ◎1 ○6 注2 ×9 ▲7,,,,,4,田中 陽平  熊,本,36,97,S2,追,3.92,98.2,,0,4.0,16.0,36.0,0,0,,,,,,
2420260530030005,utsunomiya,2026-05-30,5,△8 ◎1 ○6 注2 ×9 ▲7,,,,,5,武田 豊樹  茨,城,52,88,S2,追,3.92,102.6,▲,3,12.5,20.8,41.6,0,0,,,,,,
2420260530030005,utsunomiya,2026-05-30,5,△8 ◎1 ○6 注2 ×9 ▲7,,,,,6,三浦 翔大  宮,城,35,98,S2,追,3.92,97.25,,0,3.5,14.2,25.0,0,0,,,,,,
2420260530030005,utsunomiya,2026-05-30,5,△8 ◎1 ○6 注2 ×9 ▲7,,,,,7,山口 貴弘  佐,賀,42,92,S2,追,3.92,101.37,注,2,3.3,16.6,43.3,0,0,,,,,,
2420260530030005,utsunomiya,2026-05-30,5,△8 ◎1 ○6 注2 ×9 ▲7,,,,,8,立花 昌也  青,森,27,123,S2,逃,3.92,97.53,,0,15.3,34.6,34.6,4,5,,,,,,
2420260530030005,utsunomiya,2026-05-30,5,△8 ◎1 ○6 注2 ×9 ▲7,,,,,9,稲毛 健太,和歌山,36,97,S2,逃,3.92,102.34,○,5,24.1,37.9,51.7,5,1,,,,,,
2420260530030006,utsunomiya,2026-05-30,6,×1 注8 ◎6 ○2 △7 ▲4,,,,,1,纐纈 洸翔  愛,知,23,121,S1,両,3.92,105.56,×,1,19.3,38.7,51.6,1,4,,,,,,
2420260530030006,utsunomiya,2026-05-30,6,×1 注8 ◎6 ○2 △7 ▲4,,,,,2,坂井 洋  栃,木,31,115,S1,両,3.92,111.05,◎,6,23.5,32.3,50.0,2,5,,,,,,
2420260530030006,utsunomiya,2026-05-30,6,×1 注8 ◎6 ○2 △7 ▲4,,,,,3,内山 雅貴  静,岡,31,113,S2,逃,3.92,98.07,△,4,14.2,17.8,46.4,1,1,,,,,,
2420260530030006,utsunomiya,2026-05-30,6,×1 注8 ◎6 ○2 △7 ▲4,,,,,4,米嶋 恵介  岡,山,34,119,S2,両,3.92,97.55,,0,14.2,14.2,34.2,0,1,,,,,,
2420260530030006,utsunomiya,2026-05-30,6,×1 注8 ◎6 ○2 △7 ▲4,,,,,5,小島 歩,神奈川,36,97,S2,追,3.93,98.04,▲,3,4.0,20.0,20.0,0,0,,,,,,
2420260530030006,utsunomiya,2026-05-30,6,×1 注8 ◎6 ○2 △7 ▲4,,,,,6,菊谷 信一  大,阪,41,90,S2,追,3.92,94.86,,0,0.0,0.0,4.1,0,0,,,,,,
2420260530030006,utsunomiya,2026-05-30,6,×1 注8 ◎6 ○2 △7 ▲4,,,,,7,篠田 幸希  群,馬,27,123,S2,逃,3.92,106.2,○,5,25.0,41.6,58.3,1,5,,,,,,
2420260530030006,utsunomiya,2026-05-30,6,×1 注8 ◎6 ○2 △7 ▲4,,,,,8,稲垣 裕之  京,都,48,86,S2,両,3.92,95.79,注,2,3.3,13.3,26.6,0,0,,,,,,
2420260530030006,utsunomiya,2026-05-30,6,×1 注8 ◎6 ○2 △7 ▲4,,,,,9,増原 正人  広,島,43,98,S2,両,3.92,99.07,,0,14.2,32.1,42.8,0,0,,,,,,
2420260530030007,utsunomiya,2026-05-30,7,×1 注7 ▲9 △2 ◎3 ○5,,,,,1,松岡 辰泰  熊,本,29,117,S1,逃,3.92,105.81,×,1,7.4,14.8,25.9,0,1,,,,,,
2420260530030007,utsunomiya,2026-05-30,7,×1 注7 ▲9 △2 ◎3 ○5,,,,,2,岡本 総  愛,知,38,105,S1,追,3.92,110.69,△,4,8.6,26.0,43.4,0,0,,,,,,
2420260530030007,utsunomiya,2026-05-30,7,×1 注7 ▲9 △2 ◎3 ○5,,,,,3,松井 宏佑,神奈川,33,113,S1,逃,3.92,108.08,◎,6,12.0,24.0,32.0,2,3,,,,,,
2420260530030007,utsunomiya,2026-05-30,7,×1 注7 ▲9 △2 ◎3 ○5,,,,,4,渡口 勝成  山,口,28,119,S2,逃,3.92,101.5,,0,10.0,40.0,50.0,5,3,,,,,,
2420260530030007,utsunomiya,2026-05-30,7,×1 注7 ▲9 △2 ◎3 ○5,,,,,5,大槻 寛徳  宮,城,47,85,S1,追,3.92,109.27,○,5,13.0,43.4,56.5,0,1,,,,,,
2420260530030007,utsunomiya,2026-05-30,7,×1 注7 ▲9 △2 ◎3 ○5,,,,,6,真崎 新太郎  栃,木,47,85,S2,追,3.92,99.17,,0,13.3,26.6,36.6,0,0,,,,,,
2420260530030007,utsunomiya,2026-05-30,7,×1 注7 ▲9 △2 ◎3 ○5,,,,,7,佐藤 幸治  長,崎,40,92,S2,両,3.92,105.28,注,2,21.8,43.7,65.6,2,11,,,,,,
2420260530030007,utsunomiya,2026-05-30,7,×1 注7 ▲9 △2 ◎3 ○5,,,,,8,中嶋 宣成  長,野,36,113,S2,逃,3.93,99.8,,0,19.2,34.6,42.3,7,2,,,,,,
2420260530030007,utsunomiya,2026-05-30,7,×1 注7 ▲9 △2 ◎3 ○5,,,,,9,横関 裕樹  岐,阜,38,99,S2,両,3.92,102.71,▲,3,21.4,35.7,53.5,0,0,,,,,,
2420260530030008,utsunomiya,2026-05-30,8,○1 ◎9 △5 注2 ×8 ▲3,,,,,1,北井 佑季,神奈川,36,119,S2,逃,3.92,102.42,○,5,74.0,85.1,88.8,12,10,,,,,,
2420260530030008,utsunomiya,2026-05-30,8,○1 ◎9 △5 注2 ×8 ▲3,,,,,2,福田 稔希  栃,木,23,125,S2,逃,3.92,104.43,注,2,29.4,41.1,47.0,4,2,,,,,,
2420260530030008,utsunomiya,2026-05-30,8,○1 ◎9 △5 注2 ×8 ▲3,,,,,3,青柳 靖起  佐,賀,26,117,S2,逃,3.92,104.37,×,1,18.5,33.3,44.4,4,1,,,,,,
2420260530030008,utsunomiya,2026-05-30,8,○1 ◎9 △5 注2 ×8 ▲3,,,,,4,藤田 勝也,和歌山,37,94,S2,追,3.92,101.46,,0,21.4,35.7,46.4,0,0,,,,,,
2420260530030008,utsunomiya,2026-05-30,8,○1 ◎9 △5 注2 ×8 ▲3,,,,,5,山崎 将幸  宮,城,39,92,S2,追,3.92,103.73,△,4,10.0,26.6,50.0,0,0,,,,,,
2420260530030008,utsunomiya,2026-05-30,8,○1 ◎9 △5 注2 ×8 ▲3,,,,,6,佐山 寛明  奈,良,38,113,S2,逃,3.92,98.16,,0,4.0,16.0,20.0,2,1,,,,,,
2420260530030008,utsunomiya,2026-05-30,8,○1 ◎9 △5 注2 ×8 ▲3,,,,,7,濱田 浩司  愛,媛,47,81,S2,追,3.92,102.48,▲,3,11.5,23.0,46.1,0,0,,,,,,
2420260530030008,utsunomiya,2026-05-30,8,○1 ◎9 △5 注2 ×8 ▲3,,,,,8,鈴木 薫  東,京,27,115,S2,逃,3.92,101.31,,0,10.5,36.8,57.8,0,5,,,,,,
2420260530030008,utsunomiya,2026-05-30,8,○1 ◎9 △5 注2 ×8 ▲3,,,,,9,守澤 太志  秋,田,40,96,S1,追,3.92,110.58,◎,6,11.5,38.4,53.8,0,0,,,,,,
2420260530030009,utsunomiya,2026-05-30,9,◎1 ○7 △5 ×2 注3 ▲4,,,,,1,杉浦 侑吾  栃,木,31,115,S1,逃,3.92,110.84,◎,6,28.1,46.8,62.5,8,7,,,,,,
2420260530030009,utsunomiya,2026-05-30,9,◎1 ○7 △5 ×2 注3 ▲4,,,,,2,片岡 迪之  岡,山,39,93,S1,両,3.92,107.58,△,4,16.0,28.0,52.0,0,3,,,,,,
2420260530030009,utsunomiya,2026-05-30,9,◎1 ○7 △5 ×2 注3 ▲4,,,,,3,岡崎 智哉  大,阪,40,96,S1,両,3.92,110.0,×,1,17.8,53.5,75.0,0,3,,,,,,
2420260530030009,utsunomiya,2026-05-30,9,◎1 ○7 △5 ×2 注3 ▲4,,,,,4,小松原 正登  福,井,27,117,S2,逃,3.92,98.86,注,2,25.0,31.2,37.5,0,3,,,,,,
2420260530030009,utsunomiya,2026-05-30,9,◎1 ○7 △5 ×2 注3 ▲4,,,,,5,近藤 翔馬  愛,媛,28,119,S2,逃,3.92,98.93,,0,12.5,15.6,25.0,0,2,,,,,,
2420260530030009,utsunomiya,2026-05-30,9,◎1 ○7 △5 ×2 注3 ▲4,,,,,6,金澤 竜二  福,島,40,91,S2,両,3.92,92.7,,0,5.4,8.1,8.1,0,2,,,,,,
2420260530030009,utsunomiya,2026-05-30,9,◎1 ○7 △5 ×2 注3 ▲4,,,,,7,芦澤 大輔  茨,城,44,90,S1,追,3.92,109.4,○,5,18.5,40.7,51.8,0,0,,,,,,
2420260530030009,utsunomiya,2026-05-30,9,◎1 ○7 △5 ×2 注3 ▲4,,,,,8,杉山 悠也  秋,田,42,89,S2,追,3.93,96.6,,0,0.0,4.1,20.8,0,0,,,,,,
2420260530030009,utsunomiya,2026-05-30,9,◎1 ○7 △5 ×2 注3 ▲4,,,,,9,伊代野 貴照  奈,良,45,101,S2,追,3.92,101.87,▲,3,0.0,5.8,23.5,0,0,,,,,,
2420260530030010,utsunomiya,2026-05-30,10,◎1 ○7 ×6 ▲2 注9 △4,,,,,1,寺崎 浩平  福,井,32,117,SS,逃,3.92,116.72,◎,6,16.6,33.3,44.4,1,5,,,,,,
2420260530030010,utsunomiya,2026-05-30,10,◎1 ○7 ×6 ▲2 注9 △4,,,,,2,菅田 壱道  宮,城,40,91,S1,両,3.92,114.77,×,1,13.0,30.4,47.8,0,1,,,,,,
2420260530030010,utsunomiya,2026-05-30,10,◎1 ○7 ×6 ▲2 注9 △4,,,,,3,桑原 大志  山,口,50,80,S1,追,3.92,109.2,注,2,11.1,29.6,48.1,0,1,,,,,,
2420260530030010,utsunomiya,2026-05-30,10,◎1 ○7 ×6 ▲2 注9 △4,,,,,4,西田 優大  広,島,28,123,S1,逃,3.92,109.17,,0,12.5,37.5,50.0,5,2,,,,,,
2420260530030010,utsunomiya,2026-05-30,10,◎1 ○7 ×6 ▲2 注9 △4,,,,,5,浅井 康太  三,重,41,90,S1,両,3.92,112.0,△,4,30.3,30.3,51.5,0,0,,,,,,
2420260530030010,utsunomiya,2026-05-30,10,◎1 ○7 ×6 ▲2 注9 △4,,,,,6,磯島 成介  青,森,26,115,S2,逃,3.92,101.24,,0,10.3,37.9,51.7,5,4,,,,,,
2420260530030010,utsunomiya,2026-05-30,10,◎1 ○7 ×6 ▲2 注9 △4,,,,,7,南 修二  大,阪,44,88,SS,追,3.92,114.0,○,5,17.6,29.4,35.2,0,2,,,,,,
2420260530030010,utsunomiya,2026-05-30,10,◎1 ○7 ×6 ▲2 注9 △4,,,,,8,小川 勇介  福,岡,41,90,S1,追,3.92,109.06,,0,9.0,30.3,48.4,0,0,,,,,,
2420260530030010,utsunomiya,2026-05-30,10,◎1 ○7 ×6 ▲2 注9 △4,,,,,9,佐藤 友和  岩,手,43,88,S1,両,3.92,111.26,▲,3,30.4,34.7,47.8,0,0,,,,,,
2420260530030011,utsunomiya,2026-05-30,11,×1 △7 ◎2 ○9 ▲4 注8,,,,,1,松本 貴治  愛,媛,32,111,S1,両,3.92,114.68,×,1,39.1,60.8,60.8,2,5,,,,,,
2420260530030011,utsunomiya,2026-05-30,11,×1 △7 ◎2 ○9 ▲4 注8,,,,,2,吉田 拓矢  茨,城,31,107,SS,両,3.92,119.4,◎,6,43.3,73.3,83.3,0,10,,,,,,
2420260530030011,utsunomiya,2026-05-30,11,×1 △7 ◎2 ○9 ▲4 注8,,,,,3,佐々木 眞也,神奈川,31,117,S1,両,3.92,111.61,注,2,22.2,44.4,50.0,0,1,,,,,,
2420260530030011,utsunomiya,2026-05-30,11,×1 △7 ◎2 ○9 ▲4 注8,,,,,4,三谷 竜生  奈,良,38,101,S1,両,3.92,108.04,▲,3,8.6,26.0,26.0,0,2,,,,,,
2420260530030011,utsunomiya,2026-05-30,11,×1 △7 ◎2 ○9 ▲4 注8,,,,,5,嶋津 拓弥,神奈川,40,103,S1,追,3.92,110.18,,0,27.2,42.4,57.5,0,1,,,,,,
2420260530030011,utsunomiya,2026-05-30,11,×1 △7 ◎2 ○9 ▲4 注8,,,,,6,原田 亮太  千,葉,29,115,S2,逃,3.92,101.27,,0,20.6,37.9,44.8,8,3,,,,,,
2420260530030011,utsunomiya,2026-05-30,11,×1 △7 ◎2 ○9 ▲4 注8,,,,,7,荒井 崇博  長,崎,48,82,S1,両,3.92,117.14,△,4,14.2,33.3,61.9,0,0,,,,,,
2420260530030011,utsunomiya,2026-05-30,11,×1 △7 ◎2 ○9 ▲4 注8,,,,,8,神田 紘輔  大,阪,40,100,S1,追,3.92,105.16,,0,13.3,20.0,40.0,0,0,,,,,,
2420260530030011,utsunomiya,2026-05-30,11,×1 △7 ◎2 ○9 ▲4 注8,,,,,9,宿口 陽一  埼,玉,42,91,S1,両,3.92,110.53,○,5,17.2,44.8,55.1,0,0,,,,,,
2420260530030012,utsunomiya,2026-05-30,12,◎5 ○1 ×8 注2 ▲3 △7,,,,,1,神山 拓弥  栃,木,39,91,S1,追,3.92,110.0,○,5,22.5,29.0,45.1,0,0,,,,,,
2420260530030012,utsunomiya,2026-05-30,12,◎5 ○1 ×8 注2 ▲3 △7,,,,,2,渡部 幸訓  福,島,42,89,S1,追,3.92,116.31,×,1,30.0,50.0,70.0,0,0,,,,,,
2420260530030012,utsunomiya,2026-05-30,12,◎5 ○1 ×8 注2 ▲3 △7,,,,,3,岩本 俊介  千,葉,42,94,S1,両,3.92,110.61,注,2,26.9,38.4,42.3,5,2,,,,,,
2420260530030012,utsunomiya,2026-05-30,12,◎5 ○1 ×8 注2 ▲3 △7,,,,,4,脇本 勇希  福,井,27,115,S1,逃,3.92,106.33,,0,12.5,20.8,37.5,1,3,,,,,,
2420260530030012,utsunomiya,2026-05-30,12,◎5 ○1 ×8 注2 ▲3 △7,,,,,5,眞杉 匠  栃,木,27,113,SS,逃,3.92,118.13,◎,6,29.1,50.0,62.5,4,6,,,,,,
2420260530030012,utsunomiya,2026-05-30,12,◎5 ○1 ×8 注2 ▲3 △7,,,,,6,渡邉 晴智  静,岡,52,73,S2,追,3.92,99.75,,0,7.1,21.4,35.7,0,0,,,,,,
2420260530030012,utsunomiya,2026-05-30,12,◎5 ○1 ×8 注2 ▲3 △7,,,,,7,小原 太樹,神奈川,37,95,S1,追,3.92,111.6,▲,3,20.6,31.0,48.2,0,0,,,,,,
2420260530030012,utsunomiya,2026-05-30,12,◎5 ○1 ×8 注2 ▲3 △7,,,,,8,渡邉 一成  福,島,42,88,S2,両,3.92,104.17,,0,8.5,37.1,54.2,0,7,,,,,,
2420260530030012,utsunomiya,2026-05-30,12,◎5 ○1 ×8 注2 ▲3 △7,,,,,9,村上 博幸  京,都,47,86,S1,追,3.92,112.4,△,4,31.2,43.7,62.5,0,2,,,,,,
3120260531020001,matsudo,2026-05-31,1,◎5 ○1 ▲7 注3 ×2 △4,,,,,1,板崎 佑矢  愛,媛,38,101,A1,両,3.93,80.95,○,5,4.3,8.6,13.0,0,0,,,,,,
3120260531020001,matsudo,2026-05-31,1,◎5 ○1 ▲7 注3 ×2 △4,,,,,2,谷澤 優貴  三,重,21,127,A2,逃,3.92,79.57,×,1,66.6,76.1,76.1,3,13,,,,,,
3120260531020001,matsudo,2026-05-31,1,◎5 ○1 ▲7 注3 ×2 △4,,,,,3,若林 耕司  群,馬,45,87,A2,追,3.85,82.83,注,2,8.3,16.6,29.1,0,0,,,,,,
3120260531020001,matsudo,2026-05-31,1,◎5 ○1 ▲7 注3 ×2 △4,,,,,4,伊原 弘幸  福,井,41,90,A1,追,3.93,82.8,△,4,4.7,14.2,33.3,0,0,,,,,,
3120260531020001,matsudo,2026-05-31,1,◎5 ○1 ▲7 注3 ×2 △4,,,,,5,田代 匠  福,岡,25,121,A2,逃,3.92,84.38,◎,6,27.7,38.8,44.4,4,2,,,,,,
3120260531020001,matsudo,2026-05-31,1,◎5 ○1 ▲7 注3 ×2 △4,,,,,6,樫村 伸平  兵,庫,38,99,A2,追,3.92,77.04,,0,0.0,4.5,4.5,0,0,,,,,,
3120260531020001,matsudo,2026-05-31,1,◎5 ○1 ▲7 注3 ×2 △4,,,,,7,黒田 大介  愛,媛,52,77,A2,追,3.92,79.9,▲,3,0.0,0.0,25.0,0,0,,,,,,
3120260531020002,matsudo,2026-05-31,2,◎4 ○1 ▲3 ×6 注2 △5,,,,,1,赤井 学  千,葉,52,77,A2,追,3.92,82.22,○,5,0.0,5.5,27.7,0,0,,,,,,
3120260531020002,matsudo,2026-05-31,2,◎4 ○1 ▲3 ×6 注2 △5,,,,,2,松下 綾馬  岡,山,29,121,A1,逃,3.92,83.66,×,1,19.0,28.5,33.3,0,6,,,,,,
3120260531020002,matsudo,2026-05-31,2,◎4 ○1 ▲3 ×6 注2 △5,,,,,3,大崎 智久  青,森,43,89,A2,追,3.92,80.84,▲,3,3.8,11.5,19.2,0,0,,,,,,
3120260531020002,matsudo,2026-05-31,2,◎4 ○1 ▲3 ×6 注2 △5,,,,,4,栗田 万生  千,葉,32,111,A1,逃,3.92,82.66,◎,6,12.5,29.1,33.3,1,5,,,,,,
3120260531020002,matsudo,2026-05-31,2,◎4 ○1 ▲3 ×6 注2 △5,,,,,5,荒木 真慈  熊,本,54,69,A2,追,3.85,82.33,注,2,0.0,20.0,46.6,0,0,,,,,,
3120260531020002,matsudo,2026-05-31,2,◎4 ○1 ▲3 ×6 注2 △5,,,,,6,窪田 陽介  滋,賀,41,90,A2,追,3.92,79.94,,0,0.0,10.5,15.7,0,0,,,,,,
3120260531020002,matsudo,2026-05-31,2,◎4 ○1 ▲3 ×6 注2 △5,,,,,7,増田 利明  静,岡,47,81,A2,両,3.92,82.9,△,4,9.5,19.0,33.3,1,2,,,,,,
3120260531020003,matsudo,2026-05-31,3,◎2 ○3 △6 ×1 ▲4 注5,,,,,1,井上 公利  宮,城,44,93,A2,逃,3.92,85.71,△,4,25.0,35.7,39.2,6,3,,,,,,
3120260531020003,matsudo,2026-05-31,3,◎2 ○3 △6 ×1 ▲4 注5,,,,,2,森山 智徳  熊,本,42,98,A1,両,3.92,91.29,◎,6,37.5,45.8,66.6,4,4,,,,,,
3120260531020003,matsudo,2026-05-31,3,◎2 ○3 △6 ×1 ▲4 注5,,,,,3,藤井 將  広,島,32,113,A2,両,3.92,88.91,○,5,21.7,39.1,69.5,1,1,,,,,,
3120260531020003,matsudo,2026-05-31,3,◎2 ○3 △6 ×1 ▲4 注5,,,,,4,高木 翔  岩,手,32,105,A1,追,3.92,92.1,×,1,20.0,55.0,65.0,0,0,,,,,,
3120260531020003,matsudo,2026-05-31,3,◎2 ○3 △6 ×1 ▲4 注5,,,,,5,浅沼 聖士  静,岡,44,87,A2,追,3.92,80.78,▲,3,5.2,5.2,31.5,0,1,,,,,,
3120260531020003,matsudo,2026-05-31,3,◎2 ○3 △6 ×1 ▲4 注5,,,,,6,山中 崇弘  高,知,30,113,A2,追,3.92,80.27,,0,0.0,5.5,22.2,0,0,,,,,,
3120260531020003,matsudo,2026-05-31,3,◎2 ○3 △6 ×1 ▲4 注5,,,,,7,藤原 悠斗  岡,山,40,91,A2,追,3.92,82.61,注,2,4.7,23.8,38.0,0,0,,,,,,
3120260531020004,matsudo,2026-05-31,4,◎7 ○1 ▲5 注6 ×2 △3,,,,,1,原 真司  岐,阜,48,86,A1,追,3.92,87.31,○,5,9.0,13.6,22.7,0,0,,,,,,
3120260531020004,matsudo,2026-05-31,4,◎7 ○1 ▲5 注6 ×2 △3,,,,,2,外崎 一成,北海道,39,94,A2,追,3.92,82.36,注,2,4.0,12.0,40.0,0,2,,,,,,
3120260531020004,matsudo,2026-05-31,4,◎7 ○1 ▲5 注6 ×2 △3,,,,,3,八谷 誠賢  福,岡,51,77,A1,逃,3.93,91.09,×,1,33.3,52.3,61.9,3,5,,,,,,
3120260531020004,matsudo,2026-05-31,4,◎7 ○1 ▲5 注6 ×2 △3,,,,,4,石丸 寛之  岡,山,52,76,A1,追,3.92,86.85,△,4,25.0,30.0,40.0,0,2,,,,,,
3120260531020004,matsudo,2026-05-31,4,◎7 ○1 ▲5 注6 ×2 △3,,,,,5,三浦 稔希  愛,知,50,76,A1,追,3.86,84.14,,0,0.0,14.2,28.5,0,0,,,,,,
3120260531020004,matsudo,2026-05-31,4,◎7 ○1 ▲5 注6 ×2 △3,,,,,6,菊池 翔  福,島,31,119,A1,逃,3.92,82.29,▲,3,12.5,20.8,29.1,1,2,,,,,,
3120260531020004,matsudo,2026-05-31,4,◎7 ○1 ▲5 注6 ×2 △3,,,,,7,中村 一将  兵,庫,50,86,A1,両,3.92,91.16,◎,6,16.6,44.4,55.5,3,3,,,,,,
3120260531020005,matsudo,2026-05-31,5,◎1 ○7 注3 ×5 △2 ▲4,,,,,1,松本 京太  静,岡,27,123,A1,逃,3.93,94.04,◎,6,19.0,57.1,71.4,4,8,,,,,,
3120260531020005,matsudo,2026-05-31,5,◎1 ○7 注3 ×5 △2 ▲4,,,,,2,宮下 貴之  埼,玉,52,81,A1,追,3.93,87.23,△,4,4.7,23.8,38.0,0,0,,,,,,
3120260531020005,matsudo,2026-05-31,5,◎1 ○7 注3 ×5 △2 ▲4,,,,,3,原岡 泰志郎  千,葉,36,100,A2,両,3.92,85.52,注,2,0.0,23.8,38.0,0,0,,,,,,
3120260531020005,matsudo,2026-05-31,5,◎1 ○7 注3 ×5 △2 ▲4,,,,,4,須藤 直道  群,馬,54,68,A1,追,3.92,83.28,,0,4.7,14.2,23.8,0,0,,,,,,
3120260531020005,matsudo,2026-05-31,5,◎1 ○7 注3 ×5 △2 ▲4,,,,,5,北野 良栄  茨,城,42,95,A1,両,3.92,84.75,×,1,10.7,39.2,50.0,2,2,,,,,,
3120260531020005,matsudo,2026-05-31,5,◎1 ○7 注3 ×5 △2 ▲4,,,,,6,高橋 清太郎  岡,山,41,97,A1,追,3.92,82.14,▲,3,9.5,19.0,33.3,0,0,,,,,,
3120260531020005,matsudo,2026-05-31,5,◎1 ○7 注3 ×5 △2 ▲4,,,,,7,川口 直人,神奈川,49,84,A1,追,3.92,92.16,○,5,20.8,41.6,66.6,0,0,,,,,,
3120260531020006,matsudo,2026-05-31,6,◎4 ○1 注2 △5 ▲6 ×3,,,,,1,竹山 陵太  宮,城,41,91,S2,追,3.92,97.1,○,5,10.3,20.6,37.9,0,1,,,,,,
3120260531020006,matsudo,2026-05-31,6,◎4 ○1 注2 △5 ▲6 ×3,,,,,2,笠松 将太  埼,玉,34,100,S2,逃,3.92,97.87,注,2,18.7,25.0,37.5,2,0,,,,,,
3120260531020006,matsudo,2026-05-31,6,◎4 ○1 注2 △5 ▲6 ×3,,,,,3,菱田 浩二  京,都,37,97,S2,逃,3.92,96.09,▲,3,4.5,18.1,27.2,1,1,,,,,,
3120260531020006,matsudo,2026-05-31,6,◎4 ○1 注2 △5 ▲6 ×3,,,,,4,青木 瑞樹  岡,山,26,123,S2,逃,3.92,101.36,◎,6,18.1,40.9,50.0,6,2,,,,,,
3120260531020006,matsudo,2026-05-31,6,◎4 ○1 注2 △5 ▲6 ×3,,,,,5,鈴木 謙太郎  茨,城,41,90,S2,両,3.92,98.03,△,4,11.5,19.2,42.3,1,1,,,,,,
3120260531020006,matsudo,2026-05-31,6,◎4 ○1 注2 △5 ▲6 ×3,,,,,6,山本 恵介  福,島,45,100,S2,両,3.92,93.38,,0,0.0,2.7,16.6,0,0,,,,,,
3120260531020006,matsudo,2026-05-31,6,◎4 ○1 注2 △5 ▲6 ×3,,,,,7,清水 剛志  福,井,35,103,S2,両,3.92,102.96,×,1,38.4,42.3,42.3,0,0,,,,,,
3120260531020007,matsudo,2026-05-31,7,△1 ×5 注7 ◎2 ○3 ▲6,,,,,1,福田 滉  栃,木,26,115,S2,追,3.92,98.48,△,4,13.7,20.6,31.0,0,0,,,,,,
3120260531020007,matsudo,2026-05-31,7,△1 ×5 注7 ◎2 ○3 ▲6,,,,,2,石塚 孝幸,神奈川,46,89,S1,追,3.92,99.47,注,2,11.7,17.6,23.5,0,0,,,,,,
3120260531020007,matsudo,2026-05-31,7,△1 ×5 注7 ◎2 ○3 ▲6,,,,,3,松本 秀之慎  熊,本,23,121,S2,逃,3.92,100.14,◎,6,7.4,18.5,48.1,1,4,,,,,,
3120260531020007,matsudo,2026-05-31,7,△1 ×5 注7 ◎2 ○3 ▲6,,,,,4,金澤 幸司  福,島,40,91,S2,追,3.93,96.8,▲,3,9.5,9.5,28.5,0,0,,,,,,
3120260531020007,matsudo,2026-05-31,7,△1 ×5 注7 ◎2 ○3 ▲6,,,,,5,古川 尚耶  栃,木,40,92,S2,追,3.92,99.55,×,1,6.8,27.5,31.0,0,0,,,,,,
3120260531020007,matsudo,2026-05-31,7,△1 ×5 注7 ◎2 ○3 ▲6,,,,,6,松尾 信太郎  福,岡,43,92,S2,追,3.85,94.21,○,5,6.2,12.5,18.7,0,0,,,,,,
3120260531020007,matsudo,2026-05-31,7,△1 ×5 注7 ◎2 ○3 ▲6,,,,,7,杉本 正隆  茨,城,40,96,S2,追,3.92,102.94,,0,11.1,22.2,38.8,0,0,,,,,,
3120260531020008,matsudo,2026-05-31,8,◎5 ○7 注1 △3 ▲4 ×6,,,,,1,花田 将司  千,葉,39,99,S2,両,3.92,93.35,注,2,0.0,0.0,10.7,0,0,,,,,,
3120260531020008,matsudo,2026-05-31,8,◎5 ○7 注1 △3 ▲4 ×6,,,,,2,鷲田 幸司  福,井,40,92,S2,追,3.93,99.19,×,1,7.6,23.0,42.3,0,0,,,,,,
3120260531020008,matsudo,2026-05-31,8,◎5 ○7 注1 △3 ▲4 ×6,,,,,3,今野 大輔  岡,山,32,111,S2,両,3.92,97.11,△,4,7.4,14.8,29.6,0,0,,,,,,
3120260531020008,matsudo,2026-05-31,8,◎5 ○7 注1 △3 ▲4 ×6,,,,,4,鈴木 幸紀  三,重,50,78,S2,追,3.92,92.44,,0,0.0,5.8,5.8,0,0,,,,,,
3120260531020008,matsudo,2026-05-31,8,◎5 ○7 注1 △3 ▲4 ×6,,,,,5,板垣 昴,北海道,34,115,S2,逃,3.92,104.34,◎,6,21.7,39.1,56.5,3,5,,,,,,
3120260531020008,matsudo,2026-05-31,8,◎5 ○7 注1 △3 ▲4 ×6,,,,,6,石口 慶多  兵,庫,37,103,S2,両,3.93,92.15,▲,3,3.8,3.8,3.8,0,1,,,,,,
3120260531020008,matsudo,2026-05-31,8,◎5 ○7 注1 △3 ▲4 ×6,,,,,7,金成 和幸  福,島,47,88,S2,追,3.92,99.92,○,5,3.8,19.2,42.3,0,0,,,,,,
3120260531020009,matsudo,2026-05-31,9,○4 ◎1 △3 ▲7 ×6 注2,,,,,1,山田 久徳  京,都,38,93,S1,両,3.92,110.52,◎,6,15.3,30.7,42.3,0,1,,,,,,
3120260531020009,matsudo,2026-05-31,9,○4 ◎1 △3 ▲7 ×6 注2,,,,,2,山崎 芳仁  福,島,46,88,S1,両,3.92,109.05,×,1,5.8,23.5,58.8,0,0,,,,,,
3120260531020009,matsudo,2026-05-31,9,○4 ◎1 △3 ▲7 ×6 注2,,,,,3,小川 真太郎  徳,島,33,107,S1,両,3.92,106.22,△,4,22.2,27.7,44.4,0,3,,,,,,
3120260531020009,matsudo,2026-05-31,9,○4 ◎1 △3 ▲7 ×6 注2,,,,,4,南部 翔大  大,阪,25,125,S2,逃,3.92,102.76,○,5,19.2,34.6,46.1,5,3,,,,,,
3120260531020009,matsudo,2026-05-31,9,○4 ◎1 △3 ▲7 ×6 注2,,,,,5,大森 慶一,北海道,44,88,S1,追,3.92,107.18,注,2,22.2,33.3,66.6,0,0,,,,,,
3120260531020009,matsudo,2026-05-31,9,○4 ◎1 △3 ▲7 ×6 注2,,,,,6,野口 裕史  千,葉,43,111,S1,逃,3.93,100.52,▲,3,16.0,32.0,44.0,5,3,,,,,,
3120260531020009,matsudo,2026-05-31,9,○4 ◎1 △3 ▲7 ×6 注2,,,,,7,佐々木 則幸  高,知,49,79,S2,追,3.93,100.88,,0,3.8,23.0,34.6,0,0,,,,,,
3120260531020010,matsudo,2026-05-31,10,△2 ▲4 ◎6 ○5 注1 ×3,,,,,1,小倉 竜二  徳,島,50,77,S1,追,3.92,110.25,○,5,13.6,36.3,40.9,0,0,,,,,,
3120260531020010,matsudo,2026-05-31,10,△2 ▲4 ◎6 ○5 注1 ×3,,,,,2,鈴木 陸来  静,岡,29,117,S2,逃,3.93,101.78,△,4,17.3,39.1,47.8,4,2,,,,,,
3120260531020010,matsudo,2026-05-31,10,△2 ▲4 ◎6 ○5 注1 ×3,,,,,3,中西 大,和歌山,35,107,S2,逃,3.93,102.71,注,2,17.8,46.4,57.1,9,3,,,,,,
3120260531020010,matsudo,2026-05-31,10,△2 ▲4 ◎6 ○5 注1 ×3,,,,,4,村上 直久,神奈川,44,95,S2,両,3.92,101.03,▲,3,11.5,26.9,42.3,3,2,,,,,,
3120260531020010,matsudo,2026-05-31,10,△2 ▲4 ◎6 ○5 注1 ×3,,,,,5,取鳥 雄吾  岡,山,31,107,S1,逃,3.92,113.52,◎,6,31.5,63.1,78.9,7,2,,,,,,
3120260531020010,matsudo,2026-05-31,10,△2 ▲4 ◎6 ○5 注1 ×3,,,,,6,佐々木 和紀,神奈川,29,117,S2,追,3.92,100.68,,0,10.5,26.3,36.8,0,0,,,,,,
3120260531020010,matsudo,2026-05-31,10,△2 ▲4 ◎6 ○5 注1 ×3,,,,,7,石塚 輪太郎,和歌山,32,105,S1,逃,3.92,106.4,×,1,23.0,38.4,53.8,1,6,,,,,,
3120260531020011,matsudo,2026-05-31,11,×4 ▲3 ○1 ◎5 注6 △7,,,,,1,酒井 雄多  福,島,30,109,S1,逃,3.92,110.57,○,5,28.5,42.8,42.8,0,1,,,,,,
3120260531020011,matsudo,2026-05-31,11,×4 ▲3 ○1 ◎5 注6 △7,,,,,2,横山 尚則  茨,城,34,100,S1,追,3.92,107.5,△,4,17.6,41.1,52.9,0,1,,,,,,
3120260531020011,matsudo,2026-05-31,11,×4 ▲3 ○1 ◎5 注6 △7,,,,,3,西村 光太  三,重,40,96,S1,追,3.92,102.59,▲,3,4.3,26.0,39.1,0,3,,,,,,
3120260531020011,matsudo,2026-05-31,11,×4 ▲3 ○1 ◎5 注6 △7,,,,,4,川口 聖二  岐,阜,32,103,S2,両,3.92,101.87,×,1,5.2,21.0,36.8,2,1,,,,,,
3120260531020011,matsudo,2026-05-31,11,×4 ▲3 ○1 ◎5 注6 △7,,,,,5,和田 健太郎  千,葉,45,87,S1,追,3.92,110.57,◎,6,9.5,23.8,33.3,0,1,,,,,,
3120260531020011,matsudo,2026-05-31,11,×4 ▲3 ○1 ◎5 注6 △7,,,,,6,萩原 孝之  静,岡,48,80,S2,追,3.92,100.16,注,2,8.0,16.0,32.0,0,0,,,,,,
3120260531020011,matsudo,2026-05-31,11,×4 ▲3 ○1 ◎5 注6 △7,,,,,7,松崎 広太  茨,城,26,123,S2,逃,3.92,104.29,,0,29.1,45.8,50.0,5,5,,,,,,
3620260531020001,odawara,2026-05-31,1,◎1 ○5 ▲6 ×3 △4 注2,"4-3  2,440円(7)","4-3-2  7,810円(20)",2=3=4  880円(4),2=3  450円(5)  2=4  740円(8)  3=4  210円(2) / 2=3  450円(5)  2=4  740円(8)  3=4  210円(2),1,佐々木 吉徳  秋,田,38,100,A1,逃,3.92,88.29,◎,6,12.5,33.3,50.0,4,3,5,10.2,,１車輪,,
3620260531020001,odawara,2026-05-31,1,◎1 ○5 ▲6 ×3 △4 注2,"4-3  2,440円(7)","4-3-2  7,810円(20)",2=3=4  880円(4),2=3  450円(5)  2=4  740円(8)  3=4  210円(2) / 2=3  450円(5)  2=4  740円(8)  3=4  210円(2),2,松尾 大樹  長,崎,45,87,A2,追,3.85,83.23,注,2,0.0,19.0,28.5,0,0,3,10.0,,１/２車輪,,
3620260531020001,odawara,2026-05-31,1,◎1 ○5 ▲6 ×3 △4 注2,"4-3  2,440円(7)","4-3-2  7,810円(20)",2=3=4  880円(4),2=3  450円(5)  2=4  740円(8)  3=4  210円(2) / 2=3  450円(5)  2=4  740円(8)  3=4  210円(2),3,古川 貴之  佐,賀,42,93,A1,追,3.93,84.76,×,1,28.5,33.3,52.3,0,3,2,10.2,逃,１/２車輪,,
3620260531020001,odawara,2026-05-31,1,◎1 ○5 ▲6 ×3 △4 注2,"4-3  2,440円(7)","4-3-2  7,810円(20)",2=3=4  880円(4),2=3  450円(5)  2=4  740円(8)  3=4  210円(2) / 2=3  450円(5)  2=4  740円(8)  3=4  210円(2),4,梶山 裕次郎  福,岡,45,87,A2,追,3.93,80.04,△,4,0.0,0.0,14.2,0,0,1,10.1,差,,,
3620260531020001,odawara,2026-05-31,1,◎1 ○5 ▲6 ×3 △4 注2,"4-3  2,440円(7)","4-3-2  7,810円(20)",2=3=4  880円(4),2=3  450円(5)  2=4  740円(8)  3=4  210円(2) / 2=3  450円(5)  2=4  740円(8)  3=4  210円(2),5,関 敬  栃,木,49,81,A2,追,3.92,80.44,○,5,0.0,0.0,22.2,0,0,4,10.0,,１車身１/２,,
3620260531020001,odawara,2026-05-31,1,◎1 ○5 ▲6 ×3 △4 注2,"4-3  2,440円(7)","4-3-2  7,810円(20)",2=3=4  880円(4),2=3  450円(5)  2=4  740円(8)  3=4  210円(2) / 2=3  450円(5)  2=4  740円(8)  3=4  210円(2),6,須藤 雄太  千,葉,42,89,A2,追,3.92,75.84,▲,3,0.0,0.0,0.0,0,0,6,12.3,,大差,,
3620260531020002,odawara,2026-05-31,2,×3 注6 △1 ▲5 ◎4 ○2,2-4  460円(1),"2-4-1  1,770円(4)",1=2=4  560円(2),1=2  360円(7)  1=4  470円(9)  2=4  130円(1) / 1=2  360円(7)  1=4  470円(9)  2=4  130円(1),1,杉山 剛  福,岡,49,86,A2,両,3.92,81.12,△,4,0.0,20.0,28.0,0,2,3,10.0,,３/４車身,,
3620260531020002,odawara,2026-05-31,2,×3 注6 △1 ▲5 ◎4 ○2,2-4  460円(1),"2-4-1  1,770円(4)",1=2=4  560円(2),1=2  360円(7)  1=4  470円(9)  2=4  130円(1) / 1=2  360円(7)  1=4  470円(9)  2=4  130円(1),2,秋葉 大輔  東,京,43,90,A2,追,3.92,85.42,○,5,0.0,17.3,39.1,0,0,1,9.9,差,,,
3620260531020002,odawara,2026-05-31,2,×3 注6 △1 ▲5 ◎4 ○2,2-4  460円(1),"2-4-1  1,770円(4)",1=2=4  560円(2),1=2  360円(7)  1=4  470円(9)  2=4  130円(1) / 1=2  360円(7)  1=4  470円(9)  2=4  130円(1),3,菅田 謙仁  宮,城,33,109,A2,両,3.92,81.2,×,1,4.1,20.8,33.3,1,1,5,10.2,,１/２車身,,
3620260531020002,odawara,2026-05-31,2,×3 注6 △1 ▲5 ◎4 ○2,2-4  460円(1),"2-4-1  1,770円(4)",1=2=4  560円(2),1=2  360円(7)  1=4  470円(9)  2=4  130円(1) / 1=2  360円(7)  1=4  470円(9)  2=4  130円(1),4,加賀美 智史  山,梨,43,87,A2,両,3.92,82.64,◎,6,12.0,16.0,24.0,2,1,2,10.1,捲,１車輪,,
3620260531020002,odawara,2026-05-31,2,×3 注6 △1 ▲5 ◎4 ○2,2-4  460円(1),"2-4-1  1,770円(4)",1=2=4  560円(2),1=2  360円(7)  1=4  470円(9)  2=4  130円(1) / 1=2  360円(7)  1=4  470円(9)  2=4  130円(1),5,小谷 文康  広,島,48,94,A2,追,3.92,79.42,▲,3,0.0,10.0,20.0,0,0,失,,,,,
3620260531020002,odawara,2026-05-31,2,×3 注6 △1 ▲5 ◎4 ○2,2-4  460円(1),"2-4-1  1,770円(4)",1=2=4  560円(2),1=2  360円(7)  1=4  470円(9)  2=4  130円(1) / 1=2  360円(7)  1=4  470円(9)  2=4  130円(1),6,宇佐見 裕輝  福,島,40,94,A1,両,3.92,76.66,注,2,0.0,0.0,0.0,0,0,4,10.0,,２車身,,
3620260531020003,odawara,2026-05-31,3,△6 ◎1 ○5 ×2 注4 ▲7,1-6  890円(5),"1-6-4  6,220円(23)","1=4=6  3,210円(11)","1=4  310円(4)  1=6  360円(5)  4=6  1,730円(14) / 1=4  310円(4)  1=6  360円(5)  4=6  1,730円(14)",1,高橋 泰裕  埼,玉,41,107,A1,追,3.92,88.23,◎,6,33.3,47.6,61.9,0,1,1,10.5,差,,,
3620260531020003,odawara,2026-05-31,3,△6 ◎1 ○5 ×2 注4 ▲7,1-6  890円(5),"1-6-4  6,220円(23)","1=4=6  3,210円(11)","1=4  310円(4)  1=6  360円(5)  4=6  1,730円(14) / 1=4  310円(4)  1=6  360円(5)  4=6  1,730円(14)",2,川野 深  福,岡,28,119,A2,逃,3.92,88.61,×,1,14.2,38.0,52.3,4,3,7,11.3,,６車身,,
3620260531020003,odawara,2026-05-31,3,△6 ◎1 ○5 ×2 注4 ▲7,1-6  890円(5),"1-6-4  6,220円(23)","1=4=6  3,210円(11)","1=4  310円(4)  1=6  360円(5)  4=6  1,730円(14) / 1=4  310円(4)  1=6  360円(5)  4=6  1,730円(14)",3,石川 恭規  福,島,48,93,A2,追,3.92,81.52,,0,0.0,9.5,23.8,0,0,6,10.5,,３/４車身,,
3620260531020003,odawara,2026-05-31,3,△6 ◎1 ○5 ×2 注4 ▲7,1-6  890円(5),"1-6-4  6,220円(23)","1=4=6  3,210円(11)","1=4  310円(4)  1=6  360円(5)  4=6  1,730円(14) / 1=4  310円(4)  1=6  360円(5)  4=6  1,730円(14)",4,安東 英博  大,分,45,87,A1,追,3.92,84.7,注,2,0.0,14.2,42.8,0,0,3,10.5,,１/８車輪,,
3620260531020003,odawara,2026-05-31,3,△6 ◎1 ○5 ×2 注4 ▲7,1-6  890円(5),"1-6-4  6,220円(23)","1=4=6  3,210円(11)","1=4  310円(4)  1=6  360円(5)  4=6  1,730円(14) / 1=4  310円(4)  1=6  360円(5)  4=6  1,730円(14)",5,須賀 和彦  茨,城,41,89,A2,追,3.92,85.91,○,5,12.5,25.0,37.5,0,0,4,10.5,,１/２車輪,,
3620260531020003,odawara,2026-05-31,3,△6 ◎1 ○5 ×2 注4 ▲7,1-6  890円(5),"1-6-4  6,220円(23)","1=4=6  3,210円(11)","1=4  310円(4)  1=6  360円(5)  4=6  1,730円(14) / 1=4  310円(4)  1=6  360円(5)  4=6  1,730円(14)",6,助川 翔太郎  埼,玉,29,123,A1,逃,3.92,80.91,△,4,16.6,16.6,33.3,0,1,2,10.7,逃,１/２車身,,
3620260531020003,odawara,2026-05-31,3,△6 ◎1 ○5 ×2 注4 ▲7,1-6  890円(5),"1-6-4  6,220円(23)","1=4=6  3,210円(11)","1=4  310円(4)  1=6  360円(5)  4=6  1,730円(14) / 1=4  310円(4)  1=6  360円(5)  4=6  1,730円(14)",7,佐藤 正吾  宮,城,43,88,A2,追,3.92,84.84,▲,3,15.3,30.7,50.0,0,2,5,10.3,,１/４車輪,,
3620260531020004,odawara,2026-05-31,4,▲6 △2 ×7 注1 ○5 ◎4,"5-1  2,730円(13)","5-1-3  12,840円(44)",1=3=5  940円(4),1=3  210円(2)  1=5  310円(4)  3=5  590円(10) / 1=3  210円(2)  1=5  310円(4)  3=5  590円(10),1,横内 裕人  愛,媛,34,100,A1,両,3.92,85.16,×,1,16.6,41.6,54.1,2,3,2,10.3,逃,１/２車輪,,
3620260531020004,odawara,2026-05-31,4,▲6 △2 ×7 注1 ○5 ◎4,"5-1  2,730円(13)","5-1-3  12,840円(44)",1=3=5  940円(4),1=3  210円(2)  1=5  310円(4)  3=5  590円(10) / 1=3  210円(2)  1=5  310円(4)  3=5  590円(10),2,工藤 政志  青,森,46,84,A1,追,3.92,87.57,△,4,9.5,23.8,47.6,0,0,7,10.1,,３/４車輪,,
3620260531020004,odawara,2026-05-31,4,▲6 △2 ×7 注1 ○5 ◎4,"5-1  2,730円(13)","5-1-3  12,840円(44)",1=3=5  940円(4),1=3  210円(2)  1=5  310円(4)  3=5  590円(10) / 1=3  210円(2)  1=5  310円(4)  3=5  590円(10),3,吉田 元輝  茨,城,39,100,A2,両,3.92,86.95,◎,6,26.0,34.7,47.8,0,3,3,10.0,,１/２車身,,
3620260531020004,odawara,2026-05-31,4,▲6 △2 ×7 注1 ○5 ◎4,"5-1  2,730円(13)","5-1-3  12,840円(44)",1=3=5  940円(4),1=3  210円(2)  1=5  310円(4)  3=5  590円(10) / 1=3  210円(2)  1=5  310円(4)  3=5  590円(10),4,小坂 丈  茨,城,30,121,A1,逃,3.92,86.16,○,5,22.2,27.7,50.0,3,1,4,10.2,,１/４車輪,,
3620260531020004,odawara,2026-05-31,4,▲6 △2 ×7 注1 ○5 ◎4,"5-1  2,730円(13)","5-1-3  12,840円(44)",1=3=5  940円(4),1=3  210円(2)  1=5  310円(4)  3=5  590円(10) / 1=3  210円(2)  1=5  310円(4)  3=5  590円(10),5,飯塚 直人  佐,賀,35,98,A2,両,3.92,82.45,注,2,0.0,5.0,25.0,0,0,1,10.1,差,,,
3620260531020004,odawara,2026-05-31,4,▲6 △2 ×7 注1 ○5 ◎4,"5-1  2,730円(13)","5-1-3  12,840円(44)",1=3=5  940円(4),1=3  210円(2)  1=5  310円(4)  3=5  590円(10) / 1=3  210円(2)  1=5  310円(4)  3=5  590円(10),6,大関 祐也  千,葉,31,107,A2,逃,3.92,80.39,▲,3,4.3,17.3,26.0,1,1,5,10.1,,１/４車輪,,
3620260531020004,odawara,2026-05-31,4,▲6 △2 ×7 注1 ○5 ◎4,"5-1  2,730円(13)","5-1-3  12,840円(44)",1=3=5  940円(4),1=3  210円(2)  1=5  310円(4)  3=5  590円(10) / 1=3  210円(2)  1=5  310円(4)  3=5  590円(10),7,坂本 昌宏  青,森,41,91,A2,追,3.92,81.47,,0,4.7,14.2,38.0,0,0,6,10.0,,３/４車身,,
3620260531020005,odawara,2026-05-31,5,◎7 ○5 ▲1 ×4 注2 △3,5-7  700円(2),"5-7-1  1,720円(3)","1=5=7  1,050円(5)",1=5  380円(5)  1=7  670円(11)  5=7  300円(3) / 1=5  380円(5)  1=7  670円(11)  5=7  300円(3),1,大竹 哲也  静,岡,46,93,A1,追,3.92,85.36,▲,3,8.6,21.7,34.7,0,0,3,9.6,,１/２車身,,
3620260531020005,odawara,2026-05-31,5,◎7 ○5 ▲1 ×4 注2 △3,5-7  700円(2),"5-7-1  1,720円(3)","1=5=7  1,050円(5)",1=5  380円(5)  1=7  670円(11)  5=7  300円(3) / 1=5  380円(5)  1=7  670円(11)  5=7  300円(3),2,原井 剣也  福,岡,32,119,A1,逃,3.92,87.5,注,2,27.7,38.8,61.1,3,0,5,9.6,,１/２車輪,,
3620260531020005,odawara,2026-05-31,5,◎7 ○5 ▲1 ×4 注2 △3,5-7  700円(2),"5-7-1  1,720円(3)","1=5=7  1,050円(5)",1=5  380円(5)  1=7  670円(11)  5=7  300円(3) / 1=5  380円(5)  1=7  670円(11)  5=7  300円(3),3,中野 光太郎  徳,島,26,121,A1,逃,3.93,91.75,△,4,20.0,40.0,40.0,0,0,7,11.2,,大差,,
3620260531020005,odawara,2026-05-31,5,◎7 ○5 ▲1 ×4 注2 △3,5-7  700円(2),"5-7-1  1,720円(3)","1=5=7  1,050円(5)",1=5  380円(5)  1=7  670円(11)  5=7  300円(3) / 1=5  380円(5)  1=7  670円(11)  5=7  300円(3),4,櫻木 雄太  福,岡,25,123,A1,逃,3.92,89.69,×,1,19.2,30.7,34.6,1,1,4,9.7,,３/４車身,,
3620260531020005,odawara,2026-05-31,5,◎7 ○5 ▲1 ×4 注2 △3,5-7  700円(2),"5-7-1  1,720円(3)","1=5=7  1,050円(5)",1=5  380円(5)  1=7  670円(11)  5=7  300円(3) / 1=5  380円(5)  1=7  670円(11)  5=7  300円(3),5,江守 昇  千,葉,51,73,A1,追,3.92,91.44,○,5,11.1,33.3,44.4,0,0,1,9.6,差,,,
3620260531020005,odawara,2026-05-31,5,◎7 ○5 ▲1 ×4 注2 △3,5-7  700円(2),"5-7-1  1,720円(3)","1=5=7  1,050円(5)",1=5  380円(5)  1=7  670円(11)  5=7  300円(3) / 1=5  380円(5)  1=7  670円(11)  5=7  300円(3),6,橋本 勝弘  愛,媛,43,89,A2,追,3.92,83.23,,0,9.5,14.2,38.0,0,0,6,9.7,,１車身１/２,,
3620260531020005,odawara,2026-05-31,5,◎7 ○5 ▲1 ×4 注2 △3,5-7  700円(2),"5-7-1  1,720円(3)","1=5=7  1,050円(5)",1=5  380円(5)  1=7  670円(11)  5=7  300円(3) / 1=5  380円(5)  1=7  670円(11)  5=7  300円(3),7,田頭 寛之  千,葉,37,109,A1,両,3.93,85.74,◎,6,11.1,29.6,59.2,1,2,2,9.8,逃,３/４車輪,,
3620260531020006,odawara,2026-05-31,6,○1 ◎4 △5 注7 ×2 ▲6,"7-4  1,670円(8)","7-4-1  4,300円(18)",1=4=7  640円(3),1=4  150円(1)  1=7  500円(7)  4=7  200円(4) / 1=4  150円(1)  1=7  500円(7)  4=7  200円(4),1,中島 淳  埼,玉,26,125,A2,逃,3.85,87.68,○,5,25.0,40.0,55.0,5,3,3,10.0,,１/２車身,,
3620260531020006,odawara,2026-05-31,6,○1 ◎4 △5 注7 ×2 ▲6,"7-4  1,670円(8)","7-4-1  4,300円(18)",1=4=7  640円(3),1=4  150円(1)  1=7  500円(7)  4=7  200円(4) / 1=4  150円(1)  1=7  500円(7)  4=7  200円(4),2,蒋野 翔太  徳,島,31,115,A1,逃,3.92,91.0,×,1,14.2,33.3,52.3,0,1,4,9.6,,１/４車輪,,
3620260531020006,odawara,2026-05-31,6,○1 ◎4 △5 注7 ×2 ▲6,"7-4  1,670円(8)","7-4-1  4,300円(18)",1=4=7  640円(3),1=4  150円(1)  1=7  500円(7)  4=7  200円(4) / 1=4  150円(1)  1=7  500円(7)  4=7  200円(4),3,柏木 伸介  静,岡,47,84,A1,両,3.92,86.66,▲,3,0.0,23.8,38.0,0,1,6,9.7,,３/４車身,,
3620260531020006,odawara,2026-05-31,6,○1 ◎4 △5 注7 ×2 ▲6,"7-4  1,670円(8)","7-4-1  4,300円(18)",1=4=7  640円(3),1=4  150円(1)  1=7  500円(7)  4=7  200円(4) / 1=4  150円(1)  1=7  500円(7)  4=7  200円(4),4,丸山 直樹  埼,玉,40,93,A1,追,3.92,90.17,◎,6,29.4,47.0,52.9,0,1,2,9.7,ク,１/２車輪,,
3620260531020006,odawara,2026-05-31,6,○1 ◎4 △5 注7 ×2 ▲6,"7-4  1,670円(8)","7-4-1  4,300円(18)",1=4=7  640円(3),1=4  150円(1)  1=7  500円(7)  4=7  200円(4) / 1=4  150円(1)  1=7  500円(7)  4=7  200円(4),5,宇賀神 浩幸  栃,木,52,73,A2,追,3.92,82.75,△,4,4.1,4.1,16.6,0,0,5,9.8,,３車身,,
3620260531020006,odawara,2026-05-31,6,○1 ◎4 △5 注7 ×2 ▲6,"7-4  1,670円(8)","7-4-1  4,300円(18)",1=4=7  640円(3),1=4  150円(1)  1=7  500円(7)  4=7  200円(4) / 1=4  150円(1)  1=7  500円(7)  4=7  200円(4),6,鳥海 創  千,葉,24,123,A2,逃,3.92,81.14,,0,13.3,20.0,33.3,2,1,7,10.2,,４車身,,
3620260531020006,odawara,2026-05-31,6,○1 ◎4 △5 注7 ×2 ▲6,"7-4  1,670円(8)","7-4-1  4,300円(18)",1=4=7  640円(3),1=4  150円(1)  1=7  500円(7)  4=7  200円(4) / 1=4  150円(1)  1=7  500円(7)  4=7  200円(4),7,高井 流星  岡,山,31,113,A1,逃,3.92,90.0,注,2,26.0,56.5,65.2,7,5,1,9.8,捲,,,
3620260531020007,odawara,2026-05-31,7,◎5 ○1 ▲3 ×7 △2 注4,1-5  210円(1),"1-5-6  8,130円(24)","1=5=6  3,940円(8)","1=5  110円(1)  1=6  1,210円(10)  5=6  1,630円(15) / 1=5  110円(1)  1=6  1,210円(10)  5=6  1,630円(15)",1,奥村 諭志  岡,山,32,111,A1,両,3.92,90.0,○,5,19.0,38.0,57.1,0,1,1,10.1,差,,,
3620260531020007,odawara,2026-05-31,7,◎5 ○1 ▲3 ×7 △2 注4,1-5  210円(1),"1-5-6  8,130円(24)","1=5=6  3,940円(8)","1=5  110円(1)  1=6  1,210円(10)  5=6  1,630円(15) / 1=5  110円(1)  1=6  1,210円(10)  5=6  1,630円(15)",2,寺沼 伊織  東,京,28,115,A1,両,3.92,87.75,△,4,0.0,38.4,53.8,0,0,6,10.1,,１車身,,
3620260531020007,odawara,2026-05-31,7,◎5 ○1 ▲3 ×7 △2 注4,1-5  210円(1),"1-5-6  8,130円(24)","1=5=6  3,940円(8)","1=5  110円(1)  1=6  1,210円(10)  5=6  1,630円(15) / 1=5  110円(1)  1=6  1,210円(10)  5=6  1,630円(15)",3,中西 司,神奈川,44,95,A2,追,3.92,83.88,▲,3,3.8,15.3,34.6,0,0,5,10.1,,１/２車輪,,
3620260531020007,odawara,2026-05-31,7,◎5 ○1 ▲3 ×7 △2 注4,1-5  210円(1),"1-5-6  8,130円(24)","1=5=6  3,940円(8)","1=5  110円(1)  1=6  1,210円(10)  5=6  1,630円(15) / 1=5  110円(1)  1=6  1,210円(10)  5=6  1,630円(15)",4,山田 義彦  埼,玉,40,92,A1,両,3.92,87.56,注,2,5.5,27.7,33.3,0,1,7,11.3,,大差,,
3620260531020007,odawara,2026-05-31,7,◎5 ○1 ▲3 ×7 △2 注4,1-5  210円(1),"1-5-6  8,130円(24)","1=5=6  3,940円(8)","1=5  110円(1)  1=6  1,210円(10)  5=6  1,630円(15) / 1=5  110円(1)  1=6  1,210円(10)  5=6  1,630円(15)",5,伊藤 涼介  広,島,25,127,A2,逃,3.92,90.68,◎,6,45.4,59.0,63.6,10,2,2,10.3,逃,１/２車身,,
3620260531020007,odawara,2026-05-31,7,◎5 ○1 ▲3 ×7 △2 注4,1-5  210円(1),"1-5-6  8,130円(24)","1=5=6  3,940円(8)","1=5  110円(1)  1=6  1,210円(10)  5=6  1,630円(15) / 1=5  110円(1)  1=6  1,210円(10)  5=6  1,630円(15)",6,山田 和巧,神奈川,48,87,A1,追,3.92,81.9,,0,4.5,4.5,22.7,0,0,3,9.9,,３/４車輪,,
3620260531020007,odawara,2026-05-31,7,◎5 ○1 ▲3 ×7 △2 注4,1-5  210円(1),"1-5-6  8,130円(24)","1=5=6  3,940円(8)","1=5  110円(1)  1=6  1,210円(10)  5=6  1,630円(15) / 1=5  110円(1)  1=6  1,210円(10)  5=6  1,630円(15)",7,片桐 善也  新,潟,32,117,A1,逃,3.92,91.76,×,1,33.3,47.6,61.9,4,2,4,10.1,,１/８車輪,,
3820260531020001,shizuoka,2026-05-31,1,◎1 ○3 注6 ×4 △2 ▲7,,,,,1,奥出 良  石,川,32,109,A2,逃,3.92,85.75,◎,6,20.8,29.1,45.8,3,4,,,,,,
3820260531020001,shizuoka,2026-05-31,1,◎1 ○3 注6 ×4 △2 ▲7,,,,,2,丹波 孝佑  大,阪,38,98,A1,逃,3.92,84.16,×,1,15.3,38.4,46.1,5,0,,,,,,
3820260531020001,shizuoka,2026-05-31,1,◎1 ○3 注6 ×4 △2 ▲7,,,,,3,小川 大地  愛,知,35,98,A2,追,3.92,82.0,○,5,9.5,28.5,33.3,0,0,,,,,,
3820260531020001,shizuoka,2026-05-31,1,◎1 ○3 注6 ×4 △2 ▲7,,,,,4,勝俣 亮,神奈川,48,82,A2,両,3.92,80.66,注,2,14.2,28.5,38.0,2,3,,,,,,
3820260531020001,shizuoka,2026-05-31,1,◎1 ○3 注6 ×4 △2 ▲7,,,,,5,飯島 淳  東,京,49,78,A2,追,3.92,80.34,▲,3,5.0,5.0,10.0,0,0,,,,,,
3820260531020001,shizuoka,2026-05-31,1,◎1 ○3 注6 ×4 △2 ▲7,,,,,6,高谷 進太郎  三,重,46,85,A2,両,3.92,79.66,,0,0.0,4.1,16.6,0,0,,,,,,
3820260531020001,shizuoka,2026-05-31,1,◎1 ○3 注6 ×4 △2 ▲7,,,,,7,中村 美千隆  兵,庫,49,80,A2,両,3.92,78.62,△,4,0.0,12.5,25.0,1,0,,,,,,
3820260531020002,shizuoka,2026-05-31,2,▲6 ×4 △5 ○2 ◎3 注1,,,,,1,佐藤 悦夫  栃,木,46,86,A2,追,3.92,87.06,◎,6,0.0,20.0,46.6,0,0,,,,,,
3820260531020002,shizuoka,2026-05-31,2,▲6 ×4 △5 ○2 ◎3 注1,,,,,2,大島 将人  福,島,37,94,A1,追,3.92,85.23,△,4,4.7,33.3,47.6,0,0,,,,,,
3820260531020002,shizuoka,2026-05-31,2,▲6 ×4 △5 ○2 ◎3 注1,,,,,3,尾崎 悠生  埼,玉,28,113,A2,逃,3.85,84.85,○,5,25.9,48.1,55.5,12,1,,,,,,
3820260531020002,shizuoka,2026-05-31,2,▲6 ×4 △5 ○2 ◎3 注1,,,,,4,廣田 敦士  三,重,33,107,A2,逃,3.92,80.2,×,1,12.5,25.0,25.0,4,0,,,,,,
3820260531020002,shizuoka,2026-05-31,2,▲6 ×4 △5 ○2 ◎3 注1,,,,,5,倉野 隆太郎  三,重,42,91,A2,追,3.92,80.09,,0,4.5,13.6,13.6,0,0,,,,,,
3820260531020002,shizuoka,2026-05-31,2,▲6 ×4 △5 ○2 ◎3 注1,,,,,6,村瀬 大和  岐,阜,24,119,A2,逃,3.92,79.9,▲,3,4.7,4.7,14.2,1,0,,,,,,
3820260531020002,shizuoka,2026-05-31,2,▲6 ×4 △5 ○2 ◎3 注1,,,,,7,大越 啓介  栃,木,37,97,A2,追,3.92,79.79,注,2,8.3,16.6,29.1,0,0,,,,,,
3820260531020003,shizuoka,2026-05-31,3,◎1 ○2 注5 △7 ×4 ▲3,,,,,1,酒井 拳蔵  大,阪,30,109,A1,両,3.92,87.65,◎,6,25.0,35.0,35.0,1,3,,,,,,
3820260531020003,shizuoka,2026-05-31,3,◎1 ○2 注5 △7 ×4 ▲3,,,,,2,島野 浩司  愛,知,57,62,A1,追,3.92,86.0,○,5,7.6,23.0,38.4,0,0,,,,,,
3820260531020003,shizuoka,2026-05-31,3,◎1 ○2 注5 △7 ×4 ▲3,,,,,3,宮倉 勇  千,葉,61,58,A2,追,3.93,85.31,×,1,0.0,0.0,25.0,0,0,,,,,,
3820260531020003,shizuoka,2026-05-31,3,◎1 ○2 注5 △7 ×4 ▲3,,,,,4,齋藤 友幸  静,岡,42,90,A1,両,3.92,85.0,△,4,13.3,33.3,46.6,0,2,,,,,,
3820260531020003,shizuoka,2026-05-31,3,◎1 ○2 注5 △7 ×4 ▲3,,,,,5,板橋 慎治  岐,阜,44,95,A2,追,3.92,82.37,注,2,0.0,4.1,29.1,0,0,,,,,,
3820260531020003,shizuoka,2026-05-31,3,◎1 ○2 注5 △7 ×4 ▲3,,,,,6,櫻川 雅彦  千,葉,41,99,A2,追,3.92,80.11,▲,3,0.0,5.2,15.7,0,0,,,,,,
3820260531020003,shizuoka,2026-05-31,3,◎1 ○2 注5 △7 ×4 ▲3,,,,,7,渡邊 政幸  埼,玉,43,90,A2,追,3.92,79.21,,0,0.0,4.3,17.3,0,0,,,,,,
3820260531020004,shizuoka,2026-05-31,4,◎1 ○3 ▲6 ×2 △5 注4,,,,,1,藤田 竜矢  埼,玉,46,88,A1,両,3.92,87.92,◎,6,15.3,38.4,53.8,0,2,,,,,,
3820260531020004,shizuoka,2026-05-31,4,◎1 ○3 ▲6 ×2 △5 注4,,,,,2,田村 風起  奈,良,31,107,A1,追,3.92,85.83,×,1,5.5,27.7,38.8,1,0,,,,,,
3820260531020004,shizuoka,2026-05-31,4,◎1 ○3 ▲6 ×2 △5 注4,,,,,3,近藤 寛央  東,京,39,97,A1,追,3.92,84.66,○,5,0.0,5.5,22.2,0,0,,,,,,
3820260531020004,shizuoka,2026-05-31,4,◎1 ○3 ▲6 ×2 △5 注4,,,,,4,乾 庄平  滋,賀,39,95,A2,追,3.92,83.57,注,2,4.7,33.3,47.6,0,0,,,,,,
3820260531020004,shizuoka,2026-05-31,4,◎1 ○3 ▲6 ×2 △5 注4,,,,,5,辰己 豊  奈,良,47,86,A2,追,3.92,83.18,△,4,5.8,11.7,47.0,0,0,,,,,,
3820260531020004,shizuoka,2026-05-31,4,◎1 ○3 ▲6 ×2 △5 注4,,,,,6,水書 義弘  千,葉,52,75,A1,追,3.92,81.52,▲,3,8.6,17.3,26.0,0,0,,,,,,
3820260531020004,shizuoka,2026-05-31,4,◎1 ○3 ▲6 ×2 △5 注4,,,,,7,柳 充  青,森,51,79,A2,追,3.92,79.54,,0,0.0,4.1,20.8,0,0,,,,,,
3820260531020005,shizuoka,2026-05-31,5,注4 ×1 ◎6 ○2 △3 ▲5,,,,,1,小林 圭介  茨,城,50,83,A1,追,3.92,91.85,×,1,14.2,33.3,57.1,0,0,,,,,,
3820260531020005,shizuoka,2026-05-31,5,注4 ×1 ◎6 ○2 △3 ▲5,,,,,2,伊原 克彦  福,井,44,91,A1,両,3.92,91.04,◎,6,19.0,42.8,66.6,0,5,,,,,,
3820260531020005,shizuoka,2026-05-31,5,注4 ×1 ◎6 ○2 △3 ▲5,,,,,3,山田 裕哉  岐,阜,40,98,A1,追,3.92,90.61,○,5,23.8,61.9,66.6,0,0,,,,,,
3820260531020005,shizuoka,2026-05-31,5,注4 ×1 ◎6 ○2 △3 ▲5,,,,,4,山本 修平  東,京,30,115,A1,逃,3.92,88.44,注,2,16.6,44.4,61.1,4,0,,,,,,
3820260531020005,shizuoka,2026-05-31,5,注4 ×1 ◎6 ○2 △3 ▲5,,,,,5,大塚 城  静,岡,20,127,A2,逃,3.92,87.61,△,4,61.1,72.2,83.3,8,5,,,,,,
3820260531020005,shizuoka,2026-05-31,5,注4 ×1 ◎6 ○2 △3 ▲5,,,,,6,土屋 仁  茨,城,51,84,A2,追,3.92,85.6,,0,15.0,35.0,55.0,0,0,,,,,,
3820260531020005,shizuoka,2026-05-31,5,注4 ×1 ◎6 ○2 △3 ▲5,,,,,7,栗田 雄矢  静,岡,40,96,A2,追,3.92,85.33,▲,3,16.6,25.0,37.5,0,1,,,,,,
3820260531020006,shizuoka,2026-05-31,6,▲5 ×2 ◎1 ○6 注3 △4,,,,,1,上川 直紀  栃,木,29,117,A1,両,3.92,93.0,◎,6,22.2,50.0,77.7,3,5,,,,,,
3820260531020006,shizuoka,2026-05-31,6,▲5 ×2 ◎1 ○6 注3 △4,,,,,2,加藤 圭一,神奈川,48,85,A1,追,3.92,90.91,×,1,8.3,29.1,45.8,0,0,,,,,,
3820260531020006,shizuoka,2026-05-31,6,▲5 ×2 ◎1 ○6 注3 △4,,,,,3,阿部 架惟都  宮,城,26,115,A1,逃,3.92,89.72,注,2,38.8,55.5,72.2,9,1,,,,,,
3820260531020006,shizuoka,2026-05-31,6,▲5 ×2 ◎1 ○6 注3 △4,,,,,4,松澤 敬輔,北海道,38,97,A2,両,3.92,89.35,△,4,23.8,61.9,61.9,1,2,,,,,,
3820260531020006,shizuoka,2026-05-31,6,▲5 ×2 ◎1 ○6 注3 △4,,,,,5,金田 涼馬,神奈川,28,119,A1,逃,3.92,88.91,▲,3,29.1,54.1,58.3,7,5,,,,,,
3820260531020006,shizuoka,2026-05-31,6,▲5 ×2 ◎1 ○6 注3 △4,,,,,6,星野 辰也  栃,木,40,95,A1,追,3.92,88.37,○,5,12.5,37.5,54.1,0,1,,,,,,
3820260531020006,shizuoka,2026-05-31,6,▲5 ×2 ◎1 ○6 注3 △4,,,,,7,藤原 夏志  大,阪,28,125,A2,逃,3.92,83.58,,0,0.0,11.1,27.7,0,0,,,,,,
3820260531020007,shizuoka,2026-05-31,7,◎1 ○4 ×6 注2 ▲5 △7,,,,,1,角田 光  福,島,26,125,A2,逃,3.92,92.22,◎,6,38.8,55.5,72.2,6,3,,,,,,
3820260531020007,shizuoka,2026-05-31,7,◎1 ○4 ×6 注2 ▲5 △7,,,,,2,高本 和也,神奈川,29,121,A1,逃,3.92,91.8,×,1,14.2,33.3,57.1,1,3,,,,,,
3820260531020007,shizuoka,2026-05-31,7,◎1 ○4 ×6 注2 ▲5 △7,,,,,3,西浦 仙哉  三,重,52,73,A1,両,3.92,91.71,△,4,33.3,42.8,52.3,2,5,,,,,,
3820260531020007,shizuoka,2026-05-31,7,◎1 ○4 ×6 注2 ▲5 △7,,,,,4,成田 直喜  青,森,50,81,A1,追,3.92,91.47,○,5,19.0,38.0,52.3,0,1,,,,,,
3820260531020007,shizuoka,2026-05-31,7,◎1 ○4 ×6 注2 ▲5 △7,,,,,5,平石 浩之  茨,城,48,87,A1,追,3.92,87.83,注,2,5.5,38.8,72.2,0,0,,,,,,
3820260531020007,shizuoka,2026-05-31,7,◎1 ○4 ×6 注2 ▲5 △7,,,,,6,岩崎 将士  青,森,43,88,A1,追,3.92,87.54,,0,20.8,29.1,41.6,0,0,,,,,,
3820260531020007,shizuoka,2026-05-31,7,◎1 ○4 ×6 注2 ▲5 △7,,,,,7,泉谷 元樹  愛,知,37,101,A1,逃,3.92,86.04,▲,3,14.2,28.5,47.6,4,1,,,,,,
4220260601010001,nagoya,2026-06-01,1,△1 ×5 注2 ▲4 ○7 ◎3,5-1  780円(3),"5-1-2  1,650円(4)",1=2=5  970円(4),"1=2  1,010円(9)  1=5  270円(3)  2=5  490円(6) / 1=2  1,010円(9)  1=5  270円(3)  2=5  490円(6)",1,田川 翔琉  熊,本,28,119,A1,逃,3.92,86.63,△,4,15.7,26.3,57.8,2,2,2,12.0,逃,３/４車輪,,
4220260601010001,nagoya,2026-06-01,1,△1 ×5 注2 ▲4 ○7 ◎3,5-1  780円(3),"5-1-2  1,650円(4)",1=2=5  970円(4),"1=2  1,010円(9)  1=5  270円(3)  2=5  490円(6) / 1=2  1,010円(9)  1=5  270円(3)  2=5  490円(6)",2,山崎 敦雄  静,岡,53,70,A1,追,3.85,82.53,注,2,6.2,12.5,18.7,0,0,3,11.8,,１/４車輪,,
4220260601010001,nagoya,2026-06-01,1,△1 ×5 注2 ▲4 ○7 ◎3,5-1  780円(3),"5-1-2  1,650円(4)",1=2=5  970円(4),"1=2  1,010円(9)  1=5  270円(3)  2=5  490円(6) / 1=2  1,010円(9)  1=5  270円(3)  2=5  490円(6)",3,藤岡 徹也  兵,庫,38,121,A1,両,3.92,87.53,◎,6,40.0,46.6,60.0,0,4,4,11.9,,３/４車身,,
4220260601010001,nagoya,2026-06-01,1,△1 ×5 注2 ▲4 ○7 ◎3,5-1  780円(3),"5-1-2  1,650円(4)",1=2=5  970円(4),"1=2  1,010円(9)  1=5  270円(3)  2=5  490円(6) / 1=2  1,010円(9)  1=5  270円(3)  2=5  490円(6)",4,松山 正和  静,岡,54,76,A2,追,3.92,82.15,▲,3,0.0,15.3,23.0,0,0,5,11.8,,３/４車身,,
4220260601010001,nagoya,2026-06-01,1,△1 ×5 注2 ▲4 ○7 ◎3,5-1  780円(3),"5-1-2  1,650円(4)",1=2=5  970円(4),"1=2  1,010円(9)  1=5  270円(3)  2=5  490円(6) / 1=2  1,010円(9)  1=5  270円(3)  2=5  490円(6)",5,戸伏 康夫  岡,山,46,96,A2,追,3.92,87.27,×,1,22.2,38.8,61.1,0,0,1,11.8,差,,,
4220260601010001,nagoya,2026-06-01,1,△1 ×5 注2 ▲4 ○7 ◎3,5-1  780円(3),"5-1-2  1,650円(4)",1=2=5  970円(4),"1=2  1,010円(9)  1=5  270円(3)  2=5  490円(6) / 1=2  1,010円(9)  1=5  270円(3)  2=5  490円(6)",6,鈴木 宏章  栃,木,50,80,A2,追,3.86,77.91,,0,0.0,0.0,4.3,0,0,7,11.7,,１車身,,
4220260601010001,nagoya,2026-06-01,1,△1 ×5 注2 ▲4 ○7 ◎3,5-1  780円(3),"5-1-2  1,650円(4)",1=2=5  970円(4),"1=2  1,010円(9)  1=5  270円(3)  2=5  490円(6) / 1=2  1,010円(9)  1=5  270円(3)  2=5  490円(6)",7,吉田 篤史  奈,良,37,109,A2,両,3.92,88.2,○,5,13.3,60.0,73.3,2,3,6,12.0,,３/４車輪,,
4220260601010002,nagoya,2026-06-01,2,○4 ◎1 注7 ×3 ▲5 △6,"1-7  3,880円(16)","1-7-3  26,560円(78)","1=3=7  6,630円(19)","1=3  300円(2)  1=7  590円(9)  3=7  2,480円(17) / 1=3  300円(2)  1=7  590円(9)  3=7  2,480円(17)",1,上田 学  愛,媛,55,69,A1,追,3.86,87.04,◎,6,8.3,25.0,29.1,0,0,1,12.0,差,,,
4220260601010002,nagoya,2026-06-01,2,○4 ◎1 注7 ×3 ▲5 △6,"1-7  3,880円(16)","1-7-3  26,560円(78)","1=3=7  6,630円(19)","1=3  300円(2)  1=7  590円(9)  3=7  2,480円(17) / 1=3  300円(2)  1=7  590円(9)  3=7  2,480円(17)",2,大竹野 裕樹,鹿児島,44,88,A2,両,3.92,84.58,△,4,29.1,45.8,45.8,0,9,7,12.2,,１/２車身,,
4220260601010002,nagoya,2026-06-01,2,○4 ◎1 注7 ×3 ▲5 △6,"1-7  3,880円(16)","1-7-3  26,560円(78)","1=3=7  6,630円(19)","1=3  300円(2)  1=7  590円(9)  3=7  2,480円(17) / 1=3  300円(2)  1=7  590円(9)  3=7  2,480円(17)",3,中井 勇介  大,阪,44,100,A1,逃,3.92,87.21,×,1,20.0,50.0,60.0,5,2,3,11.9,,３/４車輪,,
4220260601010002,nagoya,2026-06-01,2,○4 ◎1 注7 ×3 ▲5 △6,"1-7  3,880円(16)","1-7-3  26,560円(78)","1=3=7  6,630円(19)","1=3  300円(2)  1=7  590円(9)  3=7  2,480円(17) / 1=3  300円(2)  1=7  590円(9)  3=7  2,480円(17)",4,火島 裕輝  愛,媛,23,123,A1,逃,3.92,87.93,○,5,26.6,46.6,53.3,2,2,4,12.1,,１/４車輪,,
4220260601010002,nagoya,2026-06-01,2,○4 ◎1 注7 ×3 ▲5 △6,"1-7  3,880円(16)","1-7-3  26,560円(78)","1=3=7  6,630円(19)","1=3  300円(2)  1=7  590円(9)  3=7  2,480円(17) / 1=3  300円(2)  1=7  590円(9)  3=7  2,480円(17)",5,山田 晃久  石,川,51,77,A2,追,3.92,83.87,▲,3,4.1,12.5,41.6,0,0,5,11.8,,１/４車輪,,
4220260601010002,nagoya,2026-06-01,2,○4 ◎1 注7 ×3 ▲5 △6,"1-7  3,880円(16)","1-7-3  26,560円(78)","1=3=7  6,630円(19)","1=3  300円(2)  1=7  590円(9)  3=7  2,480円(17) / 1=3  300円(2)  1=7  590円(9)  3=7  2,480円(17)",6,久保 光司  佐,賀,29,119,A2,逃,3.92,80.33,,0,14.2,19.0,28.5,3,0,6,12.3,,１車身１/２,,
4220260601010002,nagoya,2026-06-01,2,○4 ◎1 注7 ×3 ▲5 △6,"1-7  3,880円(16)","1-7-3  26,560円(78)","1=3=7  6,630円(19)","1=3  300円(2)  1=7  590円(9)  3=7  2,480円(17) / 1=3  300円(2)  1=7  590円(9)  3=7  2,480円(17)",7,船曳 義之  香,川,49,83,A2,追,3.92,81.08,注,2,4.1,4.1,16.6,0,0,2,11.9,ク,１/２車輪,,
4220260601010003,nagoya,2026-06-01,3,注4 ×3 △1 ◎6 ○2 ▲7,"4-2  9,030円(18)","4-2-3  20,330円(45)","2=3=4  1,040円(5)",2=3  200円(2)  2=4  400円(5)  3=4  720円(10) / 2=3  200円(2)  2=4  400円(5)  3=4  720円(10),1,渡辺 航平  東,京,48,79,A1,追,3.93,86.0,△,4,12.5,25.0,50.0,0,0,6,11.8,,３車身,,
4220260601010003,nagoya,2026-06-01,3,注4 ×3 △1 ◎6 ○2 ▲7,"4-2  9,030円(18)","4-2-3  20,330円(45)","2=3=4  1,040円(5)",2=3  200円(2)  2=4  400円(5)  3=4  720円(10) / 2=3  200円(2)  2=4  400円(5)  3=4  720円(10),2,田中 和磨  岡,山,29,113,A2,逃,3.93,92.04,◎,6,38.4,57.6,84.6,3,7,2,11.8,逃,１/４車輪,,
4220260601010003,nagoya,2026-06-01,3,注4 ×3 △1 ◎6 ○2 ▲7,"4-2  9,030円(18)","4-2-3  20,330円(45)","2=3=4  1,040円(5)",2=3  200円(2)  2=4  400円(5)  3=4  720円(10) / 2=3  200円(2)  2=4  400円(5)  3=4  720円(10),3,伊藤 奎  福,島,27,115,A1,追,3.93,87.8,×,1,9.5,14.2,33.3,0,1,3,11.6,,１車身,,
4220260601010003,nagoya,2026-06-01,3,注4 ×3 △1 ◎6 ○2 ▲7,"4-2  9,030円(18)","4-2-3  20,330円(45)","2=3=4  1,040円(5)",2=3  200円(2)  2=4  400円(5)  3=4  720円(10) / 2=3  200円(2)  2=4  400円(5)  3=4  720円(10),4,菅田 和宏  宮,城,43,88,A2,逃,3.92,83.17,注,2,14.2,28.5,39.2,2,3,1,11.6,差,,,
4220260601010003,nagoya,2026-06-01,3,注4 ×3 △1 ◎6 ○2 ▲7,"4-2  9,030円(18)","4-2-3  20,330円(45)","2=3=4  1,040円(5)",2=3  200円(2)  2=4  400円(5)  3=4  720円(10) / 2=3  200円(2)  2=4  400円(5)  3=4  720円(10),5,林 成人  愛,媛,53,73,A2,追,3.92,81.41,▲,3,8.3,16.6,25.0,0,0,5,11.5,,１/２車身,,
4220260601010003,nagoya,2026-06-01,3,注4 ×3 △1 ◎6 ○2 ▲7,"4-2  9,030円(18)","4-2-3  20,330円(45)","2=3=4  1,040円(5)",2=3  200円(2)  2=4  400円(5)  3=4  720円(10) / 2=3  200円(2)  2=4  400円(5)  3=4  720円(10),6,宗景 祐樹  栃,木,50,84,A2,追,3.92,78.44,,0,0.0,5.0,10.0,0,0,7,11.7,,１車身,,
4220260601010003,nagoya,2026-06-01,3,注4 ×3 △1 ◎6 ○2 ▲7,"4-2  9,030円(18)","4-2-3  20,330円(45)","2=3=4  1,040円(5)",2=3  200円(2)  2=4  400円(5)  3=4  720円(10) / 2=3  200円(2)  2=4  400円(5)  3=4  720円(10),7,石田 洋秀  広,島,56,64,A1,追,3.92,88.19,○,5,9.5,38.0,52.3,0,0,4,11.5,,１車身,,
4220260601010004,nagoya,2026-06-01,4,◎4 ○1 △7 注5 ▲2 ×6,4-1  170円(1),4-1-7  290円(1),1=4=7  130円(1),1=4  100円(1)  1=7  140円(3)  4=7  120円(2) / 1=4  100円(1)  1=7  140円(3)  4=7  120円(2),1,加藤 寛治  愛,知,48,83,A1,両,3.92,87.41,○,5,29.1,45.8,62.5,0,2,2,11.7,ク,３/４車輪,,
4220260601010004,nagoya,2026-06-01,4,◎4 ○1 △7 注5 ▲2 ×6,4-1  170円(1),4-1-7  290円(1),1=4=7  130円(1),1=4  100円(1)  1=7  140円(3)  4=7  120円(2) / 1=4  100円(1)  1=7  140円(3)  4=7  120円(2),2,廣川 泰昭  愛,媛,43,90,A2,追,3.92,84.26,▲,3,13.3,20.0,33.3,0,1,5,11.8,,５車身,,
4220260601010004,nagoya,2026-06-01,4,◎4 ○1 △7 注5 ▲2 ×6,4-1  170円(1),4-1-7  290円(1),1=4=7  130円(1),1=4  100円(1)  1=7  140円(3)  4=7  120円(2) / 1=4  100円(1)  1=7  140円(3)  4=7  120円(2),3,渋谷 錬,神奈川,35,103,A2,追,3.92,86.66,×,1,16.6,29.1,50.0,0,0,6,12.8,,５車身,,
4220260601010004,nagoya,2026-06-01,4,◎4 ○1 △7 注5 ▲2 ×6,4-1  170円(1),4-1-7  290円(1),1=4=7  130円(1),1=4  100円(1)  1=7  140円(3)  4=7  120円(2) / 1=4  100円(1)  1=7  140円(3)  4=7  120円(2),4,安達 光伸  岐,阜,24,127,A2,逃,3.92,92.16,◎,6,50.0,66.6,72.2,9,3,1,11.8,捲,,,
4220260601010004,nagoya,2026-06-01,4,◎4 ○1 △7 注5 ▲2 ×6,4-1  170円(1),4-1-7  290円(1),1=4=7  130円(1),1=4  100円(1)  1=7  140円(3)  4=7  120円(2) / 1=4  100円(1)  1=7  140円(3)  4=7  120円(2),5,高倉 俊宏  福,岡,39,93,A2,両,3.92,83.47,注,2,28.5,28.5,38.0,1,3,4,11.5,,１車身,,
4220260601010004,nagoya,2026-06-01,4,◎4 ○1 △7 注5 ▲2 ×6,4-1  170円(1),4-1-7  290円(1),1=4=7  130円(1),1=4  100円(1)  1=7  140円(3)  4=7  120円(2) / 1=4  100円(1)  1=7  140円(3)  4=7  120円(2),6,望月 嘉人  静,岡,29,123,A2,逃,3.92,79.66,,0,5.5,11.1,22.2,2,0,7,14.0,,大差,,
4220260601010004,nagoya,2026-06-01,4,◎4 ○1 △7 注5 ▲2 ×6,4-1  170円(1),4-1-7  290円(1),1=4=7  130円(1),1=4  100円(1)  1=7  140円(3)  4=7  120円(2) / 1=4  100円(1)  1=7  140円(3)  4=7  120円(2),7,渡会 啓介  愛,知,49,83,A2,追,3.92,83.19,△,4,4.7,9.5,47.6,0,0,3,11.6,,３/４車輪,,
4220260601010005,nagoya,2026-06-01,5,注5 ▲1 ○2 ◎4 ×3 △7,"7-3  1,400円(4)","7-3-5  12,560円(42)","3=5=7  3,120円(13)","3=5  1,500円(17)  3=7  550円(7)  5=7  880円(13) / 3=5  1,500円(17)  3=7  550円(7)  5=7  880円(13)",1,小橋 秀幸  青,森,47,85,A1,追,3.93,92.62,▲,3,33.3,50.0,62.5,0,0,,,,,,
4220260601010005,nagoya,2026-06-01,5,注5 ▲1 ○2 ◎4 ×3 △7,"7-3  1,400円(4)","7-3-5  12,560円(42)","3=5=7  3,120円(13)","3=5  1,500円(17)  3=7  550円(7)  5=7  880円(13) / 3=5  1,500円(17)  3=7  550円(7)  5=7  880円(13)",2,稲毛 知也,和歌山,28,123,A1,逃,3.92,92.04,○,5,37.5,50.0,62.5,2,10,,,,,,
4220260601010005,nagoya,2026-06-01,5,注5 ▲1 ○2 ◎4 ×3 △7,"7-3  1,400円(4)","7-3-5  12,560円(42)","3=5=7  3,120円(13)","3=5  1,500円(17)  3=7  550円(7)  5=7  880円(13) / 3=5  1,500円(17)  3=7  550円(7)  5=7  880円(13)",3,矢部 駿人  岡,山,27,121,A1,逃,3.92,92.09,×,1,4.7,38.0,66.6,4,2,,,,,,
4220260601010005,nagoya,2026-06-01,5,注5 ▲1 ○2 ◎4 ×3 △7,"7-3  1,400円(4)","7-3-5  12,560円(42)","3=5=7  3,120円(13)","3=5  1,500円(17)  3=7  550円(7)  5=7  880円(13) / 3=5  1,500円(17)  3=7  550円(7)  5=7  880円(13)",4,吉田 茂生  岐,阜,35,98,A1,両,3.92,94.47,◎,6,33.3,47.6,95.2,0,1,,,,,,
4220260601010005,nagoya,2026-06-01,5,注5 ▲1 ○2 ◎4 ×3 △7,"7-3  1,400円(4)","7-3-5  12,560円(42)","3=5=7  3,120円(13)","3=5  1,500円(17)  3=7  550円(7)  5=7  880円(13) / 3=5  1,500円(17)  3=7  550円(7)  5=7  880円(13)",5,泉 文人  福,島,35,99,A1,両,3.92,93.33,注,2,33.3,66.6,83.3,0,2,,,,,,
4220260601010005,nagoya,2026-06-01,5,注5 ▲1 ○2 ◎4 ×3 △7,"7-3  1,400円(4)","7-3-5  12,560円(42)","3=5=7  3,120円(13)","3=5  1,500円(17)  3=7  550円(7)  5=7  880円(13) / 3=5  1,500円(17)  3=7  550円(7)  5=7  880円(13)",6,飯田 辰哉  千,葉,53,72,A1,追,3.92,89.79,,0,12.5,20.8,37.5,0,0,,,,,,
4220260601010005,nagoya,2026-06-01,5,注5 ▲1 ○2 ◎4 ×3 △7,"7-3  1,400円(4)","7-3-5  12,560円(42)","3=5=7  3,120円(13)","3=5  1,500円(17)  3=7  550円(7)  5=7  880円(13) / 3=5  1,500円(17)  3=7  550円(7)  5=7  880円(13)",7,神開 一輝  福,岡,32,119,A1,逃,3.92,90.15,△,4,25.0,30.0,40.0,0,1,,,,,,
4220260601010006,nagoya,2026-06-01,6,○1 ◎3 注6 ×2 △5 ▲4,,,,,1,久田 朔  大,阪,22,125,S2,逃,3.92,104.19,○,5,23.8,47.6,61.9,5,5,,,,,,
4220260601010006,nagoya,2026-06-01,6,○1 ◎3 注6 ×2 △5 ▲4,,,,,2,格清 洋介  静,岡,31,111,S2,逃,3.93,99.73,×,1,21.7,47.8,52.1,6,4,,,,,,
4220260601010006,nagoya,2026-06-01,6,○1 ◎3 注6 ×2 △5 ▲4,,,,,3,高橋 和也  愛,知,39,91,S2,両,3.93,101.75,◎,6,8.0,36.0,44.0,2,2,,,,,,
4220260601010006,nagoya,2026-06-01,6,○1 ◎3 注6 ×2 △5 ▲4,,,,,4,佐藤 康紀  青,森,51,73,S2,追,3.92,93.41,▲,3,0.0,0.0,7.6,0,0,,,,,,
4220260601010006,nagoya,2026-06-01,6,○1 ◎3 注6 ×2 △5 ▲4,,,,,5,佐藤 龍二,神奈川,37,94,S2,追,3.85,100.08,△,4,4.3,17.3,34.7,0,0,,,,,,
4220260601010006,nagoya,2026-06-01,6,○1 ◎3 注6 ×2 △5 ▲4,,,,,6,伊藤 勝太  愛,知,38,95,S2,追,3.92,94.63,注,2,0.0,0.0,9.0,0,0,,,,,,
4220260601010007,nagoya,2026-06-01,7,△3 ×1 注5 ◎6 ○4 ▲2,,,,,1,松岡 篤哉  岐,阜,43,97,S2,両,3.92,102.38,×,1,33.3,42.8,47.6,1,1,,,,,,
4220260601010007,nagoya,2026-06-01,7,△3 ×1 注5 ◎6 ○4 ▲2,,,,,2,出澤 拓也,神奈川,35,111,S2,追,3.93,94.38,▲,3,0.0,9.3,28.1,0,0,,,,,,
4220260601010007,nagoya,2026-06-01,7,△3 ×1 注5 ◎6 ○4 ▲2,,,,,3,林 敬宏  愛,知,34,117,S2,逃,3.92,98.1,△,4,6.6,13.3,23.3,0,3,,,,,,
4220260601010007,nagoya,2026-06-01,7,△3 ×1 注5 ◎6 ○4 ▲2,,,,,4,石毛 克幸  千,葉,49,84,S2,追,3.92,101.81,○,5,18.1,40.9,50.0,0,2,,,,,,
4220260601010007,nagoya,2026-06-01,7,△3 ×1 注5 ◎6 ○4 ▲2,,,,,5,藤原 誠  岐,阜,54,69,S2,追,3.93,95.72,注,2,10.3,20.6,34.4,0,0,,,,,,
4220260601010007,nagoya,2026-06-01,7,△3 ×1 注5 ◎6 ○4 ▲2,,,,,6,丸山 留依  静,岡,20,127,S2,逃,3.92,103.47,◎,6,57.8,57.8,78.9,5,5,,,,,,
4220260601010008,nagoya,2026-06-01,8,△5 注1 ◎3 ○7 ▲4 ×2,,,,,1,中村 浩士  千,葉,48,79,S1,追,3.85,101.35,注,2,4.5,13.6,27.2,0,0,,,,,,
4220260601010008,nagoya,2026-06-01,8,△5 注1 ◎3 ○7 ▲4 ×2,,,,,2,中井 太祐  奈,良,36,97,S1,両,3.92,105.12,×,1,12.5,25.0,37.5,0,1,,,,,,
4220260601010008,nagoya,2026-06-01,8,△5 注1 ◎3 ○7 ▲4 ×2,,,,,3,川口 雄太  徳,島,29,111,S2,両,3.92,104.87,◎,6,33.3,50.0,54.1,0,3,,,,,,
4220260601010008,nagoya,2026-06-01,8,△5 注1 ◎3 ○7 ▲4 ×2,,,,,4,高田 修汰  福,井,26,115,S2,逃,3.92,95.9,▲,3,4.5,18.1,18.1,4,0,,,,,,
4220260601010008,nagoya,2026-06-01,8,△5 注1 ◎3 ○7 ▲4 ×2,,,,,5,山口 多聞  埼,玉,24,121,S2,逃,3.92,102.4,△,4,17.3,30.4,34.7,6,0,,,,,,
4220260601010008,nagoya,2026-06-01,8,△5 注1 ◎3 ○7 ▲4 ×2,,,,,6,金山 栄治  滋,賀,52,72,S2,追,3.92,95.0,,0,0.0,7.6,7.6,0,0,,,,,,
4220260601010008,nagoya,2026-06-01,8,△5 注1 ◎3 ○7 ▲4 ×2,,,,,7,久米 良  徳,島,38,96,S1,追,3.92,106.8,○,5,9.5,19.0,23.8,0,0,,,,,,
4220260601010009,nagoya,2026-06-01,9,○7 ◎2 ×5 注3 ▲1 △4,,,,,1,山本 奨  岡,山,37,94,S2,両,3.92,100.0,▲,3,19.0,19.0,38.0,0,1,,,,,,
4220260601010009,nagoya,2026-06-01,9,○7 ◎2 ×5 注3 ▲1 △4,,,,,2,内藤 秀久,神奈川,44,89,S1,追,3.92,104.5,◎,6,18.1,22.7,40.9,0,1,,,,,,
4220260601010009,nagoya,2026-06-01,9,○7 ◎2 ×5 注3 ▲1 △4,,,,,3,稲吉 悠大  福,岡,39,92,S2,追,3.92,100.74,注,2,7.4,25.9,40.7,0,0,,,,,,
4220260601010009,nagoya,2026-06-01,9,○7 ◎2 ×5 注3 ▲1 △4,,,,,4,橋本 瑠偉  栃,木,31,113,S1,逃,3.92,98.0,△,4,18.1,22.7,27.2,2,2,,,,,,
4220260601010009,nagoya,2026-06-01,9,○7 ◎2 ×5 注3 ▲1 △4,,,,,5,野田 源一  福,岡,47,81,S2,両,3.92,104.78,×,1,10.0,50.0,50.0,0,4,,,,,,
4220260601010009,nagoya,2026-06-01,9,○7 ◎2 ×5 注3 ▲1 △4,,,,,6,池田 勇人  埼,玉,41,90,S2,追,3.93,95.58,,0,3.2,3.2,9.6,1,0,,,,,,
4220260601010009,nagoya,2026-06-01,9,○7 ◎2 ×5 注3 ▲1 △4,,,,,7,小原 佑太  青,森,30,115,S1,逃,3.92,105.3,○,5,17.3,26.0,34.7,4,1,,,,,,
4220260601010010,nagoya,2026-06-01,10,○4 ◎1 △7 ×5 注2 ▲3,,,,,1,久島 尚樹  宮,崎,35,100,S2,両,3.92,106.8,◎,6,26.9,46.1,69.2,1,1,,,,,,
4220260601010010,nagoya,2026-06-01,10,○4 ◎1 △7 ×5 注2 ▲3,,,,,2,小林 大介  群,馬,48,79,S2,追,3.92,100.89,注,2,7.1,25.0,53.5,0,1,,,,,,
4220260601010010,nagoya,2026-06-01,10,○4 ◎1 △7 ×5 注2 ▲3,,,,,3,房州 輝也  福,島,39,91,S2,両,3.93,95.24,▲,3,3.0,9.0,24.2,0,0,,,,,,
4220260601010010,nagoya,2026-06-01,10,○4 ◎1 △7 ×5 注2 ▲3,,,,,4,坂田 康季  佐,賀,28,121,S2,逃,3.92,100.1,○,5,19.0,28.5,38.0,4,2,,,,,,
4220260601010010,nagoya,2026-06-01,10,○4 ◎1 △7 ×5 注2 ▲3,,,,,5,安彦 統賀  埼,玉,27,121,S2,両,3.92,105.37,×,1,22.2,40.7,62.9,0,4,,,,,,
4220260601010010,nagoya,2026-06-01,10,○4 ◎1 △7 ×5 注2 ▲3,,,,,6,中井 達郎  静,岡,51,74,S2,追,3.92,93.08,,0,0.0,0.0,4.1,0,0,,,,,,
4220260601010010,nagoya,2026-06-01,10,○4 ◎1 △7 ×5 注2 ▲3,,,,,7,本郷 雄三  熊,本,37,99,S2,両,3.92,98.16,△,4,10.0,10.0,30.0,1,1,,,,,,
4220260601010011,nagoya,2026-06-01,11,○7 ◎1 ×2 注4 ▲6 △5,,,,,1,金子 幸央  栃,木,33,101,S2,両,3.92,111.63,◎,6,31.8,59.0,72.7,0,4,,,,,,
4220260601010011,nagoya,2026-06-01,11,○7 ◎1 ×2 注4 ▲6 △5,,,,,2,伊藤 信  大,阪,42,92,S2,逃,3.93,104.08,×,1,16.6,33.3,37.5,1,6,,,,,,
4220260601010011,nagoya,2026-06-01,11,○7 ◎1 ×2 注4 ▲6 △5,,,,,3,紺野 哲也  宮,城,53,69,S2,追,3.92,99.83,△,4,10.5,21.0,36.8,0,0,,,,,,
4220260601010011,nagoya,2026-06-01,11,○7 ◎1 ×2 注4 ▲6 △5,,,,,4,伊藤 成紀  大,阪,43,90,S2,両,3.93,98.17,注,2,27.5,27.5,41.3,0,2,,,,,,
4220260601010011,nagoya,2026-06-01,11,○7 ◎1 ×2 注4 ▲6 △5,,,,,5,斉藤 樂  宮,城,24,123,S2,逃,3.92,98.71,▲,3,14.2,23.8,33.3,1,3,,,,,,
4220260601010011,nagoya,2026-06-01,11,○7 ◎1 ×2 注4 ▲6 △5,,,,,6,宮越 孝治  富,山,47,82,S2,追,3.92,94.83,,0,3.2,3.2,16.1,0,0,,,,,,
4220260601010011,nagoya,2026-06-01,11,○7 ◎1 ×2 注4 ▲6 △5,,,,,7,黒沢 征治  埼,玉,34,113,S1,両,3.93,107.07,○,5,26.6,33.3,46.6,0,1,,,,,,
4220260601010012,nagoya,2026-06-01,12,◎4 ○7 ▲2 ×1 △6 注5,,,,,1,青野 将大,神奈川,31,117,S1,逃,3.92,109.6,×,1,30.0,50.0,55.0,3,5,,,,,,
4220260601010012,nagoya,2026-06-01,12,◎4 ○7 ▲2 ×1 △6 注5,,,,,2,上野 優太  熊,本,29,113,S1,追,3.92,109.7,▲,3,15.0,60.0,65.0,0,0,,,,,,
4220260601010012,nagoya,2026-06-01,12,◎4 ○7 ▲2 ×1 △6 注5,,,,,3,東口 善朋,和歌山,46,85,S1,追,3.92,109.05,注,2,10.5,21.0,31.5,0,0,,,,,,
4220260601010012,nagoya,2026-06-01,12,◎4 ○7 ▲2 ×1 △6 注5,,,,,4,石原 颯  香,川,26,117,S1,逃,3.92,110.38,◎,6,15.7,42.1,42.1,7,1,,,,,,
4220260601010012,nagoya,2026-06-01,12,◎4 ○7 ▲2 ×1 △6 注5,,,,,5,木村 皆斗  茨,城,24,119,S1,逃,3.92,108.76,△,4,50.0,63.3,66.6,13,4,,,,,,
4220260601010012,nagoya,2026-06-01,12,◎4 ○7 ▲2 ×1 △6 注5,,,,,6,五日市 誠  青,森,41,89,S1,追,3.92,107.4,,0,22.7,40.9,50.0,0,1,,,,,,
4220260601010012,nagoya,2026-06-01,12,◎4 ○7 ▲2 ×1 △6 注5,,,,,7,黒瀬 浩太郎  広,島,26,123,S1,逃,3.92,107.62,○,5,29.4,47.0,58.8,5,3,,,,,,
5520260601010001,wakayama,2026-06-01,1,◎5 ○1 ×2 注6 ▲4 △3,"1-2  3,010円(10)","1-2-5  3,040円(9)",1=2=5  220円(1),1=2  160円(3)  1=5  100円(1)  2=5  140円(2) / 1=2  160円(3)  1=5  100円(1)  2=5  140円(2),1,長崎 達也,神奈川,44,89,A3,両,3.93,70.66,○,5,11.1,25.9,33.3,0,0,1,12.6,差,,,
5520260601010001,wakayama,2026-06-01,1,◎5 ○1 ×2 注6 ▲4 △3,"1-2  3,010円(10)","1-2-5  3,040円(9)",1=2=5  220円(1),1=2  160円(3)  1=5  100円(1)  2=5  140円(2) / 1=2  160円(3)  1=5  100円(1)  2=5  140円(2),2,山村 慮太  大,阪,39,97,A3,両,3.92,72.25,×,1,22.2,37.0,59.2,0,0,2,12.6,ク,１車輪,,
5520260601010001,wakayama,2026-06-01,1,◎5 ○1 ×2 注6 ▲4 △3,"1-2  3,010円(10)","1-2-5  3,040円(9)",1=2=5  220円(1),1=2  160円(3)  1=5  100円(1)  2=5  140円(2) / 1=2  160円(3)  1=5  100円(1)  2=5  140円(2),3,山中 貴雄  愛,知,50,79,A3,追,3.92,69.09,▲,3,4.7,9.5,42.8,0,0,4,12.5,,１/２車身,,
5520260601010001,wakayama,2026-06-01,1,◎5 ○1 ×2 注6 ▲4 △3,"1-2  3,010円(10)","1-2-5  3,040円(9)",1=2=5  220円(1),1=2  160円(3)  1=5  100円(1)  2=5  140円(2) / 1=2  160円(3)  1=5  100円(1)  2=5  140円(2),4,古田 義明  三,重,53,79,A3,追,3.93,69.16,注,2,5.2,10.5,26.3,0,0,5,12.7,,２車身,,
5520260601010001,wakayama,2026-06-01,1,◎5 ○1 ×2 注6 ▲4 △3,"1-2  3,010円(10)","1-2-5  3,040円(9)",1=2=5  220円(1),1=2  160円(3)  1=5  100円(1)  2=5  140円(2) / 1=2  160円(3)  1=5  100円(1)  2=5  140円(2),5,加藤 健一,神奈川,33,107,A3,逃,3.86,75.95,◎,6,38.0,52.3,71.4,8,2,3,12.8,,１/２車輪,,
5520260601010001,wakayama,2026-06-01,1,◎5 ○1 ×2 注6 ▲4 △3,"1-2  3,010円(10)","1-2-5  3,040円(9)",1=2=5  220円(1),1=2  160円(3)  1=5  100円(1)  2=5  140円(2) / 1=2  160円(3)  1=5  100円(1)  2=5  140円(2),6,竹田 慎一  富,山,47,94,A3,両,3.92,66.66,,0,0.0,0.0,33.3,0,0,7,12.6,,１/２車輪,,
5520260601010001,wakayama,2026-06-01,1,◎5 ○1 ×2 注6 ▲4 △3,"1-2  3,010円(10)","1-2-5  3,040円(9)",1=2=5  220円(1),1=2  160円(3)  1=5  100円(1)  2=5  140円(2) / 1=2  160円(3)  1=5  100円(1)  2=5  140円(2),7,中嶋 樹  大,阪,24,119,A3,逃,3.92,69.88,△,4,22.2,44.4,44.4,9,3,6,12.8,,３/４車身,,
5520260601010002,wakayama,2026-06-01,2,○3 ◎5 注2 △4 ×1 ▲6,"3-4  3,920円(19)","3-4-5  15,980円(64)","3=4=5  1,640円(7)",3=4  520円(9)  3=5  200円(2)  4=5  500円(8) / 3=4  520円(9)  3=5  200円(2)  4=5  500円(8),1,武田 哲二  京,都,55,65,A3,追,3.93,72.29,×,1,4.1,33.3,50.0,0,0,6,12.8,,３車身,,
5520260601010002,wakayama,2026-06-01,2,○3 ◎5 注2 △4 ×1 ▲6,"3-4  3,920円(19)","3-4-5  15,980円(64)","3=4=5  1,640円(7)",3=4  520円(9)  3=5  200円(2)  4=5  500円(8) / 3=4  520円(9)  3=5  200円(2)  4=5  500円(8),2,相良 勝美  福,島,54,70,A3,追,3.93,69.9,注,2,4.7,28.5,28.5,0,0,7,13.7,,大差,,
5520260601010002,wakayama,2026-06-01,2,○3 ◎5 注2 △4 ×1 ▲6,"3-4  3,920円(19)","3-4-5  15,980円(64)","3=4=5  1,640円(7)",3=4  520円(9)  3=5  200円(2)  4=5  500円(8) / 3=4  520円(9)  3=5  200円(2)  4=5  500円(8),3,上野 幸星  富,山,24,127,A3,逃,3.92,70.72,○,5,0.0,24.0,48.0,4,1,1,12.1,差,,,
5520260601010002,wakayama,2026-06-01,2,○3 ◎5 注2 △4 ×1 ▲6,"3-4  3,920円(19)","3-4-5  15,980円(64)","3=4=5  1,640円(7)",3=4  520円(9)  3=5  200円(2)  4=5  500円(8) / 3=4  520円(9)  3=5  200円(2)  4=5  500円(8),4,日浦 崇道,和歌山,35,109,A3,逃,3.92,67.28,△,4,7.1,21.4,28.5,3,0,2,12.4,逃,１車身１/２,,
5520260601010002,wakayama,2026-06-01,2,○3 ◎5 注2 △4 ×1 ▲6,"3-4  3,920円(19)","3-4-5  15,980円(64)","3=4=5  1,640円(7)",3=4  520円(9)  3=5  200円(2)  4=5  500円(8) / 3=4  520円(9)  3=5  200円(2)  4=5  500円(8),5,小塚 潤  愛,知,46,86,A3,追,3.92,70.14,◎,6,11.1,25.9,37.0,0,1,3,12.2,,３/４車輪,,
5520260601010002,wakayama,2026-06-01,2,○3 ◎5 注2 △4 ×1 ▲6,"3-4  3,920円(19)","3-4-5  15,980円(64)","3=4=5  1,640円(7)",3=4  520円(9)  3=5  200円(2)  4=5  500円(8) / 3=4  520円(9)  3=5  200円(2)  4=5  500円(8),6,肥後 公允  奈,良,41,91,A3,両,3.92,65.38,,0,9.5,14.2,33.3,0,2,4,12.4,,４車身,,
5520260601010002,wakayama,2026-06-01,2,○3 ◎5 注2 △4 ×1 ▲6,"3-4  3,920円(19)","3-4-5  15,980円(64)","3=4=5  1,640円(7)",3=4  520円(9)  3=5  200円(2)  4=5  500円(8) / 3=4  520円(9)  3=5  200円(2)  4=5  500円(8),7,伊藤 司  福,島,47,83,A3,逃,3.92,66.39,▲,3,10.7,28.5,32.1,5,0,5,12.0,,１車身１/２,,
5520260601010003,wakayama,2026-06-01,3,◎1 ○4 ×5 ▲6 注3 △2,1-4  160円(1),1-4-5  190円(1),1=4=5  110円(1),1=4  100円(1)  1=5  110円(2)  4=5  130円(3) / 1=4  100円(1)  1=5  110円(2)  4=5  130円(3),1,岩原 健馬  愛,知,21,127,A3,逃,3.92,76.16,◎,6,45.8,66.6,79.1,10,4,1,12.5,逃,,,
5520260601010003,wakayama,2026-06-01,3,◎1 ○4 ×5 ▲6 注3 △2,1-4  160円(1),1-4-5  190円(1),1=4=5  110円(1),1=4  100円(1)  1=5  110円(2)  4=5  130円(3) / 1=4  100円(1)  1=5  110円(2)  4=5  130円(3),2,松本 一成  新,潟,51,77,A3,逃,3.92,68.58,注,2,19.3,29.0,45.1,2,4,6,12.8,,１/２車身,,
5520260601010003,wakayama,2026-06-01,3,◎1 ○4 ×5 ▲6 注3 △2,1-4  160円(1),1-4-5  190円(1),1=4=5  110円(1),1=4  100円(1)  1=5  110円(2)  4=5  130円(3) / 1=4  100円(1)  1=5  110円(2)  4=5  130円(3),3,塚本 諭  福,島,49,85,A3,追,3.77,67.09,▲,3,14.2,19.0,19.0,1,0,5,12.5,,３/４車身,,
5520260601010003,wakayama,2026-06-01,3,◎1 ○4 ×5 ▲6 注3 △2,1-4  160円(1),1-4-5  190円(1),1=4=5  110円(1),1=4  100円(1)  1=5  110円(2)  4=5  130円(3) / 1=4  100円(1)  1=5  110円(2)  4=5  130円(3),4,吉川 悟  大,阪,49,79,A3,追,3.92,73.87,○,5,20.8,45.8,66.6,0,1,2,12.5,ク,３/４車身,,
5520260601010003,wakayama,2026-06-01,3,◎1 ○4 ×5 ▲6 注3 △2,1-4  160円(1),1-4-5  190円(1),1=4=5  110円(1),1=4  100円(1)  1=5  110円(2)  4=5  130円(3) / 1=4  100円(1)  1=5  110円(2)  4=5  130円(3),5,陶器 一馬  大,阪,47,86,A3,追,3.85,69.14,×,1,4.7,23.8,42.8,0,0,3,12.4,,１/２車身,,
5520260601010003,wakayama,2026-06-01,3,◎1 ○4 ×5 ▲6 注3 △2,1-4  160円(1),1-4-5  190円(1),1=4=5  110円(1),1=4  100円(1)  1=5  110円(2)  4=5  130円(3) / 1=4  100円(1)  1=5  110円(2)  4=5  130円(3),6,井上 将志  大,阪,49,86,A3,追,3.92,61.77,,0,0.0,0.0,0.0,0,0,7,12.9,,３/４車身,,
5520260601010003,wakayama,2026-06-01,3,◎1 ○4 ×5 ▲6 注3 △2,1-4  160円(1),1-4-5  190円(1),1=4=5  110円(1),1=4  100円(1)  1=5  110円(2)  4=5  130円(3) / 1=4  100円(1)  1=5  110円(2)  4=5  130円(3),7,菅藤 智  群,馬,42,95,A3,追,3.92,71.23,△,4,0.0,14.2,35.7,0,0,4,12.6,,４車身,,
5520260601010004,wakayama,2026-06-01,4,◎7 ○3 ×4 △5 ▲6 注2,7-1  750円(2),"7-1-6  14,770円(25)","1=6=7  7,150円(12)","1=6  9,030円(17)  1=7  600円(4)  6=7  1,480円(7) / 1=6  9,030円(17)  1=7  600円(4)  6=7  1,480円(7)",1,高橋 海月  青,森,25,123,A3,逃,3.85,69.2,注,2,15.7,15.7,31.5,1,2,2,11.6,捲,６車身,,
5520260601010004,wakayama,2026-06-01,4,◎7 ○3 ×4 △5 ▲6 注2,7-1  750円(2),"7-1-6  14,770円(25)","1=6=7  7,150円(12)","1=6  9,030円(17)  1=7  600円(4)  6=7  1,480円(7) / 1=6  9,030円(17)  1=7  600円(4)  6=7  1,480円(7)",2,光岡 義洋  愛,知,52,73,A3,追,3.77,69.38,▲,3,14.2,14.2,38.0,0,0,4,12.0,,１/２車輪,,
5520260601010004,wakayama,2026-06-01,4,◎7 ○3 ×4 △5 ▲6 注2,7-1  750円(2),"7-1-6  14,770円(25)","1=6=7  7,150円(12)","1=6  9,030円(17)  1=7  600円(4)  6=7  1,480円(7) / 1=6  9,030円(17)  1=7  600円(4)  6=7  1,480円(7)",3,早坂 道義  栃,木,47,88,A3,追,3.85,72.81,○,5,11.1,29.6,55.5,0,0,6,12.3,,１車身１/２,,
5520260601010004,wakayama,2026-06-01,4,◎7 ○3 ×4 △5 ▲6 注2,7-1  750円(2),"7-1-6  14,770円(25)","1=6=7  7,150円(12)","1=6  9,030円(17)  1=7  600円(4)  6=7  1,480円(7) / 1=6  9,030円(17)  1=7  600円(4)  6=7  1,480円(7)",4,石川 英昭  静,岡,55,75,A3,追,3.93,69.11,×,1,7.4,25.9,40.7,0,0,7,14.1,,大差,,
5520260601010004,wakayama,2026-06-01,4,◎7 ○3 ×4 △5 ▲6 注2,7-1  750円(2),"7-1-6  14,770円(25)","1=6=7  7,150円(12)","1=6  9,030円(17)  1=7  600円(4)  6=7  1,480円(7) / 1=6  9,030円(17)  1=7  600円(4)  6=7  1,480円(7)",5,関根 崇人  福,島,39,94,A3,両,3.92,71.76,△,4,4.7,23.8,52.3,0,0,5,12.1,,３車身,,
5520260601010004,wakayama,2026-06-01,4,◎7 ○3 ×4 △5 ▲6 注2,7-1  750円(2),"7-1-6  14,770円(25)","1=6=7  7,150円(12)","1=6  9,030円(17)  1=7  600円(4)  6=7  1,480円(7) / 1=6  9,030円(17)  1=7  600円(4)  6=7  1,480円(7)",6,関谷 哲平  奈,良,43,92,A3,逃,3.92,67.31,,0,18.1,31.8,36.3,4,3,3,12.1,,２車身,,
5520260601010004,wakayama,2026-06-01,4,◎7 ○3 ×4 △5 ▲6 注2,7-1  750円(2),"7-1-6  14,770円(25)","1=6=7  7,150円(12)","1=6  9,030円(17)  1=7  600円(4)  6=7  1,480円(7) / 1=6  9,030円(17)  1=7  600円(4)  6=7  1,480円(7)",7,吉岡 優太  茨,城,24,127,A3,逃,3.92,78.88,◎,6,72.2,83.3,100.0,10,5,1,11.4,捲,,,
5520260601010005,wakayama,2026-06-01,5,△2 ×5 ○7 注4 ◎1 ▲6,,,,,1,尾方 真生  福,岡,27,118,L1,逃,3.79,55.95,◎,6,70.8,83.3,87.5,4,15,,,,,,
5520260601010005,wakayama,2026-06-01,5,△2 ×5 ○7 注4 ◎1 ▲6,,,,,2,篠崎 新純  千,葉,41,102,L1,両,3.79,48.44,△,4,11.1,22.2,27.7,0,1,,,,,,
5520260601010005,wakayama,2026-06-01,5,△2 ×5 ○7 注4 ◎1 ▲6,,,,,3,齊藤 由紀  愛,知,40,110,L1,両,3.79,44.8,,0,0.0,0.0,0.0,0,0,,,,,,
5520260601010005,wakayama,2026-06-01,5,△2 ×5 ○7 注4 ◎1 ▲6,,,,,4,成田 可菜絵  大,阪,39,112,L1,両,3.77,47.3,注,2,0.0,10.0,20.0,1,0,,,,,,
5520260601010005,wakayama,2026-06-01,5,△2 ×5 ○7 注4 ◎1 ▲6,,,,,5,高橋 朋恵  東,京,31,108,L1,追,3.77,50.2,×,1,0.0,12.0,36.0,0,0,,,,,,
5520260601010005,wakayama,2026-06-01,5,△2 ×5 ○7 注4 ◎1 ▲6,,,,,6,三宅 玲奈  岡,山,30,108,L1,追,3.79,46.46,▲,3,3.5,3.5,3.5,0,0,,,,,,
5520260601010005,wakayama,2026-06-01,5,△2 ×5 ○7 注4 ◎1 ▲6,,,,,7,畠山 ひすい,神奈川,24,122,L1,逃,3.77,54.61,○,5,44.4,61.1,83.3,4,5,,,,,,
5520260601010006,wakayama,2026-06-01,6,×2 △1 ▲3 注5 ○4 ◎6,,,,,1,南 彩乃  群,馬,28,112,L1,追,3.77,48.0,△,4,0.0,8.3,8.3,0,0,,,,,,
5520260601010006,wakayama,2026-06-01,6,×2 △1 ▲3 注5 ○4 ◎6,,,,,2,中島 瞳  埼,玉,21,126,L1,両,3.79,52.56,×,1,17.3,34.7,52.1,5,0,,,,,,
5520260601010006,wakayama,2026-06-01,6,×2 △1 ▲3 注5 ○4 ◎6,,,,,3,中川 諒子  熊,本,42,102,L1,両,3.77,45.72,▲,3,0.0,5.5,5.5,0,0,,,,,,
5520260601010006,wakayama,2026-06-01,6,×2 △1 ▲3 注5 ○4 ◎6,,,,,4,加藤 舞  沖,縄,29,116,L1,逃,3.77,52.95,○,5,14.2,42.8,66.6,4,3,,,,,,
5520260601010006,wakayama,2026-06-01,6,×2 △1 ▲3 注5 ○4 ◎6,,,,,5,田中 千尋  愛,知,28,114,L1,両,3.77,47.5,注,2,0.0,5.5,5.5,0,0,,,,,,
5520260601010006,wakayama,2026-06-01,6,×2 △1 ▲3 注5 ○4 ◎6,,,,,6,吉川 美穂,和歌山,33,120,L1,両,3.79,57.0,◎,6,83.3,87.5,95.8,3,11,,,,,,
5520260601010006,wakayama,2026-06-01,6,×2 △1 ▲3 注5 ○4 ◎6,,,,,7,佐藤 友香  青,森,44,110,L1,追,3.77,46.54,,0,0.0,0.0,8.3,0,0,,,,,,
5520260601010007,wakayama,2026-06-01,7,◎1 ○3 △5 ▲6 注7 ×4,,,,,1,西森 一稀  兵,庫,21,127,A2,逃,3.92,79.09,◎,6,80.9,90.4,95.2,15,3,,,,,,
5520260601010007,wakayama,2026-06-01,7,◎1 ○3 △5 ▲6 注7 ×4,,,,,2,鈴木 達也  福,島,41,97,A2,追,3.92,83.65,,0,0.0,3.7,25.9,0,0,,,,,,
5520260601010007,wakayama,2026-06-01,7,◎1 ○3 △5 ▲6 注7 ×4,,,,,3,坂本 匡洋  大,阪,42,91,A2,追,3.92,86.78,○,5,17.3,30.4,39.1,0,0,,,,,,
5520260601010007,wakayama,2026-06-01,7,◎1 ○3 △5 ▲6 注7 ×4,,,,,4,坂口 卓士  福,島,47,88,A1,追,3.92,88.0,×,1,5.5,44.4,61.1,0,0,,,,,,
5520260601010007,wakayama,2026-06-01,7,◎1 ○3 △5 ▲6 注7 ×4,,,,,5,堺 文人,和歌山,47,85,A2,追,3.92,82.5,△,4,14.2,28.5,42.8,0,0,,,,,,
5520260601010007,wakayama,2026-06-01,7,◎1 ○3 △5 ▲6 注7 ×4,,,,,6,森川 剛,神奈川,46,89,A2,追,3.92,77.52,▲,3,0.0,0.0,8.6,0,0,,,,,,
5520260601010007,wakayama,2026-06-01,7,◎1 ○3 △5 ▲6 注7 ×4,,,,,7,小玉 勇一  埼,玉,31,113,A1,両,3.92,82.21,注,2,0.0,10.0,30.0,1,0,,,,,,
5520260601010008,wakayama,2026-06-01,8,×5 ○7 ▲1 △4 ◎3 注2,,,,,1,山崎 光展  京,都,39,93,A2,両,3.92,81.45,▲,3,4.5,13.6,36.3,0,0,,,,,,
5520260601010008,wakayama,2026-06-01,8,×5 ○7 ▲1 △4 ◎3 注2,,,,,2,佐山 俊樹  埼,玉,36,97,A1,追,3.92,83.66,注,2,22.2,22.2,38.8,0,0,,,,,,
5520260601010008,wakayama,2026-06-01,8,×5 ○7 ▲1 △4 ◎3 注2,,,,,3,藤田 大輔  千,葉,41,91,A1,追,3.92,88.55,◎,6,11.1,29.6,51.8,0,1,,,,,,
5520260601010008,wakayama,2026-06-01,8,×5 ○7 ▲1 △4 ◎3 注2,,,,,4,池邉 聖,神奈川,31,123,A1,逃,3.92,80.25,△,4,8.3,16.6,29.1,2,2,,,,,,
5520260601010008,wakayama,2026-06-01,8,×5 ○7 ▲1 △4 ◎3 注2,,,,,5,布居 大地,和歌山,28,111,A1,逃,3.92,84.26,×,1,0.0,18.7,43.7,1,0,,,,,,
5520260601010008,wakayama,2026-06-01,8,×5 ○7 ▲1 △4 ◎3 注2,,,,,6,関 智晴  新,潟,42,89,A2,追,3.92,79.88,,0,5.8,5.8,17.6,0,0,,,,,,
5520260601010008,wakayama,2026-06-01,8,×5 ○7 ▲1 △4 ◎3 注2,,,,,7,中澤 央治  大,阪,58,59,A1,追,3.93,86.47,○,5,9.5,23.8,47.6,0,0,,,,,,
5520260601010009,wakayama,2026-06-01,9,×2 注4 ▲6 ○1 ◎3 △7,,,,,1,斯波 雅貴  静,岡,56,64,A2,追,3.93,79.33,,0,0.0,5.5,11.1,0,0,,,,,,
5520260601010009,wakayama,2026-06-01,9,×2 注4 ▲6 ○1 ◎3 △7,,,,,2,岩城 佑典  愛,知,26,119,A2,逃,3.92,83.15,×,1,15.7,21.0,26.3,0,1,,,,,,
5520260601010009,wakayama,2026-06-01,9,×2 注4 ▲6 ○1 ◎3 △7,,,,,3,西村 剛  新,潟,26,125,A2,逃,3.92,86.94,○,5,26.3,47.3,52.6,5,4,,,,,,
5520260601010009,wakayama,2026-06-01,9,×2 注4 ▲6 ○1 ◎3 △7,,,,,4,冨岡 健一  岐,阜,56,64,A2,追,3.92,82.0,注,2,0.0,6.6,33.3,0,0,,,,,,
5520260601010009,wakayama,2026-06-01,9,×2 注4 ▲6 ○1 ◎3 △7,,,,,5,和田 禎嗣  埼,玉,41,99,A1,追,3.92,85.0,△,4,8.3,20.8,50.0,1,0,,,,,,
5520260601010009,wakayama,2026-06-01,9,×2 注4 ▲6 ○1 ◎3 △7,,,,,6,櫻井 利之,神奈川,39,101,A2,両,3.92,79.13,▲,3,0.0,4.5,27.2,1,0,,,,,,
5520260601010009,wakayama,2026-06-01,9,×2 注4 ▲6 ○1 ◎3 △7,,,,,7,台 和紀  埼,玉,49,83,A2,追,3.92,87.12,◎,6,33.3,37.5,54.1,0,0,,,,,,
5520260601010010,wakayama,2026-06-01,10,◎7 ○2 △3 注5 ×1 ▲4,,,,,1,田村 真広  群,馬,51,83,A2,追,3.92,85.47,×,1,4.7,19.0,47.6,0,0,,,,,,
5520260601010010,wakayama,2026-06-01,10,◎7 ○2 △3 注5 ×1 ▲4,,,,,2,松山 桂輔  愛,知,42,88,A1,追,3.92,87.33,○,5,9.5,33.3,57.1,0,0,,,,,,
5520260601010010,wakayama,2026-06-01,10,◎7 ○2 △3 注5 ×1 ▲4,,,,,3,志水 祐彦  大,阪,41,94,A1,追,3.92,84.96,△,4,15.3,34.6,38.4,0,0,,,,,,
5520260601010010,wakayama,2026-06-01,10,◎7 ○2 △3 注5 ×1 ▲4,,,,,4,黒田 篤  栃,木,46,88,A2,追,3.92,80.59,,0,0.0,4.7,28.5,0,0,,,,,,
5520260601010010,wakayama,2026-06-01,10,◎7 ○2 △3 注5 ×1 ▲4,,,,,5,新井 僚太郎  山,梨,34,100,A2,両,3.92,81.59,注,2,4.0,20.0,32.0,1,2,,,,,,
5520260601010010,wakayama,2026-06-01,10,◎7 ○2 △3 注5 ×1 ▲4,,,,,6,及川 裕奨  岩,手,44,86,A2,追,3.93,78.79,▲,3,4.1,8.3,16.6,0,1,,,,,,
5520260601010010,wakayama,2026-06-01,10,◎7 ○2 △3 注5 ×1 ▲4,,,,,7,岩元 叶馬  富,山,23,125,A2,逃,3.92,87.36,◎,6,26.0,30.4,39.1,4,3,,,,,,
5520260601010011,wakayama,2026-06-01,11,◎2 ○7 △4 ×3 ▲6 注1,,,,,1,西村 豊  三,重,46,84,A1,追,3.92,90.63,注,2,21.0,31.5,47.3,0,0,,,,,,
5520260601010011,wakayama,2026-06-01,11,◎2 ○7 △4 ×3 ▲6 注1,,,,,2,吉田 昌司  茨,城,28,111,A1,逃,3.92,93.85,◎,6,33.3,61.9,71.4,4,6,,,,,,
5520260601010011,wakayama,2026-06-01,11,◎2 ○7 △4 ×3 ▲6 注1,,,,,3,村上 翔馬  兵,庫,27,123,A1,逃,3.92,93.38,×,1,28.5,66.6,85.7,6,8,,,,,,
5520260601010011,wakayama,2026-06-01,11,◎2 ○7 △4 ×3 ▲6 注1,,,,,4,佐々木 省司  青,森,48,86,A1,追,3.92,91.95,△,4,16.6,50.0,66.6,0,0,,,,,,
5520260601010011,wakayama,2026-06-01,11,◎2 ○7 △4 ×3 ▲6 注1,,,,,5,伊藤 温希  岐,阜,26,121,A1,追,3.85,89.93,,0,6.6,40.0,60.0,0,1,,,,,,
5520260601010011,wakayama,2026-06-01,11,◎2 ○7 △4 ×3 ▲6 注1,,,,,6,石田 拓真  愛,知,24,119,A1,逃,3.92,89.25,▲,3,31.2,37.5,50.0,4,2,,,,,,
5520260601010011,wakayama,2026-06-01,11,◎2 ○7 △4 ×3 ▲6 注1,,,,,7,飯嶋 則之  栃,木,47,81,A1,追,3.92,90.9,○,5,9.5,28.5,42.8,0,0,,,,,,
5620260531020001,kishiwada,2026-05-31,1,◎1 ○5 ▲4 △3 ×2 注6,,,,,1,田中 会心  熊,本,25,123,A2,逃,3.92,85.85,◎,6,19.0,38.0,52.3,6,2,,,,,,
5620260531020001,kishiwada,2026-05-31,1,◎1 ○5 ▲4 △3 ×2 注6,,,,,2,愛敬 博之  愛,知,42,94,A1,追,3.93,85.61,×,1,0.0,19.0,33.3,0,0,,,,,,
5620260531020001,kishiwada,2026-05-31,1,◎1 ○5 ▲4 △3 ×2 注6,,,,,3,桜井 雄太  愛,知,34,100,A2,逃,3.92,83.21,△,4,25.0,39.2,53.5,5,4,,,,,,
5620260531020001,kishiwada,2026-05-31,1,◎1 ○5 ▲4 △3 ×2 注6,,,,,4,楢原 由将  福,岡,38,94,A2,両,3.92,82.23,▲,3,0.0,9.5,19.0,0,0,,,,,,
5620260531020001,kishiwada,2026-05-31,1,◎1 ○5 ▲4 △3 ×2 注6,,,,,5,藤田 剣次  福,岡,48,85,A2,追,3.92,81.2,○,5,4.1,12.5,33.3,0,0,,,,,,
5620260531020001,kishiwada,2026-05-31,1,◎1 ○5 ▲4 △3 ×2 注6,,,,,6,高橋 成英  愛,知,43,89,A1,両,3.92,78.47,注,2,4.7,19.0,19.0,2,0,,,,,,
5620260531020001,kishiwada,2026-05-31,1,◎1 ○5 ▲4 △3 ×2 注6,,,,,7,佐伯 辰哉  広,島,29,109,A2,両,3.92,77.72,,0,0.0,0.0,16.6,0,0,,,,,,
5620260531020002,kishiwada,2026-05-31,2,◎1 ○2 △4 注5 ×7 ▲3,,,,,1,魚屋 周成  大,分,35,99,A1,逃,3.93,85.33,◎,6,8.3,33.3,41.6,1,1,,,,,,
5620260531020002,kishiwada,2026-05-31,2,◎1 ○2 △4 注5 ×7 ▲3,,,,,2,中山 遼太郎  熊,本,23,121,A1,逃,3.92,82.17,○,5,5.8,17.6,35.2,1,2,,,,,,
5620260531020002,kishiwada,2026-05-31,2,◎1 ○2 △4 注5 ×7 ▲3,,,,,3,小林 史也,和歌山,40,107,A1,逃,3.92,81.94,×,1,5.0,20.0,25.0,4,0,,,,,,
5620260531020002,kishiwada,2026-05-31,2,◎1 ○2 △4 注5 ×7 ▲3,,,,,4,城戸崎 隆史  福,岡,53,76,A2,両,3.92,80.3,△,4,0.0,8.6,17.3,0,0,,,,,,
5620260531020002,kishiwada,2026-05-31,2,◎1 ○2 △4 注5 ×7 ▲3,,,,,5,秋山 貴宏  佐,賀,44,89,A2,両,3.92,80.13,注,2,6.6,13.3,26.6,0,1,,,,,,
5620260531020002,kishiwada,2026-05-31,2,◎1 ○2 △4 注5 ×7 ▲3,,,,,6,金田 健一郎  大,阪,59,60,A2,追,3.92,79.7,▲,3,0.0,4.1,25.0,0,0,,,,,,
5620260531020002,kishiwada,2026-05-31,2,◎1 ○2 △4 注5 ×7 ▲3,,,,,7,中山 敬太郎  熊,本,37,100,A2,追,3.93,75.78,,0,0.0,0.0,0.0,0,0,,,,,,
5620260531020003,kishiwada,2026-05-31,3,注5 ×1 ▲2 ○4 ◎7 △6,,,,,1,八尋 英輔  福,岡,46,89,A1,追,3.92,87.11,×,1,16.6,38.8,50.0,0,0,,,,,,
5620260531020003,kishiwada,2026-05-31,3,注5 ×1 ▲2 ○4 ◎7 △6,,,,,2,川野 正芳  大,分,49,80,A2,追,3.92,85.4,▲,3,8.3,33.3,33.3,0,0,,,,,,
5620260531020003,kishiwada,2026-05-31,3,注5 ×1 ▲2 ○4 ◎7 △6,,,,,3,川木 敬大  兵,庫,47,84,A1,追,3.92,82.66,,0,7.6,15.3,38.4,0,0,,,,,,
5620260531020003,kishiwada,2026-05-31,3,注5 ×1 ▲2 ○4 ◎7 △6,,,,,4,下岡 将也  三,重,29,111,A1,逃,3.92,82.45,○,5,22.7,27.2,27.2,1,4,,,,,,
5620260531020003,kishiwada,2026-05-31,3,注5 ×1 ▲2 ○4 ◎7 △6,,,,,5,北川 大成  熊,本,25,119,A2,逃,3.92,81.76,注,2,14.2,28.5,28.5,2,1,,,,,,
5620260531020003,kishiwada,2026-05-31,3,注5 ×1 ▲2 ○4 ◎7 △6,,,,,6,岡崎 祥伍  岐,阜,37,97,A2,追,3.92,81.0,△,4,25.0,25.0,25.0,0,0,,,,,,
5620260531020003,kishiwada,2026-05-31,3,注5 ×1 ▲2 ○4 ◎7 △6,,,,,7,森川 康輔  岐,阜,28,111,A1,両,3.92,80.66,◎,6,33.3,33.3,33.3,0,0,,,,,,
5620260531020004,kishiwada,2026-05-31,4,◎1 ○5 △6 注3 ×2 ▲4,,,,,1,梅澤 忠秀  三,重,24,125,A2,逃,3.85,90.94,◎,6,33.3,61.1,66.6,9,2,,,,,,
5620260531020004,kishiwada,2026-05-31,4,◎1 ○5 △6 注3 ×2 ▲4,,,,,2,松尾 玄太  佐,賀,40,93,A1,両,3.92,84.11,注,2,11.1,22.2,44.4,0,1,,,,,,
5620260531020004,kishiwada,2026-05-31,4,◎1 ○5 △6 注3 ×2 ▲4,,,,,3,藤野 貴章  佐,賀,37,97,A2,両,3.92,83.77,△,4,8.6,13.0,30.4,0,0,,,,,,
5620260531020004,kishiwada,2026-05-31,4,◎1 ○5 △6 注3 ×2 ▲4,,,,,4,眞砂 英作  香,川,31,121,A2,逃,3.92,83.68,×,1,5.2,31.5,47.3,3,1,,,,,,
5620260531020004,kishiwada,2026-05-31,4,◎1 ○5 △6 注3 ×2 ▲4,,,,,5,小西 誠也  三,重,49,80,A2,追,3.92,83.44,○,5,0.0,11.1,38.8,0,0,,,,,,
5620260531020004,kishiwada,2026-05-31,4,◎1 ○5 △6 注3 ×2 ▲4,,,,,6,佐野 洋継  京,都,38,97,A2,両,3.92,79.91,,0,4.1,8.3,16.6,0,0,,,,,,
5620260531020004,kishiwada,2026-05-31,4,◎1 ○5 △6 注3 ×2 ▲4,,,,,7,水本 博行  岡,山,50,78,A2,追,3.92,79.75,▲,3,0.0,0.0,0.0,0,0,,,,,,
5620260531020005,kishiwada,2026-05-31,5,△4 ×1 ▲6 ◎3 ○2 注7,,,,,1,伊藤 世哉  三,重,45,87,A1,追,3.92,91.55,×,1,16.6,33.3,44.4,0,0,,,,,,
5620260531020005,kishiwada,2026-05-31,5,△4 ×1 ▲6 ◎3 ○2 注7,,,,,2,三ツ石 康洋  徳,島,45,86,A1,両,3.92,90.89,○,5,10.5,26.3,47.3,0,0,,,,,,
5620260531020005,kishiwada,2026-05-31,5,△4 ×1 ▲6 ◎3 ○2 注7,,,,,3,野村 賢  山,口,22,125,A2,逃,3.92,89.66,◎,6,33.3,50.0,66.6,7,1,,,,,,
5620260531020005,kishiwada,2026-05-31,5,△4 ×1 ▲6 ◎3 ○2 注7,,,,,4,溝口 葵  三,重,33,117,A1,逃,3.93,88.41,△,4,12.5,29.1,50.0,6,1,,,,,,
5620260531020005,kishiwada,2026-05-31,5,△4 ×1 ▲6 ◎3 ○2 注7,,,,,5,玉手 翔  兵,庫,42,91,A2,追,3.92,87.62,注,2,18.5,29.6,62.9,0,0,,,,,,
5620260531020005,kishiwada,2026-05-31,5,△4 ×1 ▲6 ◎3 ○2 注7,,,,,6,山田 雅之  岐,阜,53,72,A1,追,3.92,85.38,▲,3,4.5,18.1,50.0,0,0,,,,,,
5620260531020005,kishiwada,2026-05-31,5,△4 ×1 ▲6 ◎3 ○2 注7,,,,,7,中村 泰輔,和歌山,33,117,A2,逃,3.92,82.37,,0,8.3,25.0,33.3,2,4,,,,,,
5620260531020006,kishiwada,2026-05-31,6,×1 △2 ▲3 注6 ◎4 ○7,,,,,1,松本 憲斗  熊,本,29,119,A1,逃,3.92,92.69,×,1,28.5,28.5,64.2,1,3,,,,,,
5620260531020006,kishiwada,2026-05-31,6,×1 △2 ▲3 注6 ◎4 ○7,,,,,2,名川 豊  福,岡,35,99,A1,追,3.92,90.33,△,4,19.0,42.8,66.6,0,0,,,,,,
5620260531020006,kishiwada,2026-05-31,6,×1 △2 ▲3 注6 ◎4 ○7,,,,,3,紫原 政文  福,岡,58,61,A1,追,3.92,88.14,▲,3,0.0,28.5,52.3,0,0,,,,,,
5620260531020006,kishiwada,2026-05-31,6,×1 △2 ▲3 注6 ◎4 ○7,,,,,4,片山 弘城  大,阪,50,75,A1,追,3.93,87.86,注,2,17.3,26.0,52.1,0,0,,,,,,
5620260531020006,kishiwada,2026-05-31,6,×1 △2 ▲3 注6 ◎4 ○7,,,,,5,大瀬戸 潤一郎  広,島,44,95,A1,追,3.92,86.15,○,5,10.0,30.0,50.0,0,0,,,,,,
5620260531020006,kishiwada,2026-05-31,6,×1 △2 ▲3 注6 ◎4 ○7,,,,,6,中武 三四郎  大,阪,33,113,A1,逃,3.92,83.63,,0,21.0,31.5,47.3,3,2,,,,,,
5620260531020006,kishiwada,2026-05-31,6,×1 △2 ▲3 注6 ◎4 ○7,,,,,7,吉野 太晟  岡,山,24,127,A2,逃,3.92,79.38,◎,6,85.7,95.2,95.2,17,3,,,,,,
5620260531020007,kishiwada,2026-05-31,7,◎1 ○3 注5 △6 ×4 ▲2,,,,,1,西岡 利起  奈,良,25,125,A2,逃,3.93,92.91,◎,6,50.0,75.0,87.5,13,3,,,,,,
5620260531020007,kishiwada,2026-05-31,7,◎1 ○3 注5 △6 ×4 ▲2,,,,,2,中村 良二  福,岡,51,81,A1,追,3.92,91.36,×,1,15.0,30.0,55.0,0,0,,,,,,
5620260531020007,kishiwada,2026-05-31,7,◎1 ○3 注5 △6 ×4 ▲2,,,,,3,内山 貴裕  京,都,38,95,A1,追,3.92,88.95,○,5,30.0,45.0,65.0,1,0,,,,,,
5620260531020007,kishiwada,2026-05-31,7,◎1 ○3 注5 △6 ×4 ▲2,,,,,4,鶴 淳志  福,岡,26,127,A2,逃,3.92,87.0,△,4,23.8,33.3,57.1,3,3,,,,,,
5620260531020007,kishiwada,2026-05-31,7,◎1 ○3 注5 △6 ×4 ▲2,,,,,5,真田 晃  兵,庫,47,86,A1,追,3.92,85.07,注,2,3.7,22.2,44.4,0,0,,,,,,
5620260531020007,kishiwada,2026-05-31,7,◎1 ○3 注5 △6 ×4 ▲2,,,,,6,永井 清史  岐,阜,43,88,A2,両,3.93,82.22,,0,5.5,11.1,33.3,0,1,,,,,,
5620260531020007,kishiwada,2026-05-31,7,◎1 ○3 注5 △6 ×4 ▲2,,,,,7,平 総一  熊,本,54,76,A2,追,3.92,82.21,▲,3,5.2,15.7,26.3,0,0,,,,,,
7420260531020001,kochi,2026-05-31,1,○2 ×3 ◎1 △7 ▲4 注5,,,,,1,太田 りゆ  埼,玉,31,112,L1,逃,3.79,57.45,◎,6,81.8,95.4,95.4,1,17,,,,,,
7420260531020001,kochi,2026-05-31,1,○2 ×3 ◎1 △7 ▲4 注5,,,,,2,五味田 奈穂  千,葉,28,124,L1,逃,3.71,53.47,○,5,19.0,38.0,61.9,3,4,,,,,,
7420260531020001,kochi,2026-05-31,1,○2 ×3 ◎1 △7 ▲4 注5,,,,,3,林 真奈美  福,岡,40,110,L1,両,3.77,51.85,×,1,4.7,28.5,57.1,0,0,,,,,,
7420260531020001,kochi,2026-05-31,1,○2 ×3 ◎1 △7 ▲4 注5,,,,,4,野寺 楓  静,岡,27,122,L1,追,3.79,51.0,△,4,0.0,10.5,36.8,0,0,,,,,,
7420260531020001,kochi,2026-05-31,1,○2 ×3 ◎1 △7 ▲4 注5,,,,,5,野口 諭実可  大,分,33,102,L1,両,3.77,49.0,▲,3,4.3,21.7,30.4,0,0,,,,,,
7420260531020001,kochi,2026-05-31,1,○2 ×3 ◎1 △7 ▲4 注5,,,,,6,高本 美穂  熊,本,23,124,L1,追,3.77,47.79,注,2,6.8,6.8,13.7,0,1,,,,,,
7420260531020001,kochi,2026-05-31,1,○2 ×3 ◎1 △7 ▲4 注5,,,,,7,中西 叶美  愛,知,29,112,L1,両,3.77,44.16,,0,0.0,5.5,5.5,0,0,,,,,,
7420260531020002,kochi,2026-05-31,2,注5 ◎1 ○2 ×3 △4 ▲6,,,,,1,山原 さくら  山,口,33,104,L1,両,3.77,57.52,◎,6,80.9,90.4,95.2,7,9,,,,,,
7420260531020002,kochi,2026-05-31,2,注5 ◎1 ○2 ×3 △4 ▲6,,,,,2,宇野 紅音  岐,阜,22,124,L1,両,3.77,51.87,○,5,4.1,16.6,66.6,0,3,,,,,,
7420260531020002,kochi,2026-05-31,2,注5 ◎1 ○2 ×3 △4 ▲6,,,,,3,中村 由香里  東,京,45,102,L1,追,3.79,51.8,×,1,9.5,19.0,52.3,0,0,,,,,,
7420260531020002,kochi,2026-05-31,2,注5 ◎1 ○2 ×3 △4 ▲6,,,,,4,小泉 夢菜  埼,玉,27,122,L1,追,3.77,51.14,△,4,3.7,25.9,48.1,0,0,,,,,,
7420260531020002,kochi,2026-05-31,2,注5 ◎1 ○2 ×3 △4 ▲6,,,,,5,田野口 佳奈  香,川,21,126,L1,両,3.77,47.5,注,2,0.0,10.0,10.0,0,1,,,,,,
7420260531020002,kochi,2026-05-31,2,注5 ◎1 ○2 ×3 △4 ▲6,,,,,6,布居 光,和歌山,26,118,L1,両,3.77,47.14,▲,3,0.0,9.5,19.0,0,0,,,,,,
7420260531020002,kochi,2026-05-31,2,注5 ◎1 ○2 ×3 △4 ▲6,,,,,7,保立 沙織,神奈川,42,118,L1,両,3.77,45.5,,0,0.0,0.0,0.0,0,0,,,,,,
7420260531020003,kochi,2026-05-31,3,◎1 ○4 △6 ×2 注7,,,,,1,中野 真吾  佐,賀,39,111,A3,逃,3.92,72.88,◎,6,36.0,52.0,56.0,3,9,,,,,,
7420260531020003,kochi,2026-05-31,3,◎1 ○4 △6 ×2 注7,,,,,2,鈴木 規純  福,島,51,75,A3,追,3.92,69.2,×,1,4.0,20.0,28.0,0,0,,,,,,
7420260531020003,kochi,2026-05-31,3,◎1 ○4 △6 ×2 注7,,,,,3,沖本 尚織  広,島,47,87,A3,追,3.92,68.83,,0,0.0,16.6,50.0,0,0,,,,,,
7420260531020003,kochi,2026-05-31,3,◎1 ○4 △6 ×2 注7,,,,,4,富永 昌久  佐,賀,45,88,A3,追,3.92,68.72,○,5,4.3,4.3,34.7,0,0,,,,,,
7420260531020003,kochi,2026-05-31,3,◎1 ○4 △6 ×2 注7,,,,,5,太田 良政  岡,山,52,74,A3,追,3.92,67.88,,0,0.0,22.2,33.3,0,0,,,,,,
7420260531020003,kochi,2026-05-31,3,◎1 ○4 △6 ×2 注7,,,,,6,松尾 正人  熊,本,55,66,A3,追,3.92,65.77,△,4,0.0,3.1,18.7,0,0,,,,,,
7420260531020003,kochi,2026-05-31,3,◎1 ○4 △6 ×2 注7,,,,,7,藤原 義晴  岩,手,45,88,A3,追,3.92,64.07,注,2,0.0,7.4,11.1,0,0,,,,,,
7420260531020004,kochi,2026-05-31,4,◎3 ○2 ×4 △5 注6 ▲7,,,,,1,茂木 和臣  埼,玉,57,63,A3,追,3.92,73.04,,0,9.5,33.3,61.9,0,0,,,,,,
7420260531020004,kochi,2026-05-31,4,◎3 ○2 ×4 △5 注6 ▲7,,,,,2,水木 裕聡  高,知,43,96,A3,追,3.92,68.91,○,5,12.5,16.6,37.5,0,0,,,,,,
7420260531020004,kochi,2026-05-31,4,◎3 ○2 ×4 △5 注6 ▲7,,,,,3,柏野 健吾  岡,山,23,127,A3,逃,3.92,67.5,◎,6,4.5,22.7,22.7,4,1,,,,,,
7420260531020004,kochi,2026-05-31,4,◎3 ○2 ×4 △5 注6 ▲7,,,,,4,赤松 誠一  高,知,58,61,A3,追,3.93,65.86,×,1,4.3,13.0,26.0,0,0,,,,,,
7420260531020004,kochi,2026-05-31,4,◎3 ○2 ×4 △5 注6 ▲7,,,,,5,澤亀 浩司  福,岡,58,60,A3,追,3.92,65.7,△,4,0.0,3.7,22.2,0,0,,,,,,
7420260531020004,kochi,2026-05-31,4,◎3 ○2 ×4 △5 注6 ▲7,,,,,6,東 隆之  宮,崎,38,100,A3,追,3.92,65.59,注,2,0.0,0.0,16.6,0,0,,,,,,
7420260531020004,kochi,2026-05-31,4,◎3 ○2 ×4 △5 注6 ▲7,,,,,7,屋宜 浩二  沖,縄,40,97,A3,追,3.92,62.61,▲,3,0.0,0.0,9.5,0,0,,,,,,
7420260531020005,kochi,2026-05-31,5,◎2 ○1 注7 ▲5 △6 ×4,,,,,1,山原 利秀  高,知,57,63,A3,追,3.92,72.0,○,5,0.0,22.2,44.4,0,0,,,,,,
7420260531020005,kochi,2026-05-31,5,◎2 ○1 注7 ▲5 △6 ×4,,,,,2,右近 陸人  山,口,26,127,A3,逃,3.85,71.29,◎,6,11.1,25.9,40.7,6,0,,,,,,
7420260531020005,kochi,2026-05-31,5,◎2 ○1 注7 ▲5 △6 ×4,,,,,3,田崎 良太郎  福,島,46,87,A3,追,3.92,70.61,×,1,5.0,45.0,50.0,0,0,,,,,,
7420260531020005,kochi,2026-05-31,5,◎2 ○1 注7 ▲5 △6 ×4,,,,,4,米倉 剛志  千,葉,43,89,A3,逃,3.85,70.0,△,4,17.6,23.5,52.9,3,1,,,,,,
7420260531020005,kochi,2026-05-31,5,◎2 ○1 注7 ▲5 △6 ×4,,,,,5,廣川 貞治  東,京,58,61,A3,追,3.93,69.2,注,2,4.1,12.5,37.5,0,0,,,,,,
7420260531020005,kochi,2026-05-31,5,◎2 ○1 注7 ▲5 △6 ×4,,,,,6,松丸 裕紀  福,岡,45,86,A3,追,3.92,67.23,▲,3,0.0,13.6,27.2,0,0,,,,,,
7420260531020005,kochi,2026-05-31,5,◎2 ○1 注7 ▲5 △6 ×4,,,,,7,岡田 雅也  高,知,46,88,A3,追,3.92,65.76,,0,0.0,17.6,23.5,1,0,,,,,,
7420260531020006,kochi,2026-05-31,6,◎1 ○2 注5 ×7 △3 ▲4,,,,,1,畑崎 大輝  青,森,24,127,A3,逃,3.92,77.78,◎,6,66.6,75.0,83.3,14,4,,,,,,
7420260531020006,kochi,2026-05-31,6,◎1 ○2 注5 ×7 △3 ▲4,,,,,2,湯浅 弘光  千,葉,53,74,A3,追,3.92,72.45,○,5,20.8,29.1,45.8,0,0,,,,,,
7420260531020006,kochi,2026-05-31,6,◎1 ○2 注5 ×7 △3 ▲4,,,,,3,野見 泰要  岡,山,44,101,A3,逃,3.93,71.52,×,1,34.2,44.7,60.5,13,3,,,,,,
7420260531020006,kochi,2026-05-31,6,◎1 ○2 注5 ×7 △3 ▲4,,,,,4,眞鍋 伸也  香,川,45,85,A3,追,3.92,71.51,△,4,14.8,25.9,51.8,0,1,,,,,,
7420260531020006,kochi,2026-05-31,6,◎1 ○2 注5 ×7 △3 ▲4,,,,,5,深井 高志  東,京,57,63,A3,追,3.92,70.23,注,2,14.2,33.3,47.6,0,0,,,,,,
7420260531020006,kochi,2026-05-31,6,◎1 ○2 注5 ×7 △3 ▲4,,,,,6,佐々木 英之  香,川,51,78,A3,追,3.86,69.18,▲,3,0.0,18.1,36.3,0,0,,,,,,
7420260531020006,kochi,2026-05-31,6,◎1 ○2 注5 ×7 △3 ▲4,,,,,7,飯田 威文  埼,玉,54,67,A3,追,3.92,68.75,,0,4.1,16.6,41.6,0,0,,,,,,
7420260531020007,kochi,2026-05-31,7,◎1 ○4 △7 ×3 注2 ▲5,,,,,1,木村 優駿  埼,玉,20,127,A3,逃,3.77,78.04,◎,6,58.3,79.1,83.3,18,0,,,,,,
7420260531020007,kochi,2026-05-31,7,◎1 ○4 △7 ×3 注2 ▲5,,,,,2,足達 重満  長,崎,50,80,A3,追,3.92,75.76,×,1,47.6,66.6,76.1,0,0,,,,,,
7420260531020007,kochi,2026-05-31,7,◎1 ○4 △7 ×3 注2 ▲5,,,,,3,高鍋 邦彰  福,岡,39,95,A3,両,3.92,73.5,△,4,26.6,50.0,60.0,7,3,,,,,,
7420260531020007,kochi,2026-05-31,7,◎1 ○4 △7 ×3 注2 ▲5,,,,,4,渡辺 馨,神奈川,42,96,A3,両,3.92,72.77,○,5,10.5,26.3,36.8,0,0,,,,,,
7420260531020007,kochi,2026-05-31,7,◎1 ○4 △7 ×3 注2 ▲5,,,,,5,土居 佑次  高,知,28,113,A3,逃,3.92,71.73,注,2,20.0,26.6,40.0,1,3,,,,,,
7420260531020007,kochi,2026-05-31,7,◎1 ○4 △7 ×3 注2 ▲5,,,,,6,行成 大祐  香,川,50,80,A3,追,3.85,70.93,▲,3,0.0,0.0,46.6,0,0,,,,,,
7420260531020007,kochi,2026-05-31,7,◎1 ○4 △7 ×3 注2 ▲5,,,,,7,甲斐下 智  広,島,57,64,A3,追,3.92,66.0,,0,3.3,6.6,26.6,0,0,,,,,,
8620260601010001,beppu,2026-06-01,1,◎2 ○5 ▲4 ×1 △7 注3,5-2  150円(1),5-2-4  260円(1),2=4=5  150円(1),2=4  150円(2)  2=5  100円(1)  4=5  150円(3) / 2=4  150円(2)  2=5  100円(1)  4=5  150円(3),1,等々力 久就  長,野,35,98,A3,逃,3.92,69.96,×,1,14.8,33.3,40.7,3,3,6,12.6,,１車輪,,
8620260601010001,beppu,2026-06-01,1,◎2 ○5 ▲4 ×1 △7 注3,5-2  150円(1),5-2-4  260円(1),2=4=5  150円(1),2=4  150円(2)  2=5  100円(1)  4=5  150円(3) / 2=4  150円(2)  2=5  100円(1)  4=5  150円(3),2,利川 寛太  山,口,27,127,A3,逃,3.92,75.36,◎,6,40.0,68.0,68.0,13,4,2,12.9,逃,３/４車身,,
8620260601010001,beppu,2026-06-01,1,◎2 ○5 ▲4 ×1 △7 注3,5-2  150円(1),5-2-4  260円(1),2=4=5  150円(1),2=4  150円(2)  2=5  100円(1)  4=5  150円(3) / 2=4  150円(2)  2=5  100円(1)  4=5  150円(3),3,桂馬 将人  福,島,44,89,A3,両,3.92,69.95,注,2,9.5,28.5,42.8,0,1,4,12.7,,３/４車輪,,
8620260601010001,beppu,2026-06-01,1,◎2 ○5 ▲4 ×1 △7 注3,5-2  150円(1),5-2-4  260円(1),2=4=5  150円(1),2=4  150円(2)  2=5  100円(1)  4=5  150円(3) / 2=4  150円(2)  2=5  100円(1)  4=5  150円(3),4,山田 圭二  愛,知,54,70,A3,追,3.85,69.14,▲,3,9.5,23.8,52.3,0,0,3,12.7,,１/４車輪,,
8620260601010001,beppu,2026-06-01,1,◎2 ○5 ▲4 ×1 △7 注3,5-2  150円(1),5-2-4  260円(1),2=4=5  150円(1),2=4  150円(2)  2=5  100円(1)  4=5  150円(3) / 2=4  150円(2)  2=5  100円(1)  4=5  150円(3),5,高嶋 一朗  岡,山,58,62,A3,追,3.86,75.06,○,5,36.6,53.3,63.3,0,0,1,12.7,差,,,
8620260601010001,beppu,2026-06-01,1,◎2 ○5 ▲4 ×1 △7 注3,5-2  150円(1),5-2-4  260円(1),2=4=5  150円(1),2=4  150円(2)  2=5  100円(1)  4=5  150円(3) / 2=4  150円(2)  2=5  100円(1)  4=5  150円(3),6,長田 彰人  宮,城,40,95,A3,追,3.85,66.28,,0,0.0,4.7,23.8,0,0,5,12.5,,１車輪,,
8620260601010001,beppu,2026-06-01,1,◎2 ○5 ▲4 ×1 △7 注3,5-2  150円(1),5-2-4  260円(1),2=4=5  150円(1),2=4  150円(2)  2=5  100円(1)  4=5  150円(3) / 2=4  150円(2)  2=5  100円(1)  4=5  150円(3),7,藤田 和彦,神奈川,56,63,A3,追,3.85,69.29,△,4,4.1,8.3,29.1,0,0,7,12.7,,１車身１/２,,
8620260601010002,beppu,2026-06-01,2,△4 ×1 ▲6 ◎5 ○3 注7,5-3  180円(1),5-3-7  440円(1),3=5=7  280円(2),3=5  100円(1)  3=7  300円(6)  5=7  200円(3) / 3=5  100円(1)  3=7  300円(6)  5=7  200円(3),1,興呂木 雄治  熊,本,36,96,A3,両,3.92,74.66,×,1,14.8,51.8,66.6,0,2,4,11.9,,１/２車身,,
8620260601010002,beppu,2026-06-01,2,△4 ×1 ▲6 ◎5 ○3 注7,5-3  180円(1),5-3-7  440円(1),3=5=7  280円(2),3=5  100円(1)  3=7  300円(6)  5=7  200円(3) / 3=5  100円(1)  3=7  300円(6)  5=7  200円(3),2,武市 和人  高,知,52,74,A3,追,3.79,67.58,,0,16.6,16.6,33.3,0,0,7,,,大差,,
8620260601010002,beppu,2026-06-01,2,△4 ×1 ▲6 ◎5 ○3 注7,5-3  180円(1),5-3-7  440円(1),3=5=7  280円(2),3=5  100円(1)  3=7  300円(6)  5=7  200円(3) / 3=5  100円(1)  3=7  300円(6)  5=7  200円(3),3,松根 真  東,京,45,90,A3,追,3.92,72.2,○,5,12.5,37.5,45.8,0,0,2,12.2,ク,３/４車身,,
8620260601010002,beppu,2026-06-01,2,△4 ×1 ▲6 ◎5 ○3 注7,5-3  180円(1),5-3-7  440円(1),3=5=7  280円(2),3=5  100円(1)  3=7  300円(6)  5=7  200円(3) / 3=5  100円(1)  3=7  300円(6)  5=7  200円(3),4,篠田 樹  大,分,29,113,A3,逃,3.92,69.5,△,4,12.5,41.6,58.3,7,1,5,12.2,,１車身１/２,,
8620260601010002,beppu,2026-06-01,2,△4 ×1 ▲6 ◎5 ○3 注7,5-3  180円(1),5-3-7  440円(1),3=5=7  280円(2),3=5  100円(1)  3=7  300円(6)  5=7  200円(3) / 3=5  100円(1)  3=7  300円(6)  5=7  200円(3),5,三浦 生誠  岩,手,24,127,A3,逃,3.92,75.19,◎,6,40.9,54.5,63.6,10,2,1,12.3,逃,,,
8620260601010002,beppu,2026-06-01,2,△4 ×1 ▲6 ◎5 ○3 注7,5-3  180円(1),5-3-7  440円(1),3=5=7  280円(2),3=5  100円(1)  3=7  300円(6)  5=7  200円(3) / 3=5  100円(1)  3=7  300円(6)  5=7  200円(3),6,赤星 俊光  熊,本,47,86,A3,追,3.92,66.44,▲,3,0.0,9.0,18.1,0,0,6,12.2,,２車身,,
8620260601010002,beppu,2026-06-01,2,△4 ×1 ▲6 ◎5 ○3 注7,5-3  180円(1),5-3-7  440円(1),3=5=7  280円(2),3=5  100円(1)  3=7  300円(6)  5=7  200円(3) / 3=5  100円(1)  3=7  300円(6)  5=7  200円(3),7,竹村 達也  高,知,35,99,A3,両,3.92,66.7,注,2,5.8,17.6,17.6,3,0,3,12.2,,１車身,,
8620260601010003,beppu,2026-06-01,3,×3 △5 ◎1 ○7 注4 ▲2,"4-7  1,100円(5)","4-7-2  1,480円(4)",2=4=7  180円(1),2=4  230円(6)  2=7  170円(3)  4=7  100円(1) / 2=4  230円(6)  2=7  170円(3)  4=7  100円(1),1,植田 誠  静,岡,58,61,A3,追,3.92,67.22,,0,0.0,9.0,22.7,0,0,4,12.6,,１車身,,
8620260601010003,beppu,2026-06-01,3,×3 △5 ◎1 ○7 注4 ▲2,"4-7  1,100円(5)","4-7-2  1,480円(4)",2=4=7  180円(1),2=4  230円(6)  2=7  170円(3)  4=7  100円(1) / 2=4  230円(6)  2=7  170円(3)  4=7  100円(1),2,伊狩 知人  奈,良,48,85,A3,追,3.86,70.0,注,2,0.0,26.6,46.6,0,0,3,12.5,,１車輪,,
8620260601010003,beppu,2026-06-01,3,×3 △5 ◎1 ○7 注4 ▲2,"4-7  1,100円(5)","4-7-2  1,480円(4)",2=4=7  180円(1),2=4  230円(6)  2=7  170円(3)  4=7  100円(1) / 2=4  230円(6)  2=7  170円(3)  4=7  100円(1),3,菅原 洋輔  岩,手,44,98,A3,両,3.92,69.18,×,1,7.4,25.9,48.1,3,3,7,13.4,,５車身,,
8620260601010003,beppu,2026-06-01,3,×3 △5 ◎1 ○7 注4 ▲2,"4-7  1,100円(5)","4-7-2  1,480円(4)",2=4=7  180円(1),2=4  230円(6)  2=7  170円(3)  4=7  100円(1) / 2=4  230円(6)  2=7  170円(3)  4=7  100円(1),4,西郷 剛  兵,庫,57,69,A3,追,3.92,70.76,○,5,4.7,28.5,47.6,0,1,1,12.6,差,,,
8620260601010003,beppu,2026-06-01,3,×3 △5 ◎1 ○7 注4 ▲2,"4-7  1,100円(5)","4-7-2  1,480円(4)",2=4=7  180円(1),2=4  230円(6)  2=7  170円(3)  4=7  100円(1) / 2=4  230円(6)  2=7  170円(3)  4=7  100円(1),5,橋本 祐司  青,森,41,95,A3,追,3.86,66.28,△,4,14.2,28.5,38.0,0,0,5,12.7,,１車輪,,
8620260601010003,beppu,2026-06-01,3,×3 △5 ◎1 ○7 注4 ▲2,"4-7  1,100円(5)","4-7-2  1,480円(4)",2=4=7  180円(1),2=4  230円(6)  2=7  170円(3)  4=7  100円(1) / 2=4  230円(6)  2=7  170円(3)  4=7  100円(1),6,山内 大作  静,岡,50,75,A3,追,3.85,65.13,▲,3,0.0,0.0,3.3,0,0,6,12.7,,１/２車身,,
8620260601010003,beppu,2026-06-01,3,×3 △5 ◎1 ○7 注4 ▲2,"4-7  1,100円(5)","4-7-2  1,480円(4)",2=4=7  180円(1),2=4  230円(6)  2=7  170円(3)  4=7  100円(1) / 2=4  230円(6)  2=7  170円(3)  4=7  100円(1),7,加藤 駿  愛,知,28,127,A3,逃,3.92,76.33,◎,6,33.3,58.3,83.3,9,3,2,12.8,逃,１/２車輪,,
8620260601010004,beppu,2026-06-01,4,×1 △4 ▲7 ◎5 ○3 注2,5-2  750円(3),5-2-3  640円(2),2=3=5  100円(1),2=3  110円(3)  2=5  100円(2)  3=5  100円(1) / 2=3  110円(3)  2=5  100円(2)  3=5  100円(1),1,永田 隼一  福,岡,45,95,A3,逃,3.92,69.15,×,1,21.8,31.2,40.6,4,3,4,12.4,,２車身,,
8620260601010004,beppu,2026-06-01,4,×1 △4 ▲7 ◎5 ○3 注2,5-2  750円(3),5-2-3  640円(2),2=3=5  100円(1),2=3  110円(3)  2=5  100円(2)  3=5  100円(1) / 2=3  110円(3)  2=5  100円(2)  3=5  100円(1),2,伊藤 之人  東,京,43,90,A3,両,3.93,72.4,注,2,7.4,29.6,48.1,0,0,2,12.4,差,１車輪,,
8620260601010004,beppu,2026-06-01,4,×1 △4 ▲7 ◎5 ○3 注2,5-2  750円(3),5-2-3  640円(2),2=3=5  100円(1),2=3  110円(3)  2=5  100円(2)  3=5  100円(1) / 2=3  110円(3)  2=5  100円(2)  3=5  100円(1),3,亀谷 隆一,神奈川,39,92,A3,追,3.92,72.61,○,5,4.7,28.5,57.1,0,0,3,12.5,,１/８車輪,,
8620260601010004,beppu,2026-06-01,4,×1 △4 ▲7 ◎5 ○3 注2,5-2  750円(3),5-2-3  640円(2),2=3=5  100円(1),2=3  110円(3)  2=5  100円(2)  3=5  100円(1) / 2=3  110円(3)  2=5  100円(2)  3=5  100円(1),4,仙石 淳  沖,縄,53,73,A3,追,3.85,69.4,△,4,14.8,29.6,37.0,0,0,6,12.5,,１/８車輪,,
8620260601010004,beppu,2026-06-01,4,×1 △4 ▲7 ◎5 ○3 注2,5-2  750円(3),5-2-3  640円(2),2=3=5  100円(1),2=3  110円(3)  2=5  100円(2)  3=5  100円(1) / 2=3  110円(3)  2=5  100円(2)  3=5  100円(1),5,大本 隆也,神奈川,27,127,A3,逃,3.92,76.33,◎,6,41.6,58.3,75.0,11,3,1,12.6,逃,,,
8620260601010004,beppu,2026-06-01,4,×1 △4 ▲7 ◎5 ○3 注2,5-2  750円(3),5-2-3  640円(2),2=3=5  100円(1),2=3  110円(3)  2=5  100円(2)  3=5  100円(1) / 2=3  110円(3)  2=5  100円(2)  3=5  100円(1),6,白木 正彦  宮,城,50,84,A3,追,3.85,66.91,,0,0.0,8.3,16.6,0,0,欠,,,,,
8620260601010004,beppu,2026-06-01,4,×1 △4 ▲7 ◎5 ○3 注2,5-2  750円(3),5-2-3  640円(2),2=3=5  100円(1),2=3  110円(3)  2=5  100円(2)  3=5  100円(1) / 2=3  110円(3)  2=5  100円(2)  3=5  100円(1),7,川添 輝彦  沖,縄,61,56,A3,追,3.92,67.54,▲,3,4.1,8.3,29.1,0,0,5,12.4,,１車身１/２,,
8620260601010005,beppu,2026-06-01,5,△4 ×5 注1 ◎3 ○2 ▲7,"2-5  1,880円(7)","2-5-7  10,160円(22)","2=5=7  4,100円(7)","2=5  410円(2)  2=7  710円(4)  5=7  3,850円(10) / 2=5  410円(2)  2=7  710円(4)  5=7  3,850円(10)",1,藤原 義浩  徳,島,53,76,A3,追,3.92,66.64,注,2,5.8,11.7,35.2,0,0,6,12.7,,４車身,,
8620260601010005,beppu,2026-06-01,5,△4 ×5 注1 ◎3 ○2 ▲7,"2-5  1,880円(7)","2-5-7  10,160円(22)","2=5=7  4,100円(7)","2=5  410円(2)  2=7  710円(4)  5=7  3,850円(10) / 2=5  410円(2)  2=7  710円(4)  5=7  3,850円(10)",2,安谷屋 将志  沖,縄,37,96,A3,両,3.93,75.08,○,5,40.0,52.0,68.0,0,0,1,12.2,差,,,
8620260601010005,beppu,2026-06-01,5,△4 ×5 注1 ◎3 ○2 ▲7,"2-5  1,880円(7)","2-5-7  10,160円(22)","2=5=7  4,100円(7)","2=5  410円(2)  2=7  710円(4)  5=7  3,850円(10) / 2=5  410円(2)  2=7  710円(4)  5=7  3,850円(10)",3,與古田 龍門  沖,縄,24,125,A3,逃,3.92,78.0,◎,6,50.0,66.6,83.3,2,0,5,12.6,,３/４車輪,,
8620260601010005,beppu,2026-06-01,5,△4 ×5 注1 ◎3 ○2 ▲7,"2-5  1,880円(7)","2-5-7  10,160円(22)","2=5=7  4,100円(7)","2=5  410円(2)  2=7  710円(4)  5=7  3,850円(10) / 2=5  410円(2)  2=7  710円(4)  5=7  3,850円(10)",4,友永 龍介  山,口,35,101,A3,逃,3.92,70.25,△,4,3.7,40.7,48.1,7,3,4,12.8,,１/８車輪,,
8620260601010005,beppu,2026-06-01,5,△4 ×5 注1 ◎3 ○2 ▲7,"2-5  1,880円(7)","2-5-7  10,160円(22)","2=5=7  4,100円(7)","2=5  410円(2)  2=7  710円(4)  5=7  3,850円(10) / 2=5  410円(2)  2=7  710円(4)  5=7  3,850円(10)",5,宮崎 一彰  高,知,51,99,A3,両,3.92,74.33,×,1,33.3,46.6,73.3,0,1,2,12.4,差,１/２車身,,
8620260601010005,beppu,2026-06-01,5,△4 ×5 注1 ◎3 ○2 ▲7,"2-5  1,880円(7)","2-5-7  10,160円(22)","2=5=7  4,100円(7)","2=5  410円(2)  2=7  710円(4)  5=7  3,850円(10) / 2=5  410円(2)  2=7  710円(4)  5=7  3,850円(10)",6,鈴木 龍之介  栃,木,48,81,A3,追,3.92,61.3,,0,0.0,0.0,0.0,0,0,7,,,大差,,
8620260601010005,beppu,2026-06-01,5,△4 ×5 注1 ◎3 ○2 ▲7,"2-5  1,880円(7)","2-5-7  10,160円(22)","2=5=7  4,100円(7)","2=5  410円(2)  2=7  710円(4)  5=7  3,850円(10) / 2=5  410円(2)  2=7  710円(4)  5=7  3,850円(10)",7,高尾 剛文  福,岡,56,66,A3,追,3.92,69.33,▲,3,0.0,12.5,37.5,0,1,3,12.3,,１車身１/２,,
8620260601010006,beppu,2026-06-01,6,◎2 ○7 ▲3 ×4 △1 注5,4-1  450円(2),4-1-5  860円(1),1=4=5  680円(3),1=4  200円(3)  1=5  510円(7)  4=5  430円(6) / 1=4  200円(3)  1=5  510円(7)  4=5  430円(6),1,西川 弘資  三,重,57,66,A3,追,3.92,71.66,△,4,0.0,25.0,25.0,0,0,2,11.8,ク,１/２車身,,
8620260601010006,beppu,2026-06-01,6,◎2 ○7 ▲3 ×4 △1 注5,4-1  450円(2),4-1-5  860円(1),1=4=5  680円(3),1=4  200円(3)  1=5  510円(7)  4=5  430円(6) / 1=4  200円(3)  1=5  510円(7)  4=5  430円(6),2,十文字 悠真  福,島,24,127,A3,逃,3.92,74.26,◎,6,33.3,46.6,66.6,1,5,5,11.9,,３/４車輪,,
8620260601010006,beppu,2026-06-01,6,◎2 ○7 ▲3 ×4 △1 注5,4-1  450円(2),4-1-5  860円(1),1=4=5  680円(3),1=4  200円(3)  1=5  510円(7)  4=5  430円(6) / 1=4  200円(3)  1=5  510円(7)  4=5  430円(6),3,石川 一浩  静,岡,59,57,A3,追,3.92,67.92,▲,3,3.7,7.4,25.9,0,0,7,11.6,,３車身,,
8620260601010006,beppu,2026-06-01,6,◎2 ○7 ▲3 ×4 △1 注5,4-1  450円(2),4-1-5  860円(1),1=4=5  680円(3),1=4  200円(3)  1=5  510円(7)  4=5  430円(6) / 1=4  200円(3)  1=5  510円(7)  4=5  430円(6),4,後藤 祐貴  兵,庫,36,103,A3,逃,3.92,78.77,×,1,44.4,88.8,100.0,2,4,1,11.9,逃,,,
8620260601010006,beppu,2026-06-01,6,◎2 ○7 ▲3 ×4 △1 注5,4-1  450円(2),4-1-5  860円(1),1=4=5  680円(3),1=4  200円(3)  1=5  510円(7)  4=5  430円(6) / 1=4  200円(3)  1=5  510円(7)  4=5  430円(6),5,太田 雅之  三,重,48,86,A3,追,3.92,71.04,,0,8.3,29.1,37.5,0,0,3,11.8,,３/４車身,,
8620260601010006,beppu,2026-06-01,6,◎2 ○7 ▲3 ×4 △1 注5,4-1  450円(2),4-1-5  860円(1),1=4=5  680円(3),1=4  200円(3)  1=5  510円(7)  4=5  430円(6) / 1=4  200円(3)  1=5  510円(7)  4=5  430円(6),6,前島 恭平  長,野,37,98,A3,逃,3.92,67.6,注,2,8.6,17.3,26.0,3,1,4,11.8,,１車身１/２,,
8620260601010006,beppu,2026-06-01,6,◎2 ○7 ▲3 ×4 △1 注5,4-1  450円(2),4-1-5  860円(1),1=4=5  680円(3),1=4  200円(3)  1=5  510円(7)  4=5  430円(6) / 1=4  200円(3)  1=5  510円(7)  4=5  430円(6),7,榊枝 輝文  福,島,49,79,A3,追,3.93,70.66,○,5,11.1,44.4,51.8,0,2,6,11.6,,１/４車輪,,
8620260601010007,beppu,2026-06-01,7,◎7 ○1 ▲4 ×5 △2 注6,7-1  140円(1),7-1-4  210円(1),1=4=7  160円(1),1=4  130円(2)  1=7  100円(1)  4=7  150円(3) / 1=4  130円(2)  1=7  100円(1)  4=7  150円(3),1,加藤 大輔  大,分,46,87,A3,追,3.93,71.79,○,5,4.1,33.3,54.1,0,0,2,12.2,ク,３/４車身,,
8620260601010007,beppu,2026-06-01,7,◎7 ○1 ▲4 ×5 △2 注6,7-1  140円(1),7-1-4  210円(1),1=4=7  160円(1),1=4  130円(2)  1=7  100円(1)  4=7  150円(3) / 1=4  130円(2)  1=7  100円(1)  4=7  150円(3),2,鳥丸 晃順  岡,山,45,89,A3,追,3.92,71.1,△,4,10.0,25.0,45.0,0,0,6,12.2,,３/４車身,,
8620260601010007,beppu,2026-06-01,7,◎7 ○1 ▲4 ×5 △2 注6,7-1  140円(1),7-1-4  210円(1),1=4=7  160円(1),1=4  130円(2)  1=7  100円(1)  4=7  150円(3) / 1=4  130円(2)  1=7  100円(1)  4=7  150円(3),3,大崎 龍一郎  奈,良,33,109,A3,両,3.92,68.25,注,2,7.6,15.3,30.7,0,1,4,12.2,,２車身,,
8620260601010007,beppu,2026-06-01,7,◎7 ○1 ▲4 ×5 △2 注6,7-1  140円(1),7-1-4  210円(1),1=4=7  160円(1),1=4  130円(2)  1=7  100円(1)  4=7  150円(3) / 1=4  130円(2)  1=7  100円(1)  4=7  150円(3),4,濱田 昭一郎,鹿児島,57,67,A3,追,3.85,68.08,▲,3,4.0,20.0,36.0,0,0,3,12.1,,３/４車身,,
8620260601010007,beppu,2026-06-01,7,◎7 ○1 ▲4 ×5 △2 注6,7-1  140円(1),7-1-4  210円(1),1=4=7  160円(1),1=4  130円(2)  1=7  100円(1)  4=7  150円(3) / 1=4  130円(2)  1=7  100円(1)  4=7  150円(3),5,増成 富夫  岡,山,55,66,A3,逃,3.93,70.29,×,1,20.8,41.6,50.0,5,2,5,12.3,,１車身１/２,,
8620260601010007,beppu,2026-06-01,7,◎7 ○1 ▲4 ×5 △2 注6,7-1  140円(1),7-1-4  210円(1),1=4=7  160円(1),1=4  130円(2)  1=7  100円(1)  4=7  150円(3) / 1=4  130円(2)  1=7  100円(1)  4=7  150円(3),6,池上 孝之  兵,庫,54,69,A3,追,3.92,67.25,,0,0.0,4.1,29.1,0,0,7,12.7,,６車身,,
8620260601010007,beppu,2026-06-01,7,◎7 ○1 ▲4 ×5 △2 注6,7-1  140円(1),7-1-4  210円(1),1=4=7  160円(1),1=4  130円(2)  1=7  100円(1)  4=7  150円(3) / 1=4  130円(2)  1=7  100円(1)  4=7  150円(3),7,生野 優翔  大,分,24,127,A3,逃,3.92,77.07,◎,6,40.0,53.3,73.3,4,4,1,12.2,逃,,,
1220260602010001,aomori,2026-06-02,1,○1 ◎4 ▲6 △5 ×2 注3,,,,,1,金野 俊秋  千,葉,42,92,A2,両,3.92,89.43,○,5,20.8,37.5,70.8,1,3,,,,,,15:45
1220260602010001,aomori,2026-06-02,1,○1 ◎4 ▲6 △5 ×2 注3,,,,,2,吉田 彰久  香,川,52,80,A2,追,3.92,82.13,,0,0.0,12.5,29.1,0,0,,,,,,15:45
1220260602010001,aomori,2026-06-02,1,○1 ◎4 ▲6 △5 ×2 注3,,,,,3,山崎 駿哉  岡,山,28,113,A1,逃,3.92,86.94,×,1,27.7,50.0,55.5,3,4,,,,,,15:45
1220260602010001,aomori,2026-06-02,1,○1 ◎4 ▲6 △5 ×2 注3,,,,,4,本多 哲也  千,葉,38,97,A1,両,3.92,88.37,◎,6,20.8,37.5,62.5,1,6,,,,,,15:45
1220260602010001,aomori,2026-06-02,1,○1 ◎4 ▲6 △5 ×2 注3,,,,,5,木村 浩宣  香,川,39,97,A1,逃,3.93,84.61,△,4,19.2,30.7,46.1,5,2,,,,,,15:45
1220260602010001,aomori,2026-06-02,1,○1 ◎4 ▲6 △5 ×2 注3,,,,,6,齋藤 輝彦,神奈川,43,93,A2,追,3.93,78.9,▲,3,0.0,5.0,10.0,0,0,,,,,,15:45
1220260602010001,aomori,2026-06-02,1,○1 ◎4 ▲6 △5 ×2 注3,,,,,7,榊原 洋  岡,山,48,85,A2,追,3.92,81.84,注,2,5.2,15.7,21.0,0,0,,,,,,15:45
1220260602010002,aomori,2026-06-02,2,◎7 ○1 注4 ×2 △6 ▲3,,,,,1,田中 雅史  愛,知,49,79,A1,追,3.92,85.95,○,5,19.0,28.5,52.3,0,2,,,,,,16:07
1220260602010002,aomori,2026-06-02,2,◎7 ○1 注4 ×2 △6 ▲3,,,,,2,鈴木 謙二  東,京,40,97,A1,追,3.92,86.69,×,1,4.1,37.5,45.8,0,0,,,,,,16:07
1220260602010002,aomori,2026-06-02,2,◎7 ○1 注4 ×2 △6 ▲3,,,,,3,増田 仁  広,島,41,113,A2,逃,3.92,83.0,△,4,34.4,41.3,44.8,7,5,,,,,,16:07
1220260602010002,aomori,2026-06-02,2,◎7 ○1 注4 ×2 △6 ▲3,,,,,4,竹山 慶太  宮,城,33,105,A1,逃,3.92,84.93,注,2,13.3,33.3,53.3,3,2,,,,,,16:07
1220260602010002,aomori,2026-06-02,2,◎7 ○1 注4 ×2 △6 ▲3,,,,,5,内藤 敦  岡,山,49,80,A1,追,3.92,80.28,▲,3,0.0,0.0,14.2,0,0,,,,,,16:07
1220260602010002,aomori,2026-06-02,2,◎7 ○1 注4 ×2 △6 ▲3,,,,,6,川上 真二郎  新,潟,46,86,A2,追,3.92,79.0,,0,0.0,6.6,20.0,0,0,,,,,,16:07
1220260602010002,aomori,2026-06-02,2,◎7 ○1 注4 ×2 △6 ▲3,,,,,7,犬塚 貴之  愛,知,25,117,A2,両,3.92,92.5,◎,6,50.0,66.6,83.3,1,2,,,,,,16:07
1220260602010003,aomori,2026-06-02,3,▲1 注5 △2 ×7 ◎4 ○3,,,,,1,佐藤 啓斗  青,森,29,119,A2,逃,3.92,79.0,▲,3,4.5,13.6,13.6,1,2,,,,,,16:31
1220260602010003,aomori,2026-06-02,3,▲1 注5 △2 ×7 ◎4 ○3,,,,,2,岸川 哲也  大,阪,40,105,A2,両,3.92,86.43,△,4,34.7,43.4,56.5,5,2,,,,,,16:31
1220260602010003,aomori,2026-06-02,3,▲1 注5 △2 ×7 ◎4 ○3,,,,,3,伊藤 大彦  徳,島,43,89,A1,追,3.92,85.78,○,5,6.6,20.0,60.0,0,1,,,,,,16:31
1220260602010003,aomori,2026-06-02,3,▲1 注5 △2 ×7 ◎4 ○3,,,,,4,松本 定  福,岡,29,125,A2,逃,3.93,94.19,◎,6,61.9,85.7,90.4,14,4,,,,,,16:31
1220260602010003,aomori,2026-06-02,3,▲1 注5 △2 ×7 ◎4 ○3,,,,,5,十文字 菊雄  福,島,54,75,A2,追,3.92,81.53,注,2,0.0,15.3,23.0,0,0,,,,,,16:31
1220260602010003,aomori,2026-06-02,3,▲1 注5 △2 ×7 ◎4 ○3,,,,,6,峠 祐介  埼,玉,50,78,A2,追,3.92,78.0,,0,0.0,0.0,0.0,0,0,,,,,,16:31
1220260602010003,aomori,2026-06-02,3,▲1 注5 △2 ×7 ◎4 ○3,,,,,7,藤田 真  兵,庫,45,89,A2,両,3.92,87.5,×,1,25.0,35.0,45.0,2,2,,,,,,16:31
1220260602010004,aomori,2026-06-02,4,◎1 ○7 ▲4 ×5 △2 注3,,,,,1,岡部 陸斗  栃,木,23,125,A2,逃,3.85,92.66,◎,6,66.6,76.1,85.7,13,2,,,,,,16:55
1220260602010004,aomori,2026-06-02,4,◎1 ○7 ▲4 ×5 △2 注3,,,,,2,吉成 貴博  熊,本,38,97,A2,追,3.86,81.48,△,4,0.0,16.0,48.0,0,1,,,,,,16:55
1220260602010004,aomori,2026-06-02,4,◎1 ○7 ▲4 ×5 △2 注3,,,,,3,葛西 雄太郎  愛,媛,47,85,A2,両,3.92,81.11,注,2,3.7,25.9,25.9,1,0,,,,,,16:55
1220260602010004,aomori,2026-06-02,4,◎1 ○7 ▲4 ×5 △2 注3,,,,,4,大泉 英則  宮,城,45,89,A2,追,3.92,81.95,▲,3,0.0,12.5,37.5,0,0,,,,,,16:55
1220260602010004,aomori,2026-06-02,4,◎1 ○7 ▲4 ×5 △2 注3,,,,,5,峯口 司  長,崎,23,123,A1,逃,3.92,87.29,×,1,29.1,45.8,58.3,6,3,,,,,,16:55
1220260602010004,aomori,2026-06-02,4,◎1 ○7 ▲4 ×5 △2 注3,,,,,6,山根 泰道  岡,山,56,64,A2,追,3.92,80.25,,0,4.1,8.3,20.8,0,0,,,,,,16:55
1220260602010004,aomori,2026-06-02,4,◎1 ○7 ▲4 ×5 △2 注3,,,,,7,佐藤 朋也  秋,田,46,89,A1,追,3.85,87.39,○,5,8.6,30.4,34.7,0,3,,,,,,16:55
1220260602010005,aomori,2026-06-02,5,○7 ▲2 ◎1 △3 ×5 注4,,,,,1,鶴 良生  福,岡,31,111,A1,逃,3.92,90.72,◎,6,22.2,38.8,44.4,2,3,,,,,,17:19
1220260602010005,aomori,2026-06-02,5,○7 ▲2 ◎1 △3 ×5 注4,,,,,2,内田 英介  東,京,44,91,A1,追,3.92,90.66,▲,3,14.2,38.0,57.1,0,0,,,,,,17:19
1220260602010005,aomori,2026-06-02,5,○7 ▲2 ◎1 △3 ×5 注4,,,,,3,矢口 大樹  千,葉,37,95,A1,両,3.92,90.15,△,4,15.0,40.0,50.0,3,4,,,,,,17:19
1220260602010005,aomori,2026-06-02,5,○7 ▲2 ◎1 △3 ×5 注4,,,,,4,谷口 友真  大,阪,36,109,A1,逃,3.92,90.28,注,2,28.5,52.3,57.1,1,2,,,,,,17:19
1220260602010005,aomori,2026-06-02,5,○7 ▲2 ◎1 △3 ×5 注4,,,,,5,三浦 雄大  宮,城,39,98,A1,追,3.92,90.66,×,1,36.8,57.8,73.6,0,1,,,,,,17:19
1220260602010005,aomori,2026-06-02,5,○7 ▲2 ◎1 △3 ×5 注4,,,,,6,鷲見 逸喜  岐,阜,48,79,A1,追,3.92,90.12,,0,23.5,47.0,52.9,0,0,,,,,,17:19
1220260602010005,aomori,2026-06-02,5,○7 ▲2 ◎1 △3 ×5 注4,,,,,7,山田 雄大  埼,玉,25,117,A1,逃,3.92,90.52,○,5,23.8,61.9,80.9,0,2,,,,,,17:19
1220260602010006,aomori,2026-06-02,6,◎5 ○1 ×7 注2 △4 ▲3,,,,,1,田中 晴基  千,葉,40,90,S2,追,3.92,100.25,○,5,10.7,25.0,46.4,0,1,,,,,,17:43
1220260602010006,aomori,2026-06-02,6,◎5 ○1 ×7 注2 △4 ▲3,,,,,2,今村 麟太郎  高,知,30,111,S2,両,3.92,103.4,×,1,20.0,30.0,55.0,0,3,,,,,,17:43
1220260602010006,aomori,2026-06-02,6,◎5 ○1 ×7 注2 △4 ▲3,,,,,3,大石 崇晴  大,阪,33,109,S2,両,3.92,99.11,△,4,7.6,15.3,30.7,0,1,,,,,,17:43
1220260602010006,aomori,2026-06-02,6,◎5 ○1 ×7 注2 △4 ▲3,,,,,4,戸田 洋平  岡,山,43,92,S2,追,3.92,99.42,注,2,0.0,13.6,40.9,0,0,,,,,,17:43
1220260602010006,aomori,2026-06-02,6,◎5 ○1 ×7 注2 △4 ▲3,,,,,5,野中 龍之介,神奈川,24,127,S2,逃,3.92,101.85,◎,6,35.0,60.0,75.0,7,3,,,,,,17:43
1220260602010006,aomori,2026-06-02,6,◎5 ○1 ×7 注2 △4 ▲3,,,,,6,谷田 泰平  岐,阜,49,93,S2,追,3.93,94.82,▲,3,3.4,6.8,10.3,0,0,,,,,,17:43
1220260602010006,aomori,2026-06-02,6,◎5 ○1 ×7 注2 △4 ▲3,,,,,7,太刀川 一成  千,葉,45,100,S2,追,3.92,96.65,,0,3.0,18.1,21.2,0,0,,,,,,17:43
1220260602010007,aomori,2026-06-02,7,◎1 注6 △2 ×3 ▲4 ○7,,,,,1,池野 健太  兵,庫,34,109,S1,逃,3.92,102.57,◎,6,28.5,32.1,39.2,2,3,,,,,,18:07
1220260602010007,aomori,2026-06-02,7,◎1 注6 △2 ×3 ▲4 ○7,,,,,2,小野 大介  福,島,42,91,S2,追,3.92,95.16,注,2,8.3,8.3,25.0,0,0,,,,,,18:07
1220260602010007,aomori,2026-06-02,7,◎1 注6 △2 ×3 ▲4 ○7,,,,,3,小川 丈太  徳,島,31,111,S1,逃,3.92,102.73,△,4,6.2,31.2,31.2,3,2,,,,,,18:07
1220260602010007,aomori,2026-06-02,7,◎1 注6 △2 ×3 ▲4 ○7,,,,,4,山本 拳也  高,知,36,109,S2,追,3.92,102.05,×,1,5.0,25.0,45.0,0,0,,,,,,18:07
1220260602010007,aomori,2026-06-02,7,◎1 注6 △2 ×3 ▲4 ○7,,,,,5,長尾 拳太  岐,阜,32,103,S1,両,3.93,104.5,○,5,19.0,33.3,47.6,0,1,,,,,,18:07
1220260602010007,aomori,2026-06-02,7,◎1 注6 △2 ×3 ▲4 ○7,,,,,6,坂本 紘規  青,森,29,117,S2,逃,3.92,94.5,,0,0.0,8.3,16.6,0,0,,,,,,18:07
1220260602010007,aomori,2026-06-02,7,◎1 注6 △2 ×3 ▲4 ○7,,,,,7,西岡 拓朗  広,島,42,97,S2,追,3.92,98.0,▲,3,5.2,10.5,36.8,0,0,,,,,,18:07
1220260602010008,aomori,2026-06-02,8,×7 △1 ▲2 ◎5 ○4 注3,,,,,1,田尾 駿介  高,知,34,111,S1,追,3.92,104.11,△,4,5.8,17.6,17.6,0,0,,,,,,18:31
1220260602010008,aomori,2026-06-02,8,×7 △1 ▲2 ◎5 ○4 注3,,,,,2,望月 一成  静,岡,29,111,S2,逃,3.92,93.66,▲,3,3.3,13.3,23.3,4,0,,,,,,18:31
1220260602010008,aomori,2026-06-02,8,×7 △1 ▲2 ◎5 ○4 注3,,,,,3,秋本 耀太郎  栃,木,28,117,S2,逃,3.92,98.63,注,2,13.6,31.8,31.8,0,2,,,,,,18:31
1220260602010008,aomori,2026-06-02,8,×7 △1 ▲2 ◎5 ○4 注3,,,,,4,山内 卓也  愛,知,49,77,S2,追,3.92,99.36,○,5,6.6,20.0,26.6,0,0,,,,,,18:31
1220260602010008,aomori,2026-06-02,8,×7 △1 ▲2 ◎5 ○4 注3,,,,,5,不破 将登  岐,阜,37,94,S2,両,3.92,102.2,◎,6,4.0,20.0,40.0,0,0,,,,,,18:31
1220260602010008,aomori,2026-06-02,8,×7 △1 ▲2 ◎5 ○4 注3,,,,,6,小林 稜武  栃,木,33,113,S2,逃,3.92,92.96,,0,4.0,8.0,12.0,2,0,,,,,,18:31
1220260602010008,aomori,2026-06-02,8,×7 △1 ▲2 ◎5 ○4 注3,,,,,7,晝田 宗一郎  岡,山,27,115,S2,逃,3.92,103.84,×,1,15.3,23.0,30.7,2,4,,,,,,18:31
1220260602010009,aomori,2026-06-02,9,○2 ◎4 △3 注5 ×1 ▲7,,,,,1,岸澤 賢太  埼,玉,39,91,S2,両,3.92,99.14,×,1,13.3,26.6,33.3,0,0,,,,,,18:55
1220260602010009,aomori,2026-06-02,9,○2 ◎4 △3 注5 ×1 ▲7,,,,,2,月森 亮輔  岡,山,34,101,S2,両,3.92,101.2,○,5,4.0,28.0,48.0,3,3,,,,,,18:55
1220260602010009,aomori,2026-06-02,9,○2 ◎4 △3 注5 ×1 ▲7,,,,,3,中園 和剛  福,岡,43,89,S2,追,3.92,95.33,△,4,0.0,6.6,16.6,0,0,,,,,,18:55
1220260602010009,aomori,2026-06-02,9,○2 ◎4 △3 注5 ×1 ▲7,,,,,4,筒井 敦史  岡,山,49,85,S1,追,3.92,103.62,◎,6,20.8,33.3,37.5,0,1,,,,,,18:55
1220260602010009,aomori,2026-06-02,9,○2 ◎4 △3 注5 ×1 ▲7,,,,,5,浮島 知稀  群,馬,25,123,S2,逃,3.92,98.36,注,2,13.3,20.0,26.6,4,2,,,,,,18:55
1220260602010009,aomori,2026-06-02,9,○2 ◎4 △3 注5 ×1 ▲7,,,,,6,竹元 健竜  福,岡,28,115,S2,両,3.92,91.14,,0,0.0,0.0,0.0,0,0,,,,,,18:55
1220260602010009,aomori,2026-06-02,9,○2 ◎4 △3 注5 ×1 ▲7,,,,,7,中島 将尊  東,京,31,105,S2,両,3.85,94.44,▲,3,10.5,10.5,21.0,0,0,,,,,,18:55
1220260602010010,aomori,2026-06-02,10,注7 ◎1 △4 ○2 ▲6 ×3,,,,,1,柴崎 淳  三,重,39,91,S1,両,3.92,104.52,◎,6,10.5,26.3,36.8,0,0,,,,,,19:20
1220260602010010,aomori,2026-06-02,10,注7 ◎1 △4 ○2 ▲6 ×3,,,,,2,佐藤 博紀  岩,手,40,96,S1,両,3.92,104.0,○,5,8.6,30.4,47.8,0,5,,,,,,19:20
1220260602010010,aomori,2026-06-02,10,注7 ◎1 △4 ○2 ▲6 ×3,,,,,3,一戸 康宏  埼,玉,38,101,S2,両,3.93,99.0,×,1,21.4,35.7,42.8,0,3,,,,,,19:20
1220260602010010,aomori,2026-06-02,10,注7 ◎1 △4 ○2 ▲6 ×3,,,,,4,高橋 晋也  福,島,31,115,S1,逃,3.92,100.36,△,4,18.1,18.1,40.9,1,0,,,,,,19:20
1220260602010010,aomori,2026-06-02,10,注7 ◎1 △4 ○2 ▲6 ×3,,,,,5,櫻井 学  群,馬,46,84,S2,両,3.92,94.6,,0,3.8,15.3,30.7,0,0,,,,,,19:20
1220260602010010,aomori,2026-06-02,10,注7 ◎1 △4 ○2 ▲6 ×3,,,,,6,坂本 周作  青,森,34,105,S2,逃,3.92,92.68,▲,3,10.5,10.5,15.7,0,2,,,,,,19:20
1220260602010010,aomori,2026-06-02,10,注7 ◎1 △4 ○2 ▲6 ×3,,,,,7,内藤 久文  愛,知,34,117,S2,逃,3.92,93.46,注,2,0.0,3.8,11.5,1,0,,,,,,19:20
1220260602010011,aomori,2026-06-02,11,◎3 ○7 注1 ×2 △5 ▲4,,,,,1,庄子 信弘  宮,城,47,84,S2,追,3.92,97.92,注,2,12.0,16.0,28.0,0,1,,,,,,19:46
1220260602010011,aomori,2026-06-02,11,◎3 ○7 注1 ×2 △5 ▲4,,,,,2,河崎 正晴  熊,本,25,121,S2,逃,3.92,101.4,×,1,14.8,14.8,29.6,0,3,,,,,,19:46
1220260602010011,aomori,2026-06-02,11,◎3 ○7 注1 ×2 △5 ▲4,,,,,3,大川 剛  青,森,27,121,S2,逃,3.92,103.23,◎,6,19.2,34.6,46.1,2,6,,,,,,19:46
1220260602010011,aomori,2026-06-02,11,◎3 ○7 注1 ×2 △5 ▲4,,,,,4,森安 崇之  香,川,48,84,S2,追,3.92,96.4,▲,3,0.0,10.0,23.3,0,0,,,,,,19:46
1220260602010011,aomori,2026-06-02,11,◎3 ○7 注1 ×2 △5 ▲4,,,,,5,山口 敦也  佐,賀,28,113,S2,追,3.92,99.5,△,4,0.0,25.0,41.6,0,0,,,,,,19:46
1220260602010011,aomori,2026-06-02,11,◎3 ○7 注1 ×2 △5 ▲4,,,,,6,室井 竜二  徳,島,55,65,S2,追,3.92,93.33,,0,0.0,5.5,11.1,0,0,,,,,,19:46
1220260602010011,aomori,2026-06-02,11,◎3 ○7 注1 ×2 △5 ▲4,,,,,7,新山 将史  青,森,35,98,S1,追,3.92,103.06,○,5,9.3,18.7,43.7,0,0,,,,,,19:46
1220260602010012,aomori,2026-06-02,12,◎3 ○4 ×1 ▲6 △7 注2,,,,,1,伊藤 旭  熊,本,26,117,S1,両,3.92,107.05,×,1,11.1,22.2,38.8,0,2,,,,,,20:12
1220260602010012,aomori,2026-06-02,12,◎3 ○4 ×1 ▲6 △7 注2,,,,,2,永澤 剛  青,森,40,91,S1,追,3.92,108.8,△,4,16.0,40.0,60.0,0,0,,,,,,20:12
1220260602010012,aomori,2026-06-02,12,◎3 ○4 ×1 ▲6 △7 注2,,,,,3,中釜 章成  大,阪,29,113,S1,逃,3.92,109.33,◎,6,33.3,44.4,61.1,1,3,,,,,,20:12
1220260602010012,aomori,2026-06-02,12,◎3 ○4 ×1 ▲6 △7 注2,,,,,4,志智 俊夫  岐,阜,53,70,S1,追,3.92,108.81,○,5,13.0,39.1,52.1,0,1,,,,,,20:12
1220260602010012,aomori,2026-06-02,12,◎3 ○4 ×1 ▲6 △7 注2,,,,,5,長島 大介  栃,木,36,96,S1,両,3.92,109.29,注,2,16.6,41.6,54.1,0,3,,,,,,20:12
1220260602010012,aomori,2026-06-02,12,◎3 ○4 ×1 ▲6 △7 注2,,,,,6,井上 昌己  長,崎,46,86,S1,追,3.92,105.26,▲,3,21.0,31.5,42.1,0,1,,,,,,20:12
1220260602010012,aomori,2026-06-02,12,◎3 ○4 ×1 ▲6 △7 注2,,,,,7,簗田 一輝  静,岡,30,107,S1,両,3.92,109.75,,0,5.8,23.5,47.0,0,0,,,,,,20:12
2420260530040001,utsunomiya,2026-06-02,1,×3 注4 △1 ▲6 ◎5 ○2,,,,,1,田中 陽平  熊,本,36,97,S2,追,3.92,98.2,△,4,4.0,16.0,36.0,0,0,,,,,,10:48
2420260530040001,utsunomiya,2026-06-02,1,×3 注4 △1 ▲6 ◎5 ○2,,,,,2,相澤 政宏  宮,城,47,99,S2,追,3.92,94.48,○,5,0.0,0.0,22.5,0,0,,,,,,10:48
2420260530040001,utsunomiya,2026-06-02,1,×3 注4 △1 ▲6 ◎5 ○2,,,,,3,熊崎 麻人  埼,玉,26,123,S2,逃,3.92,98.8,×,1,6.4,19.3,32.2,1,3,,,,,,10:48
2420260530040001,utsunomiya,2026-06-02,1,×3 注4 △1 ▲6 ◎5 ○2,,,,,4,上原 龍  長,野,41,95,S2,追,3.92,95.27,注,2,3.4,3.4,20.6,0,0,,,,,,10:48
2420260530040001,utsunomiya,2026-06-02,1,×3 注4 △1 ▲6 ◎5 ○2,,,,,5,立花 昌也  青,森,27,123,S2,逃,3.92,97.53,◎,6,15.3,34.6,34.6,4,5,,,,,,10:48
2420260530040001,utsunomiya,2026-06-02,1,×3 注4 △1 ▲6 ◎5 ○2,,,,,6,松尾 勇吾  熊,本,27,115,S2,追,3.92,92.62,▲,3,0.0,0.0,6.8,0,0,,,,,,10:48
2420260530040002,utsunomiya,2026-06-02,2,◎3 ○5 注1 ×2 △4 ▲6,,,,,1,米嶋 恵介  岡,山,34,119,S2,両,3.92,97.55,注,2,14.2,14.2,34.2,0,1,,,,,,11:12
2420260530040002,utsunomiya,2026-06-02,2,◎3 ○5 注1 ×2 △4 ▲6,,,,,2,柿本 大貴  東,京,30,113,S2,逃,3.92,94.03,×,1,3.8,19.2,23.0,0,2,,,,,,11:12
2420260530040002,utsunomiya,2026-06-02,2,◎3 ○5 注1 ×2 △4 ▲6,,,,,3,瀬戸 栄作  長,崎,32,109,S2,両,3.92,98.8,◎,6,7.6,11.5,30.7,0,2,,,,,,11:12
2420260530040002,utsunomiya,2026-06-02,2,◎3 ○5 注1 ×2 △4 ▲6,,,,,4,福島 武士  香,川,40,96,S2,追,3.92,100.3,△,4,0.0,22.2,33.3,0,0,,,,,,11:12
2420260530040002,utsunomiya,2026-06-02,2,◎3 ○5 注1 ×2 △4 ▲6,,,,,5,桑原 亮  福,岡,41,91,S2,追,3.92,96.22,○,5,2.7,16.6,30.5,0,1,,,,,,11:12
2420260530040002,utsunomiya,2026-06-02,2,◎3 ○5 注1 ×2 △4 ▲6,,,,,6,神尾 敬冬  静,岡,26,123,S2,逃,3.92,93.09,▲,3,6.2,6.2,15.6,1,1,,,,,,11:12
2420260530040003,utsunomiya,2026-06-02,3,×7 ▲1 △2 ◎6 ○3 注5,,,,,1,高橋 雅之  千,葉,43,90,S2,追,3.92,97.57,▲,3,5.8,20.5,35.2,0,0,,,,,,11:38
2420260530040003,utsunomiya,2026-06-02,3,×7 ▲1 △2 ◎6 ○3 注5,,,,,2,伊藤 裕貴  三,重,34,100,S2,両,3.92,98.84,△,4,5.0,40.0,45.0,0,4,,,,,,11:38
2420260530040003,utsunomiya,2026-06-02,3,×7 ▲1 △2 ◎6 ○3 注5,,,,,3,木村 佑来  宮,城,24,119,S2,逃,3.92,101.48,◎,6,20.6,41.3,55.1,7,4,,,,,,11:38
2420260530040003,utsunomiya,2026-06-02,3,×7 ▲1 △2 ◎6 ○3 注5,,,,,4,成松 春樹  佐,賀,40,93,S2,両,3.93,97.35,注,2,7.1,10.7,21.4,1,1,,,,,,11:38
2420260530040003,utsunomiya,2026-06-02,3,×7 ▲1 △2 ◎6 ○3 注5,,,,,5,三浦 翔大  宮,城,35,98,S2,追,3.92,97.25,○,5,3.5,14.2,25.0,0,0,,,,,,11:38
2420260530040003,utsunomiya,2026-06-02,3,×7 ▲1 △2 ◎6 ○3 注5,,,,,6,池田 憲昭  香,川,44,90,S2,追,3.92,95.6,,0,5.7,17.1,20.0,0,1,,,,,,11:38
2420260530040003,utsunomiya,2026-06-02,3,×7 ▲1 △2 ◎6 ○3 注5,,,,,7,内山 雅貴  静,岡,31,113,S2,逃,3.92,98.07,×,1,14.2,17.8,46.4,1,1,,,,,,11:38
2420260530040004,utsunomiya,2026-06-02,4,注6 ×1 ▲2 ○4 ◎7 △8,,,,,1,山崎 将幸  宮,城,39,92,S2,追,3.92,103.73,,0,10.0,26.6,50.0,0,0,,,,,,12:05
2420260530040004,utsunomiya,2026-06-02,4,注6 ×1 ▲2 ○4 ◎7 △8,,,,,2,中村 隆生  栃,木,25,117,S2,逃,3.92,97.0,注,2,7.6,19.2,38.4,5,0,,,,,,12:05
2420260530040004,utsunomiya,2026-06-02,4,注6 ×1 ▲2 ○4 ◎7 △8,,,,,3,山形 一気  徳,島,37,96,S1,追,3.92,108.6,◎,6,3.8,26.9,46.1,0,0,,,,,,12:05
2420260530040004,utsunomiya,2026-06-02,4,注6 ×1 ▲2 ○4 ◎7 △8,,,,,4,片折 亮太  埼,玉,38,92,S2,両,3.92,95.23,×,1,7.6,23.0,30.7,1,2,,,,,,12:05
2420260530040004,utsunomiya,2026-06-02,4,注6 ×1 ▲2 ○4 ◎7 △8,,,,,5,湊 聖二  徳,島,49,86,S1,追,3.92,101.95,△,4,14.2,28.5,61.9,0,0,,,,,,12:05
2420260530040004,utsunomiya,2026-06-02,4,注6 ×1 ▲2 ○4 ◎7 △8,,,,,6,金澤 竜二  福,島,40,91,S2,両,3.92,92.7,,0,5.4,8.1,8.1,0,2,,,,,,12:05
2420260530040004,utsunomiya,2026-06-02,4,注6 ×1 ▲2 ○4 ◎7 △8,,,,,7,藤原 憲征  新,潟,46,85,S2,追,3.92,98.0,▲,3,9.0,15.1,42.4,0,0,,,,,,12:05
2420260530040004,utsunomiya,2026-06-02,4,注6 ×1 ▲2 ○4 ◎7 △8,,,,,8,笹倉 慎也  富,山,40,91,S2,追,3.92,94.64,,0,6.4,9.6,16.1,0,0,,,,,,12:05
2420260530040004,utsunomiya,2026-06-02,4,注6 ×1 ▲2 ○4 ◎7 △8,,,,,9,渡口 勝成  山,口,28,119,S2,逃,3.92,101.5,○,5,10.0,40.0,50.0,5,3,,,,,,12:05
2420260530040005,utsunomiya,2026-06-02,5,△2 ◎9 ○1 ×8 ▲6 注3,,,,,1,菅原 裕太  静,岡,34,100,S2,追,3.92,103.28,○,5,18.4,34.2,52.6,0,0,,,,,,12:32
2420260530040005,utsunomiya,2026-06-02,5,△2 ◎9 ○1 ×8 ▲6 注3,,,,,2,中嶋 宣成  長,野,36,113,S2,逃,3.93,99.8,△,4,19.2,34.6,42.3,7,2,,,,,,12:32
2420260530040005,utsunomiya,2026-06-02,5,△2 ◎9 ○1 ×8 ▲6 注3,,,,,3,中川 誠一郎  熊,本,46,85,S1,両,3.92,105.22,×,1,22.7,36.3,50.0,0,3,,,,,,12:32
2420260530040005,utsunomiya,2026-06-02,5,△2 ◎9 ○1 ×8 ▲6 注3,,,,,4,近藤 翔馬  愛,媛,28,119,S2,逃,3.92,98.93,注,2,12.5,15.6,25.0,0,2,,,,,,12:32
2420260530040005,utsunomiya,2026-06-02,5,△2 ◎9 ○1 ×8 ▲6 注3,,,,,5,山口 貴弘  佐,賀,42,92,S2,追,3.92,101.37,▲,3,3.3,16.6,43.3,0,0,,,,,,12:32
2420260530040005,utsunomiya,2026-06-02,5,△2 ◎9 ○1 ×8 ▲6 注3,,,,,6,津村 洸次郎  福,岡,35,101,S2,両,3.93,94.0,,0,6.8,10.3,20.6,2,1,,,,,,12:32
2420260530040005,utsunomiya,2026-06-02,5,△2 ◎9 ○1 ×8 ▲6 注3,,,,,7,増原 正人  広,島,43,98,S2,両,3.92,99.07,,0,14.2,32.1,42.8,0,0,,,,,,12:32
2420260530040005,utsunomiya,2026-06-02,5,△2 ◎9 ○1 ×8 ▲6 注3,,,,,8,山本 紳貴  千,葉,41,107,S2,追,3.92,98.4,,0,4.0,12.0,32.0,0,0,,,,,,12:32
2420260530040005,utsunomiya,2026-06-02,5,△2 ◎9 ○1 ×8 ▲6 注3,,,,,9,武田 豊樹  茨,城,52,88,S2,追,3.92,102.6,◎,6,12.5,20.8,41.6,0,0,,,,,,12:32
2420260530040006,utsunomiya,2026-06-02,6,◎1 ○3 △5 ×7 ▲2 注9,,,,,1,福田 稔希  栃,木,23,125,S2,逃,3.92,104.43,◎,6,29.4,41.1,47.0,4,2,,,,,,12:59
2420260530040006,utsunomiya,2026-06-02,6,◎1 ○3 △5 ×7 ▲2 注9,,,,,2,佐々木 雄一  福,島,46,83,S1,追,3.92,103.93,×,1,19.3,22.5,45.1,0,1,,,,,,12:59
2420260530040006,utsunomiya,2026-06-02,6,◎1 ○3 △5 ×7 ▲2 注9,,,,,3,真崎 新太郎  栃,木,47,85,S2,追,3.92,99.17,○,5,13.3,26.6,36.6,0,0,,,,,,12:59
2420260530040006,utsunomiya,2026-06-02,6,◎1 ○3 △5 ×7 ▲2 注9,,,,,4,稲垣 裕之  京,都,48,86,S2,両,3.92,95.79,注,2,3.3,13.3,26.6,0,0,,,,,,12:59
2420260530040006,utsunomiya,2026-06-02,6,◎1 ○3 △5 ×7 ▲2 注9,,,,,5,岡田 泰地  栃,木,34,100,S2,追,3.92,98.03,,0,0.0,10.3,37.9,0,0,,,,,,12:59
2420260530040006,utsunomiya,2026-06-02,6,◎1 ○3 △5 ×7 ▲2 注9,,,,,6,菊谷 信一  大,阪,41,90,S2,追,3.92,94.86,,0,0.0,0.0,4.1,0,0,,,,,,12:59
2420260530040006,utsunomiya,2026-06-02,6,◎1 ○3 △5 ×7 ▲2 注9,,,,,7,坂本 貴史  青,森,37,94,S2,両,3.92,100.17,△,4,5.8,29.4,47.0,2,3,,,,,,12:59
2420260530040006,utsunomiya,2026-06-02,6,◎1 ○3 △5 ×7 ▲2 注9,,,,,8,小嶋 敬二  石,川,56,74,S2,両,3.92,95.28,,0,14.2,17.8,25.0,0,3,,,,,,12:59
2420260530040006,utsunomiya,2026-06-02,6,◎1 ○3 △5 ×7 ▲2 注9,,,,,9,杉山 悠也  秋,田,42,89,S2,追,3.93,96.6,▲,3,0.0,4.1,20.8,0,0,,,,,,12:59
2420260530040007,utsunomiya,2026-06-02,7,◎1 ○5 △2 注9 ×3 ▲7,,,,,1,坂井 洋  栃,木,31,115,S1,両,3.92,111.05,◎,6,23.5,32.3,50.0,2,5,,,,,,13:28
2420260530040007,utsunomiya,2026-06-02,7,◎1 ○5 △2 注9 ×3 ▲7,,,,,2,浅井 康太  三,重,41,90,S1,両,3.92,112.0,△,4,30.3,30.3,51.5,0,0,,,,,,13:28
2420260530040007,utsunomiya,2026-06-02,7,◎1 ○5 △2 注9 ×3 ▲7,,,,,3,脇本 勇希  福,井,27,115,S1,逃,3.92,106.33,×,1,12.5,20.8,37.5,1,3,,,,,,13:28
2420260530040007,utsunomiya,2026-06-02,7,◎1 ○5 △2 注9 ×3 ▲7,,,,,4,伊代野 貴照  奈,良,45,101,S2,追,3.92,101.87,,0,0.0,5.8,23.5,0,0,,,,,,13:28
2420260530040007,utsunomiya,2026-06-02,7,◎1 ○5 △2 注9 ×3 ▲7,,,,,5,芦澤 大輔  茨,城,44,90,S1,追,3.92,109.4,○,5,18.5,40.7,51.8,0,0,,,,,,13:28
2420260530040007,utsunomiya,2026-06-02,7,◎1 ○5 △2 注9 ×3 ▲7,,,,,6,渡邉 晴智  静,岡,52,73,S2,追,3.92,99.75,,0,7.1,21.4,35.7,0,0,,,,,,13:28
2420260530040007,utsunomiya,2026-06-02,7,◎1 ○5 △2 注9 ×3 ▲7,,,,,7,神田 紘輔  大,阪,40,100,S1,追,3.92,105.16,▲,3,13.3,20.0,40.0,0,0,,,,,,13:28
2420260530040007,utsunomiya,2026-06-02,7,◎1 ○5 △2 注9 ×3 ▲7,,,,,8,原田 亮太  千,葉,29,115,S2,逃,3.92,101.27,,0,20.6,37.9,44.8,8,3,,,,,,13:28
2420260530040007,utsunomiya,2026-06-02,7,◎1 ○5 △2 注9 ×3 ▲7,,,,,9,岡本 総  愛,知,38,105,S1,追,3.92,110.69,注,2,8.6,26.0,43.4,0,0,,,,,,13:28
2420260530040008,utsunomiya,2026-06-02,8,◎7 ○1 ×4 注2 ▲9 △6,,,,,1,村上 博幸  京,都,47,86,S1,追,3.92,112.4,○,5,31.2,43.7,62.5,0,2,,,,,,13:58
2420260530040008,utsunomiya,2026-06-02,8,◎7 ○1 ×4 注2 ▲9 △6,,,,,2,根田 空史  千,葉,37,94,S1,逃,3.92,109.48,×,1,34.4,51.7,58.6,12,3,,,,,,13:58
2420260530040008,utsunomiya,2026-06-02,8,◎7 ○1 ×4 注2 ▲9 △6,,,,,3,大槻 寛徳  宮,城,47,85,S1,追,3.92,109.27,△,4,13.0,43.4,56.5,0,1,,,,,,13:58
2420260530040008,utsunomiya,2026-06-02,8,◎7 ○1 ×4 注2 ▲9 △6,,,,,4,藤田 勝也,和歌山,37,94,S2,追,3.92,101.46,,0,21.4,35.7,46.4,0,0,,,,,,13:58
2420260530040008,utsunomiya,2026-06-02,8,◎7 ○1 ×4 注2 ▲9 △6,,,,,5,寺沼 拓摩  東,京,27,115,S2,両,3.93,102.85,▲,3,9.5,23.8,33.3,2,2,,,,,,13:58
2420260530040008,utsunomiya,2026-06-02,8,◎7 ○1 ×4 注2 ▲9 △6,,,,,6,小島 歩,神奈川,36,97,S2,追,3.93,98.04,,0,4.0,20.0,20.0,0,0,,,,,,13:58
2420260530040008,utsunomiya,2026-06-02,8,◎7 ○1 ×4 注2 ▲9 △6,,,,,7,市田 龍生都  福,井,24,127,S2,逃,3.93,111.0,◎,6,83.3,83.3,83.3,4,1,,,,,,13:58
2420260530040008,utsunomiya,2026-06-02,8,◎7 ○1 ×4 注2 ▲9 △6,,,,,8,磯島 成介  青,森,26,115,S2,逃,3.92,101.24,,0,10.3,37.9,51.7,5,4,,,,,,13:58
2420260530040008,utsunomiya,2026-06-02,8,◎7 ○1 ×4 注2 ▲9 △6,,,,,9,海老根 恵太  千,葉,48,86,S2,追,3.92,102.32,注,2,10.3,27.5,37.9,0,0,,,,,,13:58
2420260530040009,utsunomiya,2026-06-02,9,◎1 ○7 ▲9 △5 ×2 注3,,,,,1,松本 貴治  愛,媛,32,111,S1,両,3.92,114.68,◎,6,39.1,60.8,60.8,2,5,,,,,,14:28
2420260530040009,utsunomiya,2026-06-02,9,◎1 ○7 ▲9 △5 ×2 注3,,,,,2,佐藤 友和  岩,手,43,88,S1,両,3.92,111.26,×,1,30.4,34.7,47.8,0,0,,,,,,14:28
2420260530040009,utsunomiya,2026-06-02,9,◎1 ○7 ▲9 △5 ×2 注3,,,,,3,篠田 幸希  群,馬,27,123,S2,逃,3.92,106.2,注,2,25.0,41.6,58.3,1,5,,,,,,14:28
2420260530040009,utsunomiya,2026-06-02,9,◎1 ○7 ▲9 △5 ×2 注3,,,,,4,稲毛 健太,和歌山,36,97,S2,逃,3.92,102.34,,0,24.1,37.9,51.7,5,1,,,,,,14:28
2420260530040009,utsunomiya,2026-06-02,9,◎1 ○7 ▲9 △5 ×2 注3,,,,,5,松井 宏佑,神奈川,33,113,S1,逃,3.92,108.08,△,4,12.0,24.0,32.0,2,3,,,,,,14:28
2420260530040009,utsunomiya,2026-06-02,9,◎1 ○7 ▲9 △5 ×2 注3,,,,,6,佐山 寛明  奈,良,38,113,S2,逃,3.92,98.16,,0,4.0,16.0,20.0,2,1,,,,,,14:28
2420260530040009,utsunomiya,2026-06-02,9,◎1 ○7 ▲9 △5 ×2 注3,,,,,7,片岡 迪之  岡,山,39,93,S1,両,3.92,107.58,○,5,16.0,28.0,52.0,0,3,,,,,,14:28
2420260530040009,utsunomiya,2026-06-02,9,◎1 ○7 ▲9 △5 ×2 注3,,,,,8,鈴木 薫  東,京,27,115,S2,逃,3.92,101.31,,0,10.5,36.8,57.8,0,5,,,,,,14:28
2420260530040009,utsunomiya,2026-06-02,9,◎1 ○7 ▲9 △5 ×2 注3,,,,,9,渡邉 豪大  福,岡,36,107,S2,追,3.92,108.5,▲,3,20.8,33.3,50.0,0,1,,,,,,14:28
2420260530040010,utsunomiya,2026-06-02,10,◎9 ○1 ×2 △7 注4 ▲3,,,,,1,守澤 太志  秋,田,40,96,S1,追,3.92,110.58,○,5,11.5,38.4,53.8,0,0,,,,,,14:58
2420260530040010,utsunomiya,2026-06-02,10,◎9 ○1 ×2 △7 注4 ▲3,,,,,2,岩本 俊介  千,葉,42,94,S1,両,3.92,110.61,×,1,26.9,38.4,42.3,5,2,,,,,,14:58
2420260530040010,utsunomiya,2026-06-02,10,◎9 ○1 ×2 △7 注4 ▲3,,,,,3,佐藤 幸治  長,崎,40,92,S2,両,3.92,105.28,注,2,21.8,43.7,65.6,2,11,,,,,,14:58
2420260530040010,utsunomiya,2026-06-02,10,◎9 ○1 ×2 △7 注4 ▲3,,,,,4,青柳 靖起  佐,賀,26,117,S2,逃,3.92,104.37,,0,18.5,33.3,44.4,4,1,,,,,,14:58
2420260530040010,utsunomiya,2026-06-02,10,◎9 ○1 ×2 △7 注4 ▲3,,,,,5,桑原 大志  山,口,50,80,S1,追,3.92,109.2,▲,3,11.1,29.6,48.1,0,1,,,,,,14:58
2420260530040010,utsunomiya,2026-06-02,10,◎9 ○1 ×2 △7 注4 ▲3,,,,,6,小松原 正登  福,井,27,117,S2,逃,3.92,98.86,,0,25.0,31.2,37.5,0,3,,,,,,14:58
2420260530040010,utsunomiya,2026-06-02,10,◎9 ○1 ×2 △7 注4 ▲3,,,,,7,佐々木 眞也,神奈川,31,117,S1,両,3.92,111.61,△,4,22.2,44.4,50.0,0,1,,,,,,14:58
2420260530040010,utsunomiya,2026-06-02,10,◎9 ○1 ×2 △7 注4 ▲3,,,,,8,濱田 浩司  愛,媛,47,81,S2,追,3.92,102.48,,0,11.5,23.0,46.1,0,0,,,,,,14:58
2420260530040010,utsunomiya,2026-06-02,10,◎9 ○1 ×2 △7 注4 ▲3,,,,,9,菅田 壱道  宮,城,40,91,S1,両,3.92,114.77,◎,6,13.0,30.4,47.8,0,1,,,,,,14:58
2420260530040011,utsunomiya,2026-06-02,11,△8 ×3 ▲4 ◎1 ○9 注2,,,,,1,荒井 崇博  長,崎,48,82,S1,両,3.92,117.14,×,1,14.2,33.3,61.9,0,0,,,,,,15:31
2420260530040011,utsunomiya,2026-06-02,11,△8 ×3 ▲4 ◎1 ○9 注2,,,,,2,杉浦 侑吾  栃,木,31,115,S1,逃,3.92,110.84,◎,6,28.1,46.8,62.5,8,7,,,,,,15:31
2420260530040011,utsunomiya,2026-06-02,11,△8 ×3 ▲4 ◎1 ○9 注2,,,,,3,小原 太樹,神奈川,37,95,S1,追,3.92,111.6,△,4,20.6,31.0,48.2,0,0,,,,,,15:31
2420260530040011,utsunomiya,2026-06-02,11,△8 ×3 ▲4 ◎1 ○9 注2,,,,,4,松岡 辰泰  熊,本,29,117,S1,逃,3.92,105.81,,0,7.4,14.8,25.9,0,1,,,,,,15:31
2420260530040011,utsunomiya,2026-06-02,11,△8 ×3 ▲4 ◎1 ○9 注2,,,,,5,岡崎 智哉  大,阪,40,96,S1,両,3.92,110.0,注,2,17.8,53.5,75.0,0,3,,,,,,15:31
2420260530040011,utsunomiya,2026-06-02,11,△8 ×3 ▲4 ◎1 ○9 注2,,,,,6,横関 裕樹  岐,阜,38,99,S2,両,3.92,102.71,,0,21.4,35.7,53.5,0,0,,,,,,15:31
2420260530040011,utsunomiya,2026-06-02,11,△8 ×3 ▲4 ◎1 ○9 注2,,,,,7,宿口 陽一  埼,玉,42,91,S1,両,3.92,110.53,○,5,17.2,44.8,55.1,0,0,,,,,,15:31
2420260530040011,utsunomiya,2026-06-02,11,△8 ×3 ▲4 ◎1 ○9 注2,,,,,8,渡邉 一成  福,島,42,88,S2,両,3.92,104.17,,0,8.5,37.1,54.2,0,7,,,,,,15:31
2420260530040011,utsunomiya,2026-06-02,11,△8 ×3 ▲4 ◎1 ○9 注2,,,,,9,小川 勇介  福,岡,41,90,S1,追,3.92,109.06,▲,3,9.0,30.3,48.4,0,0,,,,,,15:31
2420260530040012,utsunomiya,2026-06-02,12,○9 ◎1 △4 ×7 ▲5 注6,,,,,1,眞杉 匠  栃,木,27,113,SS,逃,3.92,118.13,◎,6,29.1,50.0,62.5,4,6,,,,,,16:14
2420260530040012,utsunomiya,2026-06-02,12,○9 ◎1 △4 ×7 ▲5 注6,,,,,2,南 修二  大,阪,44,88,SS,追,3.92,114.0,,0,17.6,29.4,35.2,0,2,,,,,,16:14
2420260530040012,utsunomiya,2026-06-02,12,○9 ◎1 △4 ×7 ▲5 注6,,,,,3,渡部 幸訓  福,島,42,89,S1,追,3.92,116.31,注,2,30.0,50.0,70.0,0,0,,,,,,16:14
2420260530040012,utsunomiya,2026-06-02,12,○9 ◎1 △4 ×7 ▲5 注6,,,,,4,神山 拓弥  栃,木,39,91,S1,追,3.92,110.0,△,4,22.5,29.0,45.1,0,0,,,,,,16:14
2420260530040012,utsunomiya,2026-06-02,12,○9 ◎1 △4 ×7 ▲5 注6,,,,,5,寺崎 浩平  福,井,32,117,SS,逃,3.92,116.72,×,1,16.6,33.3,44.4,1,5,,,,,,16:14
2420260530040012,utsunomiya,2026-06-02,12,○9 ◎1 △4 ×7 ▲5 注6,,,,,6,三谷 竜生  奈,良,38,101,S1,両,3.92,108.04,▲,3,8.6,26.0,26.0,0,2,,,,,,16:14
2420260530040012,utsunomiya,2026-06-02,12,○9 ◎1 △4 ×7 ▲5 注6,,,,,7,嶋津 拓弥,神奈川,40,103,S1,追,3.92,110.18,,0,27.2,42.4,57.5,0,1,,,,,,16:14
2420260530040012,utsunomiya,2026-06-02,12,○9 ◎1 △4 ×7 ▲5 注6,,,,,8,西田 優大  広,島,28,123,S1,逃,3.92,109.17,,0,12.5,37.5,50.0,5,2,,,,,,16:14
2420260530040012,utsunomiya,2026-06-02,12,○9 ◎1 △4 ×7 ▲5 注6,,,,,9,吉田 拓矢  茨,城,31,107,SS,両,3.92,119.4,○,5,43.3,73.3,83.3,0,10,,,,,,16:14
3120260531030001,matsudo,2026-06-02,1,◎7 ○1 ▲4 注3 ×6 △2,,,,,1,山中 崇弘  高,知,30,113,A2,追,3.92,80.27,○,5,0.0,5.5,22.2,0,0,,,,,,16:21
3120260531030001,matsudo,2026-06-02,1,◎7 ○1 ▲4 注3 ×6 △2,,,,,2,須藤 直道  群,馬,54,68,A1,追,3.92,83.28,×,1,4.7,14.2,23.8,0,0,,,,,,16:21
3120260531030001,matsudo,2026-06-02,1,◎7 ○1 ▲4 注3 ×6 △2,,,,,3,伊原 弘幸  福,井,41,90,A1,追,3.93,82.8,注,2,4.7,14.2,33.3,0,0,,,,,,16:21
3120260531030001,matsudo,2026-06-02,1,◎7 ○1 ▲4 注3 ×6 △2,,,,,4,荒木 真慈  熊,本,54,69,A2,追,3.85,82.33,▲,3,0.0,20.0,46.6,0,0,,,,,,16:21
3120260531030001,matsudo,2026-06-02,1,◎7 ○1 ▲4 注3 ×6 △2,,,,,5,大崎 智久  青,森,43,89,A2,追,3.92,80.84,△,4,3.8,11.5,19.2,0,0,,,,,,16:21
3120260531030001,matsudo,2026-06-02,1,◎7 ○1 ▲4 注3 ×6 △2,,,,,6,樫村 伸平  兵,庫,38,99,A2,追,3.92,77.04,,0,0.0,4.5,4.5,0,0,,,,,,16:21
3120260531030001,matsudo,2026-06-02,1,◎7 ○1 ▲4 注3 ×6 △2,,,,,7,松下 綾馬  岡,山,29,121,A1,逃,3.92,83.66,◎,6,19.0,28.5,33.3,0,6,,,,,,16:21
3120260531030002,matsudo,2026-06-02,2,◎1 ○5 注4 ×6 △2 ▲7,,,,,1,栗田 万生  千,葉,32,111,A1,逃,3.92,82.66,◎,6,12.5,29.1,33.3,1,5,,,,,,16:43
3120260531030002,matsudo,2026-06-02,2,◎1 ○5 注4 ×6 △2 ▲7,,,,,2,三浦 稔希  愛,知,50,76,A1,追,3.86,84.14,△,4,0.0,14.2,28.5,0,0,,,,,,16:43
3120260531030002,matsudo,2026-06-02,2,◎1 ○5 注4 ×6 △2 ▲7,,,,,3,黒田 大介  愛,媛,52,77,A2,追,3.92,79.9,,0,0.0,0.0,25.0,0,0,,,,,,16:43
3120260531030002,matsudo,2026-06-02,2,◎1 ○5 注4 ×6 △2 ▲7,,,,,4,若林 耕司  群,馬,45,87,A2,追,3.85,82.83,注,2,8.3,16.6,29.1,0,0,,,,,,16:43
3120260531030002,matsudo,2026-06-02,2,◎1 ○5 注4 ×6 △2 ▲7,,,,,5,赤井 学  千,葉,52,77,A2,追,3.92,82.22,○,5,0.0,5.5,27.7,0,0,,,,,,16:43
3120260531030002,matsudo,2026-06-02,2,◎1 ○5 注4 ×6 △2 ▲7,,,,,6,谷澤 優貴  三,重,21,127,A2,逃,3.92,79.57,×,1,66.6,76.1,76.1,3,13,,,,,,16:43
3120260531030002,matsudo,2026-06-02,2,◎1 ○5 注4 ×6 △2 ▲7,,,,,7,窪田 陽介  滋,賀,41,90,A2,追,3.92,79.94,▲,3,0.0,10.5,15.7,0,0,,,,,,16:43
3120260531030003,matsudo,2026-06-02,3,注4 ×2 ▲7 ○1 ◎3 △5,,,,,1,宮下 貴之  埼,玉,52,81,A1,追,3.93,87.23,▲,3,4.7,23.8,38.0,0,0,,,,,,17:07
3120260531030003,matsudo,2026-06-02,3,注4 ×2 ▲7 ○1 ◎3 △5,,,,,2,原岡 泰志郎  千,葉,36,100,A2,両,3.92,85.52,,0,0.0,23.8,38.0,0,0,,,,,,17:07
3120260531030003,matsudo,2026-06-02,3,注4 ×2 ▲7 ○1 ◎3 △5,,,,,3,田代 匠  福,岡,25,121,A2,逃,3.92,84.38,○,5,27.7,38.8,44.4,4,2,,,,,,17:07
3120260531030003,matsudo,2026-06-02,3,注4 ×2 ▲7 ○1 ◎3 △5,,,,,4,菊池 翔  福,島,31,119,A1,逃,3.92,82.29,注,2,12.5,20.8,29.1,1,2,,,,,,17:07
3120260531030003,matsudo,2026-06-02,3,注4 ×2 ▲7 ○1 ◎3 △5,,,,,5,石丸 寛之  岡,山,52,76,A1,追,3.92,86.85,◎,6,25.0,30.0,40.0,0,2,,,,,,17:07
3120260531030003,matsudo,2026-06-02,3,注4 ×2 ▲7 ○1 ◎3 △5,,,,,6,高橋 清太郎  岡,山,41,97,A1,追,3.92,82.14,△,4,9.5,19.0,33.3,0,0,,,,,,17:07
3120260531030003,matsudo,2026-06-02,3,注4 ×2 ▲7 ○1 ◎3 △5,,,,,7,北野 良栄  茨,城,42,95,A1,両,3.92,84.75,×,1,10.7,39.2,50.0,2,2,,,,,,17:07
3120260531030004,matsudo,2026-06-02,4,◎5 ○1 △7 注2 ×4 ▲3,,,,,1,外崎 一成,北海道,39,94,A2,追,3.92,82.36,○,5,4.0,12.0,40.0,0,2,,,,,,17:31
3120260531030004,matsudo,2026-06-02,4,◎5 ○1 △7 注2 ×4 ▲3,,,,,2,原 真司  岐,阜,48,86,A1,追,3.92,87.31,△,4,9.0,13.6,22.7,0,0,,,,,,17:31
3120260531030004,matsudo,2026-06-02,4,◎5 ○1 △7 注2 ×4 ▲3,,,,,3,増田 利明  静,岡,47,81,A2,両,3.92,82.9,×,1,9.5,19.0,33.3,1,2,,,,,,17:31
3120260531030004,matsudo,2026-06-02,4,◎5 ○1 △7 注2 ×4 ▲3,,,,,4,藤原 悠斗  岡,山,40,91,A2,追,3.92,82.61,注,2,4.7,23.8,38.0,0,0,,,,,,17:31
3120260531030004,matsudo,2026-06-02,4,◎5 ○1 △7 注2 ×4 ▲3,,,,,5,井上 公利  宮,城,44,93,A2,逃,3.92,85.71,◎,6,25.0,35.7,39.2,6,3,,,,,,17:31
3120260531030004,matsudo,2026-06-02,4,◎5 ○1 △7 注2 ×4 ▲3,,,,,6,浅沼 聖士  静,岡,44,87,A2,追,3.92,80.78,▲,3,5.2,5.2,31.5,0,1,,,,,,17:31
3120260531030004,matsudo,2026-06-02,4,◎5 ○1 △7 注2 ×4 ▲3,,,,,7,板崎 佑矢  愛,媛,38,101,A1,両,3.93,80.95,,0,4.3,8.6,13.0,0,0,,,,,,17:31
3120260531030005,matsudo,2026-06-02,5,◎1 ○4 △5 ▲6 ×3 注2,,,,,1,笠松 将太  埼,玉,34,100,S2,逃,3.92,97.87,◎,6,18.7,25.0,37.5,2,0,,,,,,17:55
3120260531030005,matsudo,2026-06-02,5,◎1 ○4 △5 ▲6 ×3 注2,,,,,2,松尾 信太郎  福,岡,43,92,S2,追,3.85,94.21,注,2,6.2,12.5,18.7,0,0,,,,,,17:55
3120260531030005,matsudo,2026-06-02,5,◎1 ○4 △5 ▲6 ×3 注2,,,,,3,清水 剛志  福,井,35,103,S2,両,3.92,102.96,×,1,38.4,42.3,42.3,0,0,,,,,,17:55
3120260531030005,matsudo,2026-06-02,5,◎1 ○4 △5 ▲6 ×3 注2,,,,,4,花田 将司  千,葉,39,99,S2,両,3.92,93.35,○,5,0.0,0.0,10.7,0,0,,,,,,17:55
3120260531030005,matsudo,2026-06-02,5,◎1 ○4 △5 ▲6 ×3 注2,,,,,5,今野 大輔  岡,山,32,111,S2,両,3.92,97.11,△,4,7.4,14.8,29.6,0,0,,,,,,17:55
3120260531030005,matsudo,2026-06-02,5,◎1 ○4 △5 ▲6 ×3 注2,,,,,6,石口 慶多  兵,庫,37,103,S2,両,3.93,92.15,▲,3,3.8,3.8,3.8,0,1,,,,,,17:55
3120260531030006,matsudo,2026-06-02,6,×7 △3 ○1 ◎2 注4 ▲6,,,,,1,山本 恵介  福,島,46,100,S2,両,3.92,93.38,,0,0.0,2.7,16.6,0,0,,,,,,18:19
3120260531030006,matsudo,2026-06-02,6,×7 △3 ○1 ◎2 注4 ▲6,,,,,2,菱田 浩二  京,都,37,97,S2,逃,3.92,96.09,○,5,4.5,18.1,27.2,1,1,,,,,,18:19
3120260531030006,matsudo,2026-06-02,6,×7 △3 ○1 ◎2 注4 ▲6,,,,,3,福田 滉  栃,木,26,115,S2,追,3.92,98.48,△,4,13.7,20.6,31.0,0,0,,,,,,18:19
3120260531030006,matsudo,2026-06-02,6,×7 △3 ○1 ◎2 注4 ▲6,,,,,4,鷲田 幸司  福,井,40,92,S2,追,3.93,99.19,◎,6,7.6,23.0,42.3,0,0,,,,,,18:19
3120260531030006,matsudo,2026-06-02,6,×7 △3 ○1 ◎2 注4 ▲6,,,,,5,金澤 幸司  福,島,40,91,S2,追,3.93,96.8,▲,3,9.5,9.5,28.5,0,0,,,,,,18:19
3120260531030006,matsudo,2026-06-02,6,×7 △3 ○1 ◎2 注4 ▲6,,,,,6,鈴木 幸紀  三,重,50,78,S2,追,3.92,92.44,注,2,0.0,5.8,5.8,0,0,,,,,,18:19
3120260531030006,matsudo,2026-06-02,6,×7 △3 ○1 ◎2 注4 ▲6,,,,,7,鈴木 謙太郎  茨,城,41,90,S2,両,3.92,98.03,×,1,11.5,19.2,42.3,1,1,,,,,,18:19
3120260531030007,matsudo,2026-06-02,7,△5 ×1 ○3 ◎4 注6 ▲7,,,,,1,佐々木 和紀,神奈川,29,117,S2,追,3.92,100.68,×,1,10.5,26.3,36.8,0,0,,,,,,18:43
3120260531030007,matsudo,2026-06-02,7,△5 ×1 ○3 ◎4 注6 ▲7,,,,,2,佐々木 則幸  高,知,49,79,S2,追,3.93,100.88,,0,3.8,23.0,34.6,0,0,,,,,,18:43
3120260531030007,matsudo,2026-06-02,7,△5 ×1 ○3 ◎4 注6 ▲7,,,,,3,板垣 昴,北海道,34,115,S2,逃,3.92,104.34,○,5,21.7,39.1,56.5,3,5,,,,,,18:43
3120260531030007,matsudo,2026-06-02,7,△5 ×1 ○3 ◎4 注6 ▲7,,,,,4,山崎 芳仁  福,島,46,88,S1,両,3.92,109.05,◎,6,5.8,23.5,58.8,0,0,,,,,,18:43
3120260531030007,matsudo,2026-06-02,7,△5 ×1 ○3 ◎4 注6 ▲7,,,,,5,野口 裕史  千,葉,43,111,S1,逃,3.93,100.52,△,4,16.0,32.0,44.0,5,3,,,,,,18:43
3120260531030007,matsudo,2026-06-02,7,△5 ×1 ○3 ◎4 注6 ▲7,,,,,6,金成 和幸  福,島,47,88,S2,追,3.92,99.92,注,2,3.8,19.2,42.3,0,0,,,,,,18:43
3120260531030007,matsudo,2026-06-02,7,△5 ×1 ○3 ◎4 注6 ▲7,,,,,7,青木 瑞樹  岡,山,26,123,S2,逃,3.92,101.36,▲,3,18.1,40.9,50.0,6,2,,,,,,18:43
3120260531030008,matsudo,2026-06-02,8,×5 ▲3 注1 △7 ◎2 ○4,,,,,1,中西 大,和歌山,35,107,S2,逃,3.93,102.71,注,2,17.8,46.4,57.1,9,3,,,,,,19:07
3120260531030008,matsudo,2026-06-02,8,×5 ▲3 注1 △7 ◎2 ○4,,,,,2,酒井 雄多  福,島,30,109,S1,逃,3.92,110.57,◎,6,28.5,42.8,42.8,0,1,,,,,,19:07
3120260531030008,matsudo,2026-06-02,8,×5 ▲3 注1 △7 ◎2 ○4,,,,,3,萩原 孝之  静,岡,48,80,S2,追,3.92,100.16,▲,3,8.0,16.0,32.0,0,0,,,,,,19:07
3120260531030008,matsudo,2026-06-02,8,×5 ▲3 注1 △7 ◎2 ○4,,,,,4,大森 慶一,北海道,44,88,S1,追,3.92,107.18,○,5,22.2,33.3,66.6,0,0,,,,,,19:07
3120260531030008,matsudo,2026-06-02,8,×5 ▲3 注1 △7 ◎2 ○4,,,,,5,鈴木 陸来  静,岡,29,117,S2,逃,3.93,101.78,×,1,17.3,39.1,47.8,4,2,,,,,,19:07
3120260531030008,matsudo,2026-06-02,8,×5 ▲3 注1 △7 ◎2 ○4,,,,,6,竹山 陵太  宮,城,41,91,S2,追,3.92,97.1,,0,10.3,20.6,37.9,0,1,,,,,,19:07
3120260531030008,matsudo,2026-06-02,8,×5 ▲3 注1 △7 ◎2 ○4,,,,,7,西村 光太  三,重,40,96,S1,追,3.92,102.59,△,4,4.3,26.0,39.1,0,3,,,,,,19:07
3120260531030009,matsudo,2026-06-02,9,◎7 ○1 注2 ▲6 ×3 △5,,,,,1,小川 真太郎  徳,島,33,107,S1,両,3.92,106.22,○,5,22.2,27.7,44.4,0,3,,,,,,19:33
3120260531030009,matsudo,2026-06-02,9,◎7 ○1 注2 ▲6 ×3 △5,,,,,2,村上 直久,神奈川,44,95,S2,両,3.92,101.03,注,2,11.5,26.9,42.3,3,2,,,,,,19:33
3120260531030009,matsudo,2026-06-02,9,◎7 ○1 注2 ▲6 ×3 △5,,,,,3,川口 聖二  岐,阜,32,103,S2,両,3.92,101.87,×,1,5.2,21.0,36.8,2,1,,,,,,19:33
3120260531030009,matsudo,2026-06-02,9,◎7 ○1 注2 ▲6 ×3 △5,,,,,4,古川 尚耶  栃,木,40,92,S2,追,3.92,99.55,,0,6.8,27.5,31.0,0,0,,,,,,19:33
3120260531030009,matsudo,2026-06-02,9,◎7 ○1 注2 ▲6 ×3 △5,,,,,5,杉本 正隆  茨,城,40,96,S2,追,3.92,102.94,△,4,11.1,22.2,38.8,0,0,,,,,,19:33
3120260531030009,matsudo,2026-06-02,9,◎7 ○1 注2 ▲6 ×3 △5,,,,,6,石塚 孝幸,神奈川,46,89,S1,追,3.92,99.47,▲,3,11.7,17.6,23.5,0,0,,,,,,19:33
3120260531030009,matsudo,2026-06-02,9,◎7 ○1 注2 ▲6 ×3 △5,,,,,7,取鳥 雄吾  岡,山,31,107,S1,逃,3.92,113.52,◎,6,31.5,63.1,78.9,7,2,,,,,,19:33
3120260531030010,matsudo,2026-06-02,10,×4 △2 ◎6 ○7 ▲1 注5,,,,,1,川口 直人,神奈川,49,84,A1,追,3.92,92.16,○,5,20.8,41.6,66.6,0,0,,,,,,19:59
3120260531030010,matsudo,2026-06-02,10,×4 △2 ◎6 ○7 ▲1 注5,,,,,2,八谷 誠賢  福,岡,51,77,A1,逃,3.93,91.09,△,4,33.3,52.3,61.9,3,5,,,,,,19:59
3120260531030010,matsudo,2026-06-02,10,×4 △2 ◎6 ○7 ▲1 注5,,,,,3,中村 一将  兵,庫,50,86,A1,両,3.92,91.16,注,2,16.6,44.4,55.5,3,3,,,,,,19:59
3120260531030010,matsudo,2026-06-02,10,×4 △2 ◎6 ○7 ▲1 注5,,,,,4,森山 智徳  熊,本,42,98,A1,両,3.92,91.29,×,1,37.5,45.8,66.6,4,4,,,,,,19:59
3120260531030010,matsudo,2026-06-02,10,×4 △2 ◎6 ○7 ▲1 注5,,,,,5,高木 翔  岩,手,32,105,A1,追,3.92,92.1,▲,3,20.0,55.0,65.0,0,0,,,,,,19:59
3120260531030010,matsudo,2026-06-02,10,×4 △2 ◎6 ○7 ▲1 注5,,,,,6,藤井 將  広,島,32,113,A2,両,3.92,88.91,,0,21.7,39.1,69.5,1,1,,,,,,19:59
3120260531030010,matsudo,2026-06-02,10,×4 △2 ◎6 ○7 ▲1 注5,,,,,7,松本 京太  静,岡,27,123,A1,逃,3.93,94.04,◎,6,19.0,57.1,71.4,4,8,,,,,,19:59
3120260531030011,matsudo,2026-06-02,11,◎6 ○3 注5 △2 ×1 ▲4,,,,,1,和田 健太郎  千,葉,45,87,S1,追,3.92,110.57,△,4,9.5,23.8,33.3,0,1,,,,,,20:25
3120260531030011,matsudo,2026-06-02,11,◎6 ○3 注5 △2 ×1 ▲4,,,,,2,小倉 竜二  徳,島,50,77,S1,追,3.92,110.25,注,2,13.6,36.3,40.9,0,0,,,,,,20:25
3120260531030011,matsudo,2026-06-02,11,◎6 ○3 注5 △2 ×1 ▲4,,,,,3,石塚 輪太郎,和歌山,32,105,S1,逃,3.92,106.4,◎,6,23.0,38.4,53.8,1,6,,,,,,20:25
3120260531030011,matsudo,2026-06-02,11,◎6 ○3 注5 △2 ×1 ▲4,,,,,4,松崎 広太  茨,城,26,123,S2,逃,3.92,104.29,×,1,29.1,45.8,50.0,5,5,,,,,,20:25
3120260531030011,matsudo,2026-06-02,11,◎6 ○3 注5 △2 ×1 ▲4,,,,,5,山田 久徳  京,都,38,93,S1,両,3.92,110.52,○,5,15.3,30.7,42.3,0,1,,,,,,20:25
3120260531030011,matsudo,2026-06-02,11,◎6 ○3 注5 △2 ×1 ▲4,,,,,6,南部 翔大  大,阪,25,125,S2,逃,3.92,102.76,,0,19.2,34.6,46.1,5,3,,,,,,20:25
3120260531030011,matsudo,2026-06-02,11,◎6 ○3 注5 △2 ×1 ▲4,,,,,7,横山 尚則  茨,城,34,100,S1,追,3.92,107.5,▲,3,17.6,41.1,52.9,0,1,,,,,,20:25
3620260531030001,odawara,2026-06-02,1,◎1 ○5 ▲4 ×3 △2 注6,,,,,1,川野 深  福,岡,28,119,A2,逃,3.92,88.61,◎,6,14.2,38.0,52.3,4,3,,,,,,08:25
3620260531030001,odawara,2026-06-02,1,◎1 ○5 ▲4 ×3 △2 注6,,,,,2,石川 恭規  福,島,48,93,A2,追,3.92,81.52,△,4,0.0,9.5,23.8,0,0,,,,,,08:25
3620260531030001,odawara,2026-06-02,1,◎1 ○5 ▲4 ×3 △2 注6,,,,,3,加賀美 智史  山,梨,43,87,A2,両,3.92,82.64,×,1,12.0,16.0,24.0,2,1,,,,,,08:25
3620260531030001,odawara,2026-06-02,1,◎1 ○5 ▲4 ×3 △2 注6,,,,,4,松尾 大樹  長,崎,45,87,A2,追,3.85,83.23,▲,3,0.0,19.0,28.5,0,0,,,,,,08:25
3620260531030001,odawara,2026-06-02,1,◎1 ○5 ▲4 ×3 △2 注6,,,,,5,杉山 剛  福,岡,49,86,A2,両,3.92,81.12,○,5,0.0,20.0,28.0,0,2,,,,,,08:25
3620260531030001,odawara,2026-06-02,1,◎1 ○5 ▲4 ×3 △2 注6,,,,,6,宇佐見 裕輝  福,島,40,94,A1,両,3.92,76.66,注,2,0.0,0.0,0.0,0,0,,,,,,08:25
3620260531030002,odawara,2026-06-02,2,△1 ×3 注4 ◎5 ○2 ▲6,,,,,1,菅田 謙仁  宮,城,33,109,A2,両,3.92,81.2,△,4,4.1,20.8,33.3,1,1,,,,,,08:45
3620260531030002,odawara,2026-06-02,2,△1 ×3 注4 ◎5 ○2 ▲6,,,,,2,須賀 和彦  茨,城,41,89,A2,追,3.92,85.91,○,5,12.5,25.0,37.5,0,0,,,,,,08:45
3620260531030002,odawara,2026-06-02,2,△1 ×3 注4 ◎5 ○2 ▲6,,,,,3,佐藤 正吾  宮,城,43,88,A2,追,3.92,84.84,×,1,15.3,30.7,50.0,0,2,,,,,,08:45
3620260531030002,odawara,2026-06-02,2,△1 ×3 注4 ◎5 ○2 ▲6,,,,,4,坂本 昌宏  青,森,41,91,A2,追,3.92,81.47,注,2,4.7,14.2,38.0,0,0,,,,,,08:45
3620260531030002,odawara,2026-06-02,2,△1 ×3 注4 ◎5 ○2 ▲6,,,,,5,小坂 丈  茨,城,30,121,A1,逃,3.92,86.16,◎,6,22.2,27.7,50.0,3,1,,,,,,08:45
3620260531030002,odawara,2026-06-02,2,△1 ×3 注4 ◎5 ○2 ▲6,,,,,6,須藤 雄太  千,葉,42,89,A2,追,3.92,75.84,▲,3,0.0,0.0,0.0,0,0,,,,,,08:45
3620260531030003,odawara,2026-06-02,3,○3 ◎5 △1 ×4 注2 ▲6,,,,,1,関 敬  栃,木,49,81,A2,追,3.92,80.44,△,4,0.0,0.0,22.2,0,0,,,,,,09:05
3620260531030003,odawara,2026-06-02,3,○3 ◎5 △1 ×4 注2 ▲6,,,,,2,安東 英博  大,分,45,87,A1,追,3.92,84.7,注,2,0.0,14.2,42.8,0,0,,,,,,09:05
3620260531030003,odawara,2026-06-02,3,○3 ◎5 △1 ×4 注2 ▲6,,,,,3,佐々木 吉徳  秋,田,38,100,A1,逃,3.92,88.29,○,5,12.5,33.3,50.0,4,3,,,,,,09:05
3620260531030003,odawara,2026-06-02,3,○3 ◎5 △1 ×4 注2 ▲6,,,,,4,古川 貴之  佐,賀,42,93,A1,追,3.93,84.76,×,1,28.5,33.3,52.3,0,3,,,,,,09:05
3620260531030003,odawara,2026-06-02,3,○3 ◎5 △1 ×4 注2 ▲6,,,,,5,工藤 政志  青,森,46,84,A1,追,3.92,87.57,◎,6,9.5,23.8,47.6,0,0,,,,,,09:05
3620260531030003,odawara,2026-06-02,3,○3 ◎5 △1 ×4 注2 ▲6,,,,,6,大関 祐也  千,葉,31,107,A2,逃,3.92,80.39,▲,3,4.3,17.3,26.0,1,1,,,,,,09:05
3620260531030004,odawara,2026-06-02,4,▲6 ×1 △4 注2 ◎5 ○7,,,,,1,寺沼 伊織  東,京,28,115,A1,両,3.92,87.75,×,1,0.0,38.4,53.8,0,0,,,,,,09:25
3620260531030004,odawara,2026-06-02,4,▲6 ×1 △4 注2 ◎5 ○7,,,,,2,中野 光太郎  徳,島,26,121,A1,逃,3.93,91.75,△,4,20.0,40.0,40.0,0,0,,,,,,09:25
3620260531030004,odawara,2026-06-02,4,▲6 ×1 △4 注2 ◎5 ○7,,,,,3,飯塚 直人  佐,賀,35,98,A2,両,3.92,82.45,○,5,0.0,5.0,25.0,0,0,,,,,,09:25
3620260531030004,odawara,2026-06-02,4,▲6 ×1 △4 注2 ◎5 ○7,,,,,4,秋葉 大輔  東,京,43,90,A2,追,3.92,85.42,,0,0.0,17.3,39.1,0,0,,,,,,09:25
3620260531030004,odawara,2026-06-02,4,▲6 ×1 △4 注2 ◎5 ○7,,,,,5,中西 司,神奈川,44,95,A2,追,3.92,83.88,注,2,3.8,15.3,34.6,0,0,,,,,,09:25
3620260531030004,odawara,2026-06-02,4,▲6 ×1 △4 注2 ◎5 ○7,,,,,6,助川 翔太郎  埼,玉,29,123,A1,逃,3.92,80.91,▲,3,16.6,16.6,33.3,0,1,,,,,,09:25
3620260531030004,odawara,2026-06-02,4,▲6 ×1 △4 注2 ◎5 ○7,,,,,7,原井 剣也  福,岡,32,119,A1,逃,3.92,87.5,◎,6,27.7,38.8,61.1,3,0,,,,,,09:25
3620260531030005,odawara,2026-06-02,5,×4 注2 ◎5 ○1 ▲6 △7,,,,,1,橋本 勝弘  愛,媛,43,89,A2,追,3.92,83.23,○,5,9.5,14.2,38.0,0,0,,,,,,09:45
3620260531030005,odawara,2026-06-02,5,×4 注2 ◎5 ○1 ▲6 △7,,,,,2,山田 義彦  埼,玉,40,92,A1,両,3.92,87.56,注,2,5.5,27.7,33.3,0,1,,,,,,09:45
3620260531030005,odawara,2026-06-02,5,×4 注2 ◎5 ○1 ▲6 △7,,,,,3,山田 和巧,神奈川,48,87,A1,追,3.92,81.9,,0,4.5,4.5,22.7,0,0,,,,,,09:45
3620260531030005,odawara,2026-06-02,5,×4 注2 ◎5 ○1 ▲6 △7,,,,,4,吉田 元輝  茨,城,39,100,A2,両,3.92,86.95,×,1,26.0,34.7,47.8,0,3,,,,,,09:45
3620260531030005,odawara,2026-06-02,5,×4 注2 ◎5 ○1 ▲6 △7,,,,,5,蒋野 翔太  徳,島,31,115,A1,逃,3.92,91.0,◎,6,14.2,33.3,52.3,0,1,,,,,,09:45
3620260531030005,odawara,2026-06-02,5,×4 注2 ◎5 ○1 ▲6 △7,,,,,6,鳥海 創  千,葉,24,123,A2,逃,3.92,81.14,▲,3,13.3,20.0,33.3,2,1,,,,,,09:45
3620260531030005,odawara,2026-06-02,5,×4 注2 ◎5 ○1 ▲6 △7,,,,,7,柏木 伸介  静,岡,47,84,A1,両,3.92,86.66,△,4,0.0,23.8,38.0,0,1,,,,,,09:45
3620260531030006,odawara,2026-06-02,6,×1 注6 ◎2 ○5 △4 ▲7,,,,,1,櫻木 雄太  福,岡,25,123,A1,逃,3.92,89.69,×,1,19.2,30.7,34.6,1,1,,,,,,10:05
3620260531030006,odawara,2026-06-02,6,×1 注6 ◎2 ○5 △4 ▲7,,,,,2,片桐 善也  新,潟,32,117,A1,逃,3.92,91.76,◎,6,33.3,47.6,61.9,4,2,,,,,,10:05
3620260531030006,odawara,2026-06-02,6,×1 注6 ◎2 ○5 △4 ▲7,,,,,3,大竹 哲也  静,岡,46,93,A1,追,3.92,85.36,▲,3,8.6,21.7,34.7,0,0,,,,,,10:05
3620260531030006,odawara,2026-06-02,6,×1 注6 ◎2 ○5 △4 ▲7,,,,,4,宇賀神 浩幸  栃,木,52,73,A2,追,3.92,82.75,,0,4.1,4.1,16.6,0,0,,,,,,10:05
3620260531030006,odawara,2026-06-02,6,×1 注6 ◎2 ○5 △4 ▲7,,,,,5,高橋 泰裕  埼,玉,41,107,A1,追,3.92,88.23,○,5,33.3,47.6,61.9,0,1,,,,,,10:05
3620260531030006,odawara,2026-06-02,6,×1 注6 ◎2 ○5 △4 ▲7,,,,,6,梶山 裕次郎  福,岡,45,87,A2,追,3.93,80.04,注,2,0.0,0.0,14.2,0,0,,,,,,10:05
3620260531030006,odawara,2026-06-02,6,×1 注6 ◎2 ○5 △4 ▲7,,,,,7,横内 裕人  愛,媛,34,100,A1,両,3.92,85.16,△,4,16.6,41.6,54.1,2,3,,,,,,10:05
3620260531030007,odawara,2026-06-02,7,×6 注1 ◎4 ○2 ▲5 △3,,,,,1,江守 昇  千,葉,51,73,A1,追,3.92,91.44,,0,11.1,33.3,44.4,0,0,,,,,,10:25
3620260531030007,odawara,2026-06-02,7,×6 注1 ◎4 ○2 ▲5 △3,,,,,2,高井 流星  岡,山,31,113,A1,逃,3.92,90.0,◎,6,26.0,56.5,65.2,7,5,,,,,,10:25
3620260531030007,odawara,2026-06-02,7,×6 注1 ◎4 ○2 ▲5 △3,,,,,3,中島 淳  埼,玉,26,125,A2,逃,3.85,87.68,▲,3,25.0,40.0,55.0,5,3,,,,,,10:25
3620260531030007,odawara,2026-06-02,7,×6 注1 ◎4 ○2 ▲5 △3,,,,,4,伊藤 涼介  広,島,25,127,A2,逃,3.92,90.68,注,2,45.4,59.0,63.6,10,2,,,,,,10:25
3620260531030007,odawara,2026-06-02,7,×6 注1 ◎4 ○2 ▲5 △3,,,,,5,奥村 諭志  岡,山,32,111,A1,両,3.92,90.0,○,5,19.0,38.0,57.1,0,1,,,,,,10:25
3620260531030007,odawara,2026-06-02,7,×6 注1 ◎4 ○2 ▲5 △3,,,,,6,田頭 寛之  千,葉,37,109,A1,両,3.93,85.74,×,1,11.1,29.6,59.2,1,2,,,,,,10:25
3620260531030007,odawara,2026-06-02,7,×6 注1 ◎4 ○2 ▲5 △3,,,,,7,丸山 直樹  埼,玉,40,93,A1,追,3.92,90.17,△,4,29.4,47.0,52.9,0,1,,,,,,10:25
3820260531030001,shizuoka,2026-06-02,1,,,,,,1,奥出 良  石,川,32,109,A2,逃,3.92,85.75,,0,20.8,29.1,45.8,3,4,,,,,,20:36
3820260531030001,shizuoka,2026-06-02,1,,,,,,2,宮倉 勇  千,葉,61,58,A2,追,3.93,85.31,,0,0.0,0.0,25.0,0,0,,,,,,20:36
3820260531030001,shizuoka,2026-06-02,1,,,,,,3,板橋 慎治  岐,阜,44,95,A2,追,3.92,82.37,,0,0.0,4.1,29.1,0,0,,,,,,20:36
3820260531030001,shizuoka,2026-06-02,1,,,,,,4,勝俣 亮,神奈川,48,82,A2,両,3.92,80.66,,0,14.2,28.5,38.0,2,3,,,,,,20:36
3820260531030001,shizuoka,2026-06-02,1,,,,,,5,大越 啓介  栃,木,37,97,A2,追,3.92,79.79,,0,8.3,16.6,29.1,0,0,,,,,,20:36
3820260531030001,shizuoka,2026-06-02,1,,,,,,6,高谷 進太郎  三,重,46,85,A2,両,3.92,79.66,,0,0.0,4.1,16.6,0,0,,,,,,20:36
3820260531030001,shizuoka,2026-06-02,1,,,,,,7,渡邊 政幸  埼,玉,43,90,A2,追,3.92,79.21,,0,0.0,4.3,17.3,0,0,,,,,,20:36
3820260531030002,shizuoka,2026-06-02,2,,,,,,1,大島 将人  福,島,37,94,A1,追,3.92,85.23,,0,4.7,33.3,47.6,0,0,,,,,,21:00
3820260531030002,shizuoka,2026-06-02,2,,,,,,2,丹波 孝佑  大,阪,38,98,A1,逃,3.92,84.16,,0,15.3,38.4,46.1,5,0,,,,,,21:00
3820260531030002,shizuoka,2026-06-02,2,,,,,,3,乾 庄平  滋,賀,39,95,A2,追,3.92,83.57,,0,4.7,33.3,47.6,0,0,,,,,,21:00
3820260531030002,shizuoka,2026-06-02,2,,,,,,4,辰己 豊  奈,良,47,86,A2,追,3.92,83.18,,0,5.8,11.7,47.0,0,0,,,,,,21:00
3820260531030002,shizuoka,2026-06-02,2,,,,,,5,倉野 隆太郎  三,重,42,91,A2,追,3.92,80.09,,0,4.5,13.6,13.6,0,0,,,,,,21:00
3820260531030002,shizuoka,2026-06-02,2,,,,,,6,村瀬 大和  岐,阜,24,119,A2,逃,3.92,79.9,,0,4.7,4.7,14.2,1,0,,,,,,21:00
3820260531030002,shizuoka,2026-06-02,2,,,,,,7,柳 充  青,森,51,79,A2,追,3.92,79.54,,0,0.0,4.1,20.8,0,0,,,,,,21:00
3820260531030003,shizuoka,2026-06-02,3,,,,,,1,藤田 竜矢  埼,玉,46,88,A1,両,3.92,87.92,,0,15.3,38.4,53.8,0,2,,,,,,21:24
3820260531030003,shizuoka,2026-06-02,3,,,,,,2,尾崎 悠生  埼,玉,28,113,A2,逃,3.85,84.85,,0,25.9,48.1,55.5,12,1,,,,,,21:24
3820260531030003,shizuoka,2026-06-02,3,,,,,,3,小川 大地  愛,知,35,98,A2,追,3.92,82.0,,0,9.5,28.5,33.3,0,0,,,,,,21:24
3820260531030003,shizuoka,2026-06-02,3,,,,,,4,水書 義弘  千,葉,52,75,A1,追,3.92,81.52,,0,8.6,17.3,26.0,0,0,,,,,,21:24
3820260531030003,shizuoka,2026-06-02,3,,,,,,5,飯島 淳  東,京,49,78,A2,追,3.92,80.34,,0,5.0,5.0,10.0,0,0,,,,,,21:24
3820260531030003,shizuoka,2026-06-02,3,,,,,,6,廣田 敦士  三,重,33,107,A2,逃,3.92,80.2,,0,12.5,25.0,25.0,4,0,,,,,,21:24
3820260531030003,shizuoka,2026-06-02,3,,,,,,7,櫻川 雅彦  千,葉,41,99,A2,追,3.92,80.11,,0,0.0,5.2,15.7,0,0,,,,,,21:24
3820260531030004,shizuoka,2026-06-02,4,,,,,,1,成田 直喜  青,森,50,81,A1,追,3.92,91.47,,0,19.0,38.0,52.3,0,1,,,,,,21:48
3820260531030004,shizuoka,2026-06-02,4,,,,,,2,伊原 克彦  福,井,44,91,A1,両,3.92,91.04,,0,19.0,42.8,66.6,0,5,,,,,,21:48
3820260531030004,shizuoka,2026-06-02,4,,,,,,3,松澤 敬輔,北海道,38,97,A2,両,3.92,89.35,,0,23.8,61.9,61.9,1,2,,,,,,21:48
3820260531030004,shizuoka,2026-06-02,4,,,,,,4,山本 修平  東,京,30,115,A1,逃,3.92,88.44,,0,16.6,44.4,61.1,4,0,,,,,,21:48
3820260531030004,shizuoka,2026-06-02,4,,,,,,5,星野 辰也  栃,木,40,95,A1,追,3.92,88.37,,0,12.5,37.5,54.1,0,1,,,,,,21:48
3820260531030004,shizuoka,2026-06-02,4,,,,,,6,平石 浩之  茨,城,48,87,A1,追,3.92,87.83,,0,5.5,38.8,72.2,0,0,,,,,,21:48
3820260531030004,shizuoka,2026-06-02,4,,,,,,7,田村 風起  奈,良,31,107,A1,追,3.92,85.83,,0,5.5,27.7,38.8,1,0,,,,,,21:48
3820260531030005,shizuoka,2026-06-02,5,,,,,,1,西浦 仙哉  三,重,52,73,A1,両,3.92,91.71,,0,33.3,42.8,52.3,2,5,,,,,,22:13
3820260531030005,shizuoka,2026-06-02,5,,,,,,2,山田 裕哉  岐,阜,40,98,A1,追,3.92,90.61,,0,23.8,61.9,66.6,0,0,,,,,,22:13
3820260531030005,shizuoka,2026-06-02,5,,,,,,3,酒井 拳蔵  大,阪,30,109,A1,両,3.92,87.65,,0,25.0,35.0,35.0,1,3,,,,,,22:13
3820260531030005,shizuoka,2026-06-02,5,,,,,,4,大塚 城  静,岡,20,127,A2,逃,3.92,87.61,,0,61.1,72.2,83.3,8,5,,,,,,22:13
3820260531030005,shizuoka,2026-06-02,5,,,,,,5,土屋 仁  茨,城,51,84,A2,追,3.92,85.6,,0,15.0,35.0,55.0,0,0,,,,,,22:13
3820260531030005,shizuoka,2026-06-02,5,,,,,,6,齋藤 友幸  静,岡,42,90,A1,両,3.92,85.0,,0,13.3,33.3,46.6,0,2,,,,,,22:13
3820260531030005,shizuoka,2026-06-02,5,,,,,,7,藤原 夏志  大,阪,28,125,A2,逃,3.92,83.58,,0,0.0,11.1,27.7,0,0,,,,,,22:13
3820260531030006,shizuoka,2026-06-02,6,,,,,,1,上川 直紀  栃,木,29,117,A1,両,3.92,93.0,,0,22.2,50.0,77.7,3,5,,,,,,22:40
3820260531030006,shizuoka,2026-06-02,6,,,,,,2,岩崎 将士  青,森,43,88,A1,追,3.92,87.54,,0,20.8,29.1,41.6,0,0,,,,,,22:40
3820260531030006,shizuoka,2026-06-02,6,,,,,,3,佐藤 悦夫  栃,木,46,86,A2,追,3.92,87.06,,0,0.0,20.0,46.6,0,0,,,,,,22:40
3820260531030006,shizuoka,2026-06-02,6,,,,,,4,泉谷 元樹  愛,知,37,101,A1,逃,3.92,86.04,,0,14.2,28.5,47.6,4,1,,,,,,22:40
3820260531030006,shizuoka,2026-06-02,6,,,,,,5,島野 浩司  愛,知,57,62,A1,追,3.92,86.0,,0,7.6,23.0,38.4,0,0,,,,,,22:40
3820260531030006,shizuoka,2026-06-02,6,,,,,,6,近藤 寛央  東,京,39,97,A1,追,3.92,84.66,,0,0.0,5.5,22.2,0,0,,,,,,22:40
3820260531030006,shizuoka,2026-06-02,6,,,,,,7,中村 美千隆  兵,庫,49,80,A2,両,3.92,78.62,,0,0.0,12.5,25.0,1,0,,,,,,22:40
3820260531030007,shizuoka,2026-06-02,7,,,,,,1,角田 光  福,島,26,125,A2,逃,3.92,92.22,,0,38.8,55.5,72.2,6,3,,,,,,23:07
3820260531030007,shizuoka,2026-06-02,7,,,,,,2,小林 圭介  茨,城,50,83,A1,追,3.92,91.85,,0,14.2,33.3,57.1,0,0,,,,,,23:07
3820260531030007,shizuoka,2026-06-02,7,,,,,,3,高本 和也,神奈川,29,121,A1,逃,3.92,91.8,,0,14.2,33.3,57.1,1,3,,,,,,23:07
3820260531030007,shizuoka,2026-06-02,7,,,,,,4,加藤 圭一,神奈川,48,85,A1,追,3.92,90.91,,0,8.3,29.1,45.8,0,0,,,,,,23:07
3820260531030007,shizuoka,2026-06-02,7,,,,,,5,阿部 架惟都  宮,城,26,115,A1,逃,3.92,89.72,,0,38.8,55.5,72.2,9,1,,,,,,23:07
3820260531030007,shizuoka,2026-06-02,7,,,,,,6,金田 涼馬,神奈川,28,119,A1,逃,3.92,88.91,,0,29.1,54.1,58.3,7,5,,,,,,23:07
3820260531030007,shizuoka,2026-06-02,7,,,,,,7,栗田 雄矢  静,岡,40,96,A2,追,3.92,85.33,,0,16.6,25.0,37.5,0,1,,,,,,23:07
4220260601020001,nagoya,2026-06-02,1,△1 ×7 注3 ◎5 ▲2 ○4,,,,,1,久保 光司  佐,賀,29,119,A2,逃,3.92,80.33,△,4,14.2,19.0,28.5,3,0,,,,,,11:04
4220260601020001,nagoya,2026-06-02,1,△1 ×7 注3 ◎5 ▲2 ○4,,,,,2,望月 嘉人  静,岡,29,123,A2,逃,3.92,79.66,▲,3,5.5,11.1,22.2,2,0,,,,,,11:04
4220260601020001,nagoya,2026-06-02,1,△1 ×7 注3 ◎5 ▲2 ○4,,,,,3,林 成人  愛,媛,53,73,A2,追,3.92,81.41,注,2,8.3,16.6,25.0,0,0,,,,,,11:04
4220260601020001,nagoya,2026-06-02,1,△1 ×7 注3 ◎5 ▲2 ○4,,,,,4,渡辺 航平  東,京,48,79,A1,追,3.93,86.0,○,5,12.5,25.0,50.0,0,0,,,,,,11:04
4220260601020001,nagoya,2026-06-02,1,△1 ×7 注3 ◎5 ▲2 ○4,,,,,5,藤岡 徹也  兵,庫,38,121,A1,両,3.92,87.53,◎,6,40.0,46.6,60.0,0,4,,,,,,11:04
4220260601020001,nagoya,2026-06-02,1,△1 ×7 注3 ◎5 ▲2 ○4,,,,,6,鈴木 宏章  栃,木,50,80,A2,追,3.86,77.91,,0,0.0,0.0,4.3,0,0,,,,,,11:04
4220260601020001,nagoya,2026-06-02,1,△1 ×7 注3 ◎5 ▲2 ○4,,,,,7,廣川 泰昭  愛,媛,43,90,A2,追,3.92,84.26,×,1,13.3,20.0,33.3,0,1,,,,,,11:04
4220260601020002,nagoya,2026-06-02,2,◎1 ○4 注2 △5 ×6 ▲7,,,,,1,吉田 篤史  奈,良,37,109,A2,両,3.92,88.2,◎,6,13.3,60.0,73.3,2,3,,,,,,11:29
4220260601020002,nagoya,2026-06-02,2,◎1 ○4 注2 △5 ×6 ▲7,,,,,2,高倉 俊宏  福,岡,39,93,A2,両,3.92,83.47,注,2,28.5,28.5,38.0,1,3,,,,,,11:29
4220260601020002,nagoya,2026-06-02,2,◎1 ○4 注2 △5 ×6 ▲7,,,,,3,松山 正和  静,岡,54,76,A2,追,3.92,82.15,▲,3,0.0,15.3,23.0,0,0,,,,,,11:29
4220260601020002,nagoya,2026-06-02,2,◎1 ○4 注2 △5 ×6 ▲7,,,,,4,山田 晃久  石,川,51,77,A2,追,3.92,83.87,○,5,4.1,12.5,41.6,0,0,,,,,,11:29
4220260601020002,nagoya,2026-06-02,2,◎1 ○4 注2 △5 ×6 ▲7,,,,,5,大竹野 裕樹,鹿児島,44,88,A2,両,3.92,84.58,△,4,29.1,45.8,45.8,0,9,,,,,,11:29
4220260601020002,nagoya,2026-06-02,2,◎1 ○4 注2 △5 ×6 ▲7,,,,,6,宗景 祐樹  栃,木,50,84,A2,追,3.92,78.44,,0,0.0,5.0,10.0,0,0,,,,,,11:29
4220260601020002,nagoya,2026-06-02,2,◎1 ○4 注2 △5 ×6 ▲7,,,,,7,渋谷 錬,神奈川,35,103,A2,追,3.92,86.66,×,1,16.6,29.1,50.0,0,0,,,,,,11:29
4220260601020003,nagoya,2026-06-02,3,△4 注1 ◎6 ○3 ▲5 ×7,,,,,1,戸伏 康夫  岡,山,46,96,A2,追,3.92,87.27,注,2,22.2,38.8,61.1,0,0,,,,,,11:56
4220260601020003,nagoya,2026-06-02,3,△4 注1 ◎6 ○3 ▲5 ×7,,,,,2,神開 一輝  福,岡,32,119,A1,逃,3.92,90.15,×,1,25.0,30.0,40.0,0,1,,,,,,11:56
4220260601020003,nagoya,2026-06-02,3,△4 注1 ◎6 ○3 ▲5 ×7,,,,,3,泉 文人  福,島,35,99,A1,両,3.92,93.33,◎,6,33.3,66.6,83.3,0,2,,,,,,11:56
4220260601020003,nagoya,2026-06-02,3,△4 注1 ◎6 ○3 ▲5 ×7,,,,,4,田中 和磨  岡,山,29,113,A2,逃,3.93,92.04,△,4,38.4,57.6,84.6,3,7,,,,,,11:56
4220260601020003,nagoya,2026-06-02,3,△4 注1 ◎6 ○3 ▲5 ×7,,,,,5,小橋 秀幸  青,森,47,85,A1,追,3.93,92.62,○,5,33.3,50.0,62.5,0,0,,,,,,11:56
4220260601020003,nagoya,2026-06-02,3,△4 注1 ◎6 ○3 ▲5 ×7,,,,,6,船曳 義之  香,川,49,83,A2,追,3.92,81.08,,0,4.1,4.1,16.6,0,0,,,,,,11:56
4220260601020003,nagoya,2026-06-02,3,△4 注1 ◎6 ○3 ▲5 ×7,,,,,7,田川 翔琉  熊,本,28,119,A1,逃,3.92,86.63,▲,3,15.7,26.3,57.8,2,2,,,,,,11:56
4220260601020004,nagoya,2026-06-02,4,×5 注3 ▲1 ○6 ◎7 △2,,,,,1,伊藤 奎  福,島,27,115,A1,追,3.93,87.8,▲,3,9.5,14.2,33.3,0,1,,,,,,12:23
4220260601020004,nagoya,2026-06-02,4,×5 注3 ▲1 ○6 ◎7 △2,,,,,2,吉田 茂生  岐,阜,35,98,A1,両,3.92,94.47,◎,6,33.3,47.6,95.2,0,1,,,,,,12:23
4220260601020004,nagoya,2026-06-02,4,×5 注3 ▲1 ○6 ◎7 △2,,,,,3,石田 洋秀  広,島,56,64,A1,追,3.92,88.19,注,2,9.5,38.0,52.3,0,0,,,,,,12:23
4220260601020004,nagoya,2026-06-02,4,×5 注3 ▲1 ○6 ◎7 △2,,,,,4,中井 勇介  大,阪,44,100,A1,逃,3.92,87.21,△,4,20.0,50.0,60.0,5,2,,,,,,12:23
4220260601020004,nagoya,2026-06-02,4,×5 注3 ▲1 ○6 ◎7 △2,,,,,5,矢部 駿人  岡,山,27,121,A1,逃,3.92,92.09,×,1,4.7,38.0,66.6,4,2,,,,,,12:23
4220260601020004,nagoya,2026-06-02,4,×5 注3 ▲1 ○6 ◎7 △2,,,,,6,山崎 敦雄  静,岡,53,70,A1,追,3.85,82.53,,0,6.2,12.5,18.7,0,0,,,,,,12:23
4220260601020004,nagoya,2026-06-02,4,×5 注3 ▲1 ○6 ◎7 △2,,,,,7,安達 光伸  岐,阜,24,127,A2,逃,3.92,92.16,○,5,50.0,66.6,72.2,9,3,,,,,,12:23
4220260601020005,nagoya,2026-06-02,5,▲6 ×2 ◎1 ○7 注5 △3,,,,,1,稲毛 知也,和歌山,28,123,A1,逃,3.92,92.04,◎,6,37.5,50.0,62.5,2,10,,,,,,12:50
4220260601020005,nagoya,2026-06-02,5,▲6 ×2 ◎1 ○7 注5 △3,,,,,2,飯田 辰哉  千,葉,53,72,A1,追,3.92,89.79,×,1,12.5,20.8,37.5,0,0,,,,,,12:50
4220260601020005,nagoya,2026-06-02,5,▲6 ×2 ◎1 ○7 注5 △3,,,,,3,火島 裕輝  愛,媛,23,123,A1,逃,3.92,87.93,注,2,26.6,46.6,53.3,2,2,,,,,,12:50
4220260601020005,nagoya,2026-06-02,5,▲6 ×2 ◎1 ○7 注5 △3,,,,,4,上田 学  愛,媛,55,69,A1,追,3.86,87.04,△,4,8.3,25.0,29.1,0,0,,,,,,12:50
4220260601020005,nagoya,2026-06-02,5,▲6 ×2 ◎1 ○7 注5 △3,,,,,5,渡会 啓介  愛,知,49,83,A2,追,3.92,83.19,,0,4.7,9.5,47.6,0,0,,,,,,12:50
4220260601020005,nagoya,2026-06-02,5,▲6 ×2 ◎1 ○7 注5 △3,,,,,6,菅田 和宏  宮,城,43,88,A2,逃,3.92,83.17,▲,3,14.2,28.5,39.2,2,3,,,,,,12:50
4220260601020005,nagoya,2026-06-02,5,▲6 ×2 ◎1 ○7 注5 △3,,,,,7,加藤 寛治  愛,知,48,83,A1,両,3.92,87.41,○,5,29.1,45.8,62.5,0,2,,,,,,12:50
4220260601020006,nagoya,2026-06-02,6,△7 ×1 注3 ▲5 ◎2 ○4,,,,,1,伊藤 勝太  愛,知,38,95,S2,追,3.92,94.63,×,1,0.0,0.0,9.0,0,0,,,,,,13:18
4220260601020006,nagoya,2026-06-02,6,△7 ×1 注3 ▲5 ◎2 ○4,,,,,2,黒沢 征治  埼,玉,34,113,S1,両,3.93,107.07,◎,6,26.6,33.3,46.6,0,1,,,,,,13:18
4220260601020006,nagoya,2026-06-02,6,△7 ×1 注3 ▲5 ◎2 ○4,,,,,3,藤原 誠  岐,阜,54,69,S2,追,3.93,95.72,注,2,10.3,20.6,34.4,0,0,,,,,,13:18
4220260601020006,nagoya,2026-06-02,6,△7 ×1 注3 ▲5 ◎2 ○4,,,,,4,小林 大介  群,馬,48,79,S2,追,3.92,100.89,○,5,7.1,25.0,53.5,0,1,,,,,,13:18
4220260601020006,nagoya,2026-06-02,6,△7 ×1 注3 ▲5 ◎2 ○4,,,,,5,宮越 孝治  富,山,47,82,S2,追,3.92,94.83,▲,3,3.2,3.2,16.1,0,0,,,,,,13:18
4220260601020006,nagoya,2026-06-02,6,△7 ×1 注3 ▲5 ◎2 ○4,,,,,6,佐藤 康紀  青,森,51,73,S2,追,3.92,93.41,,0,0.0,0.0,7.6,0,0,,,,,,13:18
4220260601020006,nagoya,2026-06-02,6,△7 ×1 注3 ▲5 ◎2 ○4,,,,,7,林 敬宏  愛,知,34,117,S2,逃,3.92,98.1,△,4,6.6,13.3,23.3,0,3,,,,,,13:18
4220260601020007,nagoya,2026-06-02,7,◎1 △4 ×5 注2 ○3 ▲7,,,,,1,伊藤 信  大,阪,42,92,S2,逃,3.93,104.08,◎,6,16.6,33.3,37.5,1,6,,,,,,13:48
4220260601020007,nagoya,2026-06-02,7,◎1 △4 ×5 注2 ○3 ▲7,,,,,2,紺野 哲也  宮,城,53,69,S2,追,3.92,99.83,注,2,10.5,21.0,36.8,0,0,,,,,,13:48
4220260601020007,nagoya,2026-06-02,7,◎1 △4 ×5 注2 ○3 ▲7,,,,,3,格清 洋介  静,岡,31,111,S2,逃,3.93,99.73,○,5,21.7,47.8,52.1,6,4,,,,,,13:48
4220260601020007,nagoya,2026-06-02,7,◎1 △4 ×5 注2 ○3 ▲7,,,,,4,金山 栄治  滋,賀,52,72,S2,追,3.92,95.0,△,4,0.0,7.6,7.6,0,0,,,,,,13:48
4220260601020007,nagoya,2026-06-02,7,◎1 △4 ×5 注2 ○3 ▲7,,,,,5,橋本 瑠偉  栃,木,31,113,S1,逃,3.92,98.0,×,1,18.1,22.7,27.2,2,2,,,,,,13:48
4220260601020007,nagoya,2026-06-02,7,◎1 △4 ×5 注2 ○3 ▲7,,,,,6,出澤 拓也,神奈川,35,111,S2,追,3.93,94.38,,0,0.0,9.3,28.1,0,0,,,,,,13:48
4220260601020007,nagoya,2026-06-02,7,◎1 △4 ×5 注2 ○3 ▲7,,,,,7,中村 浩士  千,葉,48,79,S1,追,3.85,101.35,▲,3,4.5,13.6,27.2,0,0,,,,,,13:48
4220260601020008,nagoya,2026-06-02,8,◎7 ○1 ×3 △4 注2 ▲6,,,,,1,池田 勇人  埼,玉,41,90,S2,追,3.93,95.58,○,5,3.2,3.2,9.6,1,0,,,,,,14:18
4220260601020008,nagoya,2026-06-02,8,◎7 ○1 ×3 △4 注2 ▲6,,,,,2,斉藤 樂  宮,城,24,123,S2,逃,3.92,98.71,注,2,14.2,23.8,33.3,1,3,,,,,,14:18
4220260601020008,nagoya,2026-06-02,8,◎7 ○1 ×3 △4 注2 ▲6,,,,,3,松岡 篤哉  岐,阜,43,97,S2,両,3.92,102.38,×,1,33.3,42.8,47.6,1,1,,,,,,14:18
4220260601020008,nagoya,2026-06-02,8,◎7 ○1 ×3 △4 注2 ▲6,,,,,4,佐藤 龍二,神奈川,37,94,S2,追,3.85,100.08,△,4,4.3,17.3,34.7,0,0,,,,,,14:18
4220260601020008,nagoya,2026-06-02,8,◎7 ○1 ×3 △4 注2 ▲6,,,,,5,本郷 雄三  熊,本,37,99,S2,両,3.92,98.16,▲,3,10.0,10.0,30.0,1,1,,,,,,14:18
4220260601020008,nagoya,2026-06-02,8,◎7 ○1 ×3 △4 注2 ▲6,,,,,6,房州 輝也  福,島,39,91,S2,両,3.93,95.24,,0,3.0,9.0,24.2,0,0,,,,,,14:18
4220260601020008,nagoya,2026-06-02,8,◎7 ○1 ×3 △4 注2 ▲6,,,,,7,安彦 統賀  埼,玉,27,121,S2,両,3.92,105.37,◎,6,22.2,40.7,62.9,0,4,,,,,,14:18
4220260601020009,nagoya,2026-06-02,9,×2 注5 △1 ◎7 ○3 ▲4,,,,,1,丸山 留依  静,岡,20,127,S2,逃,3.92,103.47,△,4,57.8,57.8,78.9,5,5,,,,,,14:48
4220260601020009,nagoya,2026-06-02,9,×2 注5 △1 ◎7 ○3 ▲4,,,,,2,黒瀬 浩太郎  広,島,26,123,S1,逃,3.92,107.62,×,1,29.4,47.0,58.8,5,3,,,,,,14:48
4220260601020009,nagoya,2026-06-02,9,×2 注5 △1 ◎7 ○3 ▲4,,,,,3,久島 尚樹  宮,崎,35,100,S2,両,3.92,106.8,○,5,26.9,46.1,69.2,1,1,,,,,,14:48
4220260601020009,nagoya,2026-06-02,9,×2 注5 △1 ◎7 ○3 ▲4,,,,,4,稲吉 悠大  福,岡,39,92,S2,追,3.92,100.74,▲,3,7.4,25.9,40.7,0,0,,,,,,14:48
4220260601020009,nagoya,2026-06-02,9,×2 注5 △1 ◎7 ○3 ▲4,,,,,5,川口 雄太  徳,島,29,111,S2,両,3.92,104.87,注,2,33.3,50.0,54.1,0,3,,,,,,14:48
4220260601020009,nagoya,2026-06-02,9,×2 注5 △1 ◎7 ○3 ▲4,,,,,6,伊藤 成紀  大,阪,43,90,S2,両,3.93,98.17,,0,27.5,27.5,41.3,0,2,,,,,,14:48
4220260601020009,nagoya,2026-06-02,9,×2 注5 △1 ◎7 ○3 ▲4,,,,,7,青野 将大,神奈川,31,117,S1,逃,3.92,109.6,◎,6,30.0,50.0,55.0,3,5,,,,,,14:48
4220260601020010,nagoya,2026-06-02,10,▲5 △1 ○6 ◎7 注3 ×2,,,,,1,上野 優太  熊,本,29,113,S1,追,3.92,109.7,△,4,15.0,60.0,65.0,0,0,,,,,,15:20
4220260601020010,nagoya,2026-06-02,10,▲5 △1 ○6 ◎7 注3 ×2,,,,,2,久田 朔  大,阪,22,125,S2,逃,3.92,104.19,注,2,23.8,47.6,61.9,5,5,,,,,,15:20
4220260601020010,nagoya,2026-06-02,10,▲5 △1 ○6 ◎7 注3 ×2,,,,,3,金子 幸央  栃,木,33,101,S2,両,3.92,111.63,◎,6,31.8,59.0,72.7,0,4,,,,,,15:20
4220260601020010,nagoya,2026-06-02,10,▲5 △1 ○6 ◎7 注3 ×2,,,,,4,東口 善朋,和歌山,46,85,S1,追,3.92,109.05,×,1,10.5,21.0,31.5,0,0,,,,,,15:20
4220260601020010,nagoya,2026-06-02,10,▲5 △1 ○6 ◎7 注3 ×2,,,,,5,坂田 康季  佐,賀,28,121,S2,逃,3.92,100.1,▲,3,19.0,28.5,38.0,4,2,,,,,,15:20
4220260601020010,nagoya,2026-06-02,10,▲5 △1 ○6 ◎7 注3 ×2,,,,,6,山本 奨  岡,山,37,94,S2,両,3.92,100.0,,0,19.0,19.0,38.0,0,1,,,,,,15:20
4220260601020010,nagoya,2026-06-02,10,▲5 △1 ○6 ◎7 注3 ×2,,,,,7,木村 皆斗  茨,城,24,119,S1,逃,3.92,108.76,○,5,50.0,63.3,66.6,13,4,,,,,,15:20
4220260601020011,nagoya,2026-06-02,11,注4 ×5 ▲2 ◎7 ○1 △6,,,,,1,高橋 和也  愛,知,39,91,S2,両,3.93,101.75,○,5,8.0,36.0,44.0,2,2,,,,,,15:52
4220260601020011,nagoya,2026-06-02,11,注4 ×5 ▲2 ◎7 ○1 △6,,,,,2,石毛 克幸  千,葉,49,84,S2,追,3.92,101.81,▲,3,18.1,40.9,50.0,0,2,,,,,,15:52
4220260601020011,nagoya,2026-06-02,11,注4 ×5 ▲2 ◎7 ○1 △6,,,,,3,中井 太祐  奈,良,36,97,S1,両,3.92,105.12,△,4,12.5,25.0,37.5,0,1,,,,,,15:52
4220260601020011,nagoya,2026-06-02,11,注4 ×5 ▲2 ◎7 ○1 △6,,,,,4,小原 佑太  青,森,30,115,S1,逃,3.92,105.3,注,2,17.3,26.0,34.7,4,1,,,,,,15:52
4220260601020011,nagoya,2026-06-02,11,注4 ×5 ▲2 ◎7 ○1 △6,,,,,5,五日市 誠  青,森,41,89,S1,追,3.92,107.4,×,1,22.7,40.9,50.0,0,1,,,,,,15:52
4220260601020011,nagoya,2026-06-02,11,注4 ×5 ▲2 ◎7 ○1 △6,,,,,6,高田 修汰  福,井,26,115,S2,逃,3.92,95.9,,0,4.5,18.1,18.1,4,0,,,,,,15:52
4220260601020011,nagoya,2026-06-02,11,注4 ×5 ▲2 ◎7 ○1 △6,,,,,7,石原 颯  香,川,26,117,S1,逃,3.92,110.38,◎,6,15.7,42.1,42.1,7,1,,,,,,15:52
5520260601020001,wakayama,2026-06-02,1,◎5 ○2 注3 △6 ×1 ▲4,,,,,1,早坂 道義  栃,木,47,88,A3,追,3.85,72.81,×,1,11.1,29.6,55.5,0,0,,,,,,10:56
5520260601020001,wakayama,2026-06-02,1,◎5 ○2 注3 △6 ×1 ▲4,,,,,2,肥後 公允  奈,良,41,91,A3,両,3.92,65.38,○,5,9.5,14.2,33.3,0,2,,,,,,10:56
5520260601020001,wakayama,2026-06-02,1,◎5 ○2 注3 △6 ×1 ▲4,,,,,3,古田 義明  三,重,53,79,A3,追,3.93,69.16,注,2,5.2,10.5,26.3,0,0,,,,,,10:56
5520260601020001,wakayama,2026-06-02,1,◎5 ○2 注3 △6 ×1 ▲4,,,,,4,塚本 諭  福,島,49,85,A3,追,3.77,67.09,▲,3,14.2,19.0,19.0,1,0,,,,,,10:56
5520260601020001,wakayama,2026-06-02,1,◎5 ○2 注3 △6 ×1 ▲4,,,,,5,中嶋 樹  大,阪,24,119,A3,逃,3.92,69.88,◎,6,22.2,44.4,44.4,9,3,,,,,,10:56
5520260601020001,wakayama,2026-06-02,1,◎5 ○2 注3 △6 ×1 ▲4,,,,,6,松本 一成  新,潟,51,77,A3,逃,3.92,68.58,△,4,19.3,29.0,45.1,2,4,,,,,,10:56
5520260601020002,wakayama,2026-06-02,2,◎2 ○7 ▲6 注1 ×3 △4,,,,,1,伊藤 司  福,島,47,83,A3,逃,3.92,66.39,注,2,10.7,28.5,32.1,5,0,,,,,,11:20
5520260601020002,wakayama,2026-06-02,2,◎2 ○7 ▲6 注1 ×3 △4,,,,,2,大中 拓磨  兵,庫,37,111,A3,逃,3.93,71.92,◎,6,22.2,59.2,66.6,7,2,,,,,,11:20
5520260601020002,wakayama,2026-06-02,2,◎2 ○7 ▲6 注1 ×3 △4,,,,,3,石川 英昭  静,岡,55,75,A3,追,3.93,69.11,×,1,7.4,25.9,40.7,0,0,,,,,,11:20
5520260601020002,wakayama,2026-06-02,2,◎2 ○7 ▲6 注1 ×3 △4,,,,,4,山中 貴雄  愛,知,50,79,A3,追,3.92,69.09,△,4,4.7,9.5,42.8,0,0,,,,,,11:20
5520260601020002,wakayama,2026-06-02,2,◎2 ○7 ▲6 注1 ×3 △4,,,,,5,相良 勝美  福,島,54,70,A3,追,3.86,69.9,,0,4.7,28.5,28.5,0,0,,,,,,11:20
5520260601020002,wakayama,2026-06-02,2,◎2 ○7 ▲6 注1 ×3 △4,,,,,6,井上 将志  大,阪,49,86,A3,追,3.92,61.77,▲,3,0.0,0.0,0.0,0,0,,,,,,11:20
5520260601020002,wakayama,2026-06-02,2,◎2 ○7 ▲6 注1 ×3 △4,,,,,7,武田 哲二  京,都,55,65,A3,追,3.93,72.29,○,5,4.1,33.3,50.0,0,0,,,,,,11:20
5520260601020003,wakayama,2026-06-02,3,○2 △7 注6 ◎1 ×5 ▲3,,,,,1,吉川 悟  大,阪,49,79,A3,追,3.92,73.87,注,2,20.8,45.8,66.6,0,1,,,,,,11:47
5520260601020003,wakayama,2026-06-02,3,○2 △7 注6 ◎1 ×5 ▲3,,,,,2,加藤 健一,神奈川,33,107,A3,逃,3.86,75.95,○,5,38.0,52.3,71.4,8,2,,,,,,11:47
5520260601020003,wakayama,2026-06-02,3,○2 △7 注6 ◎1 ×5 ▲3,,,,,3,小塚 潤  愛,知,46,86,A3,追,3.92,70.14,×,1,11.1,25.9,37.0,0,1,,,,,,11:47
5520260601020003,wakayama,2026-06-02,3,○2 △7 注6 ◎1 ×5 ▲3,,,,,4,高橋 海月  青,森,25,123,A3,逃,3.85,69.2,▲,3,15.7,15.7,31.5,1,2,,,,,,11:47
5520260601020003,wakayama,2026-06-02,3,○2 △7 注6 ◎1 ×5 ▲3,,,,,5,岩原 健馬  愛,知,21,127,A3,逃,3.92,76.16,◎,6,45.8,66.6,79.1,10,4,,,,,,11:47
5520260601020003,wakayama,2026-06-02,3,○2 △7 注6 ◎1 ×5 ▲3,,,,,6,日浦 崇道,和歌山,35,109,A3,逃,3.92,67.28,,0,7.1,21.4,28.5,3,0,,,,,,11:47
5520260601020003,wakayama,2026-06-02,3,○2 △7 注6 ◎1 ×5 ▲3,,,,,7,長崎 達也,神奈川,44,89,A3,両,3.93,70.66,△,4,11.1,25.9,33.3,0,0,,,,,,11:47
5520260601020004,wakayama,2026-06-02,4,◎4 ○3 ×5 注1 △6 ▲7,,,,,1,光岡 義洋  愛,知,52,73,A3,追,3.77,69.38,注,2,14.2,14.2,38.0,0,0,,,,,,12:14
5520260601020004,wakayama,2026-06-02,4,◎4 ○3 ×5 注1 △6 ▲7,,,,,2,陶器 一馬  大,阪,47,86,A3,追,3.85,69.14,▲,3,4.7,23.8,42.8,0,0,,,,,,12:14
5520260601020004,wakayama,2026-06-02,4,◎4 ○3 ×5 注1 △6 ▲7,,,,,3,菅藤 智  群,馬,42,95,A3,追,3.92,71.23,○,5,0.0,14.2,35.7,0,0,,,,,,12:14
5520260601020004,wakayama,2026-06-02,4,◎4 ○3 ×5 注1 △6 ▲7,,,,,4,吉岡 優太  茨,城,24,127,A3,逃,3.92,78.88,◎,6,72.2,83.3,100.0,10,5,,,,,,12:14
5520260601020004,wakayama,2026-06-02,4,◎4 ○3 ×5 注1 △6 ▲7,,,,,5,上野 幸星  富,山,24,127,A3,逃,3.92,70.72,×,1,0.0,24.0,48.0,4,1,,,,,,12:14
5520260601020004,wakayama,2026-06-02,4,◎4 ○3 ×5 注1 △6 ▲7,,,,,6,関谷 哲平  奈,良,43,92,A3,逃,3.92,67.31,,0,18.1,31.8,36.3,4,3,,,,,,12:14
5520260601020004,wakayama,2026-06-02,4,◎4 ○3 ×5 注1 △6 ▲7,,,,,7,山村 慮太  大,阪,39,97,A3,両,3.92,72.25,△,4,22.2,37.0,59.2,0,0,,,,,,12:14
5520260601020005,wakayama,2026-06-02,5,注2 ×1 ○3 ◎4 △5 ▲6,,,,,1,高橋 朋恵  東,京,31,108,L1,追,3.77,50.2,×,1,0.0,12.0,36.0,0,0,,,,,,12:41
5520260601020005,wakayama,2026-06-02,5,注2 ×1 ○3 ◎4 △5 ▲6,,,,,2,田中 千尋  愛,知,28,114,L1,両,3.77,47.5,注,2,0.0,5.5,5.5,0,0,,,,,,12:41
5520260601020005,wakayama,2026-06-02,5,注2 ×1 ○3 ◎4 △5 ▲6,,,,,3,中島 瞳  埼,玉,21,126,L1,両,3.79,52.56,○,5,17.3,34.7,52.1,5,0,,,,,,12:41
5520260601020005,wakayama,2026-06-02,5,注2 ×1 ○3 ◎4 △5 ▲6,,,,,4,佐藤 友香  青,森,44,110,L1,追,3.77,46.54,,0,0.0,0.0,8.3,0,0,,,,,,12:41
5520260601020005,wakayama,2026-06-02,5,注2 ×1 ○3 ◎4 △5 ▲6,,,,,5,尾方 真生  福,岡,27,118,L1,逃,3.79,55.95,◎,6,70.8,83.3,87.5,4,15,,,,,,12:41
5520260601020005,wakayama,2026-06-02,5,注2 ×1 ○3 ◎4 △5 ▲6,,,,,6,成田 可菜絵  大,阪,39,112,L1,両,3.77,47.3,△,4,0.0,10.0,20.0,1,0,,,,,,12:41
5520260601020005,wakayama,2026-06-02,5,注2 ×1 ○3 ◎4 △5 ▲6,,,,,7,中川 諒子  熊,本,42,102,L1,両,3.77,45.72,▲,3,0.0,5.5,5.5,0,0,,,,,,12:41
5520260601020006,wakayama,2026-06-02,6,△6 注1 ○2 ◎3 ×4 ▲5,,,,,1,三宅 玲奈  岡,山,30,108,L1,追,3.79,46.46,注,2,3.5,3.5,3.5,0,0,,,,,,13:08
5520260601020006,wakayama,2026-06-02,6,△6 注1 ○2 ◎3 ×4 ▲5,,,,,2,齊藤 由紀  愛,知,40,110,L1,両,3.79,44.8,,0,0.0,0.0,0.0,0,0,,,,,,13:08
5520260601020006,wakayama,2026-06-02,6,△6 注1 ○2 ◎3 ×4 ▲5,,,,,3,畠山 ひすい,神奈川,24,122,L1,逃,3.77,54.61,○,5,44.4,61.1,83.3,4,5,,,,,,13:08
5520260601020006,wakayama,2026-06-02,6,△6 注1 ○2 ◎3 ×4 ▲5,,,,,4,吉川 美穂,和歌山,33,120,L1,両,3.79,57.0,◎,6,83.3,87.5,95.8,3,11,,,,,,13:08
5520260601020006,wakayama,2026-06-02,6,△6 注1 ○2 ◎3 ×4 ▲5,,,,,5,加藤 舞  沖,縄,29,116,L1,逃,3.77,52.95,×,1,14.2,42.8,66.6,4,3,,,,,,13:08
5520260601020006,wakayama,2026-06-02,6,△6 注1 ○2 ◎3 ×4 ▲5,,,,,6,篠崎 新純  千,葉,41,102,L1,両,3.79,48.44,△,4,11.1,22.2,27.7,0,1,,,,,,13:08
5520260601020006,wakayama,2026-06-02,6,△6 注1 ○2 ◎3 ×4 ▲5,,,,,7,南 彩乃  群,馬,28,112,L1,追,3.77,48.0,▲,3,0.0,8.3,8.3,0,0,,,,,,13:08
5520260601020007,wakayama,2026-06-02,7,×3 △7 ◎1 ○2 ▲4 注6,,,,,1,関 智晴  新,潟,42,89,A2,追,3.92,79.88,,0,5.8,5.8,17.6,0,0,,,,,,13:38
5520260601020007,wakayama,2026-06-02,7,×3 △7 ◎1 ○2 ▲4 注6,,,,,2,志水 祐彦  大,阪,41,94,A1,追,3.92,84.96,◎,6,15.3,34.6,38.4,0,0,,,,,,13:38
5520260601020007,wakayama,2026-06-02,7,×3 △7 ◎1 ○2 ▲4 注6,,,,,3,櫻井 利之,神奈川,39,101,A2,両,3.92,79.13,×,1,0.0,4.5,27.2,1,0,,,,,,13:38
5520260601020007,wakayama,2026-06-02,7,×3 △7 ◎1 ○2 ▲4 注6,,,,,4,山崎 光展  京,都,39,93,A2,両,3.92,81.45,○,5,4.5,13.6,36.3,0,0,,,,,,13:38
5520260601020007,wakayama,2026-06-02,7,×3 △7 ◎1 ○2 ▲4 注6,,,,,5,坂口 卓士  福,島,47,88,A1,追,3.92,88.0,注,2,5.5,44.4,61.1,0,0,,,,,,13:38
5520260601020007,wakayama,2026-06-02,7,×3 △7 ◎1 ○2 ▲4 注6,,,,,6,及川 裕奨  岩,手,44,86,A2,追,3.93,78.79,▲,3,4.1,8.3,16.6,0,1,,,,,,13:38
5520260601020007,wakayama,2026-06-02,7,×3 △7 ◎1 ○2 ▲4 注6,,,,,7,黒田 篤  栃,木,46,88,A2,追,3.92,80.59,△,4,0.0,4.7,28.5,0,0,,,,,,13:38
5520260601020008,wakayama,2026-06-02,8,×5 注1 ▲6 ○2 ◎3 △7,,,,,1,冨岡 健一  岐,阜,56,64,A2,追,3.92,82.0,注,2,0.0,6.6,33.3,0,0,,,,,,14:08
5520260601020008,wakayama,2026-06-02,8,×5 注1 ▲6 ○2 ◎3 △7,,,,,2,斯波 雅貴  静,岡,56,64,A2,追,3.93,79.33,▲,3,0.0,5.5,11.1,0,0,,,,,,14:08
5520260601020008,wakayama,2026-06-02,8,×5 注1 ▲6 ○2 ◎3 △7,,,,,3,小玉 勇一  埼,玉,31,113,A1,両,3.92,82.21,○,5,0.0,10.0,30.0,1,0,,,,,,14:08
5520260601020008,wakayama,2026-06-02,8,×5 注1 ▲6 ○2 ◎3 △7,,,,,4,鈴木 達也  福,島,41,97,A2,追,3.92,83.65,△,4,0.0,3.7,25.9,0,0,,,,,,14:08
5520260601020008,wakayama,2026-06-02,8,×5 注1 ▲6 ○2 ◎3 △7,,,,,5,松山 桂輔  愛,知,42,88,A1,追,3.92,87.33,×,1,9.5,33.3,57.1,0,0,,,,,,14:08
5520260601020008,wakayama,2026-06-02,8,×5 注1 ▲6 ○2 ◎3 △7,,,,,6,森川 剛,神奈川,46,89,A2,追,3.92,77.52,,0,0.0,0.0,8.6,0,0,,,,,,14:08
5520260601020008,wakayama,2026-06-02,8,×5 注1 ▲6 ○2 ◎3 △7,,,,,7,佐山 俊樹  埼,玉,36,97,A1,追,3.92,83.66,◎,6,22.2,22.2,38.8,0,0,,,,,,14:08
5520260601020009,wakayama,2026-06-02,9,×1 ○7 ◎4 △5 ▲2 注6,,,,,1,岩元 叶馬  富,山,23,125,A2,逃,3.92,87.36,×,1,26.0,30.4,39.1,4,3,,,,,,14:38
5520260601020009,wakayama,2026-06-02,9,×1 ○7 ◎4 △5 ▲2 注6,,,,,2,坂本 匡洋  大,阪,42,91,A2,追,3.92,86.78,△,4,17.3,30.4,39.1,0,0,,,,,,14:38
5520260601020009,wakayama,2026-06-02,9,×1 ○7 ◎4 △5 ▲2 注6,,,,,3,田村 真広  群,馬,51,83,A2,追,3.92,85.47,注,2,4.7,19.0,47.6,0,0,,,,,,14:38
5520260601020009,wakayama,2026-06-02,9,×1 ○7 ◎4 △5 ▲2 注6,,,,,4,岩城 佑典  愛,知,26,119,A2,逃,3.92,83.15,,0,15.7,21.0,26.3,0,1,,,,,,14:38
5520260601020009,wakayama,2026-06-02,9,×1 ○7 ◎4 △5 ▲2 注6,,,,,5,村上 翔馬  兵,庫,27,123,A1,逃,3.92,93.38,◎,6,28.5,66.6,85.7,6,8,,,,,,14:38
5520260601020009,wakayama,2026-06-02,9,×1 ○7 ◎4 △5 ▲2 注6,,,,,6,新井 僚太郎  山,梨,34,100,A2,両,3.92,81.59,▲,3,4.0,20.0,32.0,1,2,,,,,,14:38
5520260601020009,wakayama,2026-06-02,9,×1 ○7 ◎4 △5 ▲2 注6,,,,,7,西村 豊  三,重,46,84,A1,追,3.92,90.63,○,5,21.0,31.5,47.3,0,0,,,,,,14:38
5520260601020010,wakayama,2026-06-02,10,▲1 注6 △7 ×2 ◎5 ○3,,,,,1,布居 大地,和歌山,28,111,A1,逃,3.92,84.26,▲,3,0.0,18.7,43.7,1,0,,,,,,15:08
5520260601020010,wakayama,2026-06-02,10,▲1 注6 △7 ×2 ◎5 ○3,,,,,2,台 和紀  埼,玉,49,83,A2,追,3.92,87.12,△,4,33.3,37.5,54.1,0,0,,,,,,15:08
5520260601020010,wakayama,2026-06-02,10,▲1 注6 △7 ×2 ◎5 ○3,,,,,3,石田 拓真  愛,知,24,119,A1,逃,3.92,89.25,◎,6,31.2,37.5,50.0,4,2,,,,,,15:08
5520260601020010,wakayama,2026-06-02,10,▲1 注6 △7 ×2 ◎5 ○3,,,,,4,伊藤 温希  岐,阜,26,121,A1,追,3.85,89.93,○,5,6.6,40.0,60.0,0,1,,,,,,15:08
5520260601020010,wakayama,2026-06-02,10,▲1 注6 △7 ×2 ◎5 ○3,,,,,5,佐々木 省司  青,森,48,86,A1,追,3.92,91.95,×,1,16.6,50.0,66.6,0,0,,,,,,15:08
5520260601020010,wakayama,2026-06-02,10,▲1 注6 △7 ×2 ◎5 ○3,,,,,6,堺 文人,和歌山,47,85,A2,追,3.92,82.5,,0,14.2,28.5,42.8,0,0,,,,,,15:08
5520260601020010,wakayama,2026-06-02,10,▲1 注6 △7 ×2 ◎5 ○3,,,,,7,西村 剛  新,潟,26,125,A2,逃,3.92,86.94,注,2,26.3,47.3,52.6,5,4,,,,,,15:08
5520260601020011,wakayama,2026-06-02,11,▲1 ×5 △6 ◎2 ○7 注4,,,,,1,池邉 聖,神奈川,31,123,A1,逃,3.92,80.25,,0,8.3,16.6,29.1,2,2,,,,,,15:38
5520260601020011,wakayama,2026-06-02,11,▲1 ×5 △6 ◎2 ○7 注4,,,,,2,中澤 央治  大,阪,58,59,A1,追,3.93,86.47,△,4,9.5,23.8,47.6,0,0,,,,,,15:38
5520260601020011,wakayama,2026-06-02,11,▲1 ×5 △6 ◎2 ○7 注4,,,,,3,和田 禎嗣  埼,玉,41,99,A1,追,3.92,85.0,注,2,8.3,20.8,50.0,1,0,,,,,,15:38
5520260601020011,wakayama,2026-06-02,11,▲1 ×5 △6 ◎2 ○7 注4,,,,,4,飯嶋 則之  栃,木,47,81,A1,追,3.92,90.9,○,5,9.5,28.5,42.8,0,0,,,,,,15:38
5520260601020011,wakayama,2026-06-02,11,▲1 ×5 △6 ◎2 ○7 注4,,,,,5,藤田 大輔  千,葉,41,91,A1,追,3.92,88.55,▲,3,11.1,29.6,51.8,0,1,,,,,,15:38
5520260601020011,wakayama,2026-06-02,11,▲1 ×5 △6 ◎2 ○7 注4,,,,,6,西森 一稀  兵,庫,21,127,A2,逃,3.92,79.09,×,1,80.9,90.4,95.2,15,3,,,,,,15:38
5520260601020011,wakayama,2026-06-02,11,▲1 ×5 △6 ◎2 ○7 注4,,,,,7,吉田 昌司  茨,城,28,111,A1,逃,3.92,93.85,◎,6,33.3,61.9,71.4,4,6,,,,,,15:38
5620260531030001,kishiwada,2026-06-02,1,,,,,,1,川木 敬大  兵,庫,47,84,A1,追,3.92,82.66,,0,7.6,15.3,38.4,0,0,,,,,,20:44
5620260531030001,kishiwada,2026-06-02,1,,,,,,2,楢原 由将  福,岡,38,94,A2,両,3.92,82.23,,0,0.0,9.5,19.0,0,0,,,,,,20:44
5620260531030001,kishiwada,2026-06-02,1,,,,,,3,小林 史也,和歌山,40,107,A1,逃,3.92,81.94,,0,5.0,20.0,25.0,4,0,,,,,,20:44
5620260531030001,kishiwada,2026-06-02,1,,,,,,4,岡崎 祥伍  岐,阜,37,97,A2,追,3.92,81.0,,0,25.0,25.0,25.0,0,0,,,,,,20:44
5620260531030001,kishiwada,2026-06-02,1,,,,,,5,森川 康輔  岐,阜,28,111,A1,両,3.92,80.66,,0,33.3,33.3,33.3,0,0,,,,,,20:44
5620260531030001,kishiwada,2026-06-02,1,,,,,,6,高橋 成英  愛,知,43,89,A1,両,3.92,78.47,,0,4.7,19.0,19.0,2,0,,,,,,20:44
5620260531030001,kishiwada,2026-06-02,1,,,,,,7,中山 敬太郎  熊,本,37,100,A2,追,3.93,75.78,,0,0.0,0.0,0.0,0,0,,,,,,20:44
5620260531030002,kishiwada,2026-06-02,2,,,,,,1,魚屋 周成  大,分,35,99,A1,逃,3.93,85.33,,0,8.3,33.3,41.6,1,1,,,,,,21:08
5620260531030002,kishiwada,2026-06-02,2,,,,,,2,藤野 貴章  佐,賀,37,97,A2,両,3.92,83.77,,0,8.6,13.0,30.4,0,0,,,,,,21:08
5620260531030002,kishiwada,2026-06-02,2,,,,,,3,小西 誠也  三,重,49,80,A2,追,3.92,83.44,,0,0.0,11.1,38.8,0,0,,,,,,21:08
5620260531030002,kishiwada,2026-06-02,2,,,,,,4,桜井 雄太  愛,知,34,100,A2,逃,3.92,83.21,,0,25.0,39.2,53.5,5,4,,,,,,21:08
5620260531030002,kishiwada,2026-06-02,2,,,,,,5,秋山 貴宏  佐,賀,44,89,A2,両,3.92,80.13,,0,6.6,13.3,26.6,0,1,,,,,,21:08
5620260531030002,kishiwada,2026-06-02,2,,,,,,6,佐野 洋継  京,都,38,97,A2,両,3.92,79.91,,0,4.1,8.3,16.6,0,0,,,,,,21:08
5620260531030002,kishiwada,2026-06-02,2,,,,,,7,佐伯 辰哉  広,島,29,109,A2,両,3.92,77.72,,0,0.0,0.0,16.6,0,0,,,,,,21:08
5620260531030003,kishiwada,2026-06-02,3,,,,,,1,田中 会心  熊,本,25,123,A2,逃,3.92,85.85,,0,19.0,38.0,52.3,6,2,,,,,,21:32
5620260531030003,kishiwada,2026-06-02,3,,,,,,2,愛敬 博之  愛,知,42,94,A1,追,3.93,85.61,,0,0.0,19.0,33.3,0,0,,,,,,21:32
5620260531030003,kishiwada,2026-06-02,3,,,,,,3,松尾 玄太  佐,賀,40,93,A1,両,3.92,84.11,,0,11.1,22.2,44.4,0,1,,,,,,21:32
5620260531030003,kishiwada,2026-06-02,3,,,,,,4,下岡 将也  三,重,29,111,A1,逃,3.92,82.45,,0,22.7,27.2,27.2,1,4,,,,,,21:32
5620260531030003,kishiwada,2026-06-02,3,,,,,,5,城戸崎 隆史  福,岡,53,76,A2,両,3.92,80.3,,0,0.0,8.6,17.3,0,0,,,,,,21:32
5620260531030003,kishiwada,2026-06-02,3,,,,,,6,水本 博行  岡,山,50,78,A2,追,3.92,79.75,,0,0.0,0.0,0.0,0,0,,,,,,21:32
5620260531030003,kishiwada,2026-06-02,3,,,,,,7,金田 健一郎  大,阪,59,60,A2,追,3.92,79.7,,0,0.0,4.1,25.0,0,0,,,,,,21:32
5620260531030004,kishiwada,2026-06-02,4,,,,,,1,中村 良二  福,岡,51,81,A1,追,3.92,91.36,,0,15.0,30.0,55.0,0,0,,,,,,21:56
5620260531030004,kishiwada,2026-06-02,4,,,,,,2,野村 賢  山,口,22,125,A2,逃,3.92,89.66,,0,33.3,50.0,66.6,7,1,,,,,,21:56
5620260531030004,kishiwada,2026-06-02,4,,,,,,3,大瀬戸 潤一郎  広,島,44,95,A1,追,3.92,86.15,,0,10.0,30.0,50.0,0,0,,,,,,21:56
5620260531030004,kishiwada,2026-06-02,4,,,,,,4,川野 正芳  大,分,49,80,A2,追,3.92,85.4,,0,8.3,33.3,33.3,0,0,,,,,,21:56
5620260531030004,kishiwada,2026-06-02,4,,,,,,5,真田 晃  兵,庫,47,86,A1,追,3.92,85.07,,0,3.7,22.2,44.4,0,0,,,,,,21:56
5620260531030004,kishiwada,2026-06-02,4,,,,,,6,中武 三四郎  大,阪,33,113,A1,逃,3.92,83.63,,0,21.0,31.5,47.3,3,2,,,,,,21:56
5620260531030004,kishiwada,2026-06-02,4,,,,,,7,中山 遼太郎  熊,本,23,121,A1,逃,3.92,82.17,,0,5.8,17.6,35.2,1,2,,,,,,21:56
5620260531030005,kishiwada,2026-06-02,5,,,,,,1,溝口 葵  三,重,33,117,A1,逃,3.93,88.41,,0,12.5,29.1,50.0,6,1,,,,,,22:22
5620260531030005,kishiwada,2026-06-02,5,,,,,,2,八尋 英輔  福,岡,46,89,A1,追,3.92,87.11,,0,16.6,38.8,50.0,0,0,,,,,,22:22
5620260531030005,kishiwada,2026-06-02,5,,,,,,3,鶴 淳志  福,岡,26,127,A2,逃,3.92,87.0,,0,23.8,33.3,57.1,3,3,,,,,,22:22
5620260531030005,kishiwada,2026-06-02,5,,,,,,4,山田 雅之  岐,阜,53,72,A1,追,3.92,85.38,,0,4.5,18.1,50.0,0,0,,,,,,22:22
5620260531030005,kishiwada,2026-06-02,5,,,,,,5,眞砂 英作  香,川,31,121,A2,逃,3.92,83.68,,0,5.2,31.5,47.3,3,1,,,,,,22:22
5620260531030005,kishiwada,2026-06-02,5,,,,,,6,永井 清史  岐,阜,43,88,A2,両,3.93,82.22,,0,5.5,11.1,33.3,0,1,,,,,,22:22
5620260531030005,kishiwada,2026-06-02,5,,,,,,7,平 総一  熊,本,54,76,A2,追,3.92,82.21,,0,5.2,15.7,26.3,0,0,,,,,,22:22
5620260531030006,kishiwada,2026-06-02,6,,,,,,1,梅澤 忠秀  三,重,24,125,A2,逃,3.85,90.94,,0,33.3,61.1,66.6,9,2,,,,,,22:49
5620260531030006,kishiwada,2026-06-02,6,,,,,,2,三ツ石 康洋  徳,島,45,86,A1,両,3.92,90.89,,0,10.5,26.3,47.3,0,0,,,,,,22:49
5620260531030006,kishiwada,2026-06-02,6,,,,,,3,紫原 政文  福,岡,58,61,A1,追,3.92,88.14,,0,0.0,28.5,52.3,0,0,,,,,,22:49
5620260531030006,kishiwada,2026-06-02,6,,,,,,4,片山 弘城  大,阪,50,75,A1,追,3.93,87.86,,0,17.3,26.0,52.1,0,0,,,,,,22:49
5620260531030006,kishiwada,2026-06-02,6,,,,,,5,北川 大成  熊,本,25,119,A2,逃,3.92,81.76,,0,14.2,28.5,28.5,2,1,,,,,,22:49
5620260531030006,kishiwada,2026-06-02,6,,,,,,6,藤田 剣次  福,岡,48,85,A2,追,3.92,81.2,,0,4.1,12.5,33.3,0,0,,,,,,22:49
5620260531030006,kishiwada,2026-06-02,6,,,,,,7,吉野 太晟  岡,山,24,127,A2,逃,3.92,79.38,,0,85.7,95.2,95.2,17,3,,,,,,22:49
5620260531030007,kishiwada,2026-06-02,7,,,,,,1,西岡 利起  奈,良,25,125,A2,逃,3.93,92.91,,0,50.0,75.0,87.5,13,3,,,,,,23:16
5620260531030007,kishiwada,2026-06-02,7,,,,,,2,松本 憲斗  熊,本,29,119,A1,逃,3.92,92.69,,0,28.5,28.5,64.2,1,3,,,,,,23:16
5620260531030007,kishiwada,2026-06-02,7,,,,,,3,伊藤 世哉  三,重,45,87,A1,追,3.92,91.55,,0,16.6,33.3,44.4,0,0,,,,,,23:16
5620260531030007,kishiwada,2026-06-02,7,,,,,,4,名川 豊  福,岡,35,99,A1,追,3.92,90.33,,0,19.0,42.8,66.6,0,0,,,,,,23:16
5620260531030007,kishiwada,2026-06-02,7,,,,,,5,内山 貴裕  京,都,38,95,A1,追,3.92,88.95,,0,30.0,45.0,65.0,1,0,,,,,,23:16
5620260531030007,kishiwada,2026-06-02,7,,,,,,6,玉手 翔  兵,庫,42,91,A2,追,3.92,87.62,,0,18.5,29.6,62.9,0,0,,,,,,23:16
5620260531030007,kishiwada,2026-06-02,7,,,,,,7,中村 泰輔,和歌山,33,117,A2,逃,3.92,82.37,,0,8.3,25.0,33.3,2,4,,,,,,23:16
7420260531030001,kochi,2026-06-02,1,,,,,,1,野寺 楓  静,岡,27,122,L1,追,3.79,51.0,,0,0.0,10.5,36.8,0,0,,,,,,20:52
7420260531030001,kochi,2026-06-02,1,,,,,,2,野口 諭実可  大,分,33,102,L1,両,3.77,49.0,,0,4.3,21.7,30.4,0,0,,,,,,20:52
7420260531030001,kochi,2026-06-02,1,,,,,,3,高本 美穂  熊,本,23,124,L1,追,3.77,47.79,,0,6.8,6.8,13.7,0,1,,,,,,20:52
7420260531030001,kochi,2026-06-02,1,,,,,,4,田野口 佳奈  香,川,21,126,L1,両,3.77,47.5,,0,0.0,10.0,10.0,0,1,,,,,,20:52
7420260531030001,kochi,2026-06-02,1,,,,,,5,布居 光,和歌山,26,118,L1,両,3.77,47.14,,0,0.0,9.5,19.0,0,0,,,,,,20:52
7420260531030001,kochi,2026-06-02,1,,,,,,6,保立 沙織,神奈川,42,118,L1,両,3.77,45.5,,0,0.0,0.0,0.0,0,0,,,,,,20:52
7420260531030001,kochi,2026-06-02,1,,,,,,7,中西 叶美  愛,知,29,112,L1,両,3.77,44.16,,0,0.0,5.5,5.5,0,0,,,,,,20:52
7420260531030002,kochi,2026-06-02,2,,,,,,1,森下 忠夫  高,知,53,69,A3,追,3.92,69.29,,0,0.0,8.3,37.5,0,0,,,,,,21:16
7420260531030002,kochi,2026-06-02,2,,,,,,2,柏野 健吾  岡,山,23,127,A3,逃,3.92,67.5,,0,4.5,22.7,22.7,4,1,,,,,,21:16
7420260531030002,kochi,2026-06-02,2,,,,,,3,岡田 雅也  高,知,46,88,A3,追,3.92,65.76,,0,0.0,17.6,23.5,1,0,,,,,,21:16
7420260531030002,kochi,2026-06-02,2,,,,,,4,澤亀 浩司  福,岡,58,60,A3,追,3.92,65.7,,0,0.0,3.7,22.2,0,0,,,,,,21:16
7420260531030002,kochi,2026-06-02,2,,,,,,5,東 隆之  宮,崎,38,100,A3,追,3.92,65.59,,0,0.0,0.0,16.6,0,0,,,,,,21:16
7420260531030002,kochi,2026-06-02,2,,,,,,6,藤原 義晴  岩,手,45,88,A3,追,3.92,64.07,,0,0.0,7.4,11.1,0,0,,,,,,21:16
7420260531030003,kochi,2026-06-02,3,,,,,,1,土居 佑次  高,知,28,113,A3,逃,3.92,71.73,,0,20.0,26.6,40.0,1,3,,,,,,21:40
7420260531030003,kochi,2026-06-02,3,,,,,,2,岡崎 克政  岡,山,40,92,A3,逃,3.92,71.4,,0,19.2,30.7,46.1,6,1,,,,,,21:40
7420260531030003,kochi,2026-06-02,3,,,,,,3,鈴木 規純  福,島,51,75,A3,追,3.92,69.2,,0,4.0,20.0,28.0,0,0,,,,,,21:40
7420260531030003,kochi,2026-06-02,3,,,,,,4,岡田 浩太  岡,山,50,78,A3,追,3.92,67.73,,0,6.6,13.3,33.3,0,0,,,,,,21:40
7420260531030003,kochi,2026-06-02,3,,,,,,5,赤松 誠一  高,知,58,61,A3,追,3.93,65.86,,0,4.3,13.0,26.0,0,0,,,,,,21:40
7420260531030003,kochi,2026-06-02,3,,,,,,6,松尾 正人  熊,本,55,66,A3,追,3.92,65.77,,0,0.0,3.1,18.7,0,0,,,,,,21:40
7420260531030003,kochi,2026-06-02,3,,,,,,7,屋宜 浩二  沖,縄,40,97,A3,追,3.92,62.61,,0,0.0,0.0,9.5,0,0,,,,,,21:40
7420260531030004,kochi,2026-06-02,4,,,,,,1,高鍋 邦彰  福,岡,39,95,A3,両,3.92,73.5,,0,26.6,50.0,60.0,7,3,,,,,,22:04
7420260531030004,kochi,2026-06-02,4,,,,,,2,眞鍋 伸也  香,川,45,85,A3,追,3.92,71.51,,0,14.8,25.9,51.8,0,1,,,,,,22:04
7420260531030004,kochi,2026-06-02,4,,,,,,3,行成 大祐  香,川,50,80,A3,追,3.85,70.93,,0,0.0,0.0,46.6,0,0,,,,,,22:04
7420260531030004,kochi,2026-06-02,4,,,,,,4,田崎 良太郎  福,島,46,87,A3,追,3.92,70.61,,0,5.0,45.0,50.0,0,0,,,,,,22:04
7420260531030004,kochi,2026-06-02,4,,,,,,5,廣川 貞治  東,京,58,61,A3,追,3.93,69.2,,0,4.1,12.5,37.5,0,0,,,,,,22:04
7420260531030004,kochi,2026-06-02,4,,,,,,6,富永 昌久  佐,賀,45,88,A3,追,3.92,68.72,,0,4.3,4.3,34.7,0,0,,,,,,22:04
7420260531030004,kochi,2026-06-02,4,,,,,,7,甲斐下 智  広,島,57,64,A3,追,3.92,66.0,,0,3.3,6.6,26.6,0,0,,,,,,22:04
7420260531030005,kochi,2026-06-02,5,,,,,,1,中野 真吾  佐,賀,39,111,A3,逃,3.92,72.88,,0,36.0,52.0,56.0,3,9,,,,,,22:31
7420260531030005,kochi,2026-06-02,5,,,,,,2,渡辺 馨,神奈川,42,96,A3,両,3.92,72.77,,0,10.5,26.3,36.8,0,0,,,,,,22:31
7420260531030005,kochi,2026-06-02,5,,,,,,3,右近 陸人  山,口,26,127,A3,逃,3.85,71.29,,0,11.1,25.9,40.7,6,0,,,,,,22:31
7420260531030005,kochi,2026-06-02,5,,,,,,4,佐々木 英之  香,川,51,78,A3,追,3.86,69.18,,0,0.0,18.1,36.3,0,0,,,,,,22:31
7420260531030005,kochi,2026-06-02,5,,,,,,5,水木 裕聡  高,知,43,96,A3,追,3.92,68.91,,0,12.5,16.6,37.5,0,0,,,,,,22:31
7420260531030005,kochi,2026-06-02,5,,,,,,6,飯田 威文  埼,玉,54,67,A3,追,3.92,68.75,,0,4.1,16.6,41.6,0,0,,,,,,22:31
7420260531030005,kochi,2026-06-02,5,,,,,,7,松丸 裕紀  福,岡,45,86,A3,追,3.92,67.23,,0,0.0,13.6,27.2,0,0,,,,,,22:31
7420260531030006,kochi,2026-06-02,6,,,,,,1,山原 さくら  山,口,33,104,L1,両,3.77,57.52,,0,80.9,90.4,95.2,7,9,,,,,,22:58
7420260531030006,kochi,2026-06-02,6,,,,,,2,太田 りゆ  埼,玉,31,112,L1,逃,3.79,57.45,,0,81.8,95.4,95.4,1,17,,,,,,22:58
7420260531030006,kochi,2026-06-02,6,,,,,,3,五味田 奈穂  千,葉,28,124,L1,逃,3.71,53.47,,0,19.0,38.0,61.9,3,4,,,,,,22:58
7420260531030006,kochi,2026-06-02,6,,,,,,4,宇野 紅音  岐,阜,22,124,L1,両,3.77,51.87,,0,4.1,16.6,66.6,0,3,,,,,,22:58
7420260531030006,kochi,2026-06-02,6,,,,,,5,林 真奈美  福,岡,40,110,L1,両,3.77,51.85,,0,4.7,28.5,57.1,0,0,,,,,,22:58
7420260531030006,kochi,2026-06-02,6,,,,,,6,中村 由香里  東,京,45,102,L1,追,3.79,51.8,,0,9.5,19.0,52.3,0,0,,,,,,22:58
7420260531030006,kochi,2026-06-02,6,,,,,,7,小泉 夢菜  埼,玉,27,122,L1,追,3.77,51.14,,0,3.7,25.9,48.1,0,0,,,,,,22:58
7420260531030007,kochi,2026-06-02,7,,,,,,1,木村 優駿  埼,玉,20,127,A3,逃,3.77,78.04,,0,58.3,79.1,83.3,18,0,,,,,,23:25
7420260531030007,kochi,2026-06-02,7,,,,,,2,畑崎 大輝  青,森,25,127,A3,逃,3.92,77.78,,0,66.6,75.0,83.3,14,4,,,,,,23:25
7420260531030007,kochi,2026-06-02,7,,,,,,3,足達 重満  長,崎,50,80,A3,追,3.92,75.76,,0,47.6,66.6,76.1,0,0,,,,,,23:25
7420260531030007,kochi,2026-06-02,7,,,,,,4,湯浅 弘光  千,葉,53,74,A3,追,3.92,72.45,,0,20.8,29.1,45.8,0,0,,,,,,23:25
7420260531030007,kochi,2026-06-02,7,,,,,,5,山原 利秀  高,知,57,63,A3,追,3.92,72.0,,0,0.0,22.2,44.4,0,0,,,,,,23:25
7420260531030007,kochi,2026-06-02,7,,,,,,6,野見 泰要  岡,山,44,101,A3,逃,3.93,71.52,,0,34.2,44.7,60.5,13,3,,,,,,23:25
7420260531030007,kochi,2026-06-02,7,,,,,,7,米倉 剛志  千,葉,43,89,A3,逃,3.85,70.0,,0,17.6,23.5,52.9,3,1,,,,,,23:25
8620260601020001,beppu,2026-06-02,1,×1 △3 ◎4 ○2 注5 ▲6,,,,,1,鳥丸 晃順  岡,山,45,89,A3,追,3.92,71.1,×,1,10.0,25.0,45.0,0,0,,,,,,08:35
8620260601020001,beppu,2026-06-02,1,×1 △3 ◎4 ○2 注5 ▲6,,,,,2,藤田 和彦,神奈川,56,63,A3,追,3.85,69.29,○,5,4.1,8.3,29.1,0,0,,,,,,08:35
8620260601020001,beppu,2026-06-02,1,×1 △3 ◎4 ○2 注5 ▲6,,,,,3,武市 和人  高,知,52,74,A3,追,3.79,67.58,△,4,16.6,16.6,33.3,0,0,,,,,,08:35
8620260601020001,beppu,2026-06-02,1,×1 △3 ◎4 ○2 注5 ▲6,,,,,4,菅原 洋輔  岩,手,44,98,A3,両,3.92,69.18,◎,6,7.4,25.9,48.1,3,3,,,,,,08:35
8620260601020001,beppu,2026-06-02,1,×1 △3 ◎4 ○2 注5 ▲6,,,,,5,石川 一浩  静,岡,59,57,A3,追,3.92,67.92,注,2,3.7,7.4,25.9,0,0,,,,,,08:35
8620260601020001,beppu,2026-06-02,1,×1 △3 ◎4 ○2 注5 ▲6,,,,,6,鈴木 龍之介  栃,木,48,81,A3,追,3.92,61.3,▲,3,0.0,0.0,0.0,0,0,,,,,,08:35
8620260601020002,beppu,2026-06-02,2,×1 △4 ▲3 ◎2 ○5 注6,,,,,1,仙石 淳  沖,縄,53,73,A3,追,3.85,69.4,×,1,14.8,29.6,37.0,0,0,,,,,,08:55
8620260601020002,beppu,2026-06-02,2,×1 △4 ▲3 ◎2 ○5 注6,,,,,2,等々力 久就  長,野,35,98,A3,逃,3.92,69.96,◎,6,14.8,33.3,40.7,3,3,,,,,,08:55
8620260601020002,beppu,2026-06-02,2,×1 △4 ▲3 ◎2 ○5 注6,,,,,3,藤原 義浩  徳,島,53,76,A3,追,3.92,66.64,▲,3,5.8,11.7,35.2,0,0,,,,,,08:55
8620260601020002,beppu,2026-06-02,2,×1 △4 ▲3 ◎2 ○5 注6,,,,,4,赤星 俊光  熊,本,47,86,A3,追,3.92,66.44,△,4,0.0,9.0,18.1,0,0,,,,,,08:55
8620260601020002,beppu,2026-06-02,2,×1 △4 ▲3 ◎2 ○5 注6,,,,,5,榊枝 輝文  福,島,49,79,A3,追,3.93,70.66,○,5,11.1,44.4,51.8,0,2,,,,,,08:55
8620260601020002,beppu,2026-06-02,2,×1 △4 ▲3 ◎2 ○5 注6,,,,,6,山内 大作  静,岡,50,75,A3,追,3.85,65.13,注,2,0.0,0.0,3.3,0,0,,,,,,08:55
8620260601020003,beppu,2026-06-02,3,△2 ×7 注4 ◎1 ○3 ▲5,,,,,1,大崎 龍一郎  奈,良,33,109,A3,両,3.92,68.25,注,2,7.6,15.3,30.7,0,1,,,,,,09:15
8620260601020003,beppu,2026-06-02,3,△2 ×7 注4 ◎1 ○3 ▲5,,,,,2,友永 龍介  山,口,35,101,A3,逃,3.92,70.25,△,4,3.7,40.7,48.1,7,3,,,,,,09:15
8620260601020003,beppu,2026-06-02,3,△2 ×7 注4 ◎1 ○3 ▲5,,,,,3,十文字 悠真  福,島,24,127,A3,逃,3.92,74.26,◎,6,33.3,46.6,66.6,1,5,,,,,,09:15
8620260601020003,beppu,2026-06-02,3,△2 ×7 注4 ◎1 ○3 ▲5,,,,,4,川添 輝彦  沖,縄,61,56,A3,追,3.92,67.54,,0,4.1,8.3,29.1,0,0,,,,,,09:15
8620260601020003,beppu,2026-06-02,3,△2 ×7 注4 ◎1 ○3 ▲5,,,,,5,桂馬 将人  福,島,44,89,A3,両,3.92,69.95,○,5,9.5,28.5,42.8,0,1,,,,,,09:15
8620260601020003,beppu,2026-06-02,3,△2 ×7 注4 ◎1 ○3 ▲5,,,,,6,橋本 祐司  青,森,41,95,A3,追,3.86,66.28,▲,3,14.2,28.5,38.0,0,0,,,,,,09:15
8620260601020003,beppu,2026-06-02,3,△2 ×7 注4 ◎1 ○3 ▲5,,,,,7,増成 富夫  岡,山,55,66,A3,逃,3.93,70.29,×,1,20.8,41.6,50.0,5,2,,,,,,09:15
8620260601020004,beppu,2026-06-02,4,◎1 ○7 注6 ▲2 △4 ×3,,,,,1,與古田 龍門  沖,縄,24,125,A3,逃,3.92,78.0,◎,6,50.0,66.6,83.3,2,0,,,,,,09:35
8620260601020004,beppu,2026-06-02,4,◎1 ○7 注6 ▲2 △4 ×3,,,,,2,前島 恭平  長,野,37,98,A3,逃,3.92,67.6,注,2,8.6,17.3,26.0,3,1,,,,,,09:35
8620260601020004,beppu,2026-06-02,4,◎1 ○7 注6 ▲2 △4 ×3,,,,,3,永田 隼一  福,岡,45,95,A3,逃,3.92,69.15,△,4,21.8,31.2,40.6,4,3,,,,,,09:35
8620260601020004,beppu,2026-06-02,4,◎1 ○7 注6 ▲2 △4 ×3,,,,,4,植田 誠  静,岡,58,61,A3,追,3.92,67.22,▲,3,0.0,9.0,22.7,0,0,,,,,,09:35
8620260601020004,beppu,2026-06-02,4,◎1 ○7 注6 ▲2 △4 ×3,,,,,5,興呂木 雄治  熊,本,36,96,A3,両,3.92,74.66,×,1,14.8,51.8,66.6,0,2,,,,,,09:35
8620260601020004,beppu,2026-06-02,4,◎1 ○7 注6 ▲2 △4 ×3,,,,,6,長田 彰人  宮,城,40,95,A3,追,3.85,66.28,,0,0.0,4.7,23.8,0,0,,,,,,09:35
8620260601020004,beppu,2026-06-02,4,◎1 ○7 注6 ▲2 △4 ×3,,,,,7,篠田 樹  大,分,29,113,A3,逃,3.92,69.5,○,5,12.5,41.6,58.3,7,1,,,,,,09:35
8620260601020005,beppu,2026-06-02,5,◎1 ○4 注3 ×6 △5 ▲7,,,,,1,大本 隆也,神奈川,27,127,A3,逃,3.92,76.33,◎,6,41.6,58.3,75.0,11,3,,,,,,09:55
8620260601020005,beppu,2026-06-02,5,◎1 ○4 注3 ×6 △5 ▲7,,,,,2,太田 雅之  三,重,48,86,A3,追,3.92,71.04,▲,3,8.3,29.1,37.5,0,0,,,,,,09:55
8620260601020005,beppu,2026-06-02,5,◎1 ○4 注3 ×6 △5 ▲7,,,,,3,宮崎 一彰  高,知,51,99,A3,両,3.92,74.33,注,2,33.3,46.6,73.3,0,1,,,,,,09:55
8620260601020005,beppu,2026-06-02,5,◎1 ○4 注3 ×6 △5 ▲7,,,,,4,伊藤 之人  東,京,43,90,A3,両,3.93,72.4,○,5,7.4,29.6,48.1,0,0,,,,,,09:55
8620260601020005,beppu,2026-06-02,5,◎1 ○4 注3 ×6 △5 ▲7,,,,,5,加藤 駿  愛,知,28,127,A3,逃,3.92,76.33,×,1,33.3,58.3,83.3,9,3,,,,,,09:55
8620260601020005,beppu,2026-06-02,5,◎1 ○4 注3 ×6 △5 ▲7,,,,,6,竹村 達也  高,知,35,99,A3,両,3.92,66.7,,0,5.8,17.6,17.6,3,0,,,,,,09:55
8620260601020005,beppu,2026-06-02,5,◎1 ○4 注3 ×6 △5 ▲7,,,,,7,西川 弘資  三,重,57,66,A3,追,3.92,71.66,△,4,0.0,25.0,25.0,0,0,,,,,,09:55
8620260601020006,beppu,2026-06-02,6,△4 ×1 注2 ◎3 ○7 ▲5,,,,,1,高嶋 一朗  岡,山,58,62,A3,追,3.86,75.06,×,1,36.6,53.3,63.3,0,0,,,,,,10:15
8620260601020006,beppu,2026-06-02,6,△4 ×1 注2 ◎3 ○7 ▲5,,,,,2,安谷屋 将志  沖,縄,37,96,A3,両,3.93,75.08,注,2,40.0,52.0,68.0,0,0,,,,,,10:15
8620260601020006,beppu,2026-06-02,6,△4 ×1 注2 ◎3 ○7 ▲5,,,,,3,後藤 祐貴  兵,庫,36,103,A3,逃,3.92,78.77,◎,6,44.4,88.8,100.0,2,4,,,,,,10:15
8620260601020006,beppu,2026-06-02,6,△4 ×1 注2 ◎3 ○7 ▲5,,,,,4,利川 寛太  山,口,27,127,A3,逃,3.92,75.36,△,4,40.0,68.0,68.0,13,4,,,,,,10:15
8620260601020006,beppu,2026-06-02,6,△4 ×1 注2 ◎3 ○7 ▲5,,,,,5,伊狩 知人  奈,良,48,85,A3,追,3.86,70.0,▲,3,0.0,26.6,46.6,0,0,,,,,,10:15
8620260601020006,beppu,2026-06-02,6,△4 ×1 注2 ◎3 ○7 ▲5,,,,,6,濱田 昭一郎,鹿児島,57,67,A3,追,3.85,68.08,,0,4.0,20.0,36.0,0,0,,,,,,10:15
8620260601020006,beppu,2026-06-02,6,△4 ×1 注2 ◎3 ○7 ▲5,,,,,7,西郷 剛  兵,庫,57,69,A3,追,3.92,70.76,○,5,4.7,28.5,47.6,0,1,,,,,,10:15
8620260601020007,beppu,2026-06-02,7,◎3 ○5 注1 ×7 △2 ▲4,,,,,1,高尾 剛文  福,岡,56,66,A3,追,3.92,69.33,注,2,0.0,12.5,37.5,0,1,,,,,,10:35
8620260601020007,beppu,2026-06-02,7,◎3 ○5 注1 ×7 △2 ▲4,,,,,2,亀谷 隆一,神奈川,39,92,A3,追,3.92,72.61,△,4,4.7,28.5,57.1,0,0,,,,,,10:35
8620260601020007,beppu,2026-06-02,7,◎3 ○5 注1 ×7 △2 ▲4,,,,,3,生野 優翔  大,分,24,127,A3,逃,3.92,77.07,◎,6,40.0,53.3,73.3,4,4,,,,,,10:35
8620260601020007,beppu,2026-06-02,7,◎3 ○5 注1 ×7 △2 ▲4,,,,,4,松根 真  東,京,45,90,A3,追,3.92,72.2,▲,3,12.5,37.5,45.8,0,0,,,,,,10:35
8620260601020007,beppu,2026-06-02,7,◎3 ○5 注1 ×7 △2 ▲4,,,,,5,加藤 大輔  大,分,46,87,A3,追,3.93,71.79,○,5,4.1,33.3,54.1,0,0,,,,,,10:35
8620260601020007,beppu,2026-06-02,7,◎3 ○5 注1 ×7 △2 ▲4,,,,,6,山田 圭二  愛,知,54,70,A3,追,3.92,69.14,,0,9.5,23.8,52.3,0,0,,,,,,10:35
8620260601020007,beppu,2026-06-02,7,◎3 ○5 注1 ×7 △2 ▲4,,,,,7,三浦 生誠  岩,手,24,127,A3,逃,3.92,75.19,×,1,40.9,54.5,63.6,10,2,,,,,,10:35
1220260602020001,aomori,2026-06-03,1,△1 ×5 ▲4 ◎7 ○2 注3,,,,,1,葛西 雄太郎  愛,媛,47,85,A2,両,3.92,81.11,△,4,3.7,25.9,25.9,1,0,,,,,,15:59
1220260602020001,aomori,2026-06-03,1,△1 ×5 ▲4 ◎7 ○2 注3,,,,,2,大泉 英則  宮,城,45,89,A2,追,3.92,81.95,○,5,0.0,12.5,37.5,0,0,,,,,,15:59
1220260602020001,aomori,2026-06-03,1,△1 ×5 ▲4 ◎7 ○2 注3,,,,,3,川上 真二郎  新,潟,46,86,A2,追,3.92,79.0,注,2,0.0,6.6,20.0,0,0,,,,,,15:59
1220260602020001,aomori,2026-06-03,1,△1 ×5 ▲4 ◎7 ○2 注3,,,,,4,内藤 敦  岡,山,49,80,A1,追,3.92,80.28,▲,3,0.0,0.0,14.2,0,0,,,,,,15:59
1220260602020001,aomori,2026-06-03,1,△1 ×5 ▲4 ◎7 ○2 注3,,,,,5,吉田 彰久  香,川,52,80,A2,追,3.92,82.13,×,1,0.0,12.5,29.1,0,0,,,,,,15:59
1220260602020001,aomori,2026-06-03,1,△1 ×5 ▲4 ◎7 ○2 注3,,,,,6,峠 祐介  埼,玉,50,78,A2,追,3.92,78.0,,0,0.0,0.0,0.0,0,0,,,,,,15:59
1220260602020001,aomori,2026-06-03,1,△1 ×5 ▲4 ◎7 ○2 注3,,,,,7,竹山 慶太  宮,城,33,105,A1,逃,3.92,84.93,◎,6,13.3,33.3,53.3,3,2,,,,,,15:59
1220260602020002,aomori,2026-06-03,2,△4 注1 ◎2 ○3 ▲5 ×6,,,,,1,十文字 菊雄  福,島,54,75,A2,追,3.92,81.53,注,2,0.0,15.3,23.0,0,0,,,,,,16:22
1220260602020002,aomori,2026-06-03,2,△4 注1 ◎2 ○3 ▲5 ×6,,,,,2,本多 哲也  千,葉,38,97,A1,両,3.92,88.37,◎,6,20.8,37.5,62.5,1,6,,,,,,16:22
1220260602020002,aomori,2026-06-03,2,△4 注1 ◎2 ○3 ▲5 ×6,,,,,3,吉成 貴博  熊,本,38,97,A2,追,3.86,81.48,○,5,0.0,16.0,48.0,0,1,,,,,,16:22
1220260602020002,aomori,2026-06-03,2,△4 注1 ◎2 ○3 ▲5 ×6,,,,,4,平山 優太  福,島,26,119,A2,両,3.92,80.6,△,4,4.3,13.0,26.0,1,0,,,,,,16:22
1220260602020002,aomori,2026-06-03,2,△4 注1 ◎2 ○3 ▲5 ×6,,,,,5,山根 泰道  岡,山,56,64,A2,追,3.92,80.25,,0,4.1,8.3,20.8,0,0,,,,,,16:22
1220260602020002,aomori,2026-06-03,2,△4 注1 ◎2 ○3 ▲5 ×6,,,,,6,佐藤 啓斗  青,森,29,119,A2,逃,3.92,79.0,▲,3,4.5,13.6,13.6,1,2,,,,,,16:22
1220260602020002,aomori,2026-06-03,2,△4 注1 ◎2 ○3 ▲5 ×6,,,,,7,田中 雅史  愛,知,49,79,A1,追,3.92,85.95,×,1,19.0,28.5,52.3,0,2,,,,,,16:22
1220260602020003,aomori,2026-06-03,3,○5 ◎1 △4 注2 ×6 ▲3,,,,,1,三浦 雄大  宮,城,39,98,A1,追,3.92,90.66,◎,6,36.8,57.8,73.6,0,1,,,,,,16:45
1220260602020003,aomori,2026-06-03,3,○5 ◎1 △4 注2 ×6 ▲3,,,,,2,峯口 司  長,崎,23,123,A1,逃,3.92,87.29,注,2,29.1,45.8,58.3,6,3,,,,,,16:45
1220260602020003,aomori,2026-06-03,3,○5 ◎1 △4 注2 ×6 ▲3,,,,,3,犬塚 貴之  愛,知,25,117,A2,両,3.92,92.5,×,1,50.0,66.6,83.3,1,2,,,,,,16:45
1220260602020003,aomori,2026-06-03,3,○5 ◎1 △4 注2 ×6 ▲3,,,,,4,佐藤 朋也  秋,田,46,89,A1,追,3.85,87.39,△,4,8.6,30.4,34.7,0,3,,,,,,16:45
1220260602020003,aomori,2026-06-03,3,○5 ◎1 △4 注2 ×6 ▲3,,,,,5,矢口 大樹  千,葉,37,95,A1,両,3.92,90.15,○,5,15.0,40.0,50.0,3,4,,,,,,16:45
1220260602020003,aomori,2026-06-03,3,○5 ◎1 △4 注2 ×6 ▲3,,,,,6,伊藤 大彦  徳,島,43,89,A1,追,3.92,85.78,,0,6.6,20.0,60.0,0,1,,,,,,16:45
1220260602020003,aomori,2026-06-03,3,○5 ◎1 △4 注2 ×6 ▲3,,,,,7,鷲見 逸喜  岐,阜,48,79,A1,追,3.92,90.12,▲,3,23.5,47.0,52.9,0,0,,,,,,16:45
1220260602020004,aomori,2026-06-03,4,◎1 ○5 注2 ×6 △4 ▲3,,,,,1,松本 定  福,岡,29,125,A2,逃,3.93,94.19,◎,6,61.9,85.7,90.4,14,4,,,,,,17:08
1220260602020004,aomori,2026-06-03,4,◎1 ○5 注2 ×6 △4 ▲3,,,,,2,木村 浩宣  香,川,39,97,A1,逃,3.93,84.61,注,2,19.2,30.7,46.1,5,2,,,,,,17:08
1220260602020004,aomori,2026-06-03,4,◎1 ○5 注2 ×6 △4 ▲3,,,,,3,内田 英介  東,京,44,91,A1,追,3.92,90.66,△,4,14.2,38.0,57.1,0,0,,,,,,17:08
1220260602020004,aomori,2026-06-03,4,◎1 ○5 注2 ×6 △4 ▲3,,,,,4,金野 俊秋  千,葉,42,92,A2,両,3.92,89.43,×,1,20.8,37.5,70.8,1,3,,,,,,17:08
1220260602020004,aomori,2026-06-03,4,◎1 ○5 注2 ×6 △4 ▲3,,,,,5,鶴 良生  福,岡,31,111,A1,逃,3.92,90.72,○,5,22.2,38.8,44.4,2,3,,,,,,17:08
1220260602020004,aomori,2026-06-03,4,◎1 ○5 注2 ×6 △4 ▲3,,,,,6,榊原 洋  岡,山,48,85,A2,追,3.92,81.84,,0,5.2,15.7,21.0,0,0,,,,,,17:08
1220260602020004,aomori,2026-06-03,4,◎1 ○5 注2 ×6 △4 ▲3,,,,,7,鈴木 謙二  東,京,40,97,A1,追,3.92,86.69,▲,3,4.1,37.5,45.8,0,0,,,,,,17:08
1220260602020005,aomori,2026-06-03,5,△7 ×1 ▲4 注2 ◎6 ○5,,,,,1,岸川 哲也  大,阪,40,105,A2,両,3.92,86.43,×,1,34.7,43.4,56.5,5,2,,,,,,17:31
1220260602020005,aomori,2026-06-03,5,△7 ×1 ▲4 注2 ◎6 ○5,,,,,2,山崎 駿哉  岡,山,28,113,A1,逃,3.92,86.94,注,2,27.7,50.0,55.5,3,4,,,,,,17:31
1220260602020005,aomori,2026-06-03,5,△7 ×1 ▲4 注2 ◎6 ○5,,,,,3,山田 雄大  埼,玉,25,117,A1,逃,3.92,90.52,○,5,23.8,61.9,80.9,0,2,,,,,,17:31
1220260602020005,aomori,2026-06-03,5,△7 ×1 ▲4 注2 ◎6 ○5,,,,,4,藤田 真  兵,庫,45,89,A2,両,3.92,87.5,▲,3,25.0,35.0,45.0,2,2,,,,,,17:31
1220260602020005,aomori,2026-06-03,5,△7 ×1 ▲4 注2 ◎6 ○5,,,,,5,岡部 陸斗  栃,木,23,125,A2,逃,3.85,92.66,◎,6,66.6,76.1,85.7,13,2,,,,,,17:31
1220260602020005,aomori,2026-06-03,5,△7 ×1 ▲4 注2 ◎6 ○5,,,,,6,増田 仁  広,島,41,113,A2,逃,3.92,83.0,,0,34.4,41.3,44.8,7,5,,,,,,17:31
1220260602020005,aomori,2026-06-03,5,△7 ×1 ▲4 注2 ◎6 ○5,,,,,7,谷口 友真  大,阪,36,109,A1,逃,3.92,90.28,△,4,28.5,52.3,57.1,1,2,,,,,,17:31
1220260602020006,aomori,2026-06-03,6,▲4 ×2 ◎5 ○1 注3 △7,,,,,1,西岡 拓朗  広,島,42,97,S2,追,3.92,98.0,○,5,5.2,10.5,36.8,0,0,,,,,,17:55
1220260602020006,aomori,2026-06-03,6,▲4 ×2 ◎5 ○1 注3 △7,,,,,2,田中 晴基  千,葉,40,90,S2,追,3.92,100.25,×,1,10.7,25.0,46.4,0,1,,,,,,17:55
1220260602020006,aomori,2026-06-03,6,▲4 ×2 ◎5 ○1 注3 △7,,,,,3,内藤 久文  愛,知,34,117,S2,逃,3.92,93.46,注,2,0.0,3.8,11.5,1,0,,,,,,17:55
1220260602020006,aomori,2026-06-03,6,▲4 ×2 ◎5 ○1 注3 △7,,,,,4,望月 一成  静,岡,29,111,S2,逃,3.92,93.66,▲,3,3.3,13.3,23.3,4,0,,,,,,17:55
1220260602020006,aomori,2026-06-03,6,▲4 ×2 ◎5 ○1 注3 △7,,,,,5,河崎 正晴  熊,本,25,121,S2,逃,3.92,101.4,◎,6,14.8,14.8,29.6,0,3,,,,,,17:55
1220260602020006,aomori,2026-06-03,6,▲4 ×2 ◎5 ○1 注3 △7,,,,,6,坂本 周作  青,森,34,105,S2,逃,3.92,92.68,,0,10.5,10.5,15.7,0,2,,,,,,17:55
1220260602020006,aomori,2026-06-03,6,▲4 ×2 ◎5 ○1 注3 △7,,,,,7,谷田 泰平  岐,阜,49,93,S2,追,3.93,94.82,△,4,3.4,6.8,10.3,0,0,,,,,,17:55
1220260602020007,aomori,2026-06-03,7,○1 ◎7 △3 ×4 ▲2 注5,,,,,1,坂本 紘規  青,森,29,117,S2,逃,3.92,94.5,○,5,0.0,8.3,16.6,0,0,,,,,,18:19
1220260602020007,aomori,2026-06-03,7,○1 ◎7 △3 ×4 ▲2 注5,,,,,2,室井 竜二  徳,島,55,65,S2,追,3.92,93.33,▲,3,0.0,5.5,11.1,0,0,,,,,,18:19
1220260602020007,aomori,2026-06-03,7,○1 ◎7 △3 ×4 ▲2 注5,,,,,3,太刀川 一成  千,葉,45,100,S2,追,3.92,96.65,△,4,3.0,18.1,21.2,0,0,,,,,,18:19
1220260602020007,aomori,2026-06-03,7,○1 ◎7 △3 ×4 ▲2 注5,,,,,4,月森 亮輔  岡,山,34,101,S2,両,3.92,101.2,×,1,4.0,28.0,48.0,3,3,,,,,,18:19
1220260602020007,aomori,2026-06-03,7,○1 ◎7 △3 ×4 ▲2 注5,,,,,5,秋本 耀太郎  栃,木,28,117,S2,逃,3.92,98.63,注,2,13.6,31.8,31.8,0,2,,,,,,18:19
1220260602020007,aomori,2026-06-03,7,○1 ◎7 △3 ×4 ▲2 注5,,,,,6,竹元 健竜  福,岡,28,115,S2,両,3.92,91.14,,0,0.0,0.0,0.0,0,0,,,,,,18:19
1220260602020007,aomori,2026-06-03,7,○1 ◎7 △3 ×4 ▲2 注5,,,,,7,高橋 晋也  福,島,31,115,S1,逃,3.92,100.36,◎,6,18.1,18.1,40.9,1,0,,,,,,18:19
1220260602020008,aomori,2026-06-03,8,×1 注7 ▲3 ○2 ◎5 △6,,,,,1,長尾 拳太  岐,阜,32,103,S1,両,3.93,104.5,×,1,19.0,33.3,47.6,0,1,,,,,,18:43
1220260602020008,aomori,2026-06-03,8,×1 注7 ▲3 ○2 ◎5 △6,,,,,2,浮島 知稀  群,馬,25,123,S2,逃,3.92,98.36,○,5,13.3,20.0,26.6,4,2,,,,,,18:43
1220260602020008,aomori,2026-06-03,8,×1 注7 ▲3 ○2 ◎5 △6,,,,,3,森安 崇之  香,川,48,84,S2,追,3.92,96.4,▲,3,0.0,10.0,23.3,0,0,,,,,,18:43
1220260602020008,aomori,2026-06-03,8,×1 注7 ▲3 ○2 ◎5 △6,,,,,4,中園 和剛  福,岡,43,89,S2,追,3.92,95.33,,0,0.0,6.6,16.6,0,0,,,,,,18:43
1220260602020008,aomori,2026-06-03,8,×1 注7 ▲3 ○2 ◎5 △6,,,,,5,一戸 康宏  埼,玉,38,101,S2,両,3.93,99.0,◎,6,21.4,35.7,42.8,0,3,,,,,,18:43
1220260602020008,aomori,2026-06-03,8,×1 注7 ▲3 ○2 ◎5 △6,,,,,6,中島 将尊  東,京,31,105,S2,両,3.85,94.44,△,4,10.5,10.5,21.0,0,0,,,,,,18:43
1220260602020008,aomori,2026-06-03,8,×1 注7 ▲3 ○2 ◎5 △6,,,,,7,山内 卓也  愛,知,49,77,S2,追,3.92,99.36,注,2,6.6,20.0,26.6,0,0,,,,,,18:43
1220260602020009,aomori,2026-06-03,9,▲6 ×1 ◎4 ○2 注5 △7,,,,,1,櫻井 学  群,馬,46,84,S2,両,3.92,94.6,×,1,3.8,15.3,30.7,0,0,,,,,,19:08
1220260602020009,aomori,2026-06-03,9,▲6 ×1 ◎4 ○2 注5 △7,,,,,2,庄子 信弘  宮,城,47,84,S2,追,3.92,97.92,○,5,12.0,16.0,28.0,0,1,,,,,,19:08
1220260602020009,aomori,2026-06-03,9,▲6 ×1 ◎4 ○2 注5 △7,,,,,3,戸田 洋平  岡,山,43,92,S2,追,3.92,99.42,,0,0.0,13.6,40.9,0,0,,,,,,19:08
1220260602020009,aomori,2026-06-03,9,▲6 ×1 ◎4 ○2 注5 △7,,,,,4,大川 剛  青,森,27,121,S2,逃,3.92,103.23,◎,6,19.2,34.6,46.1,2,6,,,,,,19:08
1220260602020009,aomori,2026-06-03,9,▲6 ×1 ◎4 ○2 注5 △7,,,,,5,山本 拳也  高,知,36,109,S2,追,3.92,102.05,注,2,5.0,25.0,45.0,0,0,,,,,,19:08
1220260602020009,aomori,2026-06-03,9,▲6 ×1 ◎4 ○2 注5 △7,,,,,6,小林 稜武  栃,木,33,113,S2,逃,3.92,92.96,▲,3,4.0,8.0,12.0,2,0,,,,,,19:08
1220260602020009,aomori,2026-06-03,9,▲6 ×1 ◎4 ○2 注5 △7,,,,,7,小野 大介  福,島,42,91,S2,追,3.92,95.16,△,4,8.3,8.3,25.0,0,0,,,,,,19:08
1220260602020010,aomori,2026-06-03,10,○1 ◎4 ×2 ▲7 △5 注3,,,,,1,野中 龍之介,神奈川,24,127,S2,逃,3.92,101.85,○,5,35.0,60.0,75.0,7,3,,,,,,19:33
1220260602020010,aomori,2026-06-03,10,○1 ◎4 ×2 ▲7 △5 注3,,,,,2,伊藤 旭  熊,本,26,117,S1,両,3.92,107.05,×,1,11.1,22.2,38.8,0,2,,,,,,19:33
1220260602020010,aomori,2026-06-03,10,○1 ◎4 ×2 ▲7 △5 注3,,,,,3,田尾 駿介  高,知,34,111,S1,追,3.92,104.11,△,4,5.8,17.6,17.6,0,0,,,,,,19:33
1220260602020010,aomori,2026-06-03,10,○1 ◎4 ×2 ▲7 △5 注3,,,,,4,簗田 一輝  静,岡,30,107,S1,両,3.92,109.75,◎,6,5.8,23.5,47.0,0,0,,,,,,19:33
1220260602020010,aomori,2026-06-03,10,○1 ◎4 ×2 ▲7 △5 注3,,,,,5,今村 麟太郎  高,知,30,111,S2,両,3.92,103.4,,0,20.0,30.0,55.0,0,3,,,,,,19:33
1220260602020010,aomori,2026-06-03,10,○1 ◎4 ×2 ▲7 △5 注3,,,,,6,大石 崇晴  大,阪,33,109,S2,両,3.92,99.11,注,2,7.6,15.3,30.7,0,1,,,,,,19:33
1220260602020010,aomori,2026-06-03,10,○1 ◎4 ×2 ▲7 △5 注3,,,,,7,山口 敦也  佐,賀,28,113,S2,追,3.92,99.5,▲,3,0.0,25.0,41.6,0,0,,,,,,19:33
1220260602020011,aomori,2026-06-03,11,○7 ◎2 △4 ▲5 ×1 注3,,,,,1,井上 昌己  長,崎,46,86,S1,追,3.92,105.26,×,1,21.0,31.5,42.1,0,1,,,,,,19:59
1220260602020011,aomori,2026-06-03,11,○7 ◎2 △4 ▲5 ×1 注3,,,,,2,志智 俊夫  岐,阜,53,70,S1,追,3.92,108.81,◎,6,13.0,39.1,52.1,0,1,,,,,,19:59
1220260602020011,aomori,2026-06-03,11,○7 ◎2 △4 ▲5 ×1 注3,,,,,3,佐藤 博紀  岩,手,40,96,S1,両,3.92,104.0,注,2,8.6,30.4,47.8,0,5,,,,,,19:59
1220260602020011,aomori,2026-06-03,11,○7 ◎2 △4 ▲5 ×1 注3,,,,,4,不破 将登  岐,阜,37,94,S2,両,3.92,102.2,△,4,4.0,20.0,40.0,0,0,,,,,,19:59
1220260602020011,aomori,2026-06-03,11,○7 ◎2 △4 ▲5 ×1 注3,,,,,5,晝田 宗一郎  岡,山,27,115,S2,逃,3.92,103.84,▲,3,15.3,23.0,30.7,2,4,,,,,,19:59
1220260602020011,aomori,2026-06-03,11,○7 ◎2 △4 ▲5 ×1 注3,,,,,6,岸澤 賢太  埼,玉,39,91,S2,両,3.92,99.14,,0,13.3,26.6,33.3,0,0,,,,,,19:59
1220260602020011,aomori,2026-06-03,11,○7 ◎2 △4 ▲5 ×1 注3,,,,,7,中釜 章成  大,阪,29,113,S1,逃,3.92,109.33,○,5,33.3,44.4,61.1,1,3,,,,,,19:59
1220260602020012,aomori,2026-06-03,12,○1 ◎4 △5 注2 ▲7 ×6,,,,,1,長島 大介  栃,木,36,96,S1,両,3.92,109.29,○,5,16.6,41.6,54.1,0,3,,,,,,20:25
1220260602020012,aomori,2026-06-03,12,○1 ◎4 △5 注2 ▲7 ×6,,,,,2,小川 丈太  徳,島,31,111,S1,逃,3.92,102.73,,0,6.2,31.2,31.2,3,2,,,,,,20:25
1220260602020012,aomori,2026-06-03,12,○1 ◎4 △5 注2 ▲7 ×6,,,,,3,柴崎 淳  三,重,39,91,S1,両,3.92,104.52,×,1,10.5,26.3,36.8,0,0,,,,,,20:25
1220260602020012,aomori,2026-06-03,12,○1 ◎4 △5 注2 ▲7 ×6,,,,,4,永澤 剛  青,森,40,91,S1,追,3.92,108.8,◎,6,16.0,40.0,60.0,0,0,,,,,,20:25
1220260602020012,aomori,2026-06-03,12,○1 ◎4 △5 注2 ▲7 ×6,,,,,5,新山 将史  青,森,35,98,S1,追,3.92,103.06,△,4,9.3,18.7,43.7,0,0,,,,,,20:25
1220260602020012,aomori,2026-06-03,12,○1 ◎4 △5 注2 ▲7 ×6,,,,,6,池野 健太  兵,庫,34,109,S1,逃,3.92,102.57,▲,3,28.5,32.1,39.2,2,3,,,,,,20:25
1220260602020012,aomori,2026-06-03,12,○1 ◎4 △5 注2 ▲7 ×6,,,,,7,筒井 敦史  岡,山,49,85,S1,追,3.92,103.62,注,2,20.8,33.3,37.5,0,1,,,,,,20:25
2220260603010001,maebashi,2026-06-03,1,○7 ◎1 注5 △2 ×6 ▲3,,,,,1,高谷 雅彦  青,森,54,67,A1,両,3.92,86.1,◎,6,20.0,30.0,45.0,0,3,,,,,,20:36
2220260603010001,maebashi,2026-06-03,1,○7 ◎1 注5 △2 ×6 ▲3,,,,,2,金子 周一郎  埼,玉,49,78,A1,追,3.92,85.53,△,4,0.0,26.6,46.6,0,0,,,,,,20:36
2220260603010001,maebashi,2026-06-03,1,○7 ◎1 注5 △2 ×6 ▲3,,,,,3,八嶋 稔真,神奈川,30,113,A2,逃,3.92,83.95,×,1,19.0,28.5,42.8,2,2,,,,,,20:36
2220260603010001,maebashi,2026-06-03,1,○7 ◎1 注5 △2 ×6 ▲3,,,,,4,高橋 健太  静,岡,48,80,A2,追,3.92,82.37,▲,3,3.7,11.1,22.2,0,0,,,,,,20:36
2220260603010001,maebashi,2026-06-03,1,○7 ◎1 注5 △2 ×6 ▲3,,,,,5,中山 拓人  埼,玉,26,121,A1,逃,3.92,80.26,注,2,0.0,0.0,13.3,0,0,,,,,,20:36
2220260603010001,maebashi,2026-06-03,1,○7 ◎1 注5 △2 ×6 ▲3,,,,,6,本田 拓也  新,潟,43,92,A2,追,3.92,79.84,,0,5.0,5.0,10.0,0,0,,,,,,20:36
2220260603010001,maebashi,2026-06-03,1,○7 ◎1 注5 △2 ×6 ▲3,,,,,7,山田 祐太  福,島,37,113,A2,逃,3.92,79.23,○,5,4.7,19.0,19.0,3,1,,,,,,20:36
2220260603010002,maebashi,2026-06-03,2,△4 ×1 ◎2 ○3 ▲7 注6,,,,,1,鹿内 翔  青,森,40,95,A1,追,3.92,87.9,×,1,9.5,33.3,52.3,0,0,,,,,,21:00
2220260603010002,maebashi,2026-06-03,2,△4 ×1 ◎2 ○3 ▲7 注6,,,,,2,松田 安綱  大,阪,24,127,A2,逃,3.93,86.95,◎,6,29.1,37.5,62.5,6,1,,,,,,21:00
2220260603010002,maebashi,2026-06-03,2,△4 ×1 ◎2 ○3 ▲7 注6,,,,,3,田中 秀治  岐,阜,48,82,A2,追,3.93,86.69,○,5,13.0,30.4,52.1,0,0,,,,,,21:00
2220260603010002,maebashi,2026-06-03,2,△4 ×1 ◎2 ○3 ▲7 注6,,,,,4,中込 健太  秋,田,30,119,A2,逃,3.93,82.47,△,4,14.2,23.8,28.5,4,1,,,,,,21:00
2220260603010002,maebashi,2026-06-03,2,△4 ×1 ◎2 ○3 ▲7 注6,,,,,5,藤原 清隆  静,岡,44,87,A2,追,3.92,82.19,注,2,0.0,9.5,23.8,0,0,,,,,,21:00
2220260603010002,maebashi,2026-06-03,2,△4 ×1 ◎2 ○3 ▲7 注6,,,,,6,湯浅 大輔  千,葉,41,96,A2,逃,3.92,80.8,▲,3,4.7,9.5,23.8,0,0,,,,,,21:00
2220260603010002,maebashi,2026-06-03,2,△4 ×1 ◎2 ○3 ▲7 注6,,,,,7,深見 仁哉  愛,知,43,91,A2,追,3.92,79.33,,0,0.0,20.8,25.0,0,1,,,,,,21:00
2220260603010003,maebashi,2026-06-03,3,◎1 ○4 △5 ×2 ▲6 注3,,,,,1,添田 龍児,神奈川,25,121,A1,逃,3.92,87.96,◎,6,14.8,40.7,55.5,5,5,,,,,,21:24
2220260603010003,maebashi,2026-06-03,3,◎1 ○4 △5 ×2 ▲6 注3,,,,,2,土岐 幹多  岐,阜,46,83,A1,追,3.92,85.56,×,1,0.0,8.6,34.7,0,0,,,,,,21:24
2220260603010003,maebashi,2026-06-03,3,◎1 ○4 △5 ×2 ▲6 注3,,,,,3,橋本 紀彰  茨,城,46,90,A2,追,3.92,84.17,注,2,4.3,17.3,39.1,0,0,,,,,,21:24
2220260603010003,maebashi,2026-06-03,3,◎1 ○4 △5 ×2 ▲6 注3,,,,,4,荻野 哲,神奈川,52,75,A2,追,3.92,83.55,○,5,5.2,26.3,31.5,0,0,,,,,,21:24
2220260603010003,maebashi,2026-06-03,3,◎1 ○4 △5 ×2 ▲6 注3,,,,,5,山崎 晃  石,川,40,95,A2,両,3.92,81.33,△,4,11.1,16.6,38.8,3,0,,,,,,21:24
2220260603010003,maebashi,2026-06-03,3,◎1 ○4 △5 ×2 ▲6 注3,,,,,6,平川 雅晃  長,野,35,107,A2,逃,3.85,78.47,▲,3,0.0,9.5,19.0,0,2,,,,,,21:24
2220260603010003,maebashi,2026-06-03,3,◎1 ○4 △5 ×2 ▲6 注3,,,,,7,武田 靖夫  茨,城,53,76,A2,追,3.92,76.44,,0,0.0,0.0,0.0,0,0,,,,,,21:24
2220260603010004,maebashi,2026-06-03,4,◎1 ○2 ▲5 △4 ×3 注7,,,,,1,古屋 琢晶  山,梨,40,90,A1,両,3.92,87.91,◎,6,8.6,34.7,52.1,2,3,,,,,,21:48
2220260603010004,maebashi,2026-06-03,4,◎1 ○2 ▲5 △4 ×3 注7,,,,,2,大橋 徹  栃,木,53,72,A1,追,3.92,87.25,○,5,25.0,37.5,50.0,0,0,,,,,,21:48
2220260603010004,maebashi,2026-06-03,4,◎1 ○2 ▲5 △4 ×3 注7,,,,,3,宮司 周郎  愛,知,49,82,A1,追,3.92,86.55,×,1,5.2,47.3,57.8,0,0,,,,,,21:48
2220260603010004,maebashi,2026-06-03,4,◎1 ○2 ▲5 △4 ×3 注7,,,,,4,井田 晶之  三,重,34,113,A1,両,3.92,82.2,△,4,4.0,12.0,28.0,2,1,,,,,,21:48
2220260603010004,maebashi,2026-06-03,4,◎1 ○2 ▲5 △4 ×3 注7,,,,,5,佐藤 謙  栃,木,40,90,A2,追,3.93,81.94,▲,3,5.2,15.7,31.5,0,0,,,,,,21:48
2220260603010004,maebashi,2026-06-03,4,◎1 ○2 ▲5 △4 ×3 注7,,,,,6,緑川 修平  福,島,42,95,A2,逃,3.93,80.76,注,2,16.0,20.0,24.0,0,5,,,,,,21:48
2220260603010004,maebashi,2026-06-03,4,◎1 ○2 ▲5 △4 ×3 注7,,,,,7,河合 康晴  静,岡,56,68,A2,追,3.92,77.43,,0,0.0,0.0,5.8,0,0,,,,,,21:48
2220260603010005,maebashi,2026-06-03,5,◎7 ○1 ×6 ▲2 注4 △5,,,,,1,飯尾 主税  静,岡,47,81,A1,追,3.92,87.77,○,5,14.8,48.1,59.2,0,0,,,,,,22:13
2220260603010005,maebashi,2026-06-03,5,◎7 ○1 ×6 ▲2 注4 △5,,,,,2,東 鉄也  三,重,45,88,A2,両,3.92,85.0,×,1,28.5,28.5,33.3,0,1,,,,,,22:13
2220260603010005,maebashi,2026-06-03,5,◎7 ○1 ×6 ▲2 注4 △5,,,,,3,山崎 充央  東,京,51,79,A2,追,3.85,84.26,△,4,8.6,21.7,43.4,0,0,,,,,,22:13
2220260603010005,maebashi,2026-06-03,5,◎7 ○1 ×6 ▲2 注4 △5,,,,,4,中野 彰人,和歌山,38,93,A2,追,3.92,81.45,▲,3,0.0,12.5,16.6,0,0,,,,,,22:13
2220260603010005,maebashi,2026-06-03,5,◎7 ○1 ×6 ▲2 注4 △5,,,,,5,舟山 佑京  新,潟,28,113,A2,逃,3.92,80.14,注,2,4.5,18.1,22.7,1,0,,,,,,22:13
2220260603010005,maebashi,2026-06-03,5,◎7 ○1 ×6 ▲2 注4 △5,,,,,6,佐藤 清之  千,葉,43,93,A1,追,3.92,79.66,,0,9.5,9.5,9.5,0,1,,,,,,22:13
2220260603010005,maebashi,2026-06-03,5,◎7 ○1 ×6 ▲2 注4 △5,,,,,7,菊池 竣太朗  静,岡,29,111,A1,両,3.92,0.0,◎,6,0.0,0.0,0.0,0,0,,,,,,22:13
2220260603010006,maebashi,2026-06-03,6,◎1 ○2 ▲4 △6 ×3 注5,,,,,1,川田 真也  埼,玉,25,125,A2,逃,3.85,91.19,◎,6,42.8,66.6,71.4,11,3,,,,,,22:40
2220260603010006,maebashi,2026-06-03,6,◎1 ○2 ▲4 △6 ×3 注5,,,,,2,矢島 一弥  群,馬,40,92,A1,追,3.92,87.2,○,5,20.8,37.5,45.8,0,0,,,,,,22:40
2220260603010006,maebashi,2026-06-03,6,◎1 ○2 ▲4 △6 ×3 注5,,,,,3,布居 寛幸,和歌山,52,72,A1,追,3.92,83.33,×,1,8.3,16.6,33.3,0,0,,,,,,22:40
2220260603010006,maebashi,2026-06-03,6,◎1 ○2 ▲4 △6 ×3 注5,,,,,4,小林 和彦  群,馬,49,82,A2,両,3.77,82.72,▲,3,0.0,16.6,33.3,0,0,,,,,,22:40
2220260603010006,maebashi,2026-06-03,6,◎1 ○2 ▲4 △6 ×3 注5,,,,,5,高橋 大輝  秋,田,32,111,A1,両,3.92,81.79,注,2,8.3,25.0,45.8,1,3,,,,,,22:40
2220260603010006,maebashi,2026-06-03,6,◎1 ○2 ▲4 △6 ×3 注5,,,,,6,堀 僚介  大,阪,31,109,A1,逃,3.92,81.23,△,4,19.2,19.2,30.7,0,4,,,,,,22:40
2220260603010006,maebashi,2026-06-03,6,◎1 ○2 ▲4 △6 ×3 注5,,,,,7,佐々木 健司  青,森,52,76,A2,追,3.92,79.87,,0,4.1,8.3,16.6,0,0,,,,,,22:40
2220260603010007,maebashi,2026-06-03,7,○2 ◎1 ×3 注6 △5 ▲4,,,,,1,吉田 勇人  埼,玉,47,86,A1,追,3.92,91.2,◎,6,10.0,35.0,55.0,0,0,,,,,,23:07
2220260603010007,maebashi,2026-06-03,7,○2 ◎1 ×3 注6 △5 ▲4,,,,,2,菅谷 隆司  東,京,41,96,A1,両,3.92,91.0,○,5,11.1,33.3,33.3,0,1,,,,,,23:07
2220260603010007,maebashi,2026-06-03,7,○2 ◎1 ×3 注6 △5 ▲4,,,,,3,関根 健太郎,神奈川,35,100,A1,両,3.92,91.0,×,1,7.4,25.9,55.5,0,1,,,,,,23:07
2220260603010007,maebashi,2026-06-03,7,○2 ◎1 ×3 注6 △5 ▲4,,,,,4,出口 謙一郎  岐,阜,27,123,A1,逃,3.92,90.35,△,4,33.3,42.8,47.6,5,3,,,,,,23:07
2220260603010007,maebashi,2026-06-03,7,○2 ◎1 ×3 注6 △5 ▲4,,,,,5,小野 裕次  千,葉,37,95,A1,追,3.92,89.95,,0,20.8,41.6,70.8,0,0,,,,,,23:07
2220260603010007,maebashi,2026-06-03,7,○2 ◎1 ×3 注6 △5 ▲4,,,,,6,松坂 英司,神奈川,51,82,A1,追,3.92,88.93,注,2,0.0,6.6,33.3,0,0,,,,,,23:07
2220260603010007,maebashi,2026-06-03,7,○2 ◎1 ×3 注6 △5 ▲4,,,,,7,小林 卓人  大,阪,48,79,A1,追,3.92,88.35,▲,3,10.0,20.0,40.0,0,0,,,,,,23:07
3520260603010001,hiratsuka,2026-06-03,1,▲6 ◎1 ×2 ○3 △4 注5,,,,,1,小林 莉子  東,京,33,102,L1,両,3.77,56.85,◎,6,66.6,80.9,95.2,0,4,,,,,,20:44
3520260603010001,hiratsuka,2026-06-03,1,▲6 ◎1 ×2 ○3 △4 注5,,,,,2,高木 萌那  福,岡,22,126,L1,逃,3.79,55.13,×,1,31.8,59.0,86.3,1,7,,,,,,20:44
3520260603010001,hiratsuka,2026-06-03,1,▲6 ◎1 ×2 ○3 △4 注5,,,,,3,高尾 貴美歌  長,崎,26,116,L1,両,3.77,53.9,○,5,23.8,66.6,80.9,0,4,,,,,,20:44
3520260603010001,hiratsuka,2026-06-03,1,▲6 ◎1 ×2 ○3 △4 注5,,,,,4,永塚 祐子,神奈川,40,118,L1,両,3.77,51.76,△,4,4.7,23.8,42.8,2,0,,,,,,20:44
3520260603010001,hiratsuka,2026-06-03,1,▲6 ◎1 ×2 ○3 △4 注5,,,,,5,杉浦 菜留  愛,知,25,118,L1,両,3.79,48.89,注,2,5.2,15.7,15.7,0,1,,,,,,20:44
3520260603010001,hiratsuka,2026-06-03,1,▲6 ◎1 ×2 ○3 △4 注5,,,,,6,加瀬 加奈子  新,潟,46,102,L1,逃,3.77,48.28,▲,3,0.0,14.2,28.5,2,1,,,,,,20:44
3520260603010001,hiratsuka,2026-06-03,1,▲6 ◎1 ×2 ○3 △4 注5,,,,,7,木下 宙  大,阪,23,124,L1,両,3.77,45.23,,0,0.0,0.0,0.0,0,0,,,,,,20:44
3520260603010002,hiratsuka,2026-06-03,2,×3 ◎1 ▲5 ○2 △4 注6,,,,,1,大浦 彩瑛,神奈川,30,126,L1,逃,3.79,56.13,◎,6,59.0,77.2,81.8,2,14,,,,,,21:08
3520260603010002,hiratsuka,2026-06-03,2,×3 ◎1 ▲5 ○2 △4 注6,,,,,2,下条 未悠  富,山,25,118,L1,両,3.77,54.08,○,5,45.8,58.3,70.8,3,10,,,,,,21:08
3520260603010002,hiratsuka,2026-06-03,2,×3 ◎1 ▲5 ○2 △4 注6,,,,,3,岡本 二菜  東,京,28,118,L1,両,3.77,53.75,×,1,12.5,50.0,81.2,2,3,,,,,,21:08
3520260603010002,hiratsuka,2026-06-03,2,×3 ◎1 ▲5 ○2 △4 注6,,,,,4,鈴木 美教  静,岡,31,112,L1,両,3.77,50.72,△,4,5.2,21.0,47.3,1,0,,,,,,21:08
3520260603010002,hiratsuka,2026-06-03,2,×3 ◎1 ▲5 ○2 △4 注6,,,,,5,梶原 百香  福,岡,28,114,L1,両,3.77,48.72,▲,3,5.5,16.6,33.3,0,1,,,,,,21:08
3520260603010002,hiratsuka,2026-06-03,2,×3 ◎1 ▲5 ○2 △4 注6,,,,,6,伊藤 優里  三,重,21,126,L1,両,3.77,47.88,注,2,5.5,22.2,27.7,2,0,,,,,,21:08
3520260603010002,hiratsuka,2026-06-03,2,×3 ◎1 ▲5 ○2 △4 注6,,,,,7,松尾 智佳  愛,媛,38,102,L1,追,3.77,45.05,,0,0.0,0.0,5.5,0,0,,,,,,21:08
3520260603010003,hiratsuka,2026-06-03,3,◎1 ○3 注5 ×4 △2 ▲7,,,,,1,福森 慎太郎  千,葉,49,84,A3,逃,3.92,72.72,◎,6,27.2,45.4,63.6,6,3,,,,,,21:32
3520260603010003,hiratsuka,2026-06-03,3,◎1 ○3 注5 ×4 △2 ▲7,,,,,2,佐藤 純嘉  青,森,43,94,A3,追,3.85,71.22,△,4,0.0,22.2,33.3,0,0,,,,,,21:32
3520260603010003,hiratsuka,2026-06-03,3,◎1 ○3 注5 ×4 △2 ▲7,,,,,3,吉川 誠,神奈川,44,86,A3,両,3.93,70.44,○,5,0.0,5.5,33.3,1,0,,,,,,21:32
3520260603010003,hiratsuka,2026-06-03,3,◎1 ○3 注5 ×4 △2 ▲7,,,,,4,堀内 昇  茨,城,38,95,A3,両,3.93,70.42,×,1,14.2,28.5,47.6,3,0,,,,,,21:32
3520260603010003,hiratsuka,2026-06-03,3,◎1 ○3 注5 ×4 △2 ▲7,,,,,5,富澤 洋祐  静,岡,50,81,A3,追,3.92,68.94,注,2,5.8,11.7,29.4,0,0,,,,,,21:32
3520260603010003,hiratsuka,2026-06-03,3,◎1 ○3 注5 ×4 △2 ▲7,,,,,6,川西 亮介,和歌山,49,86,A3,追,3.85,68.25,▲,3,4.1,8.3,33.3,0,0,,,,,,21:32
3520260603010003,hiratsuka,2026-06-03,3,◎1 ○3 注5 ×4 △2 ▲7,,,,,7,中村 敏之輔,北海道,40,91,A3,追,3.93,62.85,,0,0.0,0.0,0.0,0,0,,,,,,21:32
3520260603010004,hiratsuka,2026-06-03,4,◎2 ○1 ×6 注3 △4 ▲5,,,,,1,大澤 裕之  埼,玉,53,71,A3,追,3.92,74.14,○,5,0.0,42.8,61.9,0,0,,,,,,21:56
3520260603010004,hiratsuka,2026-06-03,4,◎2 ○1 ×6 注3 △4 ▲5,,,,,2,五輪 拓巳  東,京,27,127,A3,逃,3.92,72.75,◎,6,33.3,33.3,50.0,3,1,,,,,,21:56
3520260603010004,hiratsuka,2026-06-03,4,◎2 ○1 ×6 注3 △4 ▲5,,,,,3,鈴木 広人,神奈川,42,99,A3,両,3.93,71.33,×,1,32.1,50.0,53.5,1,8,,,,,,21:56
3520260603010004,hiratsuka,2026-06-03,4,◎2 ○1 ×6 注3 △4 ▲5,,,,,4,眞原 健一,神奈川,53,69,A3,追,3.92,69.75,注,2,5.8,23.5,47.0,0,0,,,,,,21:56
3520260603010004,hiratsuka,2026-06-03,4,◎2 ○1 ×6 注3 △4 ▲5,,,,,5,瀧本 匡平  愛,知,41,97,A3,両,3.92,69.03,△,4,26.9,38.4,46.1,1,8,,,,,,21:56
3520260603010004,hiratsuka,2026-06-03,4,◎2 ○1 ×6 注3 △4 ▲5,,,,,6,水野 悟志  静,岡,42,94,A3,追,3.92,68.71,,0,4.7,19.0,33.3,0,0,,,,,,21:56
3520260603010004,hiratsuka,2026-06-03,4,◎2 ○1 ×6 注3 △4 ▲5,,,,,7,岡田 大門  愛,知,44,87,A3,両,3.85,67.78,▲,3,10.5,21.0,31.5,1,2,,,,,,21:56
3520260603010005,hiratsuka,2026-06-03,5,◎1 ○5 注2 ×7 △3 ▲4,,,,,1,辻田 祥大  三,重,23,127,A3,逃,3.93,76.11,◎,6,44.4,66.6,77.7,4,2,,,,,,22:22
3520260603010005,hiratsuka,2026-06-03,5,◎1 ○5 注2 ×7 △3 ▲4,,,,,2,亀井 道佳  宮,城,48,83,A3,追,3.92,71.83,注,2,4.1,16.6,41.6,0,0,,,,,,22:22
3520260603010005,hiratsuka,2026-06-03,5,◎1 ○5 注2 ×7 △3 ▲4,,,,,3,小泉 俊也  静,岡,50,77,A3,両,3.93,70.57,×,1,19.2,46.1,61.5,7,3,,,,,,22:22
3520260603010005,hiratsuka,2026-06-03,5,◎1 ○5 注2 ×7 △3 ▲4,,,,,4,小林 宏年  静,岡,60,55,A3,追,3.92,69.33,△,4,10.0,10.0,40.0,0,1,,,,,,22:22
3520260603010005,hiratsuka,2026-06-03,5,◎1 ○5 注2 ×7 △3 ▲4,,,,,5,服部 竜二  愛,知,54,76,A3,追,3.92,69.16,○,5,11.1,11.1,27.7,0,0,,,,,,22:22
3520260603010005,hiratsuka,2026-06-03,5,◎1 ○5 注2 ×7 △3 ▲4,,,,,6,高橋 由記  群,馬,46,88,A3,追,3.92,68.12,▲,3,8.3,16.6,29.1,0,0,,,,,,22:22
3520260603010005,hiratsuka,2026-06-03,5,◎1 ○5 注2 ×7 △3 ▲4,,,,,7,高森 圭介  栃,木,49,83,A3,追,3.92,67.36,,0,16.0,20.0,24.0,0,0,,,,,,22:22
3520260603010006,hiratsuka,2026-06-03,6,◎1 ○2 ×7 注3 ▲4 △6,,,,,1,楠野 史尭  埼,玉,37,105,A3,両,3.92,78.83,◎,6,54.1,87.5,100.0,8,1,,,,,,22:49
3520260603010006,hiratsuka,2026-06-03,6,◎1 ○2 ×7 注3 ▲4 △6,,,,,2,堀 勝政  群,馬,48,83,A3,追,3.92,73.59,○,5,14.2,33.3,52.3,0,0,,,,,,22:49
3520260603010006,hiratsuka,2026-06-03,6,◎1 ○2 ×7 注3 ▲4 △6,,,,,3,武田 和也  奈,良,38,92,A3,両,3.92,72.38,×,1,14.2,47.6,57.1,4,0,,,,,,22:49
3520260603010006,hiratsuka,2026-06-03,6,◎1 ○2 ×7 注3 ▲4 △6,,,,,4,元砂 海人  奈,良,36,113,A3,両,3.92,69.2,注,2,13.3,26.6,33.3,0,0,,,,,,22:49
3520260603010006,hiratsuka,2026-06-03,6,◎1 ○2 ×7 注3 ▲4 △6,,,,,5,杉浦 康一,北海道,61,58,A3,追,3.92,68.79,△,4,16.6,25.0,45.8,0,0,,,,,,22:49
3520260603010006,hiratsuka,2026-06-03,6,◎1 ○2 ×7 注3 ▲4 △6,,,,,6,三浦 綾  宮,城,34,105,A3,逃,3.92,68.33,▲,3,11.1,22.2,27.7,1,2,,,,,,22:49
3520260603010006,hiratsuka,2026-06-03,6,◎1 ○2 ×7 注3 ▲4 △6,,,,,7,吉竹 雄城  千,葉,36,99,A3,追,3.92,61.52,,0,0.0,0.0,0.0,0,0,,,,,,22:49
3520260603010007,hiratsuka,2026-06-03,7,◎1 ○3 ▲4 ×6 △2 注5,,,,,1,水澤 秀哉  千,葉,22,127,A3,逃,3.92,78.8,◎,6,76.1,85.7,95.2,15,3,,,,,,23:16
3520260603010007,hiratsuka,2026-06-03,7,◎1 ○3 ▲4 ×6 △2 注5,,,,,2,斎藤 敦  大,阪,39,103,A3,逃,3.92,71.92,×,1,23.0,38.4,53.8,4,0,,,,,,23:16
3520260603010007,hiratsuka,2026-06-03,7,◎1 ○3 ▲4 ×6 △2 注5,,,,,3,志村 正洋,神奈川,51,77,A3,追,3.85,70.56,○,5,7.6,26.9,46.1,0,0,,,,,,23:16
3520260603010007,hiratsuka,2026-06-03,7,◎1 ○3 ▲4 ×6 △2 注5,,,,,4,高木 隆弘,神奈川,57,64,A3,追,3.92,70.3,▲,3,0.0,7.6,38.4,0,0,,,,,,23:16
3520260603010007,hiratsuka,2026-06-03,7,◎1 ○3 ▲4 ×6 △2 注5,,,,,5,南 蓮,和歌山,27,115,A3,追,3.93,69.11,△,4,5.5,11.1,27.7,0,0,,,,,,23:16
3520260603010007,hiratsuka,2026-06-03,7,◎1 ○3 ▲4 ×6 △2 注5,,,,,6,煤賀 隆幸  秋,田,50,75,A3,追,3.92,67.83,,0,5.5,11.1,33.3,0,0,,,,,,23:16
3520260603010007,hiratsuka,2026-06-03,7,◎1 ○3 ▲4 ×6 △2 注5,,,,,7,牧田 賢也  福,島,29,111,A3,逃,3.92,65.41,注,2,8.3,8.3,8.3,0,1,,,,,,23:16
4220260601030001,nagoya,2026-06-03,1,×5 ◎1 ○3 △6 注7 ▲2,,,,,1,渋谷 錬,神奈川,35,103,A2,追,3.92,86.66,◎,6,16.6,29.1,50.0,0,0,,,,,,11:14
4220260601030001,nagoya,2026-06-03,1,×5 ◎1 ○3 △6 注7 ▲2,,,,,2,林 成人  愛,媛,53,73,A2,追,3.92,81.41,注,2,8.3,16.6,25.0,0,0,,,,,,11:14
4220260601030001,nagoya,2026-06-03,1,×5 ◎1 ○3 △6 注7 ▲2,,,,,3,渡辺 航平  東,京,48,79,A1,追,3.93,86.0,○,5,12.5,25.0,50.0,0,0,,,,,,11:14
4220260601030001,nagoya,2026-06-03,1,×5 ◎1 ○3 △6 注7 ▲2,,,,,4,船曳 義之  香,川,49,83,A2,追,3.92,81.08,▲,3,4.1,4.1,16.6,0,0,,,,,,11:14
4220260601030001,nagoya,2026-06-03,1,×5 ◎1 ○3 △6 注7 ▲2,,,,,5,望月 嘉人  静,岡,29,123,A2,逃,3.92,79.66,×,1,5.5,11.1,22.2,2,0,,,,,,11:14
4220260601030001,nagoya,2026-06-03,1,×5 ◎1 ○3 △6 注7 ▲2,,,,,6,鈴木 宏章  栃,木,50,80,A2,追,3.86,77.91,,0,0.0,0.0,4.3,0,0,,,,,,11:14
4220260601030001,nagoya,2026-06-03,1,×5 ◎1 ○3 △6 注7 ▲2,,,,,7,高倉 俊宏  福,岡,39,93,A2,両,3.92,83.47,△,4,28.5,28.5,38.0,1,3,,,,,,11:14
4220260601030002,nagoya,2026-06-03,2,○5 ◎4 △2 注6 ×7 ▲1,,,,,1,大竹野 裕樹,鹿児島,44,88,A2,両,3.92,84.58,×,1,29.1,45.8,45.8,0,9,,,,,,11:41
4220260601030002,nagoya,2026-06-03,2,○5 ◎4 △2 注6 ×7 ▲1,,,,,2,松山 正和  静,岡,54,76,A2,追,3.92,82.15,△,4,0.0,15.3,23.0,0,0,,,,,,11:41
4220260601030002,nagoya,2026-06-03,2,○5 ◎4 △2 注6 ×7 ▲1,,,,,3,山田 晃久  石,川,51,77,A2,追,3.92,83.87,▲,3,4.1,12.5,41.6,0,0,,,,,,11:41
4220260601030002,nagoya,2026-06-03,2,○5 ◎4 △2 注6 ×7 ▲1,,,,,4,伊藤 奎  福,島,27,115,A1,追,3.93,87.8,◎,6,9.5,14.2,33.3,0,1,,,,,,11:41
4220260601030002,nagoya,2026-06-03,2,○5 ◎4 △2 注6 ×7 ▲1,,,,,5,菅田 和宏  宮,城,43,88,A2,逃,3.92,83.17,○,5,14.2,28.5,39.2,2,3,,,,,,11:41
4220260601030002,nagoya,2026-06-03,2,○5 ◎4 △2 注6 ×7 ▲1,,,,,6,宗景 祐樹  栃,木,50,84,A2,追,3.92,78.44,,0,0.0,5.0,10.0,0,0,,,,,,11:41
4220260601030002,nagoya,2026-06-03,2,○5 ◎4 △2 注6 ×7 ▲1,,,,,7,久保 光司  佐,賀,29,119,A2,逃,3.92,80.33,注,2,14.2,19.0,28.5,3,0,,,,,,11:41
4220260601030003,nagoya,2026-06-03,3,◎1 ○7 ×5 注4 △3 ▲2,,,,,1,矢部 駿人  岡,山,27,121,A1,逃,3.92,92.09,◎,6,4.7,38.0,66.6,4,2,,,,,,12:10
4220260601030003,nagoya,2026-06-03,3,◎1 ○7 ×5 注4 △3 ▲2,,,,,2,藤岡 徹也  兵,庫,38,121,A1,両,3.92,87.53,△,4,40.0,46.6,60.0,0,4,,,,,,12:10
4220260601030003,nagoya,2026-06-03,3,◎1 ○7 ×5 注4 △3 ▲2,,,,,3,吉田 篤史  奈,良,37,109,A2,両,3.92,88.2,注,2,13.3,60.0,73.3,2,3,,,,,,12:10
4220260601030003,nagoya,2026-06-03,3,◎1 ○7 ×5 注4 △3 ▲2,,,,,4,廣川 泰昭  愛,媛,43,90,A2,追,3.92,84.26,,0,13.3,20.0,33.3,0,1,,,,,,12:10
4220260601030003,nagoya,2026-06-03,3,◎1 ○7 ×5 注4 △3 ▲2,,,,,5,上田 学  愛,媛,55,69,A1,追,3.86,87.04,×,1,8.3,25.0,29.1,0,0,,,,,,12:10
4220260601030003,nagoya,2026-06-03,3,◎1 ○7 ×5 注4 △3 ▲2,,,,,6,渡会 啓介  愛,知,49,83,A2,追,3.92,83.19,▲,3,4.7,9.5,47.6,0,0,,,,,,12:10
4220260601030003,nagoya,2026-06-03,3,◎1 ○7 ×5 注4 △3 ▲2,,,,,7,戸伏 康夫  岡,山,46,96,A2,追,3.92,87.27,○,5,22.2,38.8,61.1,0,0,,,,,,12:10
4220260601030004,nagoya,2026-06-03,4,注7 ▲2 ○1 ◎4 △5 ×6,,,,,1,安達 光伸  岐,阜,24,127,A2,逃,3.92,92.16,○,5,50.0,66.6,72.2,9,3,,,,,,12:40
4220260601030004,nagoya,2026-06-03,4,注7 ▲2 ○1 ◎4 △5 ×6,,,,,2,石田 洋秀  広,島,56,64,A1,追,3.92,88.19,▲,3,9.5,38.0,52.3,0,0,,,,,,12:40
4220260601030004,nagoya,2026-06-03,4,注7 ▲2 ○1 ◎4 △5 ×6,,,,,3,神開 一輝  福,岡,32,119,A1,逃,3.92,90.15,×,1,25.0,30.0,40.0,0,1,,,,,,12:40
4220260601030004,nagoya,2026-06-03,4,注7 ▲2 ○1 ◎4 △5 ×6,,,,,4,加藤 寛治  愛,知,48,83,A1,両,3.92,87.41,◎,6,29.1,45.8,62.5,0,2,,,,,,12:40
4220260601030004,nagoya,2026-06-03,4,注7 ▲2 ○1 ◎4 △5 ×6,,,,,5,中井 勇介  大,阪,44,100,A1,逃,3.92,87.21,△,4,20.0,50.0,60.0,5,2,,,,,,12:40
4220260601030004,nagoya,2026-06-03,4,注7 ▲2 ○1 ◎4 △5 ×6,,,,,6,田川 翔琉  熊,本,28,119,A1,逃,3.92,86.63,,0,15.7,26.3,57.8,2,2,,,,,,12:40
4220260601030004,nagoya,2026-06-03,4,注7 ▲2 ○1 ◎4 △5 ×6,,,,,7,火島 裕輝  愛,媛,23,123,A1,逃,3.92,87.93,注,2,26.6,46.6,53.3,2,2,,,,,,12:40
4220260601030005,nagoya,2026-06-03,5,◎4 ○1 注3 ×5 △2,,,,,1,宮越 孝治  富,山,47,82,S2,追,3.92,94.83,○,5,3.2,3.2,16.1,0,0,,,,,,13:10
4220260601030005,nagoya,2026-06-03,5,◎4 ○1 注3 ×5 △2,,,,,2,池田 勇人  埼,玉,41,90,S2,追,3.93,95.58,△,4,3.2,3.2,9.6,1,0,,,,,,13:10
4220260601030005,nagoya,2026-06-03,5,◎4 ○1 注3 ×5 △2,,,,,3,金山 栄治  滋,賀,52,72,S2,追,3.92,95.0,注,2,0.0,7.6,7.6,0,0,,,,,,13:10
4220260601030005,nagoya,2026-06-03,5,◎4 ○1 注3 ×5 △2,,,,,4,林 敬宏  愛,知,34,117,S2,逃,3.92,98.1,◎,6,6.6,13.3,23.3,0,3,,,,,,13:10
4220260601030005,nagoya,2026-06-03,5,◎4 ○1 注3 ×5 △2,,,,,5,紺野 哲也  宮,城,53,69,S2,追,3.92,99.83,×,1,10.5,21.0,36.8,0,0,,,,,,13:10
4220260601030006,nagoya,2026-06-03,6,×6 注4 ▲1 ◎5 ○2 △3,,,,,1,佐藤 康紀  青,森,51,73,S2,追,3.92,93.41,▲,3,0.0,0.0,7.6,0,0,,,,,,13:40
4220260601030006,nagoya,2026-06-03,6,×6 注4 ▲1 ◎5 ○2 △3,,,,,2,藤原 誠  岐,阜,54,69,S2,追,3.93,95.72,○,5,10.3,20.6,34.4,0,0,,,,,,13:40
4220260601030006,nagoya,2026-06-03,6,×6 注4 ▲1 ◎5 ○2 △3,,,,,3,本郷 雄三  熊,本,37,99,S2,両,3.92,98.16,△,4,10.0,10.0,30.0,1,1,,,,,,13:40
4220260601030006,nagoya,2026-06-03,6,×6 注4 ▲1 ◎5 ○2 △3,,,,,4,出澤 拓也,神奈川,35,111,S2,追,3.93,94.38,注,2,0.0,9.3,28.1,0,0,,,,,,13:40
4220260601030006,nagoya,2026-06-03,6,×6 注4 ▲1 ◎5 ○2 △3,,,,,5,松岡 篤哉  岐,阜,43,97,S2,両,3.92,102.38,◎,6,33.3,42.8,47.6,1,1,,,,,,13:40
4220260601030006,nagoya,2026-06-03,6,×6 注4 ▲1 ◎5 ○2 △3,,,,,6,格清 洋介  静,岡,31,111,S2,逃,3.93,99.73,×,1,21.7,47.8,52.1,6,4,,,,,,13:40
4220260601030007,nagoya,2026-06-03,7,▲5 △1 ×6 注3 ◎7 ○4,,,,,1,高橋 和也  愛,知,39,91,S2,両,3.93,101.75,△,4,8.0,36.0,44.0,2,2,,,,,,14:10
4220260601030007,nagoya,2026-06-03,7,▲5 △1 ×6 注3 ◎7 ○4,,,,,2,中村 浩士  千,葉,48,79,S1,追,3.85,101.35,○,5,4.5,13.6,27.2,0,0,,,,,,14:10
4220260601030007,nagoya,2026-06-03,7,▲5 △1 ×6 注3 ◎7 ○4,,,,,3,安彦 統賀  埼,玉,27,121,S2,両,3.92,105.37,×,1,22.2,40.7,62.9,0,4,,,,,,14:10
4220260601030007,nagoya,2026-06-03,7,▲5 △1 ×6 注3 ◎7 ○4,,,,,4,丸山 留依  静,岡,20,127,S2,逃,3.92,103.47,◎,6,57.8,57.8,78.9,5,5,,,,,,14:10
4220260601030007,nagoya,2026-06-03,7,▲5 △1 ×6 注3 ◎7 ○4,,,,,5,高田 修汰  福,井,26,115,S2,逃,3.92,95.9,▲,3,4.5,18.1,18.1,4,0,,,,,,14:10
4220260601030007,nagoya,2026-06-03,7,▲5 △1 ×6 注3 ◎7 ○4,,,,,6,伊藤 勝太  愛,知,38,95,S2,追,3.92,94.63,,0,0.0,0.0,9.0,0,0,,,,,,14:10
4220260601030007,nagoya,2026-06-03,7,▲5 △1 ×6 注3 ◎7 ○4,,,,,7,橋本 瑠偉  栃,木,31,113,S1,逃,3.92,98.0,注,2,18.1,22.7,27.2,2,2,,,,,,14:10
4220260601030008,nagoya,2026-06-03,8,◎2 ○5 △1 注6 ×3 ▲4,,,,,1,中井 太祐  奈,良,36,97,S1,両,3.92,105.12,△,4,12.5,25.0,37.5,0,1,,,,,,14:40
4220260601030008,nagoya,2026-06-03,8,◎2 ○5 △1 注6 ×3 ▲4,,,,,2,小原 佑太  青,森,30,115,S1,逃,3.92,105.3,◎,6,17.3,26.0,34.7,4,1,,,,,,14:40
4220260601030008,nagoya,2026-06-03,8,◎2 ○5 △1 注6 ×3 ▲4,,,,,3,坂田 康季  佐,賀,28,121,S2,逃,3.92,100.1,注,2,19.0,28.5,38.0,4,2,,,,,,14:40
4220260601030008,nagoya,2026-06-03,8,◎2 ○5 △1 注6 ×3 ▲4,,,,,4,久島 尚樹  宮,崎,35,100,S2,両,3.92,106.8,×,1,26.9,46.1,69.2,1,1,,,,,,14:40
4220260601030008,nagoya,2026-06-03,8,◎2 ○5 △1 注6 ×3 ▲4,,,,,5,石毛 克幸  千,葉,49,84,S2,追,3.92,101.81,○,5,18.1,40.9,50.0,0,2,,,,,,14:40
4220260601030008,nagoya,2026-06-03,8,◎2 ○5 △1 注6 ×3 ▲4,,,,,6,伊藤 成紀  大,阪,43,90,S2,両,3.93,98.17,,0,27.5,27.5,41.3,0,2,,,,,,14:40
4220260601030008,nagoya,2026-06-03,8,◎2 ○5 △1 注6 ×3 ▲4,,,,,7,稲吉 悠大  福,岡,39,92,S2,追,3.92,100.74,▲,3,7.4,25.9,40.7,0,0,,,,,,14:40
4220260601030009,nagoya,2026-06-03,9,◎4 ○1 注2 △3 ▲6 ×7,,,,,1,小林 大介  群,馬,48,79,S2,追,3.92,100.89,○,5,7.1,25.0,53.5,0,1,,,,,,15:10
4220260601030009,nagoya,2026-06-03,9,◎4 ○1 注2 △3 ▲6 ×7,,,,,2,山本 奨  岡,山,37,94,S2,両,3.92,100.0,注,2,19.0,19.0,38.0,0,1,,,,,,15:10
4220260601030009,nagoya,2026-06-03,9,◎4 ○1 注2 △3 ▲6 ×7,,,,,3,斉藤 樂  宮,城,24,123,S2,逃,3.92,98.71,△,4,14.2,23.8,33.3,1,3,,,,,,15:10
4220260601030009,nagoya,2026-06-03,9,◎4 ○1 注2 △3 ▲6 ×7,,,,,4,木村 皆斗  茨,城,24,119,S1,逃,3.92,108.76,◎,6,50.0,63.3,66.6,13,4,,,,,,15:10
4220260601030009,nagoya,2026-06-03,9,◎4 ○1 注2 △3 ▲6 ×7,,,,,5,伊藤 信  大,阪,42,92,S2,逃,3.93,104.08,×,1,16.6,33.3,37.5,1,6,,,,,,15:10
4220260601030009,nagoya,2026-06-03,9,◎4 ○1 注2 △3 ▲6 ×7,,,,,6,房州 輝也  福,島,39,91,S2,両,3.93,95.24,,0,3.0,9.0,24.2,0,0,,,,,,15:10
4220260601030009,nagoya,2026-06-03,9,◎4 ○1 注2 △3 ▲6 ×7,,,,,7,佐藤 龍二,神奈川,37,94,S2,追,3.85,100.08,▲,3,4.3,17.3,34.7,0,0,,,,,,15:10
4220260601030010,nagoya,2026-06-03,10,△5 注1 ×6 ▲2 ○7 ◎4,,,,,1,飯田 辰哉  千,葉,53,72,A1,追,3.92,89.79,注,2,12.5,20.8,37.5,0,0,,,,,,15:42
4220260601030010,nagoya,2026-06-03,10,△5 注1 ×6 ▲2 ○7 ◎4,,,,,2,泉 文人  福,島,35,99,A1,両,3.92,93.33,×,1,33.3,66.6,83.3,0,2,,,,,,15:42
4220260601030010,nagoya,2026-06-03,10,△5 注1 ×6 ▲2 ○7 ◎4,,,,,3,吉田 茂生  岐,阜,35,98,A1,両,3.92,94.47,◎,6,33.3,47.6,95.2,0,1,,,,,,15:42
4220260601030010,nagoya,2026-06-03,10,△5 注1 ×6 ▲2 ○7 ◎4,,,,,4,稲毛 知也,和歌山,28,123,A1,逃,3.92,92.04,○,5,37.5,50.0,62.5,2,10,,,,,,15:42
4220260601030010,nagoya,2026-06-03,10,△5 注1 ×6 ▲2 ○7 ◎4,,,,,5,田中 和磨  岡,山,29,113,A2,逃,3.93,92.04,△,4,38.4,57.6,84.6,3,7,,,,,,15:42
4220260601030010,nagoya,2026-06-03,10,△5 注1 ×6 ▲2 ○7 ◎4,,,,,6,山崎 敦雄  静,岡,53,70,A1,追,3.85,82.53,,0,6.2,12.5,18.7,0,0,,,,,,15:42
4220260601030010,nagoya,2026-06-03,10,△5 注1 ×6 ▲2 ○7 ◎4,,,,,7,小橋 秀幸  青,森,47,85,A1,追,3.93,92.62,▲,3,33.3,50.0,62.5,0,0,,,,,,15:42
4220260601030011,nagoya,2026-06-03,11,×4 △3 注5 ◎2 ○7 ▲6,,,,,1,東口 善朋,和歌山,46,85,S1,追,3.92,109.05,▲,3,10.5,21.0,31.5,0,0,,,,,,16:15
4220260601030011,nagoya,2026-06-03,11,×4 △3 注5 ◎2 ○7 ▲6,,,,,2,石原 颯  香,川,26,117,S1,逃,3.92,110.38,◎,6,15.7,42.1,42.1,7,1,,,,,,16:15
4220260601030011,nagoya,2026-06-03,11,×4 △3 注5 ◎2 ○7 ▲6,,,,,3,五日市 誠  青,森,41,89,S1,追,3.92,107.4,△,4,22.7,40.9,50.0,0,1,,,,,,16:15
4220260601030011,nagoya,2026-06-03,11,×4 △3 注5 ◎2 ○7 ▲6,,,,,4,金子 幸央  栃,木,33,101,S2,両,3.92,111.63,×,1,31.8,59.0,72.7,0,4,,,,,,16:15
4220260601030011,nagoya,2026-06-03,11,×4 △3 注5 ◎2 ○7 ▲6,,,,,5,黒瀬 浩太郎  広,島,26,123,S1,逃,3.92,107.62,注,2,29.4,47.0,58.8,5,3,,,,,,16:15
4220260601030011,nagoya,2026-06-03,11,×4 △3 注5 ◎2 ○7 ▲6,,,,,6,久田 朔  大,阪,22,125,S2,逃,3.92,104.19,,0,23.8,47.6,61.9,5,5,,,,,,16:15
4220260601030011,nagoya,2026-06-03,11,×4 △3 注5 ◎2 ○7 ▲6,,,,,7,川口 雄太  徳,島,29,111,S2,両,3.92,104.87,○,5,33.3,50.0,54.1,0,3,,,,,,16:15
4520260603010001,toyohashi,2026-06-03,1,△3 ×1 ○4 ◎2 ▲7 注5,,,,,1,小佐野 文秀  山,梨,50,83,A1,追,3.92,85.85,×,1,14.2,14.2,33.3,0,0,,,,,,20:52
4520260603010001,toyohashi,2026-06-03,1,△3 ×1 ○4 ◎2 ▲7 注5,,,,,2,奥原 亨,神奈川,37,103,A1,追,3.92,85.42,◎,6,10.5,21.0,42.1,0,0,,,,,,20:52
4520260603010001,toyohashi,2026-06-03,1,△3 ×1 ○4 ◎2 ▲7 注5,,,,,3,大畑 裕貴  埼,玉,41,92,A2,両,3.92,85.09,△,4,9.5,19.0,42.8,3,1,,,,,,20:52
4520260603010001,toyohashi,2026-06-03,1,△3 ×1 ○4 ◎2 ▲7 注5,,,,,4,吉竹 尚城  静,岡,33,109,A1,逃,3.92,84.65,○,5,30.4,39.1,52.1,7,2,,,,,,20:52
4520260603010001,toyohashi,2026-06-03,1,△3 ×1 ○4 ◎2 ▲7 注5,,,,,5,鮒田 博文  三,重,48,79,A2,追,3.93,80.53,注,2,0.0,13.3,26.6,0,0,,,,,,20:52
4520260603010001,toyohashi,2026-06-03,1,△3 ×1 ○4 ◎2 ▲7 注5,,,,,6,石貞 有基  兵,庫,40,100,A2,両,3.92,79.71,,0,4.7,4.7,19.0,0,0,,,,,,20:52
4520260603010001,toyohashi,2026-06-03,1,△3 ×1 ○4 ◎2 ▲7 注5,,,,,7,長谷川 裕一  愛,知,40,121,A2,逃,3.93,78.44,▲,3,5.5,16.6,22.2,2,1,,,,,,20:52
4520260603010002,toyohashi,2026-06-03,2,○3 ◎1 △5 ×2 注4 ▲6,,,,,1,高橋 秀吉  秋,田,43,88,A1,追,3.92,87.72,◎,6,22.2,33.3,50.0,0,1,,,,,,21:16
4520260603010002,toyohashi,2026-06-03,2,○3 ◎1 △5 ×2 注4 ▲6,,,,,2,西本 直大  大,阪,43,92,A1,両,3.92,86.04,×,1,9.5,33.3,52.3,1,4,,,,,,21:16
4520260603010002,toyohashi,2026-06-03,2,○3 ◎1 △5 ×2 注4 ▲6,,,,,3,佐々木 祐太  岩,手,26,123,A1,逃,3.92,84.91,○,5,12.5,33.3,45.8,4,3,,,,,,21:16
4520260603010002,toyohashi,2026-06-03,2,○3 ◎1 △5 ×2 注4 ▲6,,,,,4,堂村 知哉  福,井,43,88,A2,追,3.92,84.83,注,2,16.6,22.2,38.8,0,0,,,,,,21:16
4520260603010002,toyohashi,2026-06-03,2,○3 ◎1 △5 ×2 注4 ▲6,,,,,5,佐野 恭太  静,岡,46,94,A2,両,3.92,82.44,△,4,4.0,16.0,36.0,0,1,,,,,,21:16
4520260603010002,toyohashi,2026-06-03,2,○3 ◎1 △5 ×2 注4 ▲6,,,,,6,神山 尚  栃,木,35,109,A1,両,3.92,82.0,▲,3,10.0,20.0,35.0,1,0,,,,,,21:16
4520260603010002,toyohashi,2026-06-03,2,○3 ◎1 △5 ×2 注4 ▲6,,,,,7,山本 恵太郎  東,京,52,71,A2,追,3.92,80.88,,0,4.0,8.0,20.0,0,0,,,,,,21:16
4520260603010003,toyohashi,2026-06-03,3,○2 ◎1 ×3 △4 注5 ▲6,,,,,1,水谷 将司  愛,知,38,105,A2,追,3.92,88.5,◎,6,20.8,45.8,50.0,0,1,,,,,,21:40
4520260603010003,toyohashi,2026-06-03,3,○2 ◎1 ×3 △4 注5 ▲6,,,,,2,弓矢 輪太郎  三,重,22,125,A2,逃,3.92,85.19,○,5,4.7,23.8,42.8,1,1,,,,,,21:40
4520260603010003,toyohashi,2026-06-03,3,○2 ◎1 ×3 △4 注5 ▲6,,,,,3,奥谷 広巳  兵,庫,49,78,A1,追,3.92,83.76,×,1,4.7,19.0,23.8,0,0,,,,,,21:40
4520260603010003,toyohashi,2026-06-03,3,○2 ◎1 ×3 △4 注5 ▲6,,,,,4,伊早坂 駿一  茨,城,31,105,A2,逃,3.92,82.65,△,4,24.1,31.0,34.4,5,4,,,,,,21:40
4520260603010003,toyohashi,2026-06-03,3,○2 ◎1 ×3 △4 注5 ▲6,,,,,5,伊藤 大理  長,野,49,85,A2,追,3.92,81.5,注,2,0.0,16.6,33.3,0,0,,,,,,21:40
4520260603010003,toyohashi,2026-06-03,3,○2 ◎1 ×3 △4 注5 ▲6,,,,,6,佐々木 孝司  青,森,47,84,A2,逃,3.92,80.43,▲,3,0.0,4.1,25.0,1,0,,,,,,21:40
4520260603010003,toyohashi,2026-06-03,3,○2 ◎1 ×3 △4 注5 ▲6,,,,,7,齊藤 紳一朗  青,森,48,82,A2,追,3.79,76.16,,0,0.0,0.0,0.0,0,0,,,,,,21:40
4520260603010004,toyohashi,2026-06-03,4,▲6 ×1 ◎2 ○3 注5 △4,,,,,1,小谷田 公則  福,島,45,88,A2,追,3.86,87.52,×,1,9.5,28.5,52.3,0,1,,,,,,22:04
4520260603010004,toyohashi,2026-06-03,4,▲6 ×1 ◎2 ○3 注5 △4,,,,,2,土田 武志  茨,城,27,115,A1,逃,3.92,87.42,◎,6,19.0,42.8,47.6,5,1,,,,,,22:04
4520260603010004,toyohashi,2026-06-03,4,▲6 ×1 ◎2 ○3 注5 △4,,,,,3,梅山 英樹  群,馬,54,72,A2,追,3.92,86.52,○,5,4.7,38.0,52.3,0,0,,,,,,22:04
4520260603010004,toyohashi,2026-06-03,4,▲6 ×1 ◎2 ○3 注5 △4,,,,,4,西 徹  石,川,48,79,A2,追,3.92,84.76,△,4,4.7,33.3,42.8,0,1,,,,,,22:04
4520260603010004,toyohashi,2026-06-03,4,▲6 ×1 ◎2 ○3 注5 △4,,,,,5,野崎 翼  岐,阜,28,121,A1,両,3.92,84.15,注,2,15.7,31.5,36.8,4,1,,,,,,22:04
4520260603010004,toyohashi,2026-06-03,4,▲6 ×1 ◎2 ○3 注5 △4,,,,,6,太田 将成  宮,城,30,113,A2,逃,3.92,83.9,▲,3,19.0,28.5,47.6,0,4,,,,,,22:04
4520260603010004,toyohashi,2026-06-03,4,▲6 ×1 ◎2 ○3 注5 △4,,,,,7,梅原 大治  静,岡,49,81,A2,追,3.85,82.66,,0,5.5,5.5,27.7,0,0,,,,,,22:04
4520260603010005,toyohashi,2026-06-03,5,◎1 ○2 △5 ×4 注3 ▲6,,,,,1,松坂 侑亮,神奈川,28,115,A1,逃,3.92,88.2,◎,6,25.0,41.6,54.1,5,5,,,,,,22:31
4520260603010005,toyohashi,2026-06-03,5,◎1 ○2 △5 ×4 注3 ▲6,,,,,2,田口 裕一  千,葉,36,100,A1,追,3.92,87.19,○,5,9.5,23.8,61.9,0,1,,,,,,22:31
4520260603010005,toyohashi,2026-06-03,5,◎1 ○2 △5 ×4 注3 ▲6,,,,,3,坂本 将太郎  栃,木,33,101,A1,追,3.92,84.83,×,1,16.6,37.5,45.8,0,0,,,,,,22:31
4520260603010005,toyohashi,2026-06-03,5,◎1 ○2 △5 ×4 注3 ▲6,,,,,4,戸邉 捺希  埼,玉,27,117,A1,逃,3.85,83.06,△,4,6.6,20.0,40.0,2,1,,,,,,22:31
4520260603010005,toyohashi,2026-06-03,5,◎1 ○2 △5 ×4 注3 ▲6,,,,,5,中曽 直彦  千,葉,53,74,A1,追,3.92,82.71,,0,4.7,9.5,28.5,0,0,,,,,,22:31
4520260603010005,toyohashi,2026-06-03,5,◎1 ○2 △5 ×4 注3 ▲6,,,,,6,藤井 稜也  岐,阜,30,115,A2,両,3.92,82.65,注,2,8.6,30.4,34.7,0,1,,,,,,22:31
4520260603010005,toyohashi,2026-06-03,5,◎1 ○2 △5 ×4 注3 ▲6,,,,,7,藤井 孝則  兵,庫,48,82,A2,追,3.92,81.58,▲,3,0.0,4.1,25.0,0,0,,,,,,22:31
4520260603010006,toyohashi,2026-06-03,6,◎1 ○2 △5 ×4 注3 ▲6,,,,,1,一守 大葵  兵,庫,21,127,A2,逃,3.92,92.21,◎,6,42.1,68.4,68.4,11,2,,,,,,22:58
4520260603010006,toyohashi,2026-06-03,6,◎1 ○2 △5 ×4 注3 ▲6,,,,,2,山本 隼人  大,阪,28,111,A1,追,3.92,86.6,○,5,6.6,26.6,33.3,0,0,,,,,,22:58
4520260603010006,toyohashi,2026-06-03,6,◎1 ○2 △5 ×4 注3 ▲6,,,,,3,遠藤 勝行  静,岡,51,73,A2,追,3.92,85.04,注,2,9.5,23.8,33.3,0,0,,,,,,22:58
4520260603010006,toyohashi,2026-06-03,6,◎1 ○2 △5 ×4 注3 ▲6,,,,,4,根藤 浩二  千,葉,39,95,A2,両,3.93,83.21,×,1,17.3,30.4,39.1,2,2,,,,,,22:58
4520260603010006,toyohashi,2026-06-03,6,◎1 ○2 △5 ×4 注3 ▲6,,,,,5,本村 隆文  岐,阜,47,81,A2,追,3.92,82.45,△,4,4.1,25.0,45.8,0,0,,,,,,22:58
4520260603010006,toyohashi,2026-06-03,6,◎1 ○2 △5 ×4 注3 ▲6,,,,,6,阿久津 浩之  東,京,42,94,A1,逃,3.92,80.8,▲,3,3.2,12.9,22.5,3,1,,,,,,22:58
4520260603010006,toyohashi,2026-06-03,6,◎1 ○2 △5 ×4 注3 ▲6,,,,,7,岩崎 大和  茨,城,42,94,A2,追,3.92,80.45,,0,0.0,4.1,12.5,0,0,,,,,,22:58
4520260603010007,toyohashi,2026-06-03,7,○3 ◎1 △2 ×4 ▲5 注7,,,,,1,小菅 誠,神奈川,46,90,A1,追,3.93,93.71,◎,6,38.0,57.1,71.4,0,0,,,,,,23:25
4520260603010007,toyohashi,2026-06-03,7,○3 ◎1 △2 ×4 ▲5 注7,,,,,2,下井 竜  三,重,31,117,A1,逃,3.92,93.09,△,4,19.0,38.0,76.1,3,3,,,,,,23:25
4520260603010007,toyohashi,2026-06-03,7,○3 ◎1 △2 ×4 ▲5 注7,,,,,3,栗本 尚宗  千,葉,32,113,A1,両,3.92,92.71,○,5,28.5,47.6,66.6,5,4,,,,,,23:25
4520260603010007,toyohashi,2026-06-03,7,○3 ◎1 △2 ×4 ▲5 注7,,,,,4,富永 益生  愛,知,55,66,A1,追,3.92,91.66,×,1,13.3,33.3,60.0,0,0,,,,,,23:25
4520260603010007,toyohashi,2026-06-03,7,○3 ◎1 △2 ×4 ▲5 注7,,,,,5,坂上 樹大  石,川,48,80,A1,追,3.92,90.23,,0,38.0,52.3,57.1,0,1,,,,,,23:25
4520260603010007,toyohashi,2026-06-03,7,○3 ◎1 △2 ×4 ▲5 注7,,,,,6,岡部 芳幸  福,島,55,66,A1,追,3.92,89.33,注,2,6.6,20.0,33.3,0,0,,,,,,23:25
4520260603010007,toyohashi,2026-06-03,7,○3 ◎1 △2 ×4 ▲5 注7,,,,,7,佐々木 亮太  青,森,21,125,A1,逃,3.92,89.0,▲,3,16.6,25.0,41.6,3,3,,,,,,23:25
5520260601030001,wakayama,2026-06-03,1,◎4 ○2 △1 ×3 注5,,,,,1,塚本 諭  福,島,49,85,A3,追,3.77,67.09,△,4,14.2,19.0,19.0,1,0,,,,,,10:56
5520260601030001,wakayama,2026-06-03,1,◎4 ○2 △1 ×3 注5,,,,,2,武田 哲二  京,都,55,65,A3,追,3.93,72.29,○,5,4.1,33.3,50.0,0,0,,,,,,10:56
5520260601030001,wakayama,2026-06-03,1,◎4 ○2 △1 ×3 注5,,,,,3,伊藤 司  福,島,47,83,A3,逃,3.92,66.39,×,1,10.7,28.5,32.1,5,0,,,,,,10:56
5520260601030001,wakayama,2026-06-03,1,◎4 ○2 △1 ×3 注5,,,,,4,大中 拓磨  兵,庫,37,111,A3,逃,3.93,71.92,◎,6,22.2,59.2,66.6,7,2,,,,,,10:56
5520260601030001,wakayama,2026-06-03,1,◎4 ○2 △1 ×3 注5,,,,,5,肥後 公允  奈,良,41,91,A3,両,3.92,65.38,注,2,9.5,14.2,33.3,0,2,,,,,,10:56
5520260601030002,wakayama,2026-06-03,2,○4 ◎2 ×3 △5 注6 ▲1,,,,,1,井上 将志  大,阪,49,86,A3,追,3.92,61.77,▲,3,0.0,0.0,0.0,0,0,,,,,,11:23
5520260601030002,wakayama,2026-06-03,2,○4 ◎2 ×3 △5 注6 ▲1,,,,,2,長崎 達也,神奈川,44,89,A3,両,3.93,70.66,◎,6,11.1,25.9,33.3,0,0,,,,,,11:23
5520260601030002,wakayama,2026-06-03,2,○4 ◎2 ×3 △5 注6 ▲1,,,,,3,山中 貴雄  愛,知,50,79,A3,追,3.92,69.09,×,1,4.7,9.5,42.8,0,0,,,,,,11:23
5520260601030002,wakayama,2026-06-03,2,○4 ◎2 ×3 △5 注6 ▲1,,,,,4,松本 一成  新,潟,51,77,A3,逃,3.92,68.58,○,5,19.3,29.0,45.1,2,4,,,,,,11:23
5520260601030002,wakayama,2026-06-03,2,○4 ◎2 ×3 △5 注6 ▲1,,,,,5,古田 義明  三,重,53,79,A3,追,3.93,69.16,△,4,5.2,10.5,26.3,0,0,,,,,,11:23
5520260601030002,wakayama,2026-06-03,2,○4 ◎2 ×3 △5 注6 ▲1,,,,,6,葉狩 伸泰  大,阪,52,78,A3,両,3.92,66.5,注,2,7.1,7.1,28.5,0,1,,,,,,11:23
5520260601030003,wakayama,2026-06-03,3,◎3 ○6 △1 ×2 注4 ▲5,,,,,1,菅藤 智  群,馬,42,95,A3,追,3.92,71.23,△,4,0.0,14.2,35.7,0,0,,,,,,11:50
5520260601030003,wakayama,2026-06-03,3,◎3 ○6 △1 ×2 注4 ▲5,,,,,2,中嶋 樹  大,阪,24,119,A3,逃,3.92,69.88,×,1,22.2,44.4,44.4,9,3,,,,,,11:50
5520260601030003,wakayama,2026-06-03,3,◎3 ○6 △1 ×2 注4 ▲5,,,,,3,加藤 健一,神奈川,33,107,A3,逃,3.86,75.95,◎,6,38.0,52.3,71.4,8,2,,,,,,11:50
5520260601030003,wakayama,2026-06-03,3,◎3 ○6 △1 ×2 注4 ▲5,,,,,4,陶器 一馬  大,阪,47,86,A3,追,3.85,69.14,注,2,4.7,23.8,42.8,0,0,,,,,,11:50
5520260601030003,wakayama,2026-06-03,3,◎3 ○6 △1 ×2 注4 ▲5,,,,,5,光岡 義洋  愛,知,52,73,A3,追,3.77,69.38,,0,14.2,14.2,38.0,0,0,,,,,,11:50
5520260601030003,wakayama,2026-06-03,3,◎3 ○6 △1 ×2 注4 ▲5,,,,,6,石川 英昭  静,岡,55,75,A3,追,3.93,69.11,○,5,7.4,25.9,40.7,0,0,,,,,,11:50
5520260601030003,wakayama,2026-06-03,3,◎3 ○6 △1 ×2 注4 ▲5,,,,,7,高橋 海月  青,森,25,123,A3,逃,3.85,69.2,▲,3,15.7,15.7,31.5,1,2,,,,,,11:50
5520260601030004,wakayama,2026-06-03,4,注6 ▲1 ◎5 ×2 ○4 △3,,,,,1,山村 慮太  大,阪,39,97,A3,両,3.92,72.25,注,2,22.2,37.0,59.2,0,0,,,,,,12:20
5520260601030004,wakayama,2026-06-03,4,注6 ▲1 ◎5 ×2 ○4 △3,,,,,2,吉岡 優太  茨,城,24,127,A3,逃,3.92,78.88,◎,6,72.2,83.3,100.0,10,5,,,,,,12:20
5520260601030004,wakayama,2026-06-03,4,注6 ▲1 ◎5 ×2 ○4 △3,,,,,3,岩原 健馬  愛,知,21,127,A3,逃,3.92,76.16,○,5,45.8,66.6,79.1,10,4,,,,,,12:20
5520260601030004,wakayama,2026-06-03,4,注6 ▲1 ◎5 ×2 ○4 △3,,,,,4,上野 幸星  富,山,24,127,A3,逃,3.92,70.72,×,1,0.0,24.0,48.0,4,1,,,,,,12:20
5520260601030004,wakayama,2026-06-03,4,注6 ▲1 ◎5 ×2 ○4 △3,,,,,5,吉川 悟  大,阪,49,79,A3,追,3.92,73.87,▲,3,20.8,45.8,66.6,0,1,,,,,,12:20
5520260601030004,wakayama,2026-06-03,4,注6 ▲1 ◎5 ×2 ○4 △3,,,,,6,日浦 崇道,和歌山,35,109,A3,逃,3.92,67.28,,0,7.1,21.4,28.5,3,0,,,,,,12:20
5520260601030004,wakayama,2026-06-03,4,注6 ▲1 ◎5 ×2 ○4 △3,,,,,7,小塚 潤  愛,知,46,86,A3,追,3.92,70.14,△,4,11.1,25.9,37.0,0,1,,,,,,12:20
5520260601030005,wakayama,2026-06-03,5,◎2 △5 ▲1 ×3 ○6 注4,,,,,1,佐藤 友香  青,森,44,110,L1,追,3.77,46.54,▲,3,0.0,0.0,8.3,0,0,,,,,,12:50
5520260601030005,wakayama,2026-06-03,5,◎2 △5 ▲1 ×3 ○6 注4,,,,,2,畠山 ひすい,神奈川,24,122,L1,逃,3.77,54.61,◎,6,44.4,61.1,83.3,4,5,,,,,,12:50
5520260601030005,wakayama,2026-06-03,5,◎2 △5 ▲1 ×3 ○6 注4,,,,,3,南 彩乃  群,馬,28,112,L1,追,3.77,48.0,×,1,0.0,8.3,8.3,0,0,,,,,,12:50
5520260601030005,wakayama,2026-06-03,5,◎2 △5 ▲1 ×3 ○6 注4,,,,,4,三宅 玲奈  岡,山,30,108,L1,追,3.79,46.46,注,2,3.5,3.5,3.5,0,0,,,,,,12:50
5520260601030005,wakayama,2026-06-03,5,◎2 △5 ▲1 ×3 ○6 注4,,,,,5,田中 千尋  愛,知,28,114,L1,両,3.77,47.5,△,4,0.0,5.5,5.5,0,0,,,,,,12:50
5520260601030005,wakayama,2026-06-03,5,◎2 △5 ▲1 ×3 ○6 注4,,,,,6,高橋 朋恵  東,京,31,108,L1,追,3.77,50.2,○,5,0.0,12.0,36.0,0,0,,,,,,12:50
5520260601030006,wakayama,2026-06-03,6,×4 注5 ○1 ▲2 ◎3 △6,,,,,1,吉川 美穂,和歌山,33,120,L1,両,3.79,57.0,○,5,83.3,87.5,95.8,3,11,,,,,,13:20
5520260601030006,wakayama,2026-06-03,6,×4 注5 ○1 ▲2 ◎3 △6,,,,,2,中川 諒子  熊,本,42,102,L1,両,3.77,45.72,,0,0.0,5.5,5.5,0,0,,,,,,13:20
5520260601030006,wakayama,2026-06-03,6,×4 注5 ○1 ▲2 ◎3 △6,,,,,3,成田 可菜絵  大,阪,39,112,L1,両,3.77,47.3,▲,3,0.0,10.0,20.0,1,0,,,,,,13:20
5520260601030006,wakayama,2026-06-03,6,×4 注5 ○1 ▲2 ◎3 △6,,,,,4,加藤 舞  沖,縄,29,116,L1,逃,3.77,52.95,×,1,14.2,42.8,66.6,4,3,,,,,,13:20
5520260601030006,wakayama,2026-06-03,6,×4 注5 ○1 ▲2 ◎3 △6,,,,,5,篠崎 新純  千,葉,41,102,L1,両,3.79,48.44,注,2,11.1,22.2,27.7,0,1,,,,,,13:20
5520260601030006,wakayama,2026-06-03,6,×4 注5 ○1 ▲2 ◎3 △6,,,,,6,尾方 真生  福,岡,27,118,L1,逃,3.79,55.95,◎,6,70.8,83.3,87.5,4,15,,,,,,13:20
5520260601030006,wakayama,2026-06-03,6,×4 注5 ○1 ▲2 ◎3 △6,,,,,7,中島 瞳  埼,玉,21,126,L1,両,3.79,52.56,△,4,17.3,34.7,52.1,5,0,,,,,,13:20
5520260601030007,wakayama,2026-06-03,7,×1 △7 ▲5 ◎2 ○6 注3,,,,,1,伊藤 温希  岐,阜,26,121,A1,追,3.85,89.93,×,1,6.6,40.0,60.0,0,1,,,,,,13:50
5520260601030007,wakayama,2026-06-03,7,×1 △7 ▲5 ◎2 ○6 注3,,,,,2,櫻井 利之,神奈川,39,101,A2,両,3.92,79.13,◎,6,0.0,4.5,27.2,1,0,,,,,,13:50
5520260601030007,wakayama,2026-06-03,7,×1 △7 ▲5 ◎2 ○6 注3,,,,,3,黒田 篤  栃,木,46,88,A2,追,3.92,80.59,注,2,0.0,4.7,28.5,0,0,,,,,,13:50
5520260601030007,wakayama,2026-06-03,7,×1 △7 ▲5 ◎2 ○6 注3,,,,,4,関 智晴  新,潟,42,89,A2,追,3.92,79.88,,0,5.8,5.8,17.6,0,0,,,,,,13:50
5520260601030007,wakayama,2026-06-03,7,×1 △7 ▲5 ◎2 ○6 注3,,,,,5,山崎 光展  京,都,39,93,A2,両,3.92,81.45,▲,3,4.5,13.6,36.3,0,0,,,,,,13:50
5520260601030007,wakayama,2026-06-03,7,×1 △7 ▲5 ◎2 ○6 注3,,,,,6,森川 剛,神奈川,46,89,A2,追,3.92,77.52,○,5,0.0,0.0,8.6,0,0,,,,,,13:50
5520260601030007,wakayama,2026-06-03,7,×1 △7 ▲5 ◎2 ○6 注3,,,,,7,冨岡 健一  岐,阜,56,64,A2,追,3.92,82.0,△,4,0.0,6.6,33.3,0,0,,,,,,13:50
5520260601030008,wakayama,2026-06-03,8,注6 △1 ▲5 ○3 ◎2 ×7,,,,,1,坂口 卓士  福,島,47,88,A1,追,3.92,88.0,△,4,5.5,44.4,61.1,0,0,,,,,,14:20
5520260601030008,wakayama,2026-06-03,8,注6 △1 ▲5 ○3 ◎2 ×7,,,,,2,新井 僚太郎  山,梨,34,100,A2,両,3.92,81.59,○,5,4.0,20.0,32.0,1,2,,,,,,14:20
5520260601030008,wakayama,2026-06-03,8,注6 △1 ▲5 ○3 ◎2 ×7,,,,,3,斯波 雅貴  静,岡,56,64,A2,追,3.93,79.33,,0,0.0,5.5,11.1,0,0,,,,,,14:20
5520260601030008,wakayama,2026-06-03,8,注6 △1 ▲5 ○3 ◎2 ×7,,,,,4,佐山 俊樹  埼,玉,36,97,A1,追,3.92,83.66,×,1,22.2,22.2,38.8,0,0,,,,,,14:20
5520260601030008,wakayama,2026-06-03,8,注6 △1 ▲5 ○3 ◎2 ×7,,,,,5,鈴木 達也  福,島,41,97,A2,追,3.92,83.65,▲,3,0.0,3.7,25.9,0,0,,,,,,14:20
5520260601030008,wakayama,2026-06-03,8,注6 △1 ▲5 ○3 ◎2 ×7,,,,,6,及川 裕奨  岩,手,44,86,A2,追,3.93,78.79,注,2,4.1,8.3,16.6,0,1,,,,,,14:20
5520260601030008,wakayama,2026-06-03,8,注6 △1 ▲5 ○3 ◎2 ×7,,,,,7,飯嶋 則之  栃,木,47,81,A1,追,3.92,90.9,◎,6,9.5,28.5,42.8,0,0,,,,,,14:20
5520260601030009,wakayama,2026-06-03,9,△6 ×1 ▲3 ◎2 ○7 注4,,,,,1,松山 桂輔  愛,知,42,88,A1,追,3.92,87.33,×,1,9.5,33.3,57.1,0,0,,,,,,14:50
5520260601030009,wakayama,2026-06-03,9,△6 ×1 ▲3 ◎2 ○7 注4,,,,,2,西村 剛  新,潟,26,125,A2,逃,3.92,86.94,◎,6,26.3,47.3,52.6,5,4,,,,,,14:50
5520260601030009,wakayama,2026-06-03,9,△6 ×1 ▲3 ◎2 ○7 注4,,,,,3,中澤 央治  大,阪,58,59,A1,追,3.93,86.47,▲,3,9.5,23.8,47.6,0,0,,,,,,14:50
5520260601030009,wakayama,2026-06-03,9,△6 ×1 ▲3 ◎2 ○7 注4,,,,,4,藤田 大輔  千,葉,41,91,A1,追,3.92,88.55,注,2,11.1,29.6,51.8,0,1,,,,,,14:50
5520260601030009,wakayama,2026-06-03,9,△6 ×1 ▲3 ◎2 ○7 注4,,,,,5,志水 祐彦  大,阪,41,94,A1,追,3.92,84.96,,0,15.3,34.6,38.4,0,0,,,,,,14:50
5520260601030009,wakayama,2026-06-03,9,△6 ×1 ▲3 ◎2 ○7 注4,,,,,6,岩城 佑典  愛,知,26,119,A2,逃,3.92,83.15,△,4,15.7,21.0,26.3,0,1,,,,,,14:50
5520260601030009,wakayama,2026-06-03,9,△6 ×1 ▲3 ◎2 ○7 注4,,,,,7,田村 真広  群,馬,51,83,A2,追,3.92,85.47,○,5,4.7,19.0,47.6,0,0,,,,,,14:50
5520260601030010,wakayama,2026-06-03,10,○5 ◎3 ×2 注1 △4 ▲7,,,,,1,小玉 勇一  埼,玉,31,113,A1,両,3.92,82.21,注,2,0.0,10.0,30.0,1,0,,,,,,15:20
5520260601030010,wakayama,2026-06-03,10,○5 ◎3 ×2 注1 △4 ▲7,,,,,2,堺 文人,和歌山,47,85,A2,追,3.92,82.5,×,1,14.2,28.5,42.8,0,0,,,,,,15:20
5520260601030010,wakayama,2026-06-03,10,○5 ◎3 ×2 注1 △4 ▲7,,,,,3,西村 豊  三,重,46,84,A1,追,3.92,90.63,◎,6,21.0,31.5,47.3,0,0,,,,,,15:20
5520260601030010,wakayama,2026-06-03,10,○5 ◎3 ×2 注1 △4 ▲7,,,,,4,台 和紀  埼,玉,49,83,A2,追,3.92,87.12,△,4,33.3,37.5,54.1,0,0,,,,,,15:20
5520260601030010,wakayama,2026-06-03,10,○5 ◎3 ×2 注1 △4 ▲7,,,,,5,岩元 叶馬  富,山,23,125,A2,逃,3.92,87.36,○,5,26.0,30.4,39.1,4,3,,,,,,15:20
5520260601030010,wakayama,2026-06-03,10,○5 ◎3 ×2 注1 △4 ▲7,,,,,6,池邉 聖,神奈川,31,123,A1,逃,3.92,80.25,▲,3,8.3,16.6,29.1,2,2,,,,,,15:20
5520260601030010,wakayama,2026-06-03,10,○5 ◎3 ×2 注1 △4 ▲7,,,,,7,和田 禎嗣  埼,玉,41,99,A1,追,3.92,85.0,,0,8.3,20.8,50.0,1,0,,,,,,15:20
5520260601030011,wakayama,2026-06-03,11,注6 ▲1 ◎5 ×2 ○3 △4,,,,,1,坂本 匡洋  大,阪,42,91,A2,追,3.92,86.78,▲,3,17.3,30.4,39.1,0,0,,,,,,15:51
5520260601030011,wakayama,2026-06-03,11,注6 ▲1 ◎5 ×2 ○3 △4,,,,,2,佐々木 省司  青,森,48,86,A1,追,3.92,91.95,×,1,16.6,50.0,66.6,0,0,,,,,,15:51
5520260601030011,wakayama,2026-06-03,11,注6 ▲1 ◎5 ×2 ○3 △4,,,,,3,村上 翔馬  兵,庫,27,123,A1,逃,3.92,93.38,○,5,28.5,66.6,85.7,6,8,,,,,,15:51
5520260601030011,wakayama,2026-06-03,11,注6 ▲1 ◎5 ×2 ○3 △4,,,,,4,布居 大地,和歌山,28,111,A1,逃,3.92,84.26,△,4,0.0,18.7,43.7,1,0,,,,,,15:51
5520260601030011,wakayama,2026-06-03,11,注6 ▲1 ◎5 ×2 ○3 △4,,,,,5,吉田 昌司  茨,城,28,111,A1,逃,3.92,93.85,◎,6,33.3,61.9,71.4,4,6,,,,,,15:51
5520260601030011,wakayama,2026-06-03,11,注6 ▲1 ◎5 ×2 ○3 △4,,,,,6,西森 一稀  兵,庫,21,127,A2,逃,3.92,79.09,注,2,80.9,90.4,95.2,15,3,,,,,,15:51
5520260601030011,wakayama,2026-06-03,11,注6 ▲1 ◎5 ×2 ○3 △4,,,,,7,石田 拓真  愛,知,24,119,A1,逃,3.92,89.25,,0,31.2,37.5,50.0,4,2,,,,,,15:51
6320260603010001,hofu,2026-06-03,1,◎7 ○2 ×1 ▲4 注3 △5,,,,,1,深瀬 泰我  静,岡,33,119,A1,逃,3.86,86.61,×,1,14.2,42.8,61.9,2,5,,,,,,10:40
6320260603010001,hofu,2026-06-03,1,◎7 ○2 ×1 ▲4 注3 △5,,,,,2,竹田 和幸  岐,阜,49,78,A1,追,3.93,86.04,○,5,9.5,33.3,66.6,0,0,,,,,,10:40
6320260603010001,hofu,2026-06-03,1,◎7 ○2 ×1 ▲4 注3 △5,,,,,3,野上 竜太  岡,山,30,115,A1,逃,3.92,83.57,注,2,14.2,35.7,42.8,8,2,,,,,,10:40
6320260603010001,hofu,2026-06-03,1,◎7 ○2 ×1 ▲4 注3 △5,,,,,4,渡邊 一洋  静,岡,52,72,A2,追,3.92,80.8,▲,3,9.0,9.0,22.7,0,0,,,,,,10:40
6320260603010001,hofu,2026-06-03,1,◎7 ○2 ×1 ▲4 注3 △5,,,,,5,岡田 啓渡  愛,媛,35,100,A1,両,3.92,87.47,△,4,5.2,26.3,42.1,0,0,,,,,,10:40
6320260603010001,hofu,2026-06-03,1,◎7 ○2 ×1 ▲4 注3 △5,,,,,6,阿部 弘  高,知,44,99,A2,追,3.85,79.0,,0,0.0,4.0,16.0,1,0,,,,,,10:40
6320260603010001,hofu,2026-06-03,1,◎7 ○2 ×1 ▲4 注3 △5,,,,,7,水谷 亮太  愛,知,29,125,A2,逃,3.92,89.12,◎,6,12.5,41.6,66.6,6,3,,,,,,10:40
6320260603010002,hofu,2026-06-03,2,◎3 ×5 ▲2 ○6 △7 注1,,,,,1,阿部 充宏  山,口,42,98,A2,両,3.92,83.66,△,4,4.1,8.3,25.0,0,0,,,,,,11:05
6320260603010002,hofu,2026-06-03,2,◎3 ×5 ▲2 ○6 △7 注1,,,,,2,坂元 洋行  三,重,46,88,A2,追,3.92,81.71,▲,3,4.7,19.0,23.8,0,0,,,,,,11:05
6320260603010002,hofu,2026-06-03,2,◎3 ×5 ▲2 ○6 △7 注1,,,,,3,小田 恭介  青,森,26,125,A2,逃,3.92,87.72,◎,6,27.7,38.8,61.1,6,1,,,,,,11:05
6320260603010002,hofu,2026-06-03,2,◎3 ×5 ▲2 ○6 △7 注1,,,,,4,吉岡 篤志  徳,島,47,82,A2,追,3.92,83.25,注,2,0.0,5.5,38.8,0,0,,,,,,11:05
6320260603010002,hofu,2026-06-03,2,◎3 ×5 ▲2 ○6 △7 注1,,,,,5,寺林 正秋  宮,城,41,93,A1,追,3.92,83.55,×,1,0.0,23.8,33.3,0,0,,,,,,11:05
6320260603010002,hofu,2026-06-03,2,◎3 ×5 ▲2 ○6 △7 注1,,,,,6,山口 幸太郎  長,崎,47,99,A2,両,3.92,80.9,,0,4.7,9.5,23.8,1,0,,,,,,11:05
6320260603010002,hofu,2026-06-03,2,◎3 ×5 ▲2 ○6 △7 注1,,,,,7,中田 拓也  広,島,30,127,A2,逃,3.92,89.8,○,5,27.2,40.9,54.5,6,3,,,,,,11:05
6320260603010003,hofu,2026-06-03,3,×4 注1 ▲5 △2 ◎3 ○7,,,,,1,徳吉 広紀  福,岡,49,84,A2,追,3.92,85.08,注,2,8.3,16.6,50.0,0,0,,,,,,11:32
6320260603010003,hofu,2026-06-03,3,×4 注1 ▲5 △2 ◎3 ○7,,,,,2,石坂 永伍  岡,山,39,93,A1,両,3.92,85.5,△,4,8.3,33.3,37.5,0,2,,,,,,11:32
6320260603010003,hofu,2026-06-03,3,×4 注1 ▲5 △2 ◎3 ○7,,,,,3,山下 祐輔  千,葉,24,125,A2,逃,3.92,90.29,◎,6,33.3,58.3,70.8,7,6,,,,,,11:32
6320260603010003,hofu,2026-06-03,3,×4 注1 ▲5 △2 ◎3 ○7,,,,,4,長松 大祐  大,分,28,121,A1,逃,3.92,86.0,×,1,8.3,25.0,54.1,3,3,,,,,,11:32
6320260603010003,hofu,2026-06-03,3,×4 注1 ▲5 △2 ◎3 ○7,,,,,5,才迫 勇馬  広,島,37,95,A2,逃,3.93,84.03,▲,3,19.2,38.4,46.1,4,3,,,,,,11:32
6320260603010003,hofu,2026-06-03,3,×4 注1 ▲5 △2 ◎3 ○7,,,,,6,篠塚 光一  兵,庫,46,90,A2,追,3.93,82.38,,0,11.1,22.2,27.7,0,0,,,,,,11:32
6320260603010003,hofu,2026-06-03,3,×4 注1 ▲5 △2 ◎3 ○7,,,,,7,小笠原 昭太  青,森,50,76,A1,追,3.92,85.62,○,5,20.8,33.3,41.6,0,0,,,,,,11:32
6320260603010004,hofu,2026-06-03,4,◎1 ○5 △7 ▲2 ×4 注3,,,,,1,長野 魅切  愛,媛,23,127,A2,逃,3.92,93.36,◎,6,63.6,68.1,86.3,8,7,,,,,,12:00
6320260603010004,hofu,2026-06-03,4,◎1 ○5 △7 ▲2 ×4 注3,,,,,2,門脇 翼  秋,田,32,111,A2,逃,3.92,77.22,▲,3,0.0,11.1,11.1,0,1,,,,,,12:00
6320260603010004,hofu,2026-06-03,4,◎1 ○5 △7 ▲2 ×4 注3,,,,,3,阪本 正和  長,崎,55,70,A2,追,3.92,80.44,注,2,0.0,5.5,22.2,0,0,,,,,,12:00
6320260603010004,hofu,2026-06-03,4,◎1 ○5 △7 ▲2 ×4 注3,,,,,4,高橋 優斗  大,分,29,121,A1,逃,3.92,85.0,×,1,22.2,33.3,38.8,1,3,,,,,,12:00
6320260603010004,hofu,2026-06-03,4,◎1 ○5 △7 ▲2 ×4 注3,,,,,5,富 弥昭  山,口,54,76,A1,追,3.92,88.22,○,5,33.3,44.4,55.5,1,1,,,,,,12:00
6320260603010004,hofu,2026-06-03,4,◎1 ○5 △7 ▲2 ×4 注3,,,,,6,小川 辰徳  埼,玉,38,100,A2,両,3.92,77.12,,0,0.0,8.3,8.3,1,0,,,,,,12:00
6320260603010004,hofu,2026-06-03,4,◎1 ○5 △7 ▲2 ×4 注3,,,,,7,日浅 保幸  岡,山,48,84,A2,追,3.92,82.9,△,4,5.0,15.0,35.0,0,0,,,,,,12:00
6320260603010005,hofu,2026-06-03,5,◎7 ○1 ×2 △4 ▲6 注3,,,,,1,木村 直隆  兵,庫,47,86,A1,追,3.93,94.63,○,5,35.0,60.0,80.0,0,1,,,,,,12:30
6320260603010005,hofu,2026-06-03,5,◎7 ○1 ×2 △4 ▲6 注3,,,,,2,荒川 仁  千,葉,28,121,A1,逃,3.92,89.7,×,1,20.0,40.0,40.0,3,5,,,,,,12:30
6320260603010005,hofu,2026-06-03,5,◎7 ○1 ×2 △4 ▲6 注3,,,,,3,白岩 大助  埼,玉,46,84,A1,追,3.92,90.42,注,2,10.0,25.0,45.0,0,0,,,,,,12:30
6320260603010005,hofu,2026-06-03,5,◎7 ○1 ×2 △4 ▲6 注3,,,,,4,近藤 修康  岡,山,54,67,A1,追,3.92,90.04,△,4,16.6,45.8,66.6,0,0,,,,,,12:30
6320260603010005,hofu,2026-06-03,5,◎7 ○1 ×2 △4 ▲6 注3,,,,,5,鰐淵 圭佑  群,馬,42,90,A1,追,3.92,91.71,,0,19.0,33.3,57.1,0,0,,,,,,12:30
6320260603010005,hofu,2026-06-03,5,◎7 ○1 ×2 △4 ▲6 注3,,,,,6,長谷川 飛向  東,京,29,121,A1,逃,3.92,88.47,▲,3,20.0,50.0,55.0,4,6,,,,,,12:30
6320260603010005,hofu,2026-06-03,5,◎7 ○1 ×2 △4 ▲6 注3,,,,,7,末廣 快理  兵,庫,27,121,A1,逃,3.92,93.81,◎,6,48.1,62.9,85.1,5,12,,,,,,12:30
6320260603010006,hofu,2026-06-03,6,▲2 ◎1 ○5 ×6 注3 △4,,,,,1,黒河内 由実  長,野,30,110,L1,追,3.79,48.22,,0,5.5,16.6,22.2,2,1,,,,,,13:00
6320260603010006,hofu,2026-06-03,6,▲2 ◎1 ○5 ×6 注3 △4,,,,,2,山本 さくら  愛,知,24,120,L1,両,3.77,48.61,▲,3,9.5,19.0,38.0,2,1,,,,,,13:00
6320260603010006,hofu,2026-06-03,6,▲2 ◎1 ○5 ×6 注3 △4,,,,,3,吉岡 詩織  広,島,31,116,L1,両,3.77,52.9,×,1,15.0,65.0,75.0,5,7,,,,,,13:00
6320260603010006,hofu,2026-06-03,6,▲2 ◎1 ○5 ×6 注3 △4,,,,,4,國村 美留莉  山,口,26,118,L1,追,3.77,50.79,注,2,12.5,20.8,45.8,0,1,,,,,,13:00
6320260603010006,hofu,2026-06-03,6,▲2 ◎1 ○5 ×6 注3 △4,,,,,5,グロ 外,国,27,999,L1,両,3.79,0.0,◎,6,0.0,0.0,0.0,0,0,,,,,,13:00
6320260603010006,hofu,2026-06-03,6,▲2 ◎1 ○5 ×6 注3 △4,,,,,6,田中 まい  千,葉,36,104,L1,両,3.79,52.08,○,5,8.3,41.6,58.3,2,2,,,,,,13:00
6320260603010006,hofu,2026-06-03,6,▲2 ◎1 ○5 ×6 注3 △4,,,,,7,北津留 千羽  福,岡,20,128,L1,両,3.79,49.56,△,4,4.3,17.3,34.7,0,0,,,,,,13:00
6320260603010007,hofu,2026-06-03,7,○2 ×3 △7 ◎4 注5 ▲1,,,,,1,橋本 のこ  愛,知,21,128,L1,両,3.77,46.26,,0,0.0,0.0,7.6,0,0,,,,,,13:30
6320260603010007,hofu,2026-06-03,7,○2 ×3 △7 ◎4 注5 ▲1,,,,,2,久米 詩  静,岡,26,116,L1,両,3.79,56.4,○,5,66.6,76.1,80.9,7,4,,,,,,13:30
6320260603010007,hofu,2026-06-03,7,○2 ×3 △7 ◎4 注5 ▲1,,,,,3,枝光 美奈  福,岡,28,124,L1,両,3.77,52.06,×,1,3.1,34.3,53.1,0,3,,,,,,13:30
6320260603010007,hofu,2026-06-03,7,○2 ×3 △7 ◎4 注5 ▲1,,,,,4,アンドルーズ 外,国,26,999,L1,両,3.79,0.0,◎,6,0.0,0.0,0.0,0,0,,,,,,13:30
6320260603010007,hofu,2026-06-03,7,○2 ×3 △7 ◎4 注5 ▲1,,,,,5,是永 ゆうき  大,分,22,126,L1,追,3.71,49.86,注,2,4.5,9.0,45.4,0,1,,,,,,13:30
6320260603010007,hofu,2026-06-03,7,○2 ×3 △7 ◎4 注5 ▲1,,,,,6,石田 春海  大,阪,27,128,L1,両,3.77,48.58,▲,3,8.3,25.0,29.1,2,0,,,,,,13:30
6320260603010007,hofu,2026-06-03,7,○2 ×3 △7 ◎4 注5 ▲1,,,,,7,當銘 沙恵美  愛,知,27,118,L1,両,3.79,52.16,△,4,4.0,36.0,60.0,2,1,,,,,,13:30
6320260603010008,hofu,2026-06-03,8,×1 △5 注2 ◎4 ○3,,,,,1,梅崎 隆介  長,崎,36,121,S2,両,3.92,98.95,×,1,8.6,21.7,39.1,1,3,,,,,,14:00
6320260603010008,hofu,2026-06-03,8,×1 △5 注2 ◎4 ○3,,,,,2,鈴木 涼介  福,島,28,115,S2,逃,3.92,93.42,注,2,3.8,3.8,23.0,0,1,,,,,,14:00
6320260603010008,hofu,2026-06-03,8,×1 △5 注2 ◎4 ○3,,,,,3,山下 一輝  山,口,36,96,S2,追,3.92,96.57,○,5,14.2,21.4,35.7,0,3,,,,,,14:00
6320260603010008,hofu,2026-06-03,8,×1 △5 注2 ◎4 ○3,,,,,4,トゥルーマン 外,国,29,999,S2,両,3.93,0.0,◎,6,0.0,0.0,0.0,0,0,,,,,,14:00
6320260603010008,hofu,2026-06-03,8,×1 △5 注2 ◎4 ○3,,,,,5,山口 貴嗣  福,岡,47,82,S2,追,3.92,100.44,△,4,12.0,24.0,40.0,0,0,,,,,,14:00
6320260603010009,hofu,2026-06-03,9,×2 △1 注5 ◎3 ○4,,,,,1,土生 敦弘  大,阪,27,117,S2,逃,3.92,95.82,△,4,13.0,21.7,21.7,0,4,,,,,,14:30
6320260603010009,hofu,2026-06-03,9,×2 △1 注5 ◎3 ○4,,,,,2,平尾 一晃  長,崎,29,111,S2,逃,3.93,98.43,×,1,25.0,41.6,50.0,2,6,,,,,,14:30
6320260603010009,hofu,2026-06-03,9,×2 △1 注5 ◎3 ○4,,,,,3,齋木 翔多  静,岡,27,115,S2,逃,3.93,106.59,◎,6,22.7,45.4,68.1,2,4,,,,,,14:30
6320260603010009,hofu,2026-06-03,9,×2 △1 注5 ◎3 ○4,,,,,4,長谷部 翔  静,岡,31,109,S2,両,3.92,96.27,○,5,4.3,8.6,17.3,0,0,,,,,,14:30
6320260603010009,hofu,2026-06-03,9,×2 △1 注5 ◎3 ○4,,,,,5,三宅 裕武  三,重,44,88,S2,追,3.92,98.92,注,2,3.5,14.2,32.1,0,0,,,,,,14:30
6320260603010010,hofu,2026-06-03,10,◎4 ○1 注3 ×5 △2,,,,,1,橋本 智昭  宮,城,43,99,S2,逃,3.92,99.68,○,5,20.0,35.0,45.0,3,4,,,,,,15:00
6320260603010010,hofu,2026-06-03,10,◎4 ○1 注3 ×5 △2,,,,,2,大屋 健司  広,島,44,87,S2,追,3.92,102.58,△,4,20.6,31.0,41.3,0,0,,,,,,15:00
6320260603010010,hofu,2026-06-03,10,◎4 ○1 注3 ×5 △2,,,,,3,谷口 力也  熊,本,28,119,S2,逃,3.92,94.65,注,2,11.5,23.0,26.9,3,2,,,,,,15:00
6320260603010010,hofu,2026-06-03,10,◎4 ○1 注3 ×5 △2,,,,,4,朝倉 智仁  茨,城,26,115,S2,逃,3.92,103.8,◎,6,19.0,33.3,52.3,3,4,,,,,,15:00
6320260603010010,hofu,2026-06-03,10,◎4 ○1 注3 ×5 △2,,,,,5,三宅 達也  岡,山,48,79,S1,追,3.92,104.13,×,1,6.8,24.1,37.9,0,1,,,,,,15:00
6320260603010011,hofu,2026-06-03,11,×1 △5 注4 ◎3 ○2,,,,,1,角 宗哉  山,口,26,125,S2,逃,3.93,102.13,×,1,26.0,47.8,60.8,4,7,,,,,,15:31
6320260603010011,hofu,2026-06-03,11,×1 △5 注4 ◎3 ○2,,,,,2,東 龍之介,神奈川,36,96,S2,追,3.92,104.68,○,5,20.0,44.0,56.0,0,0,,,,,,15:31
6320260603010011,hofu,2026-06-03,11,×1 △5 注4 ◎3 ○2,,,,,3,ラブレイセン 外,国,29,999,S2,両,3.93,0.0,◎,6,0.0,0.0,0.0,0,0,,,,,,15:31
6320260603010011,hofu,2026-06-03,11,×1 △5 注4 ◎3 ○2,,,,,4,藤岡 隆治  徳,島,50,98,S2,追,3.92,98.1,注,2,13.7,24.1,37.9,0,0,,,,,,15:31
6320260603010011,hofu,2026-06-03,11,×1 △5 注4 ◎3 ○2,,,,,5,久保田 泰弘  山,口,31,111,S2,追,3.92,96.4,△,4,9.0,9.0,9.0,0,0,,,,,,15:31
6320260603010012,hofu,2026-06-03,12,×1 ▲4 △5 ○3 ◎2 注7,,,,,1,新田 祐大  福,島,40,90,S1,両,3.93,112.95,×,1,10.0,20.0,55.0,0,3,,,,,,16:06
6320260603010012,hofu,2026-06-03,12,×1 ▲4 △5 ○3 ◎2 注7,,,,,2,町田 太我  広,島,25,117,S1,逃,3.92,112.28,○,5,14.2,47.6,47.6,8,2,,,,,,16:06
6320260603010012,hofu,2026-06-03,12,×1 ▲4 △5 ○3 ◎2 注7,,,,,3,中村 圭志  熊,本,45,86,S1,追,3.93,108.13,,0,0.0,39.1,56.5,0,0,,,,,,16:06
6320260603010012,hofu,2026-06-03,12,×1 ▲4 △5 ○3 ◎2 注7,,,,,4,佐々木 龍,神奈川,35,109,S1,追,3.92,111.0,▲,3,9.5,47.6,52.3,0,0,,,,,,16:06
6320260603010012,hofu,2026-06-03,12,×1 ▲4 △5 ○3 ◎2 注7,,,,,5,阿部 将大  大,分,29,117,S1,逃,3.93,113.85,△,4,42.8,71.4,78.5,4,5,,,,,,16:06
6320260603010012,hofu,2026-06-03,12,×1 ▲4 △5 ○3 ◎2 注7,,,,,6,椎木尾 拓哉,和歌山,40,93,S1,追,3.92,106.5,注,2,12.5,20.8,45.8,0,0,,,,,,16:06
6320260603010012,hofu,2026-06-03,12,×1 ▲4 △5 ○3 ◎2 注7,,,,,7,清水 裕友  山,口,31,105,S1,両,3.92,115.35,◎,6,35.0,55.0,70.0,2,5,,,,,,16:06
7420260531030101,kochi,2026-06-03,101,▲6 ○3 ◎1 ×2 △4 注5,,,,,1,野寺 楓  静,岡,27,122,L1,追,3.79,51.0,◎,6,0.0,10.5,36.8,0,0,,,,,,
7420260531030101,kochi,2026-06-03,101,▲6 ○3 ◎1 ×2 △4 注5,,,,,2,野口 諭実可  大,分,33,102,L1,両,3.77,49.0,×,1,4.3,21.7,30.4,0,0,,,,,,
7420260531030101,kochi,2026-06-03,101,▲6 ○3 ◎1 ×2 △4 注5,,,,,3,高本 美穂  熊,本,23,124,L1,追,3.77,47.79,○,5,6.8,6.8,13.7,0,1,,,,,,
7420260531030101,kochi,2026-06-03,101,▲6 ○3 ◎1 ×2 △4 注5,,,,,4,田野口 佳奈  香,川,21,126,L1,両,3.77,47.5,△,4,0.0,10.0,10.0,0,1,,,,,,
7420260531030101,kochi,2026-06-03,101,▲6 ○3 ◎1 ×2 △4 注5,,,,,5,布居 光,和歌山,26,118,L1,両,3.77,47.14,注,2,0.0,9.5,19.0,0,0,,,,,,
7420260531030101,kochi,2026-06-03,101,▲6 ○3 ◎1 ×2 △4 注5,,,,,6,中西 叶美  愛,知,29,112,L1,両,3.77,44.16,▲,3,0.0,5.5,5.5,0,0,,,,,,
7420260531030101,kochi,2026-06-03,101,▲6 ○3 ◎1 ×2 △4 注5,,,,,7,保立 沙織,神奈川,42,118,L1,両,3.77,45.5,,0,0.0,0.0,0.0,0,0,,,,,,
7420260531030102,kochi,2026-06-03,102,◎2 ○1 ×3 注4 △6 ▲5,,,,,1,森下 忠夫  高,知,53,69,A3,追,3.92,69.29,○,5,0.0,8.3,37.5,0,0,,,,,,
7420260531030102,kochi,2026-06-03,102,◎2 ○1 ×3 注4 △6 ▲5,,,,,2,柏野 健吾  岡,山,23,127,A3,逃,3.92,67.5,◎,6,4.5,22.7,22.7,4,1,,,,,,
7420260531030102,kochi,2026-06-03,102,◎2 ○1 ×3 注4 △6 ▲5,,,,,3,岡田 雅也  高,知,46,88,A3,追,3.92,65.76,×,1,0.0,17.6,23.5,1,0,,,,,,
7420260531030102,kochi,2026-06-03,102,◎2 ○1 ×3 注4 △6 ▲5,,,,,4,澤亀 浩司  福,岡,58,60,A3,追,3.92,65.7,注,2,0.0,3.7,22.2,0,0,,,,,,
7420260531030102,kochi,2026-06-03,102,◎2 ○1 ×3 注4 △6 ▲5,,,,,5,藤原 義晴  岩,手,45,88,A3,追,3.92,64.07,▲,3,0.0,7.4,11.1,0,0,,,,,,
7420260531030102,kochi,2026-06-03,102,◎2 ○1 ×3 注4 △6 ▲5,,,,,6,東 隆之  宮,崎,38,100,A3,追,3.92,65.59,△,4,0.0,0.0,16.6,0,0,,,,,,
7420260531030103,kochi,2026-06-03,103,×1 △5 ◎6 ○2 ▲4 注7,,,,,1,土居 佑次  高,知,28,113,A3,逃,3.92,71.73,×,1,20.0,26.6,40.0,1,3,,,,,,
7420260531030103,kochi,2026-06-03,103,×1 △5 ◎6 ○2 ▲4 注7,,,,,2,岡崎 克政  岡,山,40,92,A3,逃,3.92,71.4,◎,6,19.2,30.7,46.1,6,1,,,,,,
7420260531030103,kochi,2026-06-03,103,×1 △5 ◎6 ○2 ▲4 注7,,,,,3,鈴木 規純  福,島,51,75,A3,追,3.92,69.2,注,2,4.0,20.0,28.0,0,0,,,,,,
7420260531030103,kochi,2026-06-03,103,×1 △5 ◎6 ○2 ▲4 注7,,,,,4,岡田 浩太  岡,山,50,78,A3,追,3.92,67.73,○,5,6.6,13.3,33.3,0,0,,,,,,
7420260531030103,kochi,2026-06-03,103,×1 △5 ◎6 ○2 ▲4 注7,,,,,5,赤松 誠一  高,知,58,61,A3,追,3.93,65.86,△,4,4.3,13.0,26.0,0,0,,,,,,
7420260531030103,kochi,2026-06-03,103,×1 △5 ◎6 ○2 ▲4 注7,,,,,6,屋宜 浩二  沖,縄,40,97,A3,追,3.92,62.61,,0,0.0,0.0,9.5,0,0,,,,,,
7420260531030103,kochi,2026-06-03,103,×1 △5 ◎6 ○2 ▲4 注7,,,,,7,松尾 正人  熊,本,55,66,A3,追,3.92,65.77,▲,3,0.0,3.1,18.7,0,0,,,,,,
7420260531030104,kochi,2026-06-03,104,◎1 ○7 注3 ×6 △2 ▲4,,,,,1,高鍋 邦彰  福,岡,39,95,A3,両,3.92,73.5,◎,6,26.6,50.0,60.0,7,3,,,,,,
7420260531030104,kochi,2026-06-03,104,◎1 ○7 注3 ×6 △2 ▲4,,,,,2,眞鍋 伸也  香,川,45,85,A3,追,3.92,71.51,×,1,14.8,25.9,51.8,0,1,,,,,,
7420260531030104,kochi,2026-06-03,104,◎1 ○7 注3 ×6 △2 ▲4,,,,,3,行成 大祐  香,川,50,80,A3,追,3.85,70.93,注,2,0.0,0.0,46.6,0,0,,,,,,
7420260531030104,kochi,2026-06-03,104,◎1 ○7 注3 ×6 △2 ▲4,,,,,4,田崎 良太郎  福,島,46,87,A3,追,3.92,70.61,△,4,5.0,45.0,50.0,0,0,,,,,,
7420260531030104,kochi,2026-06-03,104,◎1 ○7 注3 ×6 △2 ▲4,,,,,5,廣川 貞治  東,京,58,61,A3,追,3.93,69.2,▲,3,4.1,12.5,37.5,0,0,,,,,,
7420260531030104,kochi,2026-06-03,104,◎1 ○7 注3 ×6 △2 ▲4,,,,,6,甲斐下 智  広,島,57,64,A3,追,3.92,66.0,,0,3.3,6.6,26.6,0,0,,,,,,
7420260531030104,kochi,2026-06-03,104,◎1 ○7 注3 ×6 △2 ▲4,,,,,7,富永 昌久  佐,賀,45,88,A3,追,3.92,68.72,○,5,4.3,4.3,34.7,0,0,,,,,,
7420260531030105,kochi,2026-06-03,105,◎1 ○6 △2 ×3 注4 ▲5,,,,,1,中野 真吾  佐,賀,39,111,A3,逃,3.92,72.88,◎,6,36.0,52.0,56.0,3,9,,,,,,
7420260531030105,kochi,2026-06-03,105,◎1 ○6 △2 ×3 注4 ▲5,,,,,2,渡辺 馨,神奈川,42,96,A3,両,3.92,72.77,△,4,10.5,26.3,36.8,0,0,,,,,,
7420260531030105,kochi,2026-06-03,105,◎1 ○6 △2 ×3 注4 ▲5,,,,,3,右近 陸人  山,口,26,127,A3,逃,3.85,71.29,×,1,11.1,25.9,40.7,6,0,,,,,,
7420260531030105,kochi,2026-06-03,105,◎1 ○6 △2 ×3 注4 ▲5,,,,,4,佐々木 英之  香,川,51,78,A3,追,3.86,69.18,注,2,0.0,18.1,36.3,0,0,,,,,,
7420260531030105,kochi,2026-06-03,105,◎1 ○6 △2 ×3 注4 ▲5,,,,,5,水木 裕聡  高,知,43,96,A3,追,3.92,68.91,▲,3,12.5,16.6,37.5,0,0,,,,,,
7420260531030105,kochi,2026-06-03,105,◎1 ○6 △2 ×3 注4 ▲5,,,,,6,松丸 裕紀  福,岡,45,86,A3,追,3.92,67.23,○,5,0.0,13.6,27.2,0,0,,,,,,
7420260531030105,kochi,2026-06-03,105,◎1 ○6 △2 ×3 注4 ▲5,,,,,7,飯田 威文  埼,玉,54,67,A3,追,3.92,68.75,,0,4.1,16.6,41.6,0,0,,,,,,
7420260531030106,kochi,2026-06-03,106,×3 注5 ○1 △4 ◎2 ▲7,,,,,1,山原 さくら  山,口,33,104,L1,両,3.77,57.52,○,5,80.9,90.4,95.2,7,9,,,,,,
7420260531030106,kochi,2026-06-03,106,×3 注5 ○1 △4 ◎2 ▲7,,,,,2,太田 りゆ  埼,玉,31,112,L1,逃,3.79,57.45,◎,6,81.8,95.4,95.4,1,17,,,,,,
7420260531030106,kochi,2026-06-03,106,×3 注5 ○1 △4 ◎2 ▲7,,,,,3,五味田 奈穂  千,葉,28,124,L1,逃,3.71,53.47,×,1,19.0,38.0,61.9,3,4,,,,,,
7420260531030106,kochi,2026-06-03,106,×3 注5 ○1 △4 ◎2 ▲7,,,,,4,宇野 紅音  岐,阜,22,124,L1,両,3.77,51.87,△,4,4.1,16.6,66.6,0,3,,,,,,
7420260531030106,kochi,2026-06-03,106,×3 注5 ○1 △4 ◎2 ▲7,,,,,5,林 真奈美  福,岡,40,110,L1,両,3.77,51.85,注,2,4.7,28.5,57.1,0,0,,,,,,
7420260531030106,kochi,2026-06-03,106,×3 注5 ○1 △4 ◎2 ▲7,,,,,6,小泉 夢菜  埼,玉,27,122,L1,追,3.77,51.14,,0,3.7,25.9,48.1,0,0,,,,,,
7420260531030106,kochi,2026-06-03,106,×3 注5 ○1 △4 ◎2 ▲7,,,,,7,中村 由香里  東,京,45,102,L1,追,3.79,51.8,▲,3,9.5,19.0,52.3,0,0,,,,,,
7420260531030107,kochi,2026-06-03,107,◎1 注6 △3 ○4 ×2 ▲7,,,,,1,木村 優駿  埼,玉,20,127,A3,逃,3.77,78.04,◎,6,58.3,79.1,83.3,18,0,,,,,,
7420260531030107,kochi,2026-06-03,107,◎1 注6 △3 ○4 ×2 ▲7,,,,,2,畑崎 大輝  青,森,25,127,A3,逃,3.92,77.78,○,5,66.6,75.0,83.3,14,4,,,,,,
7420260531030107,kochi,2026-06-03,107,◎1 注6 △3 ○4 ×2 ▲7,,,,,3,足達 重満  長,崎,50,80,A3,追,3.92,75.76,△,4,47.6,66.6,76.1,0,0,,,,,,
7420260531030107,kochi,2026-06-03,107,◎1 注6 △3 ○4 ×2 ▲7,,,,,4,湯浅 弘光  千,葉,53,74,A3,追,3.92,72.45,,0,20.8,29.1,45.8,0,0,,,,,,
7420260531030107,kochi,2026-06-03,107,◎1 注6 △3 ○4 ×2 ▲7,,,,,5,山原 利秀  高,知,57,63,A3,追,3.92,72.0,▲,3,0.0,22.2,44.4,0,0,,,,,,
7420260531030107,kochi,2026-06-03,107,◎1 注6 △3 ○4 ×2 ▲7,,,,,6,米倉 剛志  千,葉,43,89,A3,逃,3.85,70.0,注,2,17.6,23.5,52.9,3,1,,,,,,
7420260531030107,kochi,2026-06-03,107,◎1 注6 △3 ○4 ×2 ▲7,,,,,7,野見 泰要  岡,山,44,101,A3,逃,3.93,71.52,×,1,34.2,44.7,60.5,13,3,,,,,,
8620260601030001,beppu,2026-06-03,1,◎3 ○4 ×2 △1 注5,,,,,1,山内 大作  静,岡,50,75,A3,追,3.85,65.13,△,4,0.0,0.0,3.3,0,0,,,,,,08:25
8620260601030001,beppu,2026-06-03,1,◎3 ○4 ×2 △1 注5,,,,,2,藤原 義浩  徳,島,53,76,A3,追,3.92,66.64,×,1,5.8,11.7,35.2,0,0,,,,,,08:25
8620260601030001,beppu,2026-06-03,1,◎3 ○4 ×2 △1 注5,,,,,3,友永 龍介  山,口,35,101,A3,逃,3.92,70.25,◎,6,3.7,40.7,48.1,7,3,,,,,,08:25
8620260601030001,beppu,2026-06-03,1,◎3 ○4 ×2 △1 注5,,,,,4,鳥丸 晃順  岡,山,45,89,A3,追,3.92,71.1,○,5,10.0,25.0,45.0,0,0,,,,,,08:25
8620260601030001,beppu,2026-06-03,1,◎3 ○4 ×2 △1 注5,,,,,5,鈴木 龍之介  栃,木,48,81,A3,追,3.92,61.3,注,2,0.0,0.0,0.0,0,0,,,,,,08:25
8620260601030002,beppu,2026-06-03,2,◎4 ○2 注6 ×1 △3 ▲5,,,,,1,前島 恭平  長,野,37,98,A3,逃,3.92,67.6,×,1,8.6,17.3,26.0,3,1,,,,,,08:45
8620260601030002,beppu,2026-06-03,2,◎4 ○2 注6 ×1 △3 ▲5,,,,,2,榊枝 輝文  福,島,49,79,A3,追,3.93,70.66,○,5,11.1,44.4,51.8,0,2,,,,,,08:45
8620260601030002,beppu,2026-06-03,2,◎4 ○2 注6 ×1 △3 ▲5,,,,,3,藤田 和彦,神奈川,56,63,A3,追,3.85,69.29,△,4,4.1,8.3,29.1,0,0,,,,,,08:45
8620260601030002,beppu,2026-06-03,2,◎4 ○2 注6 ×1 △3 ▲5,,,,,4,十文字 悠真  福,島,24,127,A3,逃,3.92,74.26,◎,6,33.3,46.6,66.6,1,5,,,,,,08:45
8620260601030002,beppu,2026-06-03,2,◎4 ○2 注6 ×1 △3 ▲5,,,,,5,植田 誠  静,岡,58,61,A3,追,3.92,67.22,▲,3,0.0,9.0,22.7,0,0,,,,,,08:45
8620260601030002,beppu,2026-06-03,2,◎4 ○2 注6 ×1 △3 ▲5,,,,,6,橋本 祐司  青,森,41,95,A3,追,3.86,66.28,注,2,14.2,28.5,38.0,0,0,,,,,,08:45
8620260601030003,beppu,2026-06-03,3,○1 ◎4 △6 ▲2 注3 ×5,,,,,1,永田 隼一  福,岡,45,95,A3,逃,3.92,69.15,○,5,21.8,31.2,40.6,4,3,,,,,,09:06
8620260601030003,beppu,2026-06-03,3,○1 ◎4 △6 ▲2 注3 ×5,,,,,2,石川 一浩  静,岡,59,57,A3,追,3.92,67.92,▲,3,3.7,7.4,25.9,0,0,,,,,,09:06
8620260601030003,beppu,2026-06-03,3,○1 ◎4 △6 ▲2 注3 ×5,,,,,3,桂馬 将人  福,島,44,89,A3,両,3.92,69.95,注,2,9.5,28.5,42.8,0,1,,,,,,09:06
8620260601030003,beppu,2026-06-03,3,○1 ◎4 △6 ▲2 注3 ×5,,,,,4,仙石 淳  沖,縄,53,73,A3,追,3.85,69.4,◎,6,14.8,29.6,37.0,0,0,,,,,,09:06
8620260601030003,beppu,2026-06-03,3,○1 ◎4 △6 ▲2 注3 ×5,,,,,5,菅原 洋輔  岩,手,44,98,A3,両,3.92,69.18,×,1,7.4,25.9,48.1,3,3,,,,,,09:06
8620260601030003,beppu,2026-06-03,3,○1 ◎4 △6 ▲2 注3 ×5,,,,,6,赤星 俊光  熊,本,47,86,A3,追,3.92,66.44,△,4,0.0,9.0,18.1,0,0,,,,,,09:06
8620260601030004,beppu,2026-06-03,4,△1 ×7 ◎2 ○4 注6 ▲5,,,,,1,増成 富夫  岡,山,55,66,A3,逃,3.93,70.29,△,4,20.8,41.6,50.0,5,2,,,,,,09:27
8620260601030004,beppu,2026-06-03,4,△1 ×7 ◎2 ○4 注6 ▲5,,,,,2,加藤 駿  愛,知,28,127,A3,逃,3.92,76.33,◎,6,33.3,58.3,83.3,9,3,,,,,,09:27
8620260601030004,beppu,2026-06-03,4,△1 ×7 ◎2 ○4 注6 ▲5,,,,,3,松根 真  東,京,45,90,A3,追,3.92,72.2,▲,3,12.5,37.5,45.8,0,0,,,,,,09:27
8620260601030004,beppu,2026-06-03,4,△1 ×7 ◎2 ○4 注6 ▲5,,,,,4,山田 圭二  愛,知,54,70,A3,追,3.92,69.14,○,5,9.5,23.8,52.3,0,0,,,,,,09:27
8620260601030004,beppu,2026-06-03,4,△1 ×7 ◎2 ○4 注6 ▲5,,,,,5,等々力 久就  長,野,35,98,A3,逃,3.92,69.96,注,2,14.8,33.3,40.7,3,3,,,,,,09:27
8620260601030004,beppu,2026-06-03,4,△1 ×7 ◎2 ○4 注6 ▲5,,,,,6,大崎 龍一郎  奈,良,33,109,A3,両,3.92,68.25,,0,7.6,15.3,30.7,0,1,,,,,,09:27
8620260601030004,beppu,2026-06-03,4,△1 ×7 ◎2 ○4 注6 ▲5,,,,,7,高嶋 一朗  岡,山,58,62,A3,追,3.86,75.06,×,1,36.6,53.3,63.3,0,0,,,,,,09:27
8620260601030005,beppu,2026-06-03,5,×1 △7 ▲3 ◎5 ○2 注4,,,,,1,篠田 樹  大,分,29,113,A3,逃,3.92,69.5,×,1,12.5,41.6,58.3,7,1,,,,,,09:48
8620260601030005,beppu,2026-06-03,5,×1 △7 ▲3 ◎5 ○2 注4,,,,,2,西郷 剛  兵,庫,57,69,A3,追,3.92,70.76,○,5,4.7,28.5,47.6,0,1,,,,,,09:48
8620260601030005,beppu,2026-06-03,5,×1 △7 ▲3 ◎5 ○2 注4,,,,,3,川添 輝彦  沖,縄,61,56,A3,追,3.92,67.54,▲,3,4.1,8.3,29.1,0,0,,,,,,09:48
8620260601030005,beppu,2026-06-03,5,×1 △7 ▲3 ◎5 ○2 注4,,,,,4,西川 弘資  三,重,57,66,A3,追,3.92,71.66,注,2,0.0,25.0,25.0,0,0,,,,,,09:48
8620260601030005,beppu,2026-06-03,5,×1 △7 ▲3 ◎5 ○2 注4,,,,,5,後藤 祐貴  兵,庫,36,103,A3,逃,3.92,78.77,◎,6,44.4,88.8,100.0,2,4,,,,,,09:48
8620260601030005,beppu,2026-06-03,5,×1 △7 ▲3 ◎5 ○2 注4,,,,,6,竹村 達也  高,知,35,99,A3,両,3.92,66.7,,0,5.8,17.6,17.6,3,0,,,,,,09:48
8620260601030005,beppu,2026-06-03,5,×1 △7 ▲3 ◎5 ○2 注4,,,,,7,濱田 昭一郎,鹿児島,57,67,A3,追,3.85,68.08,△,4,4.0,20.0,36.0,0,0,,,,,,09:48
8620260601030006,beppu,2026-06-03,6,◎3 ○7 ▲1 △5 ×4 注2,,,,,1,太田 雅之  三,重,48,86,A3,追,3.92,71.04,▲,3,8.3,29.1,37.5,0,0,,,,,,10:09
8620260601030006,beppu,2026-06-03,6,◎3 ○7 ▲1 △5 ×4 注2,,,,,2,高尾 剛文  福,岡,56,66,A3,追,3.92,69.33,注,2,0.0,12.5,37.5,0,1,,,,,,10:09
8620260601030006,beppu,2026-06-03,6,◎3 ○7 ▲1 △5 ×4 注2,,,,,3,利川 寛太  山,口,27,127,A3,逃,3.92,75.36,◎,6,40.0,68.0,68.0,13,4,,,,,,10:09
8620260601030006,beppu,2026-06-03,6,◎3 ○7 ▲1 △5 ×4 注2,,,,,4,與古田 龍門  沖,縄,24,125,A3,逃,3.92,78.0,×,1,50.0,66.6,83.3,2,0,,,,,,10:09
8620260601030006,beppu,2026-06-03,6,◎3 ○7 ▲1 △5 ×4 注2,,,,,5,亀谷 隆一,神奈川,39,92,A3,追,3.92,72.61,△,4,4.7,28.5,57.1,0,0,,,,,,10:09
8620260601030006,beppu,2026-06-03,6,◎3 ○7 ▲1 △5 ×4 注2,,,,,6,長田 彰人  宮,城,40,95,A3,追,3.85,66.28,,0,0.0,4.7,23.8,0,0,,,,,,10:09
8620260601030006,beppu,2026-06-03,6,◎3 ○7 ▲1 △5 ×4 注2,,,,,7,武市 和人  高,知,52,74,A3,追,3.79,67.58,○,5,16.6,16.6,33.3,0,0,,,,,,10:09
8620260601030007,beppu,2026-06-03,7,◎1 ○7 ×4 注5 △2 ▲3,,,,,1,生野 優翔  大,分,24,127,A3,逃,3.92,77.07,◎,6,40.0,53.3,73.3,4,4,,,,,,10:30
8620260601030007,beppu,2026-06-03,7,◎1 ○7 ×4 注5 △2 ▲3,,,,,2,宮崎 一彰  高,知,51,99,A3,両,3.92,74.33,注,2,33.3,46.6,73.3,0,1,,,,,,10:30
8620260601030007,beppu,2026-06-03,7,◎1 ○7 ×4 注5 △2 ▲3,,,,,3,三浦 生誠  岩,手,24,127,A3,逃,3.92,75.19,△,4,40.9,54.5,63.6,10,2,,,,,,10:30
8620260601030007,beppu,2026-06-03,7,◎1 ○7 ×4 注5 △2 ▲3,,,,,4,安谷屋 将志  沖,縄,37,96,A3,両,3.93,75.08,,0,40.0,52.0,68.0,0,0,,,,,,10:30
8620260601030007,beppu,2026-06-03,7,◎1 ○7 ×4 注5 △2 ▲3,,,,,5,大本 隆也,神奈川,27,127,A3,逃,3.92,76.33,×,1,41.6,58.3,75.0,11,3,,,,,,10:30
8620260601030007,beppu,2026-06-03,7,◎1 ○7 ×4 注5 △2 ▲3,,,,,6,伊狩 知人  奈,良,48,85,A3,追,3.86,70.0,▲,3,0.0,26.6,46.6,0,0,,,,,,10:30
8620260601030007,beppu,2026-06-03,7,◎1 ○7 ×4 注5 △2 ▲3,,,,,7,加藤 大輔  大,分,46,87,A3,追,3.93,71.79,○,5,4.1,33.3,54.1,0,0,,,,,,10:30
1220260602030001,aomori,2026-06-04,1,×1 注7 ◎5 ○2 ▲6 △4,,,,,1,峯口 司  長,崎,23,123,A1,逃,3.92,87.29,×,1,29.1,45.8,58.3,6,3,,,,,,16:01
1220260602030001,aomori,2026-06-04,1,×1 注7 ◎5 ○2 ▲6 △4,,,,,2,十文字 菊雄  福,島,55,75,A2,追,3.92,81.53,○,5,0.0,15.3,23.0,0,0,,,,,,16:01
1220260602030001,aomori,2026-06-04,1,×1 注7 ◎5 ○2 ▲6 △4,,,,,3,吉田 彰久  香,川,52,80,A2,追,3.92,82.13,△,4,0.0,12.5,29.1,0,0,,,,,,16:01
1220260602030001,aomori,2026-06-04,1,×1 注7 ◎5 ○2 ▲6 △4,,,,,4,葛西 雄太郎  愛,媛,47,85,A2,両,3.92,81.11,▲,3,3.7,25.9,25.9,1,0,,,,,,16:01
1220260602030001,aomori,2026-06-04,1,×1 注7 ◎5 ○2 ▲6 △4,,,,,5,本多 哲也  千,葉,38,97,A1,両,3.92,88.37,◎,6,20.8,37.5,62.5,1,6,,,,,,16:01
1220260602030001,aomori,2026-06-04,1,×1 注7 ◎5 ○2 ▲6 △4,,,,,6,峠 祐介  埼,玉,50,78,A2,追,3.92,78.0,,0,0.0,0.0,0.0,0,0,,,,,,16:01
1220260602030001,aomori,2026-06-04,1,×1 注7 ◎5 ○2 ▲6 △4,,,,,7,吉成 貴博  熊,本,38,97,A2,追,3.86,81.48,注,2,0.0,16.0,48.0,0,1,,,,,,16:01
1220260602030002,aomori,2026-06-04,2,◎3 △6 ○7 ▲1 ×4 注2,,,,,1,内藤 敦  岡,山,49,80,A1,追,3.92,80.28,▲,3,0.0,0.0,14.2,0,0,,,,,,16:23
1220260602030002,aomori,2026-06-04,2,◎3 △6 ○7 ▲1 ×4 注2,,,,,2,佐藤 啓斗  青,森,29,119,A2,逃,3.92,79.0,×,1,4.5,13.6,13.6,1,2,,,,,,16:23
1220260602030002,aomori,2026-06-04,2,◎3 △6 ○7 ▲1 ×4 注2,,,,,3,金野 俊秋  千,葉,42,92,A2,両,3.92,89.43,◎,6,20.8,37.5,70.8,1,3,,,,,,16:23
1220260602030002,aomori,2026-06-04,2,◎3 △6 ○7 ▲1 ×4 注2,,,,,4,山根 泰道  岡,山,56,64,A2,追,3.92,80.25,,0,4.1,8.3,20.8,0,0,,,,,,16:23
1220260602030002,aomori,2026-06-04,2,◎3 △6 ○7 ▲1 ×4 注2,,,,,5,田中 雅史  愛,知,49,79,A1,追,3.92,85.95,注,2,19.0,28.5,52.3,0,2,,,,,,16:23
1220260602030002,aomori,2026-06-04,2,◎3 △6 ○7 ▲1 ×4 注2,,,,,6,川上 真二郎  新,潟,46,86,A2,追,3.92,79.0,△,4,0.0,6.6,20.0,0,0,,,,,,16:23
1220260602030002,aomori,2026-06-04,2,◎3 △6 ○7 ▲1 ×4 注2,,,,,7,増田 仁  広,島,41,113,A2,逃,3.92,83.0,○,5,34.4,41.3,44.8,7,5,,,,,,16:23
1220260602030003,aomori,2026-06-04,3,注2 ◎7 ○5 ×1 ▲3 △6,,,,,1,鷲見 逸喜  岐,阜,48,79,A1,追,3.92,90.12,○,5,23.5,47.0,52.9,0,0,,,,,,16:45
1220260602030003,aomori,2026-06-04,3,注2 ◎7 ○5 ×1 ▲3 △6,,,,,2,竹山 慶太  宮,城,33,105,A1,逃,3.92,84.93,注,2,13.3,33.3,53.3,3,2,,,,,,16:45
1220260602030003,aomori,2026-06-04,3,注2 ◎7 ○5 ×1 ▲3 △6,,,,,3,山崎 駿哉  岡,山,28,113,A1,逃,3.92,86.94,×,1,27.7,50.0,55.5,3,4,,,,,,16:45
1220260602030003,aomori,2026-06-04,3,注2 ◎7 ○5 ×1 ▲3 △6,,,,,4,岸川 哲也  大,阪,40,105,A2,両,3.92,86.43,△,4,34.7,43.4,56.5,5,2,,,,,,16:45
1220260602030003,aomori,2026-06-04,3,注2 ◎7 ○5 ×1 ▲3 △6,,,,,5,犬塚 貴之  愛,知,25,117,A2,両,3.92,92.5,◎,6,50.0,66.6,83.3,1,2,,,,,,16:45
1220260602030003,aomori,2026-06-04,3,注2 ◎7 ○5 ×1 ▲3 △6,,,,,6,榊原 洋  岡,山,48,85,A2,追,3.92,81.84,▲,3,5.2,15.7,21.0,0,0,,,,,,16:45
1220260602030003,aomori,2026-06-04,3,注2 ◎7 ○5 ×1 ▲3 △6,,,,,7,大泉 英則  宮,城,45,89,A2,追,3.92,81.95,,0,0.0,12.5,37.5,0,0,,,,,,16:45
1220260602030004,aomori,2026-06-04,4,◎1 ○4 注2 ×5 △3 ▲7,,,,,1,矢口 大樹  千,葉,37,95,A1,両,3.92,90.15,◎,6,15.0,40.0,50.0,3,4,,,,,,17:09
1220260602030004,aomori,2026-06-04,4,◎1 ○4 注2 ×5 △3 ▲7,,,,,2,谷口 友真  大,阪,36,109,A1,逃,3.92,90.28,注,2,28.5,52.3,57.1,1,2,,,,,,17:09
1220260602030004,aomori,2026-06-04,4,◎1 ○4 注2 ×5 △3 ▲7,,,,,3,木村 浩宣  香,川,39,97,A1,逃,3.93,84.61,△,4,19.2,30.7,46.1,5,2,,,,,,17:09
1220260602030004,aomori,2026-06-04,4,◎1 ○4 注2 ×5 △3 ▲7,,,,,4,鈴木 謙二  東,京,40,97,A1,追,3.92,86.69,○,5,4.1,37.5,45.8,0,0,,,,,,17:09
1220260602030004,aomori,2026-06-04,4,◎1 ○4 注2 ×5 △3 ▲7,,,,,5,藤田 真  兵,庫,45,89,A2,両,3.92,87.5,×,1,25.0,35.0,45.0,2,2,,,,,,17:09
1220260602030004,aomori,2026-06-04,4,◎1 ○4 注2 ×5 △3 ▲7,,,,,6,平山 優太  福,島,26,119,A2,両,3.92,80.6,▲,3,4.3,13.0,26.0,1,0,,,,,,17:09
1220260602030004,aomori,2026-06-04,4,◎1 ○4 注2 ×5 △3 ▲7,,,,,7,伊藤 大彦  徳,島,43,89,A1,追,3.92,85.78,,0,6.6,20.0,60.0,0,1,,,,,,17:09
1220260602030005,aomori,2026-06-04,5,▲6 注1 △2 ◎7 ○3 ×4,,,,,1,小野 大介  福,島,42,91,S2,追,3.92,95.16,注,2,8.3,8.3,25.0,0,0,,,,,,17:33
1220260602030005,aomori,2026-06-04,5,▲6 注1 △2 ◎7 ○3 ×4,,,,,2,内藤 久文  愛,知,34,117,S2,逃,3.92,93.46,△,4,0.0,3.8,11.5,1,0,,,,,,17:33
1220260602030005,aomori,2026-06-04,5,▲6 注1 △2 ◎7 ○3 ×4,,,,,3,室井 竜二  徳,島,55,65,S2,追,3.92,93.33,○,5,0.0,5.5,11.1,0,0,,,,,,17:33
1220260602030005,aomori,2026-06-04,5,▲6 注1 △2 ◎7 ○3 ×4,,,,,4,秋本 耀太郎  栃,木,28,117,S2,逃,3.92,98.63,,0,13.6,31.8,31.8,0,2,,,,,,17:33
1220260602030005,aomori,2026-06-04,5,▲6 注1 △2 ◎7 ○3 ×4,,,,,5,戸田 洋平  岡,山,43,92,S2,追,3.92,99.42,×,1,0.0,13.6,40.9,0,0,,,,,,17:33
1220260602030005,aomori,2026-06-04,5,▲6 注1 △2 ◎7 ○3 ×4,,,,,6,坂本 周作  青,森,34,105,S2,逃,3.92,92.68,▲,3,10.5,10.5,15.7,0,2,,,,,,17:33
1220260602030005,aomori,2026-06-04,5,▲6 注1 △2 ◎7 ○3 ×4,,,,,7,長尾 拳太  岐,阜,32,103,S1,両,3.93,104.5,◎,6,19.0,33.3,47.6,0,1,,,,,,17:33
1220260602030006,aomori,2026-06-04,6,○5 ◎1 △7 注2 ▲6 ×3,,,,,1,山本 拳也  高,知,36,109,S2,追,3.92,102.05,◎,6,5.0,25.0,45.0,0,0,,,,,,17:57
1220260602030006,aomori,2026-06-04,6,○5 ◎1 △7 注2 ▲6 ×3,,,,,2,中園 和剛  福,岡,43,89,S2,追,3.92,95.33,注,2,0.0,6.6,16.6,0,0,,,,,,17:57
1220260602030006,aomori,2026-06-04,6,○5 ◎1 △7 注2 ▲6 ×3,,,,,3,望月 一成  静,岡,29,111,S2,逃,3.92,93.66,▲,3,3.3,13.3,23.3,4,0,,,,,,17:57
1220260602030006,aomori,2026-06-04,6,○5 ◎1 △7 注2 ▲6 ×3,,,,,4,太刀川 一成  千,葉,45,100,S2,追,3.92,96.65,×,1,3.0,18.1,21.2,0,0,,,,,,17:57
1220260602030006,aomori,2026-06-04,6,○5 ◎1 △7 注2 ▲6 ×3,,,,,5,月森 亮輔  岡,山,34,101,S2,両,3.92,101.2,○,5,4.0,28.0,48.0,3,3,,,,,,17:57
1220260602030006,aomori,2026-06-04,6,○5 ◎1 △7 注2 ▲6 ×3,,,,,6,竹元 健竜  福,岡,28,115,S2,両,3.92,91.14,,0,0.0,0.0,0.0,0,0,,,,,,17:57
1220260602030006,aomori,2026-06-04,6,○5 ◎1 △7 注2 ▲6 ×3,,,,,7,森安 崇之  香,川,48,84,S2,追,3.92,96.4,△,4,0.0,10.0,23.3,0,0,,,,,,17:57
1220260602030007,aomori,2026-06-04,7,◎2 ○7 △1 ▲5 ×6 注3,,,,,1,山内 卓也  愛,知,49,77,S2,追,3.92,99.36,△,4,6.6,20.0,26.6,0,0,,,,,,18:21
1220260602030007,aomori,2026-06-04,7,◎2 ○7 △1 ▲5 ×6 注3,,,,,2,高橋 晋也  福,島,31,115,S1,逃,3.92,100.36,◎,6,18.1,18.1,40.9,1,0,,,,,,18:21
1220260602030007,aomori,2026-06-04,7,◎2 ○7 △1 ▲5 ×6 注3,,,,,3,田中 晴基  千,葉,40,90,S2,追,3.92,100.25,×,1,10.7,25.0,46.4,0,1,,,,,,18:21
1220260602030007,aomori,2026-06-04,7,◎2 ○7 △1 ▲5 ×6 注3,,,,,4,西岡 拓朗  広,島,42,97,S2,追,3.92,98.0,注,2,5.2,10.5,36.8,0,0,,,,,,18:21
1220260602030007,aomori,2026-06-04,7,◎2 ○7 △1 ▲5 ×6 注3,,,,,5,谷田 泰平  岐,阜,49,93,S2,追,3.93,94.82,▲,3,3.4,6.8,10.3,0,0,,,,,,18:21
1220260602030007,aomori,2026-06-04,7,◎2 ○7 △1 ▲5 ×6 注3,,,,,6,小林 稜武  栃,木,33,113,S2,逃,3.92,92.96,,0,4.0,8.0,12.0,2,0,,,,,,18:21
1220260602030007,aomori,2026-06-04,7,◎2 ○7 △1 ▲5 ×6 注3,,,,,7,庄子 信弘  宮,城,47,84,S2,追,3.92,97.92,○,5,12.0,16.0,28.0,0,1,,,,,,18:21
1220260602030008,aomori,2026-06-04,8,◎7 ○2 注6 △1 ×5 ▲3,,,,,1,小川 丈太  徳,島,31,111,S1,逃,3.92,102.73,注,2,6.2,31.2,31.2,3,2,,,,,,18:45
1220260602030008,aomori,2026-06-04,8,◎7 ○2 注6 △1 ×5 ▲3,,,,,2,新山 将史  青,森,35,98,S1,追,3.92,103.06,○,5,9.3,18.7,43.7,0,0,,,,,,18:45
1220260602030008,aomori,2026-06-04,8,◎7 ○2 注6 △1 ×5 ▲3,,,,,3,河崎 正晴  熊,本,25,121,S2,逃,3.92,101.4,×,1,14.8,14.8,29.6,0,3,,,,,,18:45
1220260602030008,aomori,2026-06-04,8,◎7 ○2 注6 △1 ×5 ▲3,,,,,4,山口 敦也  佐,賀,28,113,S2,追,3.92,99.5,▲,3,0.0,25.0,41.6,0,0,,,,,,18:45
1220260602030008,aomori,2026-06-04,8,◎7 ○2 注6 △1 ×5 ▲3,,,,,5,田尾 駿介  高,知,34,111,S1,追,3.92,104.11,△,4,5.8,17.6,17.6,0,0,,,,,,18:45
1220260602030008,aomori,2026-06-04,8,◎7 ○2 注6 △1 ×5 ▲3,,,,,6,中島 将尊  東,京,31,105,S2,両,3.85,94.44,,0,10.5,10.5,21.0,0,0,,,,,,18:45
1220260602030008,aomori,2026-06-04,8,◎7 ○2 注6 △1 ×5 ▲3,,,,,7,野中 龍之介,神奈川,24,127,S2,逃,3.92,101.85,◎,6,35.0,60.0,75.0,7,3,,,,,,18:45
1220260602030009,aomori,2026-06-04,9,▲5 △1 注4 ◎2 ○3 ×7,,,,,1,不破 将登  岐,阜,37,94,S2,両,3.92,102.2,△,4,4.0,20.0,40.0,0,0,,,,,,19:09
1220260602030009,aomori,2026-06-04,9,▲5 △1 注4 ◎2 ○3 ×7,,,,,2,長島 大介  栃,木,36,96,S1,両,3.92,109.29,◎,6,16.6,41.6,54.1,0,3,,,,,,19:09
1220260602030009,aomori,2026-06-04,9,▲5 △1 注4 ◎2 ○3 ×7,,,,,3,晝田 宗一郎  岡,山,27,115,S2,逃,3.92,103.84,○,5,15.3,23.0,30.7,2,4,,,,,,19:09
1220260602030009,aomori,2026-06-04,9,▲5 △1 注4 ◎2 ○3 ×7,,,,,4,浮島 知稀  群,馬,25,123,S2,逃,3.92,98.36,注,2,13.3,20.0,26.6,4,2,,,,,,19:09
1220260602030009,aomori,2026-06-04,9,▲5 △1 注4 ◎2 ○3 ×7,,,,,5,大石 崇晴  大,阪,33,109,S2,両,3.92,99.11,▲,3,7.6,15.3,30.7,0,1,,,,,,19:09
1220260602030009,aomori,2026-06-04,9,▲5 △1 注4 ◎2 ○3 ×7,,,,,6,坂本 紘規  青,森,29,117,S2,逃,3.92,94.5,,0,0.0,8.3,16.6,0,0,,,,,,19:09
1220260602030009,aomori,2026-06-04,9,▲5 △1 注4 ◎2 ○3 ×7,,,,,7,今村 麟太郎  高,知,30,111,S2,両,3.92,103.4,×,1,20.0,30.0,55.0,0,3,,,,,,19:09
1220260602030010,aomori,2026-06-04,10,○1 ◎5 △2 ▲7 注6 ×3,,,,,1,大川 剛  青,森,27,121,S2,逃,3.92,103.23,○,5,19.2,34.6,46.1,2,6,,,,,,19:33
1220260602030010,aomori,2026-06-04,10,○1 ◎5 △2 ▲7 注6 ×3,,,,,2,一戸 康宏  埼,玉,38,101,S2,両,3.93,99.0,△,4,21.4,35.7,42.8,0,3,,,,,,19:33
1220260602030010,aomori,2026-06-04,10,○1 ◎5 △2 ▲7 注6 ×3,,,,,3,池野 健太  兵,庫,34,109,S1,逃,3.92,102.57,注,2,28.5,32.1,39.2,2,3,,,,,,19:33
1220260602030010,aomori,2026-06-04,10,○1 ◎5 △2 ▲7 注6 ×3,,,,,4,柴崎 淳  三,重,39,91,S1,両,3.92,104.52,×,1,10.5,26.3,36.8,0,0,,,,,,19:33
1220260602030010,aomori,2026-06-04,10,○1 ◎5 △2 ▲7 注6 ×3,,,,,5,佐藤 博紀  岩,手,40,96,S1,両,3.92,104.0,◎,6,8.6,30.4,47.8,0,5,,,,,,19:33
1220260602030010,aomori,2026-06-04,10,○1 ◎5 △2 ▲7 注6 ×3,,,,,6,櫻井 学  群,馬,46,84,S2,両,3.92,94.6,,0,3.8,15.3,30.7,0,0,,,,,,19:33
1220260602030010,aomori,2026-06-04,10,○1 ◎5 △2 ▲7 注6 ×3,,,,,7,岸澤 賢太  埼,玉,39,91,S2,両,3.92,99.14,▲,3,13.3,26.6,33.3,0,0,,,,,,19:33
1220260602030011,aomori,2026-06-04,11,△7 ×1 注5 ◎2 ○3 ▲4,,,,,1,山田 雄大  埼,玉,25,117,A1,逃,3.92,90.52,×,1,23.8,61.9,80.9,0,2,,,,,,19:59
1220260602030011,aomori,2026-06-04,11,△7 ×1 注5 ◎2 ○3 ▲4,,,,,2,三浦 雄大  宮,城,39,98,A1,追,3.92,90.66,注,2,36.8,57.8,73.6,0,1,,,,,,19:59
1220260602030011,aomori,2026-06-04,11,△7 ×1 注5 ◎2 ○3 ▲4,,,,,3,松本 定  福,岡,29,125,A2,逃,3.93,94.19,◎,6,61.9,85.7,90.4,14,4,,,,,,19:59
1220260602030011,aomori,2026-06-04,11,△7 ×1 注5 ◎2 ○3 ▲4,,,,,4,鶴 良生  福,岡,31,111,A1,逃,3.92,90.72,○,5,22.2,38.8,44.4,2,3,,,,,,19:59
1220260602030011,aomori,2026-06-04,11,△7 ×1 注5 ◎2 ○3 ▲4,,,,,5,内田 英介  東,京,44,91,A1,追,3.92,90.66,,0,14.2,38.0,57.1,0,0,,,,,,19:59
1220260602030011,aomori,2026-06-04,11,△7 ×1 注5 ◎2 ○3 ▲4,,,,,6,佐藤 朋也  秋,田,46,89,A1,追,3.85,87.39,▲,3,8.6,30.4,34.7,0,3,,,,,,19:59
1220260602030011,aomori,2026-06-04,11,△7 ×1 注5 ◎2 ○3 ▲4,,,,,7,岡部 陸斗  栃,木,23,125,A2,逃,3.85,92.66,△,4,66.6,76.1,85.7,13,2,,,,,,19:59
1220260602030012,aomori,2026-06-04,12,◎2 ○7 ▲5 △1 注3 ×4,,,,,1,永澤 剛  青,森,40,91,S1,追,3.92,108.8,△,4,16.0,40.0,60.0,0,0,,,,,,20:25
1220260602030012,aomori,2026-06-04,12,◎2 ○7 ▲5 △1 注3 ×4,,,,,2,中釜 章成  大,阪,29,113,S1,逃,3.92,109.33,◎,6,33.3,44.4,61.1,1,3,,,,,,20:25
1220260602030012,aomori,2026-06-04,12,◎2 ○7 ▲5 △1 注3 ×4,,,,,3,伊藤 旭  熊,本,26,117,S1,両,3.92,107.05,注,2,11.1,22.2,38.8,0,2,,,,,,20:25
1220260602030012,aomori,2026-06-04,12,◎2 ○7 ▲5 △1 注3 ×4,,,,,4,井上 昌己  長,崎,46,86,S1,追,3.92,105.26,×,1,21.0,31.5,42.1,0,1,,,,,,20:25
1220260602030012,aomori,2026-06-04,12,◎2 ○7 ▲5 △1 注3 ×4,,,,,5,簗田 一輝  静,岡,30,107,S1,両,3.92,109.75,▲,3,5.8,23.5,47.0,0,0,,,,,,20:25
1220260602030012,aomori,2026-06-04,12,◎2 ○7 ▲5 △1 注3 ×4,,,,,6,筒井 敦史  岡,山,49,85,S1,追,3.92,103.62,,0,20.8,33.3,37.5,0,1,,,,,,20:25
1220260602030012,aomori,2026-06-04,12,◎2 ○7 ▲5 △1 注3 ×4,,,,,7,志智 俊夫  岐,阜,53,70,S1,追,3.92,108.81,○,5,13.0,39.1,52.1,0,1,,,,,,20:25
2120260604010001,yahiko,2026-06-04,1,▲6 注2 ◎5 ○1 △4 ×3,,,,,1,野村 典嗣  愛,媛,35,109,A1,追,3.92,88.38,◎,6,4.7,23.8,38.0,0,1,,,,,,15:46
2120260604010001,yahiko,2026-06-04,1,▲6 注2 ◎5 ○1 △4 ×3,,,,,2,有馬 雄二  奈,良,44,90,A2,追,3.92,79.88,注,2,7.6,11.5,26.9,0,0,,,,,,15:46
2120260604010001,yahiko,2026-06-04,1,▲6 注2 ◎5 ○1 △4 ×3,,,,,3,天野 純平  佐,賀,27,115,A2,逃,3.92,84.25,△,4,35.0,45.0,45.0,2,5,,,,,,15:46
2120260604010001,yahiko,2026-06-04,1,▲6 注2 ◎5 ○1 △4 ×3,,,,,4,在本 直樹  岡,山,49,93,A2,両,3.92,84.33,○,5,16.6,22.2,33.3,0,2,,,,,,15:46
2120260604010001,yahiko,2026-06-04,1,▲6 注2 ◎5 ○1 △4 ×3,,,,,5,吉村 文隆  京,都,54,70,A2,追,3.92,79.38,,0,0.0,0.0,19.0,0,0,,,,,,15:46
2120260604010001,yahiko,2026-06-04,1,▲6 注2 ◎5 ○1 △4 ×3,,,,,6,竹澤 雅也  福,井,25,123,A2,逃,3.92,78.12,▲,3,0.0,0.0,8.3,0,0,,,,,,15:46
2120260604010001,yahiko,2026-06-04,1,▲6 注2 ◎5 ○1 △4 ×3,,,,,7,池田 浩士  佐,賀,47,86,A1,追,3.92,86.33,×,1,0.0,20.8,45.8,1,0,,,,,,15:46
2120260604010002,yahiko,2026-06-04,2,○1 ◎7 △4 ×2 ▲6 注5,,,,,1,瀧川 幸広  愛,知,30,125,A2,逃,3.92,84.7,○,5,4.7,33.3,42.8,6,1,,,,,,16:09
2120260604010002,yahiko,2026-06-04,2,○1 ◎7 △4 ×2 ▲6 注5,,,,,2,榎本 光男  静,岡,49,85,A1,両,3.92,83.03,×,1,11.1,25.9,40.7,0,7,,,,,,16:09
2120260604010002,yahiko,2026-06-04,2,○1 ◎7 △4 ×2 ▲6 注5,,,,,3,堀 政美  茨,城,57,65,A2,追,3.93,84.83,注,2,5.5,22.2,50.0,0,0,,,,,,16:09
2120260604010002,yahiko,2026-06-04,2,○1 ◎7 △4 ×2 ▲6 注5,,,,,4,北村 篤  岐,阜,39,94,A2,追,3.93,79.5,△,4,8.3,8.3,8.3,0,0,,,,,,16:09
2120260604010002,yahiko,2026-06-04,2,○1 ◎7 △4 ×2 ▲6 注5,,,,,5,舘 真成  茨,城,39,98,A2,両,3.86,80.23,▲,3,14.2,19.0,19.0,0,1,,,,,,16:09
2120260604010002,yahiko,2026-06-04,2,○1 ◎7 △4 ×2 ▲6 注5,,,,,6,伊藤 拓人  静,岡,38,94,A2,追,3.85,78.09,,0,5.0,10.0,15.0,0,0,,,,,,16:09
2120260604010002,yahiko,2026-06-04,2,○1 ◎7 △4 ×2 ▲6 注5,,,,,7,佐藤 亙  愛,知,46,85,A1,追,3.92,88.04,◎,6,25.0,29.1,62.5,0,0,,,,,,16:09
2120260604010003,yahiko,2026-06-04,3,◎5 ○2 ×7 ▲4 △6 注1,,,,,1,野村 純宏,神奈川,49,82,A1,追,3.92,82.23,注,2,0.0,14.2,28.5,0,0,,,,,,16:33
2120260604010003,yahiko,2026-06-04,3,◎5 ○2 ×7 ▲4 △6 注1,,,,,2,吉永 好宏  広,島,51,80,A1,追,3.92,88.12,○,5,12.5,29.1,50.0,0,0,,,,,,16:33
2120260604010003,yahiko,2026-06-04,3,◎5 ○2 ×7 ▲4 △6 注1,,,,,3,篠崎 高志  栃,木,53,72,A2,追,3.92,78.59,,0,0.0,0.0,9.0,0,0,,,,,,16:33
2120260604010003,yahiko,2026-06-04,3,◎5 ○2 ×7 ▲4 △6 注1,,,,,4,小磯 知也  徳,島,52,76,A2,追,3.85,78.65,▲,3,4.3,8.6,8.6,0,0,,,,,,16:33
2120260604010003,yahiko,2026-06-04,3,◎5 ○2 ×7 ▲4 △6 注1,,,,,5,藤田 楓  岡,山,23,127,A2,逃,3.92,93.33,◎,6,62.5,79.1,83.3,14,5,,,,,,16:33
2120260604010003,yahiko,2026-06-04,3,◎5 ○2 ×7 ▲4 △6 注1,,,,,6,田中 誇士  静,岡,32,103,A1,両,3.93,0.0,△,4,0.0,0.0,0.0,0,0,,,,,,16:33
2120260604010003,yahiko,2026-06-04,3,◎5 ○2 ×7 ▲4 △6 注1,,,,,7,越智 展孝  愛,媛,44,88,A1,追,3.92,84.66,×,1,10.5,21.0,26.3,0,1,,,,,,16:33
2120260604010004,yahiko,2026-06-04,4,◎5 ○3 ×6 △4 ▲1 注2,,,,,1,田中 弘章  福,岡,54,68,A2,追,3.92,83.12,△,4,4.1,12.5,33.3,0,0,,,,,,16:57
2120260604010004,yahiko,2026-06-04,4,◎5 ○3 ×6 △4 ▲1 注2,,,,,2,桜井 大地  静,岡,32,111,A2,逃,3.85,79.55,▲,3,10.0,15.0,20.0,1,0,,,,,,16:57
2120260604010004,yahiko,2026-06-04,4,◎5 ○3 ×6 △4 ▲1 注2,,,,,3,會澤 龍  宮,城,36,105,A1,両,3.92,86.08,○,5,20.8,33.3,54.1,0,1,,,,,,16:57
2120260604010004,yahiko,2026-06-04,4,◎5 ○3 ×6 △4 ▲1 注2,,,,,4,福田 要  宮,崎,27,121,A1,両,3.85,83.33,×,1,0.0,19.0,33.3,0,1,,,,,,16:57
2120260604010004,yahiko,2026-06-04,4,◎5 ○3 ×6 △4 ▲1 注2,,,,,5,齊藤 英伊須  青,森,22,125,A2,逃,3.92,93.34,◎,6,57.6,76.9,80.7,15,4,,,,,,16:57
2120260604010004,yahiko,2026-06-04,4,◎5 ○3 ×6 △4 ▲1 注2,,,,,6,西巻 秀太  新,潟,41,97,A2,追,3.92,78.37,,0,0.0,4.1,8.3,0,0,,,,,,16:57
2120260604010004,yahiko,2026-06-04,4,◎5 ○3 ×6 △4 ▲1 注2,,,,,7,鶴岡 與之  千,葉,49,81,A2,追,3.92,81.7,注,2,11.1,11.1,18.5,0,0,,,,,,16:57
2120260604010005,yahiko,2026-06-04,5,▲2 ◎6 ○4 ×3 △7 注1,,,,,1,長井 妙樹  東,京,37,96,A1,追,3.92,91.23,△,4,29.4,35.2,41.1,0,0,,,,,,17:21
2120260604010005,yahiko,2026-06-04,5,▲2 ◎6 ○4 ×3 △7 注1,,,,,2,中釜 健次  大,阪,27,121,A1,逃,3.92,90.25,▲,3,25.0,33.3,41.6,3,5,,,,,,17:21
2120260604010005,yahiko,2026-06-04,5,▲2 ◎6 ○4 ×3 △7 注1,,,,,3,谷津田 将吾  福,島,46,83,A1,追,3.92,89.94,○,5,11.1,38.8,50.0,0,0,,,,,,17:21
2120260604010005,yahiko,2026-06-04,5,▲2 ◎6 ○4 ×3 △7 注1,,,,,4,畝木 聖  岡,山,29,117,A1,逃,3.92,94.47,◎,6,47.6,76.1,85.7,5,9,,,,,,17:21
2120260604010005,yahiko,2026-06-04,5,▲2 ◎6 ○4 ×3 △7 注1,,,,,5,吉田 裕全  埼,玉,41,90,A1,追,3.93,90.31,注,2,15.0,30.0,50.0,0,3,,,,,,17:21
2120260604010005,yahiko,2026-06-04,5,▲2 ◎6 ○4 ×3 △7 注1,,,,,6,吉村 和之  岐,阜,48,80,A1,追,3.93,89.87,,0,12.5,37.5,50.0,0,0,,,,,,17:21
2120260604010005,yahiko,2026-06-04,5,▲2 ◎6 ○4 ×3 △7 注1,,,,,7,渡邉 壘  新,潟,23,125,A1,逃,3.92,94.16,×,1,33.3,61.1,72.2,8,2,,,,,,17:21
2120260604010006,yahiko,2026-06-04,6,○1 ×4 注3 ◎5 △2 ▲6,,,,,1,治田 知也  新,潟,27,121,S2,逃,3.93,99.95,○,5,29.1,45.8,50.0,8,3,,,,,,17:45
2120260604010006,yahiko,2026-06-04,6,○1 ×4 注3 ◎5 △2 ▲6,,,,,2,守谷 陽介  岡,山,46,87,S2,両,3.92,98.35,△,4,7.6,17.9,28.2,0,0,,,,,,17:45
2120260604010006,yahiko,2026-06-04,6,○1 ×4 注3 ◎5 △2 ▲6,,,,,3,相川 永伍  埼,玉,42,95,S2,追,3.92,96.66,注,2,6.2,18.7,31.2,0,0,,,,,,17:45
2120260604010006,yahiko,2026-06-04,6,○1 ×4 注3 ◎5 △2 ▲6,,,,,4,藤原 憲征  新,潟,46,85,S2,追,3.92,97.64,×,1,10.7,14.2,39.2,0,0,,,,,,17:45
2120260604010006,yahiko,2026-06-04,6,○1 ×4 注3 ◎5 △2 ▲6,,,,,5,原田 研太朗  徳,島,35,98,S1,逃,3.92,103.3,◎,6,22.2,27.7,44.4,3,5,,,,,,17:45
2120260604010006,yahiko,2026-06-04,6,○1 ×4 注3 ◎5 △2 ▲6,,,,,6,木村 幸希  広,島,34,109,S2,両,3.92,94.37,▲,3,7.4,7.4,7.4,0,0,,,,,,17:45
2120260604010007,yahiko,2026-06-04,7,◎1 ○5 ▲3 △6 ×2 注4,,,,,1,真鍋 智寛  愛,媛,27,121,S1,逃,3.92,104.12,◎,6,11.7,23.5,41.1,1,3,,,,,,18:09
2120260604010007,yahiko,2026-06-04,7,◎1 ○5 ▲3 △6 ×2 注4,,,,,2,石川 裕二  茨,城,42,99,S1,追,3.92,103.47,×,1,13.6,22.7,31.8,0,0,,,,,,18:09
2120260604010007,yahiko,2026-06-04,7,◎1 ○5 ▲3 △6 ×2 注4,,,,,3,佐藤 愼太郎  福,島,47,83,S2,追,3.92,98.71,▲,3,0.0,25.0,46.4,0,0,,,,,,18:09
2120260604010007,yahiko,2026-06-04,7,◎1 ○5 ▲3 △6 ×2 注4,,,,,4,古川 尚耶  栃,木,40,92,S2,追,3.92,99.62,注,2,6.2,28.1,31.2,0,0,,,,,,18:09
2120260604010007,yahiko,2026-06-04,7,◎1 ○5 ▲3 △6 ×2 注4,,,,,5,原 誠宏  香,川,40,91,S2,追,3.93,101.26,○,5,4.7,28.5,42.8,0,0,,,,,,18:09
2120260604010007,yahiko,2026-06-04,7,◎1 ○5 ▲3 △6 ×2 注4,,,,,6,藤田 周磨  埼,玉,28,117,S2,逃,3.92,96.96,△,4,7.4,14.8,33.3,2,1,,,,,,18:09
2120260604010008,yahiko,2026-06-04,8,△5 ▲7 ◎2 ○1 ×4 注6,,,,,1,高久保 雄介  京,都,39,100,S1,両,3.92,104.2,◎,6,16.0,36.0,48.0,1,1,,,,,,18:33
2120260604010008,yahiko,2026-06-04,8,△5 ▲7 ◎2 ○1 ×4 注6,,,,,2,竹山 陵太  宮,城,41,91,S2,追,3.92,97.12,▲,3,9.3,21.8,37.5,0,1,,,,,,18:33
2120260604010008,yahiko,2026-06-04,8,△5 ▲7 ◎2 ○1 ×4 注6,,,,,3,山崎 泰己  岡,山,36,101,S2,追,3.92,96.0,注,2,0.0,7.4,22.2,0,0,,,,,,18:33
2120260604010008,yahiko,2026-06-04,8,△5 ▲7 ◎2 ○1 ×4 注6,,,,,4,川村 晃司  京,都,49,85,S2,両,3.92,100.0,○,5,14.2,35.7,50.0,0,1,,,,,,18:33
2120260604010008,yahiko,2026-06-04,8,△5 ▲7 ◎2 ○1 ×4 注6,,,,,5,中村 弘之輔,北海道,34,109,S2,両,3.93,94.45,,0,4.3,4.3,26.0,0,0,,,,,,18:33
2120260604010008,yahiko,2026-06-04,8,△5 ▲7 ◎2 ○1 ×4 注6,,,,,6,薦田 将伍  愛,媛,28,113,S2,逃,3.92,94.16,×,1,5.2,5.2,15.7,0,1,,,,,,18:33
2120260604010008,yahiko,2026-06-04,8,△5 ▲7 ◎2 ○1 ×4 注6,,,,,7,金成 和幸  福,島,47,88,S2,追,3.92,99.96,△,4,3.4,20.6,41.3,0,0,,,,,,18:33
2120260604010009,yahiko,2026-06-04,9,○1 ◎5 △4 ▲3 ×7 注2,,,,,1,田村 大  宮,崎,28,119,S2,逃,3.92,99.42,○,5,14.2,28.5,46.4,6,2,,,,,,18:57
2120260604010009,yahiko,2026-06-04,9,○1 ◎5 △4 ▲3 ×7 注2,,,,,2,齊藤 竜也,神奈川,51,73,S2,追,3.92,99.68,注,2,4.0,24.0,52.0,0,1,,,,,,18:57
2120260604010009,yahiko,2026-06-04,9,○1 ◎5 △4 ▲3 ×7 注2,,,,,3,中田 雄喜  福,島,39,97,S2,追,3.92,98.75,▲,3,10.3,24.1,37.9,0,0,,,,,,18:57
2120260604010009,yahiko,2026-06-04,9,○1 ◎5 △4 ▲3 ×7 注2,,,,,4,松尾 透  福,岡,41,96,S2,追,3.92,97.76,△,4,3.5,10.7,42.8,0,0,,,,,,18:57
2120260604010009,yahiko,2026-06-04,9,○1 ◎5 △4 ▲3 ×7 注2,,,,,5,松川 高大  熊,本,37,94,S1,両,3.92,103.4,◎,6,4.7,19.0,28.5,0,0,,,,,,18:57
2120260604010009,yahiko,2026-06-04,9,○1 ◎5 △4 ▲3 ×7 注2,,,,,6,福島 栄一  香,川,42,93,S2,追,3.93,94.46,,0,3.8,7.6,19.2,0,0,,,,,,18:57
2120260604010009,yahiko,2026-06-04,9,○1 ◎5 △4 ▲3 ×7 注2,,,,,7,野口 裕史  千,葉,43,111,S1,逃,3.93,100.5,×,1,17.8,32.1,42.8,6,3,,,,,,18:57
2120260604010010,yahiko,2026-06-04,10,◎3 ○5 ×1 ▲7 注2 △6,,,,,1,竹村 勇祐  秋,田,36,96,S2,追,3.92,103.0,×,1,13.6,31.8,45.4,0,0,,,,,,19:21
2120260604010010,yahiko,2026-06-04,10,◎3 ○5 ×1 ▲7 注2 △6,,,,,2,小酒 大勇  宮,崎,32,103,S2,両,3.92,97.69,注,2,7.6,26.9,34.6,0,0,,,,,,19:21
2120260604010010,yahiko,2026-06-04,10,◎3 ○5 ×1 ▲7 注2 △6,,,,,3,村田 祐樹  富,山,27,121,S1,逃,3.93,105.73,◎,6,13.0,43.4,60.8,9,1,,,,,,19:21
2120260604010010,yahiko,2026-06-04,10,◎3 ○5 ×1 ▲7 注2 △6,,,,,4,小笠原 光  岩,手,30,117,S2,両,3.92,96.11,△,4,5.5,11.1,22.2,0,2,,,,,,19:21
2120260604010010,yahiko,2026-06-04,10,◎3 ○5 ×1 ▲7 注2 △6,,,,,5,小堺 浩二  石,川,43,91,S2,両,3.92,101.3,○,5,17.6,26.4,44.1,0,6,,,,,,19:21
2120260604010010,yahiko,2026-06-04,10,◎3 ○5 ×1 ▲7 注2 △6,,,,,6,飯田 裕次  福,岡,40,97,S2,追,3.92,93.24,,0,0.0,0.0,12.0,0,0,,,,,,19:21
2120260604010010,yahiko,2026-06-04,10,◎3 ○5 ×1 ▲7 注2 △6,,,,,7,開坂 秀明  青,森,51,79,S2,追,3.92,97.82,▲,3,0.0,17.3,26.0,0,0,,,,,,19:21
2120260604010011,yahiko,2026-06-04,11,○4 ◎7 △1 ×2 注5 ▲6,,,,,1,小林 令  山,梨,30,109,S2,追,3.92,97.5,△,4,4.1,20.8,33.3,0,0,,,,,,19:46
2120260604010011,yahiko,2026-06-04,11,○4 ◎7 △1 ×2 注5 ▲6,,,,,2,鈴木 裕  千,葉,41,92,S2,両,3.92,99.16,×,1,20.8,29.1,41.6,0,2,,,,,,19:46
2120260604010011,yahiko,2026-06-04,11,○4 ◎7 △1 ×2 注5 ▲6,,,,,3,鷲田 佳史  福,井,43,88,S2,追,3.92,97.0,,0,0.0,7.6,15.3,0,0,,,,,,19:46
2120260604010011,yahiko,2026-06-04,11,○4 ◎7 △1 ×2 注5 ▲6,,,,,4,森田 一郎  埼,玉,25,125,S1,逃,3.92,105.8,○,5,15.0,20.0,40.0,2,2,,,,,,19:46
2120260604010011,yahiko,2026-06-04,11,○4 ◎7 △1 ×2 注5 ▲6,,,,,5,佐藤 壮  千,葉,34,100,S2,追,3.92,99.38,注,2,21.4,28.5,35.7,0,0,,,,,,19:46
2120260604010011,yahiko,2026-06-04,11,○4 ◎7 △1 ×2 注5 ▲6,,,,,6,上杉 嘉槻  福,井,28,119,S2,逃,3.92,93.17,▲,3,3.4,10.3,20.6,1,1,,,,,,19:46
2120260604010011,yahiko,2026-06-04,11,○4 ◎7 △1 ×2 注5 ▲6,,,,,7,末木 浩二  山,梨,34,109,S1,両,3.92,103.86,◎,6,26.0,30.4,39.1,0,6,,,,,,19:46
2120260604010012,yahiko,2026-06-04,12,○1 ◎4 △5 ×6 ▲2 注3,,,,,1,道場 晃規  静,岡,28,117,S1,逃,3.92,107.87,○,5,26.9,38.4,53.8,1,6,,,,,,20:12
2120260604010012,yahiko,2026-06-04,12,○1 ◎4 △5 ×6 ▲2 注3,,,,,2,和田 圭  宮,城,40,92,S1,追,3.92,110.6,×,1,28.0,44.0,64.0,0,0,,,,,,20:12
2120260604010012,yahiko,2026-06-04,12,○1 ◎4 △5 ×6 ▲2 注3,,,,,3,山田 諒  岐,阜,27,113,S1,両,3.86,107.8,▲,3,20.0,40.0,40.0,2,3,,,,,,20:12
2120260604010012,yahiko,2026-06-04,12,○1 ◎4 △5 ×6 ▲2 注3,,,,,4,深谷 知広  静,岡,36,96,S1,逃,3.93,115.39,◎,6,39.1,56.5,69.5,3,7,,,,,,20:12
2120260604010012,yahiko,2026-06-04,12,○1 ◎4 △5 ×6 ▲2 注3,,,,,5,諸橋 愛  新,潟,48,79,S1,追,3.92,109.18,△,4,5.8,23.5,35.2,0,0,,,,,,20:12
2120260604010012,yahiko,2026-06-04,12,○1 ◎4 △5 ×6 ▲2 注3,,,,,6,飯野 祐太  福,島,41,90,S1,両,3.92,107.44,,0,14.8,33.3,55.5,0,1,,,,,,20:12
2120260604010012,yahiko,2026-06-04,12,○1 ◎4 △5 ×6 ▲2 注3,,,,,7,三谷 将太  奈,良,40,92,S1,追,3.92,111.07,注,2,18.7,25.0,50.0,0,0,,,,,,20:12
2220260603020001,maebashi,2026-06-04,1,,,,,,1,中込 健太  秋,田,30,119,A2,逃,3.93,82.47,,0,14.2,23.8,28.5,4,1,,,,,,20:36
2220260603020001,maebashi,2026-06-04,1,,,,,,2,高橋 大輝  秋,田,32,111,A1,両,3.92,81.79,,0,8.3,25.0,45.8,1,3,,,,,,20:36
2220260603020001,maebashi,2026-06-04,1,,,,,,3,中野 彰人,和歌山,38,93,A2,追,3.92,81.45,,0,0.0,12.5,16.6,0,0,,,,,,20:36
2220260603020001,maebashi,2026-06-04,1,,,,,,4,堀 僚介  大,阪,31,109,A1,逃,3.92,81.23,,0,19.2,19.2,30.7,0,4,,,,,,20:36
2220260603020001,maebashi,2026-06-04,1,,,,,,5,湯浅 大輔  千,葉,41,96,A2,逃,3.92,80.8,,0,4.7,9.5,23.8,0,0,,,,,,20:36
2220260603020001,maebashi,2026-06-04,1,,,,,,6,佐藤 清之  千,葉,43,93,A1,追,3.92,79.66,,0,9.5,9.5,9.5,0,1,,,,,,20:36
2220260603020001,maebashi,2026-06-04,1,,,,,,7,武田 靖夫  茨,城,53,76,A2,追,3.92,76.44,,0,0.0,0.0,0.0,0,0,,,,,,20:36
2220260603020002,maebashi,2026-06-04,2,,,,,,1,飯尾 主税  静,岡,47,81,A1,追,3.92,87.77,,0,14.8,48.1,59.2,0,0,,,,,,21:00
2220260603020002,maebashi,2026-06-04,2,,,,,,2,八嶋 稔真,神奈川,30,113,A2,逃,3.92,83.95,,0,19.0,28.5,42.8,2,2,,,,,,21:00
2220260603020002,maebashi,2026-06-04,2,,,,,,3,山崎 晃  石,川,40,95,A2,両,3.92,81.33,,0,11.1,16.6,38.8,3,0,,,,,,21:00
2220260603020002,maebashi,2026-06-04,2,,,,,,4,緑川 修平  福,島,42,95,A2,逃,3.93,80.76,,0,16.0,20.0,24.0,0,5,,,,,,21:00
2220260603020002,maebashi,2026-06-04,2,,,,,,5,深見 仁哉  愛,知,43,91,A2,追,3.92,79.33,,0,0.0,20.8,25.0,0,1,,,,,,21:00
2220260603020002,maebashi,2026-06-04,2,,,,,,6,山田 祐太  福,島,37,113,A2,逃,3.92,79.23,,0,4.7,19.0,19.0,3,1,,,,,,21:00
2220260603020002,maebashi,2026-06-04,2,,,,,,7,河合 康晴  静,岡,56,68,A2,追,3.92,77.43,,0,0.0,0.0,5.8,0,0,,,,,,21:00
2220260603020003,maebashi,2026-06-04,3,,,,,,1,宮司 周郎  愛,知,49,82,A1,追,3.92,86.55,,0,5.2,47.3,57.8,0,0,,,,,,21:24
2220260603020003,maebashi,2026-06-04,3,,,,,,2,高谷 雅彦  青,森,54,67,A1,両,3.92,86.1,,0,20.0,30.0,45.0,0,3,,,,,,21:24
2220260603020003,maebashi,2026-06-04,3,,,,,,3,布居 寛幸,和歌山,52,72,A1,追,3.92,83.33,,0,8.3,16.6,33.3,0,0,,,,,,21:24
2220260603020003,maebashi,2026-06-04,3,,,,,,4,小林 和彦  群,馬,49,82,A2,両,3.77,82.72,,0,0.0,16.6,33.3,0,0,,,,,,21:24
2220260603020003,maebashi,2026-06-04,3,,,,,,5,佐藤 謙  栃,木,40,90,A2,追,3.93,81.94,,0,5.2,15.7,31.5,0,0,,,,,,21:24
2220260603020003,maebashi,2026-06-04,3,,,,,,6,舟山 佑京  新,潟,28,113,A2,逃,3.92,80.14,,0,4.5,18.1,22.7,1,0,,,,,,21:24
2220260603020003,maebashi,2026-06-04,3,,,,,,7,佐々木 健司  青,森,52,76,A2,追,3.92,79.87,,0,4.1,8.3,16.6,0,0,,,,,,21:24
2220260603020004,maebashi,2026-06-04,4,,,,,,1,土岐 幹多  岐,阜,46,83,A1,追,3.92,85.56,,0,0.0,8.6,34.7,0,0,,,,,,21:48
2220260603020004,maebashi,2026-06-04,4,,,,,,2,山崎 充央  東,京,51,79,A2,追,3.92,84.26,,0,8.6,21.7,43.4,0,0,,,,,,21:48
2220260603020004,maebashi,2026-06-04,4,,,,,,3,高橋 健太  静,岡,48,80,A2,追,3.92,82.37,,0,3.7,11.1,22.2,0,0,,,,,,21:48
2220260603020004,maebashi,2026-06-04,4,,,,,,4,井田 晶之  三,重,34,113,A1,両,3.92,82.2,,0,4.0,12.0,28.0,2,1,,,,,,21:48
2220260603020004,maebashi,2026-06-04,4,,,,,,5,藤原 清隆  静,岡,44,87,A2,追,3.92,82.19,,0,0.0,9.5,23.8,0,0,,,,,,21:48
2220260603020004,maebashi,2026-06-04,4,,,,,,6,本田 拓也  新,潟,43,92,A2,追,3.92,79.84,,0,5.0,5.0,10.0,0,0,,,,,,21:48
2220260603020004,maebashi,2026-06-04,4,,,,,,7,平川 雅晃  長,野,35,107,A2,逃,3.85,78.47,,0,0.0,9.5,19.0,0,2,,,,,,21:48
2220260603020005,maebashi,2026-06-04,5,,,,,,1,菅谷 隆司  東,京,41,96,A1,両,3.92,91.0,,0,11.1,33.3,33.3,0,1,,,,,,22:13
2220260603020005,maebashi,2026-06-04,5,,,,,,2,出口 謙一郎  岐,阜,27,123,A1,逃,3.92,90.35,,0,33.3,42.8,47.6,5,3,,,,,,22:13
2220260603020005,maebashi,2026-06-04,5,,,,,,3,添田 龍児,神奈川,25,121,A1,逃,3.92,87.96,,0,14.8,40.7,55.5,5,5,,,,,,22:13
2220260603020005,maebashi,2026-06-04,5,,,,,,4,古屋 琢晶  山,梨,40,90,A1,両,3.92,87.91,,0,8.6,34.7,52.1,2,3,,,,,,22:13
2220260603020005,maebashi,2026-06-04,5,,,,,,5,田中 秀治  岐,阜,48,82,A2,追,3.93,86.69,,0,13.0,30.4,52.1,0,0,,,,,,22:13
2220260603020005,maebashi,2026-06-04,5,,,,,,6,金子 周一郎  埼,玉,49,78,A1,追,3.92,85.53,,0,0.0,26.6,46.6,0,0,,,,,,22:13
2220260603020005,maebashi,2026-06-04,5,,,,,,7,荻野 哲,神奈川,52,75,A2,追,3.92,83.55,,0,5.2,26.3,31.5,0,0,,,,,,22:13
2220260603020006,maebashi,2026-06-04,6,,,,,,1,松坂 英司,神奈川,51,82,A1,追,3.92,88.93,,0,0.0,6.6,33.3,0,0,,,,,,22:40
2220260603020006,maebashi,2026-06-04,6,,,,,,2,小林 卓人  大,阪,48,79,A1,追,3.92,88.35,,0,10.0,20.0,40.0,0,0,,,,,,22:40
2220260603020006,maebashi,2026-06-04,6,,,,,,3,大橋 徹  栃,木,53,72,A1,追,3.92,87.25,,0,25.0,37.5,50.0,0,0,,,,,,22:40
2220260603020006,maebashi,2026-06-04,6,,,,,,4,松田 安綱  大,阪,24,127,A2,逃,3.93,86.95,,0,29.1,37.5,62.5,6,1,,,,,,22:40
2220260603020006,maebashi,2026-06-04,6,,,,,,5,橋本 紀彰  茨,城,46,90,A2,追,3.92,84.17,,0,4.3,17.3,39.1,0,0,,,,,,22:40
2220260603020006,maebashi,2026-06-04,6,,,,,,6,中山 拓人  埼,玉,26,121,A1,逃,3.92,80.26,,0,0.0,0.0,13.3,0,0,,,,,,22:40
2220260603020006,maebashi,2026-06-04,6,,,,,,7,菊池 竣太朗  静,岡,29,111,A1,両,3.92,0.0,,0,0.0,0.0,0.0,0,0,,,,,,22:40
2220260603020007,maebashi,2026-06-04,7,,,,,,1,吉田 勇人  埼,玉,47,86,A1,追,3.92,91.2,,0,10.0,35.0,55.0,0,0,,,,,,23:07
2220260603020007,maebashi,2026-06-04,7,,,,,,2,川田 真也  埼,玉,25,125,A2,逃,3.85,91.19,,0,42.8,66.6,71.4,11,3,,,,,,23:07
2220260603020007,maebashi,2026-06-04,7,,,,,,3,関根 健太郎,神奈川,35,100,A1,両,3.92,91.0,,0,7.4,25.9,55.5,0,1,,,,,,23:07
2220260603020007,maebashi,2026-06-04,7,,,,,,4,小野 裕次  千,葉,37,95,A1,追,3.92,89.95,,0,20.8,41.6,70.8,0,0,,,,,,23:07
2220260603020007,maebashi,2026-06-04,7,,,,,,5,鹿内 翔  青,森,40,95,A1,追,3.92,87.9,,0,9.5,33.3,52.3,0,0,,,,,,23:07
2220260603020007,maebashi,2026-06-04,7,,,,,,6,矢島 一弥  群,馬,40,92,A1,追,3.92,87.2,,0,20.8,37.5,45.8,0,0,,,,,,23:07
2220260603020007,maebashi,2026-06-04,7,,,,,,7,東 鉄也  三,重,45,88,A2,両,3.92,85.0,,0,28.5,28.5,33.3,0,1,,,,,,23:07
3520260603020001,hiratsuka,2026-06-04,1,,,,,,1,高木 萌那  福,岡,22,126,L1,逃,3.79,55.13,,0,31.8,59.0,86.3,1,7,,,,,,20:44
3520260603020001,hiratsuka,2026-06-04,1,,,,,,2,下条 未悠  富,山,25,118,L1,両,3.77,54.08,,0,45.8,58.3,70.8,3,10,,,,,,20:44
3520260603020001,hiratsuka,2026-06-04,1,,,,,,3,永塚 祐子,神奈川,40,118,L1,両,3.77,51.76,,0,4.7,23.8,42.8,2,0,,,,,,20:44
3520260603020001,hiratsuka,2026-06-04,1,,,,,,4,鈴木 美教  静,岡,31,112,L1,両,3.77,50.72,,0,5.2,21.0,47.3,1,0,,,,,,20:44
3520260603020001,hiratsuka,2026-06-04,1,,,,,,5,梶原 百香  福,岡,28,114,L1,両,3.77,48.72,,0,5.5,16.6,33.3,0,1,,,,,,20:44
3520260603020001,hiratsuka,2026-06-04,1,,,,,,6,加瀬 加奈子  新,潟,46,102,L1,逃,3.77,48.28,,0,0.0,14.2,28.5,2,1,,,,,,20:44
3520260603020001,hiratsuka,2026-06-04,1,,,,,,7,松尾 智佳  愛,媛,38,102,L1,追,3.77,45.05,,0,0.0,0.0,5.5,0,0,,,,,,20:44
3520260603020002,hiratsuka,2026-06-04,2,,,,,,1,小林 莉子  東,京,33,102,L1,両,3.77,56.85,,0,66.6,80.9,95.2,0,4,,,,,,21:08
3520260603020002,hiratsuka,2026-06-04,2,,,,,,2,大浦 彩瑛,神奈川,30,126,L1,逃,3.79,56.13,,0,59.0,77.2,81.8,2,14,,,,,,21:08
3520260603020002,hiratsuka,2026-06-04,2,,,,,,3,高尾 貴美歌  長,崎,26,116,L1,両,3.77,53.9,,0,23.8,66.6,80.9,0,4,,,,,,21:08
3520260603020002,hiratsuka,2026-06-04,2,,,,,,4,岡本 二菜  東,京,28,118,L1,両,3.77,53.75,,0,12.5,50.0,81.2,2,3,,,,,,21:08
3520260603020002,hiratsuka,2026-06-04,2,,,,,,5,杉浦 菜留  愛,知,25,118,L1,両,3.79,48.89,,0,5.2,15.7,15.7,0,1,,,,,,21:08
3520260603020002,hiratsuka,2026-06-04,2,,,,,,6,伊藤 優里  三,重,21,126,L1,両,3.77,47.88,,0,5.5,22.2,27.7,2,0,,,,,,21:08
3520260603020002,hiratsuka,2026-06-04,2,,,,,,7,木下 宙  大,阪,23,124,L1,両,3.77,45.23,,0,0.0,0.0,0.0,0,0,,,,,,21:08
3520260603020003,hiratsuka,2026-06-04,3,,,,,,1,眞原 健一,神奈川,53,69,A3,追,3.92,69.75,,0,5.8,23.5,47.0,0,0,,,,,,21:32
3520260603020003,hiratsuka,2026-06-04,3,,,,,,2,伊藤 翼,神奈川,40,94,A3,両,3.92,69.54,,0,29.1,33.3,33.3,6,1,,,,,,21:32
3520260603020003,hiratsuka,2026-06-04,3,,,,,,3,服部 竜二  愛,知,54,76,A3,追,3.92,69.16,,0,11.1,11.1,27.7,0,0,,,,,,21:32
3520260603020003,hiratsuka,2026-06-04,3,,,,,,4,瀧本 匡平  愛,知,41,97,A3,両,3.92,69.03,,0,26.9,38.4,46.1,1,8,,,,,,21:32
3520260603020003,hiratsuka,2026-06-04,3,,,,,,5,牧田 賢也  福,島,29,111,A3,逃,3.92,65.41,,0,8.3,8.3,8.3,0,1,,,,,,21:32
3520260603020003,hiratsuka,2026-06-04,3,,,,,,6,中村 敏之輔,北海道,40,91,A3,追,3.93,62.85,,0,0.0,0.0,0.0,0,0,,,,,,21:32
3520260603020003,hiratsuka,2026-06-04,3,,,,,,7,吉竹 雄城  千,葉,36,99,A3,追,3.92,61.52,,0,0.0,0.0,0.0,0,0,,,,,,21:32
3520260603020004,hiratsuka,2026-06-04,4,,,,,,1,鈴木 広人,神奈川,42,99,A3,両,3.93,71.33,,0,32.1,50.0,53.5,1,8,,,,,,21:56
3520260603020004,hiratsuka,2026-06-04,4,,,,,,2,小林 宏年  静,岡,60,55,A3,追,3.92,69.33,,0,10.0,10.0,40.0,0,1,,,,,,21:56
3520260603020004,hiratsuka,2026-06-04,4,,,,,,3,南 蓮,和歌山,27,115,A3,追,3.93,69.11,,0,5.5,11.1,27.7,0,0,,,,,,21:56
3520260603020004,hiratsuka,2026-06-04,4,,,,,,4,杉浦 康一,北海道,61,58,A3,追,3.92,68.79,,0,16.6,25.0,45.8,0,0,,,,,,21:56
3520260603020004,hiratsuka,2026-06-04,4,,,,,,5,三浦 綾  宮,城,34,105,A3,逃,3.92,68.33,,0,11.1,22.2,27.7,1,2,,,,,,21:56
3520260603020004,hiratsuka,2026-06-04,4,,,,,,6,川西 亮介,和歌山,49,86,A3,追,3.85,68.25,,0,4.1,8.3,33.3,0,0,,,,,,21:56
3520260603020004,hiratsuka,2026-06-04,4,,,,,,7,煤賀 隆幸  秋,田,51,75,A3,追,3.92,67.83,,0,5.5,11.1,33.3,0,0,,,,,,21:56
3520260603020005,hiratsuka,2026-06-04,5,,,,,,1,辻田 祥大  三,重,23,127,A3,逃,3.93,76.11,,0,44.4,66.6,77.7,4,2,,,,,,22:22
3520260603020005,hiratsuka,2026-06-04,5,,,,,,2,武田 和也  奈,良,38,92,A3,両,3.92,72.38,,0,14.2,47.6,57.1,4,0,,,,,,22:22
3520260603020005,hiratsuka,2026-06-04,5,,,,,,3,亀井 道佳  宮,城,48,83,A3,追,3.92,71.83,,0,4.1,16.6,41.6,0,0,,,,,,22:22
3520260603020005,hiratsuka,2026-06-04,5,,,,,,4,小泉 俊也  静,岡,50,77,A3,両,3.93,70.57,,0,19.2,46.1,61.5,7,3,,,,,,22:22
3520260603020005,hiratsuka,2026-06-04,5,,,,,,5,堀内 昇  茨,城,38,95,A3,両,3.93,70.42,,0,14.2,28.5,47.6,3,0,,,,,,22:22
3520260603020005,hiratsuka,2026-06-04,5,,,,,,6,水野 悟志  静,岡,42,94,A3,追,3.92,68.71,,0,4.7,19.0,33.3,0,0,,,,,,22:22
3520260603020005,hiratsuka,2026-06-04,5,,,,,,7,高森 圭介  栃,木,49,83,A3,追,3.92,67.36,,0,16.0,20.0,24.0,0,0,,,,,,22:22
3520260603020006,hiratsuka,2026-06-04,6,,,,,,1,楠野 史尭  埼,玉,37,105,A3,両,3.92,78.83,,0,54.1,87.5,100.0,8,1,,,,,,22:49
3520260603020006,hiratsuka,2026-06-04,6,,,,,,2,大澤 裕之  埼,玉,53,71,A3,追,3.92,74.14,,0,0.0,42.8,61.9,0,0,,,,,,22:49
3520260603020006,hiratsuka,2026-06-04,6,,,,,,3,福森 慎太郎  千,葉,49,84,A3,逃,3.92,72.72,,0,27.2,45.4,63.6,6,3,,,,,,22:49
3520260603020006,hiratsuka,2026-06-04,6,,,,,,4,斎藤 敦  大,阪,39,103,A3,逃,3.92,71.92,,0,23.0,38.4,53.8,4,0,,,,,,22:49
3520260603020006,hiratsuka,2026-06-04,6,,,,,,5,志村 正洋,神奈川,51,77,A3,追,3.85,70.56,,0,7.6,26.9,46.1,0,0,,,,,,22:49
3520260603020006,hiratsuka,2026-06-04,6,,,,,,6,元砂 海人  奈,良,36,113,A3,両,3.92,69.2,,0,13.3,26.6,33.3,0,0,,,,,,22:49
3520260603020006,hiratsuka,2026-06-04,6,,,,,,7,高橋 由記  群,馬,46,88,A3,追,3.92,68.12,,0,8.3,16.6,29.1,0,0,,,,,,22:49
3520260603020007,hiratsuka,2026-06-04,7,,,,,,1,水澤 秀哉  千,葉,22,127,A3,逃,3.92,78.8,,0,76.1,85.7,95.2,15,3,,,,,,23:16
3520260603020007,hiratsuka,2026-06-04,7,,,,,,2,堀 勝政  群,馬,48,83,A3,追,3.92,73.59,,0,14.2,33.3,52.3,0,0,,,,,,23:16
3520260603020007,hiratsuka,2026-06-04,7,,,,,,3,五輪 拓巳  東,京,27,127,A3,逃,3.92,72.75,,0,33.3,33.3,50.0,3,1,,,,,,23:16
3520260603020007,hiratsuka,2026-06-04,7,,,,,,4,佐藤 純嘉  青,森,43,94,A3,追,3.85,71.22,,0,0.0,22.2,33.3,0,0,,,,,,23:16
3520260603020007,hiratsuka,2026-06-04,7,,,,,,5,高木 隆弘,神奈川,57,64,A3,追,3.92,70.3,,0,0.0,7.6,38.4,0,0,,,,,,23:16
3520260603020007,hiratsuka,2026-06-04,7,,,,,,6,富澤 洋祐  静,岡,50,81,A3,追,3.92,68.94,,0,5.8,11.7,29.4,0,0,,,,,,23:16
3520260603020007,hiratsuka,2026-06-04,7,,,,,,7,岡田 大門  愛,知,44,87,A3,両,3.85,67.78,,0,10.5,21.0,31.5,1,2,,,,,,23:16
4320260604010001,gifu,2026-06-04,1,○2 ×3 注1 △4 ◎5 ▲7,,,,,1,金田 舞夏  福,岡,23,124,L1,両,3.77,47.91,注,2,4.1,12.5,29.1,0,2,,,,,,08:25
4320260604010001,gifu,2026-06-04,1,○2 ×3 注1 △4 ◎5 ▲7,,,,,2,元砂 七夕美  奈,良,30,108,L1,両,3.79,53.83,○,5,0.0,50.0,66.6,0,0,,,,,,08:25
4320260604010001,gifu,2026-06-04,1,○2 ×3 注1 △4 ◎5 ▲7,,,,,3,伊澤 茉那  千,葉,29,126,L1,両,3.77,51.3,×,1,4.7,33.3,47.6,2,1,,,,,,08:25
4320260604010001,gifu,2026-06-04,1,○2 ×3 注1 △4 ◎5 ▲7,,,,,4,濱田 芽生  福,井,23,126,L1,両,3.77,45.0,,0,0.0,3.8,7.6,0,0,,,,,,08:25
4320260604010001,gifu,2026-06-04,1,○2 ×3 注1 △4 ◎5 ▲7,,,,,5,渡口 まりあ  山,口,31,114,L1,両,3.77,50.25,△,4,0.0,25.0,41.6,1,1,,,,,,08:25
4320260604010001,gifu,2026-06-04,1,○2 ×3 注1 △4 ◎5 ▲7,,,,,6,高崎 千賀,神奈川,32,128,L1,両,3.77,47.06,▲,3,0.0,6.6,26.6,0,0,,,,,,08:25
4320260604010001,gifu,2026-06-04,1,○2 ×3 注1 △4 ◎5 ▲7,,,,,7,藤田 まりあ  埼,玉,26,116,L1,両,3.77,54.66,◎,6,50.0,61.1,77.7,0,3,,,,,,08:25
4320260604010002,gifu,2026-06-04,2,△5 ○6 ×4 ◎1 注2 ▲3,,,,,1,坂口 楓華  愛,知,28,112,L1,両,3.79,56.26,◎,6,53.3,73.3,86.6,4,5,,,,,,08:45
4320260604010002,gifu,2026-06-04,2,△5 ○6 ×4 ◎1 注2 ▲3,,,,,2,渡辺 ゆかり  山,梨,45,102,L1,追,3.71,44.65,,0,0.0,0.0,4.3,0,0,,,,,,08:45
4320260604010002,gifu,2026-06-04,2,△5 ○6 ×4 ◎1 注2 ▲3,,,,,3,佐々木 綾  東,京,26,116,L1,両,3.79,48.88,注,2,3.7,18.5,33.3,0,1,,,,,,08:45
4320260604010002,gifu,2026-06-04,2,△5 ○6 ×4 ◎1 注2 ▲3,,,,,4,安東 莉奈  大,分,25,122,L1,追,3.71,52.33,×,1,4.7,42.8,61.9,1,1,,,,,,08:45
4320260604010002,gifu,2026-06-04,2,△5 ○6 ×4 ◎1 注2 ▲3,,,,,5,橋本 佳耶  熊,本,30,114,L1,両,3.79,49.84,△,4,5.2,26.3,52.6,1,0,,,,,,08:45
4320260604010002,gifu,2026-06-04,2,△5 ○6 ×4 ◎1 注2 ▲3,,,,,6,又多 風緑  石,川,24,122,L1,両,3.77,52.33,○,5,8.3,29.1,58.3,2,2,,,,,,08:45
4320260604010002,gifu,2026-06-04,2,△5 ○6 ×4 ◎1 注2 ▲3,,,,,7,萩原 瑞生  群,馬,30,122,L1,追,3.77,46.64,▲,3,0.0,0.0,11.7,0,0,,,,,,08:45
4320260604010003,gifu,2026-06-04,3,○4 ×1 ◎6 △2 ▲5 注3,,,,,1,南 大輔  京,都,51,76,A3,追,3.92,71.22,×,1,0.0,26.3,52.6,0,0,,,,,,09:06
4320260604010003,gifu,2026-06-04,3,○4 ×1 ◎6 △2 ▲5 注3,,,,,2,菱沼 元樹  埼,玉,31,111,A3,逃,3.85,73.37,◎,6,22.2,40.7,55.5,9,2,,,,,,09:06
4320260604010003,gifu,2026-06-04,3,○4 ×1 ◎6 △2 ▲5 注3,,,,,3,江本 博明  千,葉,45,90,A3,追,3.92,67.27,▲,3,0.0,9.0,36.3,0,0,,,,,,09:06
4320260604010003,gifu,2026-06-04,3,○4 ×1 ◎6 △2 ▲5 注3,,,,,4,井坂 泰誓  大,阪,31,115,A3,両,3.92,72.11,○,5,33.3,44.4,51.8,5,6,,,,,,09:06
4320260604010003,gifu,2026-06-04,3,○4 ×1 ◎6 △2 ▲5 注3,,,,,5,小林 高志  東,京,52,79,A3,追,3.92,67.72,△,4,0.0,9.0,27.2,0,0,,,,,,09:06
4320260604010003,gifu,2026-06-04,3,○4 ×1 ◎6 △2 ▲5 注3,,,,,6,鈴木 裕斗  宮,城,35,99,A3,両,3.92,66.16,,0,16.6,16.6,16.6,0,0,,,,,,09:06
4320260604010003,gifu,2026-06-04,3,○4 ×1 ◎6 △2 ▲5 注3,,,,,7,松本 琢也  兵,庫,42,95,A3,両,3.92,68.7,注,2,18.1,27.2,36.3,0,1,,,,,,09:06
4320260604010004,gifu,2026-06-04,4,×1 △7 ◎5 ○2 ▲4 注3,,,,,1,大澤 哉太,北海道,38,95,A3,両,3.92,72.61,×,1,9.5,38.0,52.3,1,0,,,,,,09:27
4320260604010004,gifu,2026-06-04,4,×1 △7 ◎5 ○2 ▲4 注3,,,,,2,村本 慎吾  静,岡,44,94,A3,追,3.92,73.62,○,5,7.4,25.9,55.5,0,0,,,,,,09:27
4320260604010004,gifu,2026-06-04,4,×1 △7 ◎5 ○2 ▲4 注3,,,,,3,樋口 有樹郎  兵,庫,37,98,A3,両,3.93,66.82,注,2,7.1,25.0,32.1,1,0,,,,,,09:27
4320260604010004,gifu,2026-06-04,4,×1 △7 ◎5 ○2 ▲4 注3,,,,,4,遠澤 健二,神奈川,61,57,A3,追,3.92,68.0,▲,3,0.0,25.0,25.0,0,0,,,,,,09:27
4320260604010004,gifu,2026-06-04,4,×1 △7 ◎5 ○2 ▲4 注3,,,,,5,織茂 雄一郎  山,梨,28,125,A3,両,3.92,74.25,◎,6,18.1,36.3,54.5,2,3,,,,,,09:27
4320260604010004,gifu,2026-06-04,4,×1 △7 ◎5 ○2 ▲4 注3,,,,,6,平川 公一  大,阪,48,86,A3,両,3.86,65.88,,0,0.0,14.8,18.5,0,1,,,,,,09:27
4320260604010004,gifu,2026-06-04,4,×1 △7 ◎5 ○2 ▲4 注3,,,,,7,相澤 恵一  宮,城,39,95,A3,追,3.92,69.9,△,4,0.0,9.0,27.2,0,0,,,,,,09:27
4320260604010005,gifu,2026-06-04,5,△4 ×3 ▲1 ◎7 ○5 注2,,,,,1,吉澤 賢  千,葉,47,94,A3,追,3.92,67.37,▲,3,0.0,12.0,24.0,0,0,,,,,,09:48
4320260604010005,gifu,2026-06-04,5,△4 ×3 ▲1 ◎7 ○5 注2,,,,,2,高野 輝彰  愛,知,50,83,A3,追,3.86,66.79,注,2,4.1,8.3,25.0,0,0,,,,,,09:48
4320260604010005,gifu,2026-06-04,5,△4 ×3 ▲1 ◎7 ○5 注2,,,,,3,法月 成祐,神奈川,52,77,A3,追,3.92,72.54,×,1,8.3,33.3,50.0,0,0,,,,,,09:48
4320260604010005,gifu,2026-06-04,5,△4 ×3 ▲1 ◎7 ○5 注2,,,,,4,小林 寛弥  静,岡,38,101,A3,逃,3.85,68.41,△,4,12.5,29.1,37.5,5,1,,,,,,09:48
4320260604010005,gifu,2026-06-04,5,△4 ×3 ▲1 ◎7 ○5 注2,,,,,5,薮 謙治  京,都,48,83,A3,追,3.92,73.66,○,5,15.7,42.1,63.1,0,0,,,,,,09:48
4320260604010005,gifu,2026-06-04,5,△4 ×3 ▲1 ◎7 ○5 注2,,,,,6,中山 善仁  新,潟,52,73,A3,追,3.85,64.75,,0,0.0,4.1,8.3,0,0,,,,,,09:48
4320260604010005,gifu,2026-06-04,5,△4 ×3 ▲1 ◎7 ○5 注2,,,,,7,土生 智徳  大,阪,29,127,A3,逃,3.92,76.86,◎,6,50.0,73.3,80.0,11,10,,,,,,09:48
4320260604010006,gifu,2026-06-04,6,◎4 ○1 ▲7 ×6 △2 注5,,,,,1,齋藤 昌弘  群,馬,44,90,A3,追,3.85,72.06,○,5,0.0,31.2,56.2,0,0,,,,,,10:09
4320260604010006,gifu,2026-06-04,6,◎4 ○1 ▲7 ×6 △2 注5,,,,,2,磯村 蓮太  愛,知,29,115,A3,逃,3.93,68.85,×,1,4.7,19.0,28.5,1,1,,,,,,10:09
4320260604010006,gifu,2026-06-04,6,◎4 ○1 ▲7 ×6 △2 注5,,,,,3,永橋 武司  大,阪,43,90,A3,両,3.93,69.06,注,2,12.5,25.0,43.7,0,2,,,,,,10:09
4320260604010006,gifu,2026-06-04,6,◎4 ○1 ▲7 ×6 △2 注5,,,,,4,秋山 太洋  東,京,25,127,A3,逃,3.92,78.16,◎,6,58.3,70.8,87.5,6,10,,,,,,10:09
4320260604010006,gifu,2026-06-04,6,◎4 ○1 ▲7 ×6 △2 注5,,,,,5,花村 直人  三,重,56,71,A3,両,3.92,67.03,△,4,0.0,7.4,29.6,0,0,,,,,,10:09
4320260604010006,gifu,2026-06-04,6,◎4 ○1 ▲7 ×6 △2 注5,,,,,6,柳澤 達也  兵,庫,54,72,A3,追,3.92,66.3,,0,0.0,4.3,21.7,0,0,,,,,,10:09
4320260604010006,gifu,2026-06-04,6,◎4 ○1 ▲7 ×6 △2 注5,,,,,7,今村 俊雄  山,梨,46,99,A3,追,3.92,66.81,▲,3,9.0,9.0,18.1,0,0,,,,,,10:09
4320260604010007,gifu,2026-06-04,7,◎1 ○5 注3 ×4 △2 ▲7,,,,,1,真木 寛斗  愛,知,23,127,A3,逃,3.92,78.7,◎,6,62.9,81.4,96.2,18,3,,,,,,10:30
4320260604010007,gifu,2026-06-04,7,◎1 ○5 注3 ×4 △2 ▲7,,,,,2,村上 順規  新,潟,49,80,A3,追,3.85,67.0,△,4,4.1,12.5,25.0,0,1,,,,,,10:30
4320260604010007,gifu,2026-06-04,7,◎1 ○5 注3 ×4 △2 ▲7,,,,,3,伊藤 嘉浩  岐,阜,49,79,A3,両,3.92,67.56,注,2,8.3,12.5,33.3,1,0,,,,,,10:30
4320260604010007,gifu,2026-06-04,7,◎1 ○5 注3 ×4 △2 ▲7,,,,,4,浦山 一栄  東,京,54,72,A3,両,3.93,68.48,×,1,14.8,25.9,33.3,4,1,,,,,,10:30
4320260604010007,gifu,2026-06-04,7,◎1 ○5 注3 ×4 △2 ▲7,,,,,5,塚本 貴雄  岐,阜,55,70,A3,追,3.92,71.9,○,5,8.6,30.4,56.5,0,0,,,,,,10:30
4320260604010007,gifu,2026-06-04,7,◎1 ○5 注3 ×4 △2 ▲7,,,,,6,齋藤 明,北海道,59,61,A3,追,3.92,63.0,,0,0.0,0.0,5.5,0,0,,,,,,10:30
4320260604010007,gifu,2026-06-04,7,◎1 ○5 注3 ×4 △2 ▲7,,,,,7,黒瀬 浩一  静,岡,60,57,A3,追,3.92,65.12,▲,3,0.0,12.5,12.5,0,0,,,,,,10:30
4520260603020001,toyohashi,2026-06-04,1,,,,,,1,遠藤 勝行  静,岡,51,73,A2,追,3.92,85.04,,0,9.5,23.8,33.3,0,0,,,,,,20:52
4520260603020001,toyohashi,2026-06-04,1,,,,,,2,太田 将成  宮,城,30,113,A2,逃,3.92,83.9,,0,19.0,28.5,47.6,0,4,,,,,,20:52
4520260603020001,toyohashi,2026-06-04,1,,,,,,3,中曽 直彦  千,葉,53,74,A1,追,3.92,82.71,,0,4.7,9.5,28.5,0,0,,,,,,20:52
4520260603020001,toyohashi,2026-06-04,1,,,,,,4,神山 尚  栃,木,35,109,A1,両,3.92,82.0,,0,10.0,20.0,35.0,1,0,,,,,,20:52
4520260603020001,toyohashi,2026-06-04,1,,,,,,5,山本 恵太郎  東,京,52,71,A2,追,3.92,80.88,,0,4.0,8.0,20.0,0,0,,,,,,20:52
4520260603020001,toyohashi,2026-06-04,1,,,,,,6,阿久津 浩之  東,京,42,94,A1,逃,3.92,80.8,,0,3.2,12.9,22.5,3,1,,,,,,20:52
4520260603020001,toyohashi,2026-06-04,1,,,,,,7,石貞 有基  兵,庫,40,100,A2,両,3.92,79.71,,0,4.7,4.7,19.0,0,0,,,,,,20:52
4520260603020002,toyohashi,2026-06-04,2,,,,,,1,梅山 英樹  群,馬,54,72,A2,追,3.92,86.52,,0,4.7,38.0,52.3,0,0,,,,,,21:16
4520260603020002,toyohashi,2026-06-04,2,,,,,,2,戸邉 捺希  埼,玉,27,117,A1,逃,3.85,83.06,,0,6.6,20.0,40.0,2,1,,,,,,21:16
4520260603020002,toyohashi,2026-06-04,2,,,,,,3,鮒田 博文  三,重,48,79,A2,追,3.93,80.53,,0,0.0,13.3,26.6,0,0,,,,,,21:16
4520260603020002,toyohashi,2026-06-04,2,,,,,,4,岩崎 大和  茨,城,42,94,A2,追,3.92,80.45,,0,0.0,4.1,12.5,0,0,,,,,,21:16
4520260603020002,toyohashi,2026-06-04,2,,,,,,5,佐々木 孝司  青,森,47,84,A2,逃,3.92,80.43,,0,0.0,4.1,25.0,1,0,,,,,,21:16
4520260603020002,toyohashi,2026-06-04,2,,,,,,6,長谷川 裕一  愛,知,40,121,A2,逃,3.93,78.44,,0,5.5,16.6,22.2,2,1,,,,,,21:16
4520260603020002,toyohashi,2026-06-04,2,,,,,,7,齊藤 紳一朗  青,森,48,82,A2,追,3.79,76.16,,0,0.0,0.0,0.0,0,0,,,,,,21:16
4520260603020003,toyohashi,2026-06-04,3,,,,,,1,坂本 将太郎  栃,木,33,101,A1,追,3.92,84.83,,0,16.6,37.5,45.8,0,0,,,,,,21:40
4520260603020003,toyohashi,2026-06-04,3,,,,,,2,野崎 翼  岐,阜,28,121,A1,両,3.92,84.15,,0,15.7,31.5,36.8,4,1,,,,,,21:40
4520260603020003,toyohashi,2026-06-04,3,,,,,,3,伊早坂 駿一  茨,城,31,105,A2,逃,3.92,82.65,,0,24.1,31.0,34.4,5,4,,,,,,21:40
4520260603020003,toyohashi,2026-06-04,3,,,,,,4,本村 隆文  岐,阜,47,81,A2,追,3.92,82.45,,0,4.1,25.0,45.8,0,0,,,,,,21:40
4520260603020003,toyohashi,2026-06-04,3,,,,,,5,佐野 恭太  静,岡,46,94,A2,両,3.92,82.44,,0,4.0,16.0,36.0,0,1,,,,,,21:40
4520260603020003,toyohashi,2026-06-04,3,,,,,,6,藤井 孝則  兵,庫,48,82,A2,追,3.92,81.58,,0,0.0,4.1,25.0,0,0,,,,,,21:40
4520260603020003,toyohashi,2026-06-04,3,,,,,,7,伊藤 大理  長,野,49,85,A2,追,3.92,81.5,,0,0.0,16.6,33.3,0,0,,,,,,21:40
4520260603020004,toyohashi,2026-06-04,4,,,,,,1,土田 武志  茨,城,27,115,A1,逃,3.92,87.42,,0,19.0,42.8,47.6,5,1,,,,,,22:04
4520260603020004,toyohashi,2026-06-04,4,,,,,,2,小佐野 文秀  山,梨,50,83,A1,追,3.93,85.85,,0,14.2,14.2,33.3,0,0,,,,,,22:04
4520260603020004,toyohashi,2026-06-04,4,,,,,,3,堂村 知哉  福,井,43,88,A2,追,3.92,84.83,,0,16.6,22.2,38.8,0,0,,,,,,22:04
4520260603020004,toyohashi,2026-06-04,4,,,,,,4,奥谷 広巳  兵,庫,49,78,A1,追,3.92,83.76,,0,4.7,19.0,23.8,0,0,,,,,,22:04
4520260603020004,toyohashi,2026-06-04,4,,,,,,5,根藤 浩二  千,葉,39,95,A2,両,3.93,83.21,,0,17.3,30.4,39.1,2,2,,,,,,22:04
4520260603020004,toyohashi,2026-06-04,4,,,,,,6,梅原 大治  静,岡,49,81,A2,追,3.85,82.66,,0,5.5,5.5,27.7,0,0,,,,,,22:04
4520260603020004,toyohashi,2026-06-04,4,,,,,,7,藤井 稜也  岐,阜,30,115,A2,両,3.92,82.65,,0,8.6,30.4,34.7,0,1,,,,,,22:04
4520260603020005,toyohashi,2026-06-04,5,,,,,,1,小菅 誠,神奈川,46,90,A1,追,3.93,93.71,,0,38.0,57.1,71.4,0,0,,,,,,22:31
4520260603020005,toyohashi,2026-06-04,5,,,,,,2,一守 大葵  兵,庫,21,127,A2,逃,3.92,92.21,,0,42.1,68.4,68.4,11,2,,,,,,22:31
4520260603020005,toyohashi,2026-06-04,5,,,,,,3,岡部 芳幸  福,島,55,66,A1,追,3.92,89.33,,0,6.6,20.0,33.3,0,0,,,,,,22:31
4520260603020005,toyohashi,2026-06-04,5,,,,,,4,水谷 将司  愛,知,38,105,A2,追,3.92,88.5,,0,20.8,45.8,50.0,0,1,,,,,,22:31
4520260603020005,toyohashi,2026-06-04,5,,,,,,5,松坂 侑亮,神奈川,28,115,A1,逃,3.92,88.2,,0,25.0,41.6,54.1,5,5,,,,,,22:31
4520260603020005,toyohashi,2026-06-04,5,,,,,,6,大畑 裕貴  埼,玉,41,92,A2,両,3.92,85.09,,0,9.5,19.0,42.8,3,1,,,,,,22:31
4520260603020005,toyohashi,2026-06-04,5,,,,,,7,佐々木 祐太  岩,手,26,123,A1,逃,3.92,84.91,,0,12.5,33.3,45.8,4,3,,,,,,22:31
4520260603020006,toyohashi,2026-06-04,6,,,,,,1,栗本 尚宗  千,葉,32,113,A1,両,3.92,92.71,,0,28.5,47.6,66.6,5,4,,,,,,22:58
4520260603020006,toyohashi,2026-06-04,6,,,,,,2,坂上 樹大  石,川,48,80,A1,追,3.92,90.23,,0,38.0,52.3,57.1,0,1,,,,,,22:58
4520260603020006,toyohashi,2026-06-04,6,,,,,,3,佐々木 亮太  青,森,21,125,A1,逃,3.92,89.0,,0,16.6,25.0,41.6,3,3,,,,,,22:58
4520260603020006,toyohashi,2026-06-04,6,,,,,,4,高橋 秀吉  秋,田,43,88,A1,追,3.92,87.72,,0,22.2,33.3,50.0,0,1,,,,,,22:58
4520260603020006,toyohashi,2026-06-04,6,,,,,,5,小谷田 公則  福,島,45,88,A2,追,3.86,87.52,,0,9.5,28.5,52.3,0,1,,,,,,22:58
4520260603020006,toyohashi,2026-06-04,6,,,,,,6,田口 裕一  千,葉,36,100,A1,追,3.92,87.19,,0,9.5,23.8,61.9,0,1,,,,,,22:58
4520260603020006,toyohashi,2026-06-04,6,,,,,,7,弓矢 輪太郎  三,重,22,125,A2,逃,3.92,85.19,,0,4.7,23.8,42.8,1,1,,,,,,22:58
4520260603020007,toyohashi,2026-06-04,7,,,,,,1,下井 竜  三,重,31,117,A1,逃,3.92,93.09,,0,19.0,38.0,76.1,3,3,,,,,,23:25
4520260603020007,toyohashi,2026-06-04,7,,,,,,2,富永 益生  愛,知,55,66,A1,追,3.92,91.66,,0,13.3,33.3,60.0,0,0,,,,,,23:25
4520260603020007,toyohashi,2026-06-04,7,,,,,,3,山本 隼人  大,阪,28,111,A1,追,3.92,86.6,,0,6.6,26.6,33.3,0,0,,,,,,23:25
4520260603020007,toyohashi,2026-06-04,7,,,,,,4,西本 直大  大,阪,43,92,A1,両,3.92,86.04,,0,9.5,33.3,52.3,1,4,,,,,,23:25
4520260603020007,toyohashi,2026-06-04,7,,,,,,5,奥原 亨,神奈川,37,103,A1,追,3.92,85.42,,0,10.5,21.0,42.1,0,0,,,,,,23:25
4520260603020007,toyohashi,2026-06-04,7,,,,,,6,西 徹  石,川,48,79,A2,追,3.92,84.76,,0,4.7,33.3,42.8,0,1,,,,,,23:25
4520260603020007,toyohashi,2026-06-04,7,,,,,,7,吉竹 尚城  静,岡,33,109,A1,逃,3.92,84.65,,0,30.4,39.1,52.1,7,2,,,,,,23:25
6320260603020001,hofu,2026-06-04,1,◎1 ○7 注3 ×2 △5 ▲4,,,,,1,水谷 亮太  愛,知,29,125,A2,逃,3.92,89.12,◎,6,12.5,41.6,66.6,6,3,,,,,,11:06
6320260603020001,hofu,2026-06-04,1,◎1 ○7 注3 ×2 △5 ▲4,,,,,2,長松 大祐  大,分,28,121,A1,逃,3.92,86.0,×,1,8.3,25.0,54.1,3,3,,,,,,11:06
6320260603020001,hofu,2026-06-04,1,◎1 ○7 注3 ×2 △5 ▲4,,,,,3,渡邊 一洋  静,岡,52,72,A2,追,3.92,80.8,注,2,9.0,9.0,22.7,0,0,,,,,,11:06
6320260603020001,hofu,2026-06-04,1,◎1 ○7 注3 ×2 △5 ▲4,,,,,4,門脇 翼  秋,田,32,111,A2,逃,3.92,77.22,▲,3,0.0,11.1,11.1,0,1,,,,,,11:06
6320260603020001,hofu,2026-06-04,1,◎1 ○7 注3 ×2 △5 ▲4,,,,,5,阪本 正和  長,崎,55,70,A2,追,3.92,80.44,△,4,0.0,5.5,22.2,0,0,,,,,,11:06
6320260603020001,hofu,2026-06-04,1,◎1 ○7 注3 ×2 △5 ▲4,,,,,6,小川 辰徳  埼,玉,38,100,A2,両,3.92,77.12,,0,0.0,8.3,8.3,1,0,,,,,,11:06
6320260603020001,hofu,2026-06-04,1,◎1 ○7 注3 ×2 △5 ▲4,,,,,7,坂元 洋行  三,重,46,88,A2,追,3.92,81.71,○,5,4.7,19.0,23.8,0,0,,,,,,11:06
6320260603020002,hofu,2026-06-04,2,◎1 ○4 注2 ×5 △6 ▲7,,,,,1,小田 恭介  青,森,26,125,A2,逃,3.92,87.72,◎,6,27.7,38.8,61.1,6,1,,,,,,11:33
6320260603020002,hofu,2026-06-04,2,◎1 ○4 注2 ×5 △6 ▲7,,,,,2,才迫 勇馬  広,島,37,95,A2,逃,3.93,84.03,注,2,19.2,38.4,46.1,4,3,,,,,,11:33
6320260603020002,hofu,2026-06-04,2,◎1 ○4 注2 ×5 △6 ▲7,,,,,3,山口 幸太郎  長,崎,47,99,A2,両,3.92,80.9,▲,3,4.7,9.5,23.8,1,0,,,,,,11:33
6320260603020002,hofu,2026-06-04,2,◎1 ○4 注2 ×5 △6 ▲7,,,,,4,寺林 正秋  宮,城,41,93,A1,追,3.85,83.55,○,5,0.0,23.8,33.3,0,0,,,,,,11:33
6320260603020002,hofu,2026-06-04,2,◎1 ○4 注2 ×5 △6 ▲7,,,,,5,石坂 永伍  岡,山,39,93,A1,両,3.92,85.5,×,1,8.3,33.3,37.5,0,2,,,,,,11:33
6320260603020002,hofu,2026-06-04,2,◎1 ○4 注2 ×5 △6 ▲7,,,,,6,阿部 弘  高,知,44,99,A2,追,3.85,79.0,,0,0.0,4.0,16.0,1,0,,,,,,11:33
6320260603020002,hofu,2026-06-04,2,◎1 ○4 注2 ×5 △6 ▲7,,,,,7,高橋 優斗  大,分,29,121,A1,逃,3.92,85.0,△,4,22.2,33.3,38.8,1,3,,,,,,11:33
6320260603020003,hofu,2026-06-04,3,○7 ◎2 △5 注1 ×4 ▲6,,,,,1,中田 拓也  広,島,30,127,A2,逃,3.92,89.8,注,2,27.2,40.9,54.5,6,3,,,,,,12:01
6320260603020003,hofu,2026-06-04,3,○7 ◎2 △5 注1 ×4 ▲6,,,,,2,鰐淵 圭佑  群,馬,42,90,A1,追,3.92,91.71,◎,6,19.0,33.3,57.1,0,0,,,,,,12:01
6320260603020003,hofu,2026-06-04,3,○7 ◎2 △5 注1 ×4 ▲6,,,,,3,徳吉 広紀  福,岡,49,84,A2,追,3.92,85.08,,0,8.3,16.6,50.0,0,0,,,,,,12:01
6320260603020003,hofu,2026-06-04,3,○7 ◎2 △5 注1 ×4 ▲6,,,,,4,富 弥昭  山,口,54,76,A1,追,3.92,88.22,×,1,33.3,44.4,55.5,1,1,,,,,,12:01
6320260603020003,hofu,2026-06-04,3,○7 ◎2 △5 注1 ×4 ▲6,,,,,5,小笠原 昭太  青,森,50,76,A1,追,3.92,85.62,△,4,20.8,33.3,41.6,0,0,,,,,,12:01
6320260603020003,hofu,2026-06-04,3,○7 ◎2 △5 注1 ×4 ▲6,,,,,6,阿部 充宏  山,口,42,98,A2,両,3.92,83.66,▲,3,4.1,8.3,25.0,0,0,,,,,,12:01
6320260603020003,hofu,2026-06-04,3,○7 ◎2 △5 注1 ×4 ▲6,,,,,7,長谷川 飛向  東,京,29,121,A1,逃,3.92,88.47,○,5,20.0,50.0,55.0,4,6,,,,,,12:01
6320260603020004,hofu,2026-06-04,4,×4 △1 ◎6 ○2 注7 ▲5,,,,,1,白岩 大助  埼,玉,46,84,A1,追,3.92,90.42,△,4,10.0,25.0,45.0,0,0,,,,,,12:29
6320260603020004,hofu,2026-06-04,4,×4 △1 ◎6 ○2 注7 ▲5,,,,,2,長野 魅切  愛,媛,23,127,A2,逃,3.92,93.36,◎,6,63.6,68.1,86.3,8,7,,,,,,12:29
6320260603020004,hofu,2026-06-04,4,×4 △1 ◎6 ○2 注7 ▲5,,,,,3,竹田 和幸  岐,阜,49,78,A1,追,3.93,86.04,▲,3,9.5,33.3,66.6,0,0,,,,,,12:29
6320260603020004,hofu,2026-06-04,4,×4 △1 ◎6 ○2 注7 ▲5,,,,,4,荒川 仁  千,葉,28,121,A1,逃,3.92,89.7,×,1,20.0,40.0,40.0,3,5,,,,,,12:29
6320260603020004,hofu,2026-06-04,4,×4 △1 ◎6 ○2 注7 ▲5,,,,,5,日浅 保幸  岡,山,48,84,A2,追,3.92,82.9,注,2,5.0,15.0,35.0,0,0,,,,,,12:29
6320260603020004,hofu,2026-06-04,4,×4 △1 ◎6 ○2 注7 ▲5,,,,,6,篠塚 光一  兵,庫,46,90,A2,追,3.93,82.38,,0,11.1,22.2,27.7,0,0,,,,,,12:29
6320260603020004,hofu,2026-06-04,4,×4 △1 ◎6 ○2 注7 ▲5,,,,,7,近藤 修康  岡,山,54,67,A1,追,3.92,90.04,○,5,16.6,45.8,66.6,0,0,,,,,,12:29
6320260603020005,hofu,2026-06-04,5,△1 ×7 ▲4 注2 ◎6 ○5,,,,,1,山下 祐輔  千,葉,24,125,A2,逃,3.92,90.29,△,4,33.3,58.3,70.8,7,6,,,,,,12:57
6320260603020005,hofu,2026-06-04,5,△1 ×7 ▲4 注2 ◎6 ○5,,,,,2,岡田 啓渡  愛,媛,35,100,A1,両,3.92,87.47,注,2,5.2,26.3,42.1,0,0,,,,,,12:57
6320260603020005,hofu,2026-06-04,5,△1 ×7 ▲4 注2 ◎6 ○5,,,,,3,木村 直隆  兵,庫,47,86,A1,追,3.93,94.63,○,5,35.0,60.0,80.0,0,1,,,,,,12:57
6320260603020005,hofu,2026-06-04,5,△1 ×7 ▲4 注2 ◎6 ○5,,,,,4,野上 竜太  岡,山,30,115,A1,逃,3.92,83.57,▲,3,14.2,35.7,42.8,8,2,,,,,,12:57
6320260603020005,hofu,2026-06-04,5,△1 ×7 ▲4 注2 ◎6 ○5,,,,,5,末廣 快理  兵,庫,27,121,A1,逃,3.92,93.81,◎,6,48.1,62.9,85.1,5,12,,,,,,12:57
6320260603020005,hofu,2026-06-04,5,△1 ×7 ▲4 注2 ◎6 ○5,,,,,6,吉岡 篤志  徳,島,47,82,A2,追,3.92,83.25,,0,0.0,5.5,38.8,0,0,,,,,,12:57
6320260603020005,hofu,2026-06-04,5,△1 ×7 ▲4 注2 ◎6 ○5,,,,,7,深瀬 泰我  静,岡,33,119,A1,逃,3.86,86.61,×,1,14.2,42.8,61.9,2,5,,,,,,12:57
6320260603020006,hofu,2026-06-04,6,▲3 ×7 注2 ○1 ◎4 △5,,,,,1,是永 ゆうき  大,分,22,126,L1,追,3.79,49.86,注,2,4.5,9.0,45.4,0,1,,,,,,13:25
6320260603020006,hofu,2026-06-04,6,▲3 ×7 注2 ○1 ◎4 △5,,,,,2,田中 まい  千,葉,36,104,L1,両,3.79,52.08,×,1,8.3,41.6,58.3,2,2,,,,,,13:25
6320260603020006,hofu,2026-06-04,6,▲3 ×7 注2 ○1 ◎4 △5,,,,,3,山本 さくら  愛,知,24,120,L1,両,3.77,48.61,▲,3,9.5,19.0,38.0,2,1,,,,,,13:25
6320260603020006,hofu,2026-06-04,6,▲3 ×7 注2 ○1 ◎4 △5,,,,,4,吉岡 詩織  広,島,31,116,L1,両,3.77,52.9,○,5,15.0,65.0,75.0,5,7,,,,,,13:25
6320260603020006,hofu,2026-06-04,6,▲3 ×7 注2 ○1 ◎4 △5,,,,,5,アンドルーズ 外,国,26,999,L1,両,3.79,0.0,◎,6,0.0,0.0,0.0,0,0,,,,,,13:25
6320260603020006,hofu,2026-06-04,6,▲3 ×7 注2 ○1 ◎4 △5,,,,,6,枝光 美奈  福,岡,28,124,L1,両,3.77,52.06,△,4,3.1,34.3,53.1,0,3,,,,,,13:25
6320260603020006,hofu,2026-06-04,6,▲3 ×7 注2 ○1 ◎4 △5,,,,,7,黒河内 由実  長,野,30,110,L1,追,3.79,48.22,,0,5.5,16.6,22.2,2,1,,,,,,13:25
6320260603020007,hofu,2026-06-04,7,○7 ×1 注2 △5 ◎3 ▲4,,,,,1,當銘 沙恵美  愛,知,27,118,L1,両,3.79,52.16,×,1,4.0,36.0,60.0,2,1,,,,,,13:53
6320260603020007,hofu,2026-06-04,7,○7 ×1 注2 △5 ◎3 ▲4,,,,,2,國村 美留莉  山,口,26,118,L1,追,3.77,50.79,注,2,12.5,20.8,45.8,0,1,,,,,,13:53
6320260603020007,hofu,2026-06-04,7,○7 ×1 注2 △5 ◎3 ▲4,,,,,3,グロ 外,国,27,999,L1,両,3.79,0.0,◎,6,0.0,0.0,0.0,0,0,,,,,,13:53
6320260603020007,hofu,2026-06-04,7,○7 ×1 注2 △5 ◎3 ▲4,,,,,4,石田 春海  大,阪,27,128,L1,両,3.77,48.58,▲,3,8.3,25.0,29.1,2,0,,,,,,13:53
6320260603020007,hofu,2026-06-04,7,○7 ×1 注2 △5 ◎3 ▲4,,,,,5,北津留 千羽  福,岡,20,128,L1,両,3.79,49.56,△,4,4.3,17.3,34.7,0,0,,,,,,13:53
6320260603020007,hofu,2026-06-04,7,○7 ×1 注2 △5 ◎3 ▲4,,,,,6,橋本 のこ  愛,知,21,128,L1,両,3.77,46.26,,0,0.0,0.0,7.6,0,0,,,,,,13:53
6320260603020007,hofu,2026-06-04,7,○7 ×1 注2 △5 ◎3 ▲4,,,,,7,久米 詩  静,岡,26,116,L1,両,3.79,56.4,○,5,66.6,76.1,80.9,7,4,,,,,,13:53
6320260603020008,hofu,2026-06-04,8,×7 ▲1 注2 ○5 ◎3 △4,,,,,1,三宅 裕武  三,重,44,88,S2,追,3.92,98.92,▲,3,3.5,14.2,32.1,0,0,,,,,,14:22
6320260603020008,hofu,2026-06-04,8,×7 ▲1 注2 ○5 ◎3 △4,,,,,2,藤岡 隆治  徳,島,50,98,S2,追,3.92,98.1,注,2,13.7,24.1,37.9,0,0,,,,,,14:22
6320260603020008,hofu,2026-06-04,8,×7 ▲1 注2 ○5 ◎3 △4,,,,,3,梅崎 隆介  長,崎,36,121,S2,両,3.92,98.95,◎,6,8.6,21.7,39.1,1,3,,,,,,14:22
6320260603020008,hofu,2026-06-04,8,×7 ▲1 注2 ○5 ◎3 △4,,,,,4,池田 憲昭  香,川,44,90,S2,追,3.92,95.03,△,4,3.0,12.1,15.1,0,0,,,,,,14:22
6320260603020008,hofu,2026-06-04,8,×7 ▲1 注2 ○5 ◎3 △4,,,,,5,谷口 力也  熊,本,28,119,S2,逃,3.92,94.65,○,5,11.5,23.0,26.9,3,2,,,,,,14:22
6320260603020008,hofu,2026-06-04,8,×7 ▲1 注2 ○5 ◎3 △4,,,,,6,鈴木 涼介  福,島,28,115,S2,逃,3.92,93.42,,0,3.8,3.8,23.0,0,1,,,,,,14:22
6320260603020008,hofu,2026-06-04,8,×7 ▲1 注2 ○5 ◎3 △4,,,,,7,土生 敦弘  大,阪,27,117,S2,逃,3.92,95.82,×,1,13.0,21.7,21.7,0,4,,,,,,14:22
6320260603020009,hofu,2026-06-04,9,×2 ▲6 注1 △4 ◎7 ○3,,,,,1,椎木尾 拓哉,和歌山,40,93,S1,追,3.92,106.5,注,2,12.5,20.8,45.8,0,0,,,,,,14:52
6320260603020009,hofu,2026-06-04,9,×2 ▲6 注1 △4 ◎7 ○3,,,,,2,新田 祐大  福,島,40,90,S1,両,3.92,112.95,×,1,10.0,20.0,55.0,0,3,,,,,,14:52
6320260603020009,hofu,2026-06-04,9,×2 ▲6 注1 △4 ◎7 ○3,,,,,3,トゥルーマン 外,国,29,999,S2,両,3.93,0.0,◎,6,0.0,0.0,0.0,0,0,,,,,,14:52
6320260603020009,hofu,2026-06-04,9,×2 ▲6 注1 △4 ◎7 ○3,,,,,4,角 宗哉  山,口,26,125,S2,逃,3.93,102.13,,0,26.0,47.8,60.8,4,7,,,,,,14:52
6320260603020009,hofu,2026-06-04,9,×2 ▲6 注1 △4 ◎7 ○3,,,,,5,東 龍之介,神奈川,36,96,S2,追,3.92,104.68,○,5,20.0,44.0,56.0,0,0,,,,,,14:52
6320260603020009,hofu,2026-06-04,9,×2 ▲6 注1 △4 ◎7 ○3,,,,,6,橋本 智昭  宮,城,43,99,S2,逃,3.92,99.68,▲,3,20.0,35.0,45.0,3,4,,,,,,14:52
6320260603020009,hofu,2026-06-04,9,×2 ▲6 注1 △4 ◎7 ○3,,,,,7,三宅 達也  岡,山,48,79,S1,追,3.92,104.13,△,4,6.8,24.1,37.9,0,1,,,,,,14:52
6320260603020010,hofu,2026-06-04,10,×1 △4 ▲7 注3 ◎5 ○2,,,,,1,阿部 将大  大,分,29,117,S1,逃,3.93,113.85,×,1,42.8,71.4,78.5,4,5,,,,,,15:23
6320260603020010,hofu,2026-06-04,10,×1 △4 ▲7 注3 ◎5 ○2,,,,,2,佐々木 龍,神奈川,35,109,S1,追,3.92,111.0,○,5,9.5,47.6,52.3,0,0,,,,,,15:23
6320260603020010,hofu,2026-06-04,10,×1 △4 ▲7 注3 ◎5 ○2,,,,,3,大屋 健司  広,島,44,87,S2,追,3.92,102.58,注,2,20.6,31.0,41.3,0,0,,,,,,15:23
6320260603020010,hofu,2026-06-04,10,×1 △4 ▲7 注3 ◎5 ○2,,,,,4,中村 圭志  熊,本,45,86,S1,追,3.93,108.13,△,4,0.0,39.1,56.5,0,0,,,,,,15:23
6320260603020010,hofu,2026-06-04,10,×1 △4 ▲7 注3 ◎5 ○2,,,,,5,ラブレイセン 外,国,29,999,S2,両,3.93,0.0,◎,6,0.0,0.0,0.0,0,0,,,,,,15:23
6320260603020010,hofu,2026-06-04,10,×1 △4 ▲7 注3 ◎5 ○2,,,,,6,長谷部 翔  静,岡,31,109,S2,両,3.92,96.27,,0,4.3,8.6,17.3,0,0,,,,,,15:23
6320260603020010,hofu,2026-06-04,10,×1 △4 ▲7 注3 ◎5 ○2,,,,,7,久保田 泰弘  山,口,31,111,S2,追,3.92,96.4,▲,3,9.0,9.0,9.0,0,0,,,,,,15:23
6320260603020011,hofu,2026-06-04,11,○1 ◎5 注6 ×2 ▲4 △3,,,,,1,町田 太我  広,島,25,117,S1,逃,3.92,112.28,○,5,14.2,47.6,47.6,8,2,,,,,,15:54
6320260603020011,hofu,2026-06-04,11,○1 ◎5 注6 ×2 ▲4 △3,,,,,2,齋木 翔多  静,岡,27,115,S2,逃,3.93,106.59,×,1,22.7,45.4,68.1,2,4,,,,,,15:54
6320260603020011,hofu,2026-06-04,11,○1 ◎5 注6 ×2 ▲4 △3,,,,,3,山口 貴嗣  福,岡,47,82,S2,追,3.92,100.44,,0,12.0,24.0,40.0,0,0,,,,,,15:54
6320260603020011,hofu,2026-06-04,11,○1 ◎5 注6 ×2 ▲4 △3,,,,,4,平尾 一晃  長,崎,29,111,S2,逃,3.93,98.43,▲,3,25.0,41.6,50.0,2,6,,,,,,15:54
6320260603020011,hofu,2026-06-04,11,○1 ◎5 注6 ×2 ▲4 △3,,,,,5,清水 裕友  山,口,31,105,S1,両,3.92,115.35,◎,6,35.0,55.0,70.0,2,5,,,,,,15:54
6320260603020011,hofu,2026-06-04,11,○1 ◎5 注6 ×2 ▲4 △3,,,,,6,山下 一輝  山,口,36,96,S2,追,3.92,96.57,注,2,14.2,21.4,35.7,0,3,,,,,,15:54
6320260603020011,hofu,2026-06-04,11,○1 ◎5 注6 ×2 ▲4 △3,,,,,7,朝倉 智仁  茨,城,26,115,S2,逃,3.92,103.8,△,4,19.0,33.3,52.3,3,4,,,,,,15:54
8320260604010001,kurume,2026-06-04,1,◎1 ○5 ▲8 △6 ×2 注9,,,,,1,阿部 英斗  福,岡,22,125,S2,逃,3.92,108.75,◎,6,33.3,62.5,70.8,1,12,,,,,,10:53
8320260604010001,kurume,2026-06-04,1,◎1 ○5 ▲8 △6 ×2 注9,,,,,2,荻原 尚人  宮,城,42,89,S2,追,3.92,99.79,▲,3,13.7,27.5,37.9,0,0,,,,,,10:53
8320260604010001,kurume,2026-06-04,1,◎1 ○5 ▲8 △6 ×2 注9,,,,,3,大矢 崇弘  東,京,35,107,S2,追,3.93,102.43,×,1,12.5,33.3,41.6,0,0,,,,,,10:53
8320260604010001,kurume,2026-06-04,1,◎1 ○5 ▲8 △6 ×2 注9,,,,,4,竹内 翼  広,島,35,109,S2,逃,3.92,99.28,,0,28.5,33.3,33.3,3,3,,,,,,10:53
8320260604010001,kurume,2026-06-04,1,◎1 ○5 ▲8 △6 ×2 注9,,,,,5,坂本 健太郎  福,岡,45,86,S1,両,3.92,104.82,○,5,13.7,27.5,44.8,0,0,,,,,,10:53
8320260604010001,kurume,2026-06-04,1,◎1 ○5 ▲8 △6 ×2 注9,,,,,6,菅野 航基  宮,城,25,119,S2,逃,3.92,95.16,,0,8.0,20.0,28.0,3,0,,,,,,10:53
8320260604010001,kurume,2026-06-04,1,◎1 ○5 ▲8 △6 ×2 注9,,,,,7,池田 良  広,島,40,91,S2,追,3.92,100.11,注,2,14.8,29.6,44.4,0,0,,,,,,10:53
8320260604010001,kurume,2026-06-04,1,◎1 ○5 ▲8 △6 ×2 注9,,,,,8,桑原 亮  福,岡,41,91,S2,追,3.92,96.0,,0,3.2,16.1,25.8,0,1,,,,,,10:53
8320260604010001,kurume,2026-06-04,1,◎1 ○5 ▲8 △6 ×2 注9,,,,,9,武田 亮  東,京,27,115,S2,逃,3.92,101.0,△,4,15.0,25.0,40.0,4,0,,,,,,10:53
8320260604010002,kurume,2026-06-04,2,◎6 ○1 ×2 ▲5 △8 注3,,,,,1,友定 祐己  岡,山,47,82,S2,追,3.92,103.25,○,5,0.0,30.7,61.5,0,0,,,,,,11:19
8320260604010002,kurume,2026-06-04,2,◎6 ○1 ×2 ▲5 △8 注3,,,,,2,岩谷 拓磨  福,岡,29,115,S1,逃,3.92,106.34,×,1,24.1,31.0,37.9,0,6,,,,,,11:19
8320260604010002,kurume,2026-06-04,2,◎6 ○1 ×2 ▲5 △8 注3,,,,,3,大石 剣士  静,岡,30,109,S2,逃,3.92,106.86,△,4,39.1,56.5,78.2,5,7,,,,,,11:19
8320260604010002,kurume,2026-06-04,2,◎6 ○1 ×2 ▲5 △8 注3,,,,,4,佐川 翔吾  大,阪,42,94,S2,両,3.92,97.64,,0,11.5,11.5,23.0,0,0,,,,,,11:19
8320260604010002,kurume,2026-06-04,2,◎6 ○1 ×2 ▲5 △8 注3,,,,,5,阪本 和也  長,崎,31,115,S2,追,3.92,100.42,▲,3,10.5,31.5,57.8,0,0,,,,,,11:19
8320260604010002,kurume,2026-06-04,2,◎6 ○1 ×2 ▲5 △8 注3,,,,,6,猿樂 楓樹  岡,山,25,127,S2,逃,3.92,95.33,◎,6,86.6,93.3,100.0,13,1,,,,,,11:19
8320260604010002,kurume,2026-06-04,2,◎6 ○1 ×2 ▲5 △8 注3,,,,,7,古賀 勝大,和歌山,35,115,S2,両,3.93,99.37,,0,20.8,37.5,45.8,0,6,,,,,,11:19
8320260604010002,kurume,2026-06-04,2,◎6 ○1 ×2 ▲5 △8 注3,,,,,8,大野 悟郎  大,分,46,83,S2,追,3.83,95.66,,0,0.0,0.0,0.0,0,0,,,,,,11:19
8320260604010002,kurume,2026-06-04,2,◎6 ○1 ×2 ▲5 △8 注3,,,,,9,伏見 俊昭  福,島,50,75,S1,追,3.92,105.81,注,2,13.6,18.1,31.8,0,1,,,,,,11:19
8320260604010003,kurume,2026-06-04,3,注5 ×1 △2 ▲6 ◎8 ○3,,,,,1,畑段 嵐士  京,都,35,105,S2,追,3.92,100.72,×,1,13.7,37.9,55.1,0,2,,,,,,11:47
8320260604010003,kurume,2026-06-04,3,注5 ×1 △2 ▲6 ◎8 ○3,,,,,2,佐藤 壮志  熊,本,22,123,S2,逃,3.92,103.48,△,4,14.8,33.3,51.8,3,4,,,,,,11:47
8320260604010003,kurume,2026-06-04,3,注5 ×1 △2 ▲6 ◎8 ○3,,,,,3,野崎 将史  岡,山,39,109,S2,両,3.92,96.64,▲,3,0.0,0.0,20.0,0,0,,,,,,11:47
8320260604010003,kurume,2026-06-04,3,注5 ×1 △2 ▲6 ◎8 ○3,,,,,4,尾崎 剛  埼,玉,49,79,S2,追,3.92,96.07,,0,7.6,7.6,19.2,0,0,,,,,,11:47
8320260604010003,kurume,2026-06-04,3,注5 ×1 △2 ▲6 ◎8 ○3,,,,,5,原田 翔真,和歌山,25,121,S2,逃,3.92,100.9,注,2,10.0,35.0,50.0,3,0,,,,,,11:47
8320260604010003,kurume,2026-06-04,3,注5 ×1 △2 ▲6 ◎8 ○3,,,,,6,堀川 敬太郎  福,岡,24,123,S2,逃,3.92,93.58,,0,3.4,6.8,20.6,0,0,,,,,,11:47
8320260604010003,kurume,2026-06-04,3,注5 ×1 △2 ▲6 ◎8 ○3,,,,,7,嵯峨 昇喜郎  青,森,27,113,S1,両,3.92,107.68,◎,6,20.8,45.8,45.8,4,6,,,,,,11:47
8320260604010003,kurume,2026-06-04,3,注5 ×1 △2 ▲6 ◎8 ○3,,,,,8,森本 桂太郎  愛,媛,27,121,S2,逃,3.92,94.68,,0,0.0,9.0,22.7,0,1,,,,,,11:47
8320260604010003,kurume,2026-06-04,3,注5 ×1 △2 ▲6 ◎8 ○3,,,,,9,松坂 洋平,神奈川,43,89,S1,両,3.92,106.25,○,5,4.1,25.0,45.8,0,0,,,,,,11:47
8320260604010004,kurume,2026-06-04,4,◎1 ○5 注8 ▲9 △2 ×6,,,,,1,小堀 敢太,北海道,25,125,S2,逃,3.92,107.25,◎,6,41.1,52.9,70.5,6,3,,,,,,12:15
8320260604010004,kurume,2026-06-04,4,◎1 ○5 注8 ▲9 △2 ×6,,,,,2,松岡 孔明  熊,本,44,91,S2,両,3.92,98.25,▲,3,7.1,21.4,39.2,0,0,,,,,,12:15
8320260604010004,kurume,2026-06-04,4,◎1 ○5 注8 ▲9 △2 ×6,,,,,3,山本 伸一  奈,良,43,101,S1,両,3.92,106.08,×,1,16.0,24.0,40.0,0,0,,,,,,12:15
8320260604010004,kurume,2026-06-04,4,◎1 ○5 注8 ▲9 △2 ×6,,,,,4,松岡 健介  兵,庫,48,87,S2,両,3.92,97.71,,0,6.6,13.3,20.0,0,0,,,,,,12:15
8320260604010004,kurume,2026-06-04,4,◎1 ○5 注8 ▲9 △2 ×6,,,,,5,桑名 僚也  埼,玉,28,119,S2,追,3.92,105.95,○,5,22.7,40.9,50.0,0,0,,,,,,12:15
8320260604010004,kurume,2026-06-04,4,◎1 ○5 注8 ▲9 △2 ×6,,,,,6,和田 誠寿  広,島,35,103,S2,追,3.92,93.8,,0,3.8,7.6,15.3,0,1,,,,,,12:15
8320260604010004,kurume,2026-06-04,4,◎1 ○5 注8 ▲9 △2 ×6,,,,,7,岸田 剛  福,井,27,121,S1,逃,3.92,105.32,△,4,32.0,44.0,48.0,4,7,,,,,,12:15
8320260604010004,kurume,2026-06-04,4,◎1 ○5 注8 ▲9 △2 ×6,,,,,8,川口 満宏  東,京,59,58,S2,追,3.92,95.17,,0,0.0,7.1,17.8,0,0,,,,,,12:15
8320260604010004,kurume,2026-06-04,4,◎1 ○5 注8 ▲9 △2 ×6,,,,,9,立部 楓真  佐,賀,27,115,S2,逃,3.92,101.0,注,2,12.0,32.0,32.0,4,3,,,,,,12:15
8320260604010005,kurume,2026-06-04,5,◎1 ○9 ×6 △2 注7 ▲3,,,,,1,東矢 圭吾  熊,本,27,121,S1,逃,3.92,107.86,◎,6,13.6,36.3,50.0,4,4,,,,,,12:43
8320260604010005,kurume,2026-06-04,5,◎1 ○9 ×6 △2 注7 ▲3,,,,,2,菅原 大也,神奈川,35,107,S2,両,3.92,103.44,×,1,25.9,33.3,37.0,6,3,,,,,,12:43
8320260604010005,kurume,2026-06-04,5,◎1 ○9 ×6 △2 注7 ▲3,,,,,3,幸田 望夢  栃,木,26,115,S2,逃,3.92,98.8,注,2,11.5,26.9,38.4,6,1,,,,,,12:43
8320260604010005,kurume,2026-06-04,5,◎1 ○9 ×6 △2 注7 ▲3,,,,,4,今野 有樹  愛,媛,29,115,S2,両,3.92,98.73,,0,3.7,14.8,22.2,0,1,,,,,,12:43
8320260604010005,kurume,2026-06-04,5,◎1 ○9 ×6 △2 注7 ▲3,,,,,5,松永 将  茨,城,45,89,S2,追,3.92,100.93,▲,3,6.6,16.6,40.0,0,0,,,,,,12:43
8320260604010005,kurume,2026-06-04,5,◎1 ○9 ×6 △2 注7 ▲3,,,,,6,那須 久幸  福,岡,53,71,S2,追,3.92,95.58,,0,4.0,8.0,20.0,0,0,,,,,,12:43
8320260604010005,kurume,2026-06-04,5,◎1 ○9 ×6 △2 注7 ▲3,,,,,7,須永 優太  福,島,37,94,S1,追,3.92,105.6,△,4,21.7,39.1,47.8,0,0,,,,,,12:43
8320260604010005,kurume,2026-06-04,5,◎1 ○9 ×6 △2 注7 ▲3,,,,,8,黒田 淳  岡,山,41,97,S2,追,3.92,97.55,,0,7.4,18.5,29.6,0,0,,,,,,12:43
8320260604010005,kurume,2026-06-04,5,◎1 ○9 ×6 △2 注7 ▲3,,,,,9,田中 誠  福,岡,42,89,S2,追,3.92,103.9,○,5,12.5,29.1,54.1,0,0,,,,,,12:43
8320260604010006,kurume,2026-06-04,6,▲1 △5 ×6 注9 ◎2 ○4,,,,,1,島川 将貴  徳,島,31,109,S1,逃,3.92,100.11,▲,3,18.5,29.6,33.3,1,2,,,,,,13:11
8320260604010006,kurume,2026-06-04,6,▲1 △5 ×6 注9 ◎2 ○4,,,,,2,菊地 圭尚,北海道,46,89,S2,追,3.92,103.55,注,2,0.0,33.3,44.4,0,0,,,,,,13:11
8320260604010006,kurume,2026-06-04,6,▲1 △5 ×6 注9 ◎2 ○4,,,,,3,上田 国広  三,重,42,89,S1,追,3.92,110.42,○,5,0.0,33.3,52.3,0,0,,,,,,13:11
8320260604010006,kurume,2026-06-04,6,▲1 △5 ×6 注9 ◎2 ○4,,,,,4,保科 千春  宮,城,34,100,S1,追,3.92,96.22,,0,0.0,10.5,26.3,0,0,,,,,,13:11
8320260604010006,kurume,2026-06-04,6,▲1 △5 ×6 注9 ◎2 ○4,,,,,5,橋本 強  愛,媛,41,89,S1,追,3.92,107.13,△,4,9.0,18.1,45.4,0,0,,,,,,13:11
8320260604010006,kurume,2026-06-04,6,▲1 △5 ×6 注9 ◎2 ○4,,,,,6,小玉 拓真  岡,山,36,98,S2,両,3.92,93.92,,0,0.0,7.6,15.3,0,0,,,,,,13:11
8320260604010006,kurume,2026-06-04,6,▲1 △5 ×6 注9 ◎2 ○4,,,,,7,福永 大智  大,阪,28,113,S1,逃,3.92,107.72,◎,6,22.7,40.9,63.6,0,3,,,,,,13:11
8320260604010006,kurume,2026-06-04,6,▲1 △5 ×6 注9 ◎2 ○4,,,,,8,山口 泰生  岐,阜,44,89,S2,追,3.92,94.66,,0,0.0,0.0,25.0,0,0,,,,,,13:11
8320260604010006,kurume,2026-06-04,6,▲1 △5 ×6 注9 ◎2 ○4,,,,,9,川上 隆義  栃,木,25,125,S2,逃,3.92,103.0,×,1,37.5,43.7,56.2,5,2,,,,,,13:11
8320260604010007,kurume,2026-06-04,7,◎1 ○5 ×2 注7 △3 ▲9,,,,,1,谷口 遼平  三,重,32,103,S1,逃,3.92,108.55,◎,6,40.7,51.8,59.2,4,4,,,,,,13:39
8320260604010007,kurume,2026-06-04,7,◎1 ○5 ×2 注7 △3 ▲9,,,,,2,伊藤 颯馬  沖,縄,27,115,S1,逃,3.92,104.62,×,1,11.1,25.9,51.8,2,4,,,,,,13:39
8320260604010007,kurume,2026-06-04,7,◎1 ○5 ×2 注7 △3 ▲9,,,,,3,佐々木 堅次  福,島,31,113,S2,両,3.92,101.42,△,4,23.8,33.3,33.3,0,3,,,,,,13:39
8320260604010007,kurume,2026-06-04,7,◎1 ○5 ×2 注7 △3 ▲9,,,,,4,平原 啓多  埼,玉,41,97,S2,追,3.92,96.09,,0,0.0,6.0,24.2,0,0,,,,,,13:39
8320260604010007,kurume,2026-06-04,7,◎1 ○5 ×2 注7 △3 ▲9,,,,,5,村田 雅一  兵,庫,41,90,S1,追,3.92,110.86,○,5,17.3,43.4,52.1,0,0,,,,,,13:39
8320260604010007,kurume,2026-06-04,7,◎1 ○5 ×2 注7 △3 ▲9,,,,,6,小池 千啓  栃,木,28,119,S2,逃,3.92,92.17,,0,0.0,3.4,6.8,0,1,,,,,,13:39
8320260604010007,kurume,2026-06-04,7,◎1 ○5 ×2 注7 △3 ▲9,,,,,7,佐々木 翔一  佐,賀,39,93,S2,両,3.92,100.0,注,2,15.0,15.0,30.0,0,0,,,,,,13:39
8320260604010007,kurume,2026-06-04,7,◎1 ○5 ×2 注7 △3 ▲9,,,,,8,城 幸弘  山,梨,40,96,S2,追,3.92,95.07,,0,0.0,7.6,11.5,0,0,,,,,,13:39
8320260604010007,kurume,2026-06-04,7,◎1 ○5 ×2 注7 △3 ▲9,,,,,9,小原 丈一郎  青,森,27,115,S2,両,3.92,101.04,▲,3,26.0,30.4,34.7,0,0,,,,,,13:39
8320260604010008,kurume,2026-06-04,8,◎7 ○1 △4 ×9 注2 ▲3,,,,,1,中本 匠栄  熊,本,39,97,S1,追,3.92,102.37,○,5,11.1,11.1,22.2,0,0,,,,,,14:07
8320260604010008,kurume,2026-06-04,8,◎7 ○1 △4 ×9 注2 ▲3,,,,,2,柏野 智典  岡,山,47,88,S1,追,3.92,109.16,×,1,14.8,25.9,51.8,0,0,,,,,,14:07
8320260604010008,kurume,2026-06-04,8,◎7 ○1 △4 ×9 注2 ▲3,,,,,3,伊東 翔貴  福,島,35,100,S2,逃,3.92,99.74,注,2,18.5,37.0,44.4,1,2,,,,,,14:07
8320260604010008,kurume,2026-06-04,8,◎7 ○1 △4 ×9 注2 ▲3,,,,,4,上吹越 直樹,鹿児島,44,86,S2,両,3.92,97.79,,0,0.0,16.0,36.0,0,1,,,,,,14:07
8320260604010008,kurume,2026-06-04,8,◎7 ○1 △4 ×9 注2 ▲3,,,,,5,芦澤 辰弘  茨,城,37,95,S1,追,3.92,102.13,▲,3,13.0,34.7,60.8,0,0,,,,,,14:07
8320260604010008,kurume,2026-06-04,8,◎7 ○1 △4 ×9 注2 ▲3,,,,,6,南儀 拓海  富,山,27,121,S2,逃,3.92,92.67,,0,3.2,9.6,12.9,2,1,,,,,,14:07
8320260604010008,kurume,2026-06-04,8,◎7 ○1 △4 ×9 注2 ▲3,,,,,7,北津留 翼  福,岡,41,90,S1,逃,3.93,108.13,◎,6,13.3,33.3,40.0,0,1,,,,,,14:07
8320260604010008,kurume,2026-06-04,8,◎7 ○1 △4 ×9 注2 ▲3,,,,,8,舘 泰守  愛,知,50,80,S2,追,3.92,96.51,,0,3.7,18.5,25.9,0,0,,,,,,14:07
8320260604010008,kurume,2026-06-04,8,◎7 ○1 △4 ×9 注2 ▲3,,,,,9,遠藤 拓巳  香,川,26,125,S2,逃,3.92,101.13,△,4,8.6,30.4,39.1,4,3,,,,,,14:07
8320260604010009,kurume,2026-06-04,9,◎9 ○1 ▲5 注8 ×6 △4,,,,,1,吉本 卓仁  福,岡,42,89,S1,両,3.92,103.8,○,5,30.0,40.0,40.0,0,0,,,,,,14:37
8320260604010009,kurume,2026-06-04,9,◎9 ○1 ▲5 注8 ×6 △4,,,,,2,志村 太賀  山,梨,42,90,S2,追,3.92,100.31,注,2,8.6,21.7,39.1,0,0,,,,,,14:37
8320260604010009,kurume,2026-06-04,9,◎9 ○1 ▲5 注8 ×6 △4,,,,,3,藤井 昭吾  滋,賀,40,99,S2,両,3.92,101.92,×,1,7.1,28.5,46.4,2,2,,,,,,14:37
8320260604010009,kurume,2026-06-04,9,◎9 ○1 ▲5 注8 ×6 △4,,,,,4,蒔田 英彦  千,葉,43,93,S2,両,3.92,98.42,▲,3,11.5,30.7,42.3,0,4,,,,,,14:37
8320260604010009,kurume,2026-06-04,9,◎9 ○1 ▲5 注8 ×6 △4,,,,,5,高木 和仁  福,岡,51,76,S2,追,3.92,98.69,,0,3.8,15.3,34.6,0,0,,,,,,14:37
8320260604010009,kurume,2026-06-04,9,◎9 ○1 ▲5 注8 ×6 △4,,,,,6,吉田 智哉  愛,媛,28,111,S2,逃,3.92,94.54,,0,4.5,9.0,22.7,0,0,,,,,,14:37
8320260604010009,kurume,2026-06-04,9,◎9 ○1 ▲5 注8 ×6 △4,,,,,7,森川 大輔  岐,阜,38,92,S2,追,3.92,103.16,△,4,8.3,37.5,50.0,0,0,,,,,,14:37
8320260604010009,kurume,2026-06-04,9,◎9 ○1 ▲5 注8 ×6 △4,,,,,8,西田 雅志  広,島,48,82,S2,追,3.92,95.83,,0,0.0,11.1,27.7,0,0,,,,,,14:37
8320260604010009,kurume,2026-06-04,9,◎9 ○1 ▲5 注8 ×6 △4,,,,,9,後藤 大輝  福,岡,25,121,S1,逃,3.92,107.63,◎,6,27.2,40.9,54.5,7,2,,,,,,14:37
8320260604010010,kurume,2026-06-04,10,△1 ×7 ▲3 注9 ◎5 ○2,,,,,1,小畑 勝広  茨,城,27,115,S2,逃,3.92,103.0,△,4,16.6,26.6,46.6,3,1,,,,,,15:07
8320260604010010,kurume,2026-06-04,10,△1 ×7 ▲3 注9 ◎5 ○2,,,,,2,岩津 裕介  岡,山,44,87,S1,追,3.92,109.42,○,5,14.8,25.9,44.4,0,0,,,,,,15:07
8320260604010010,kurume,2026-06-04,10,△1 ×7 ▲3 注9 ◎5 ○2,,,,,3,染谷 幸喜  千,葉,37,111,S2,逃,3.92,98.21,▲,3,13.0,30.4,39.1,3,3,,,,,,15:07
8320260604010010,kurume,2026-06-04,10,△1 ×7 ▲3 注9 ◎5 ○2,,,,,4,岩本 和也  石,川,51,76,S2,追,3.92,97.08,,0,4.0,16.0,24.0,0,1,,,,,,15:07
8320260604010010,kurume,2026-06-04,10,△1 ×7 ▲3 注9 ◎5 ○2,,,,,5,河端 朋之  岡,山,41,95,S1,逃,3.93,110.58,◎,6,26.4,41.1,55.8,1,7,,,,,,15:07
8320260604010010,kurume,2026-06-04,10,△1 ×7 ▲3 注9 ◎5 ○2,,,,,6,疋田 力也  愛,知,25,119,S2,両,3.92,94.15,,0,6.2,6.2,12.5,1,0,,,,,,15:07
8320260604010010,kurume,2026-06-04,10,△1 ×7 ▲3 注9 ◎5 ○2,,,,,7,箱田 優樹  青,森,35,98,S2,追,3.92,103.23,×,1,9.0,18.1,40.9,0,0,,,,,,15:07
8320260604010010,kurume,2026-06-04,10,△1 ×7 ▲3 注9 ◎5 ○2,,,,,8,中村 昌弘  広,島,49,81,S2,追,3.92,95.66,,0,0.0,0.0,9.5,0,0,,,,,,15:07
8320260604010010,kurume,2026-06-04,10,△1 ×7 ▲3 注9 ◎5 ○2,,,,,9,成清 貴之  千,葉,52,73,S2,追,3.92,100.93,注,2,10.3,34.4,51.7,0,0,,,,,,15:07
8320260604010011,kurume,2026-06-04,11,○2 ◎7 注4 ×9 △1 ▲6,,,,,1,香川 雄介  香,川,51,76,S1,追,3.93,105.81,×,1,22.2,27.7,38.8,0,0,,,,,,15:39
8320260604010011,kurume,2026-06-04,11,○2 ◎7 注4 ×9 △1 ▲6,,,,,2,菊池 岳仁  長,野,25,117,S1,逃,3.92,109.77,○,5,15.7,42.1,52.6,7,1,,,,,,15:39
8320260604010011,kurume,2026-06-04,11,○2 ◎7 注4 ×9 △1 ▲6,,,,,3,貴志 修己,和歌山,30,117,S2,逃,3.92,102.04,△,4,13.0,43.4,52.1,6,4,,,,,,15:39
8320260604010011,kurume,2026-06-04,11,○2 ◎7 注4 ×9 △1 ▲6,,,,,4,土屋 裕二  静,岡,50,81,S2,追,3.92,96.48,注,2,9.6,12.9,19.3,0,0,,,,,,15:39
8320260604010011,kurume,2026-06-04,11,○2 ◎7 注4 ×9 △1 ▲6,,,,,5,渡辺 十夢  福,井,45,85,S2,追,3.93,103.56,▲,3,4.0,36.0,52.0,0,0,,,,,,15:39
8320260604010011,kurume,2026-06-04,11,○2 ◎7 注4 ×9 △1 ▲6,,,,,6,吉川 嘉斗  徳,島,33,105,S2,追,3.93,92.92,,0,0.0,7.6,7.6,0,0,,,,,,15:39
8320260604010011,kurume,2026-06-04,11,○2 ◎7 注4 ×9 △1 ▲6,,,,,7,松谷 秀幸,神奈川,43,96,S1,追,3.93,111.95,◎,6,25.0,35.0,40.0,0,0,,,,,,15:39
8320260604010011,kurume,2026-06-04,11,○2 ◎7 注4 ×9 △1 ▲6,,,,,8,山本 巨樹  大,阪,35,100,S2,追,3.92,94.5,,0,0.0,3.8,23.0,0,0,,,,,,15:39
8320260604010011,kurume,2026-06-04,11,○2 ◎7 注4 ×9 △1 ▲6,,,,,9,城戸 俊潔  岡,山,28,115,S2,逃,3.92,99.31,,0,27.2,36.3,50.0,5,3,,,,,,15:39
8320260604010012,kurume,2026-06-04,12,△1 ◎9 ○7 ▲2 ×4 注6,,,,,1,郡司 浩平,神奈川,35,99,SS,両,3.92,117.16,△,4,23.0,46.1,61.5,0,3,,,,,,16:16
8320260604010012,kurume,2026-06-04,12,△1 ◎9 ○7 ▲2 ×4 注6,,,,,2,山崎 賢人  長,崎,33,111,S1,逃,3.93,114.0,○,5,38.0,66.6,71.4,6,6,,,,,,16:16
8320260604010012,kurume,2026-06-04,12,△1 ◎9 ○7 ▲2 ×4 注6,,,,,3,阿部 拓真  宮,城,35,107,SS,両,3.92,113.57,×,1,4.5,22.7,36.3,0,0,,,,,,16:16
8320260604010012,kurume,2026-06-04,12,△1 ◎9 ○7 ▲2 ×4 注6,,,,,4,山田 庸平  佐,賀,38,94,S1,両,3.93,113.78,,0,40.0,50.0,60.0,0,5,,,,,,16:16
8320260604010012,kurume,2026-06-04,12,△1 ◎9 ○7 ▲2 ×4 注6,,,,,5,松浦 悠士  広,島,35,98,S1,両,3.92,116.74,注,2,57.1,71.4,78.5,0,9,,,,,,16:16
8320260604010012,kurume,2026-06-04,12,△1 ◎9 ○7 ▲2 ×4 注6,,,,,6,新山 響平  青,森,32,107,S1,逃,3.92,113.64,▲,3,52.0,60.0,72.0,6,8,,,,,,16:16
8320260604010012,kurume,2026-06-04,12,△1 ◎9 ○7 ▲2 ×4 注6,,,,,7,嘉永 泰斗  熊,本,28,113,SS,逃,3.92,115.61,◎,6,31.8,45.4,54.5,0,10,,,,,,16:16
8320260604010012,kurume,2026-06-04,12,△1 ◎9 ○7 ▲2 ×4 注6,,,,,8,犬伏 湧也  徳,島,30,119,S1,逃,3.92,113.76,,0,50.0,61.5,65.3,6,10,,,,,,16:16
8320260604010012,kurume,2026-06-04,12,△1 ◎9 ○7 ▲2 ×4 注6,,,,,9,鈴木 玄人  東,京,30,117,S1,両,3.93,115.1,,0,30.0,30.0,60.0,0,0,,,,,,16:16
1120260605010001,hakodate,2026-06-05,1,◎5 ○1 △4 ▲3 ×2 注6,,,,,1,明星 晴道  愛,媛,49,82,A3,追,3.93,68.58,○,5,0.0,11.7,29.4,0,0,,,,,,16:05
1120260605010001,hakodate,2026-06-05,1,◎5 ○1 △4 ▲3 ×2 注6,,,,,2,里見 恒平  千,葉,49,99,A3,逃,3.92,72.74,×,1,31.2,53.1,56.2,1,7,,,,,,16:05
1120260605010001,hakodate,2026-06-05,1,◎5 ○1 △4 ▲3 ×2 注6,,,,,3,穴井 利久  福,岡,56,65,A3,追,3.92,67.45,▲,3,4.1,4.1,25.0,0,0,,,,,,16:05
1120260605010001,hakodate,2026-06-05,1,◎5 ○1 △4 ▲3 ×2 注6,,,,,4,宮本 龍一  福,岡,40,92,A3,両,3.93,71.07,△,4,11.1,40.7,51.8,0,0,,,,,,16:05
1120260605010001,hakodate,2026-06-05,1,◎5 ○1 △4 ▲3 ×2 注6,,,,,5,川本 琢也  岡,山,39,100,A3,両,3.93,74.41,◎,6,20.8,50.0,62.5,8,4,,,,,,16:05
1120260605010001,hakodate,2026-06-05,1,◎5 ○1 △4 ▲3 ×2 注6,,,,,6,小林 大能  千,葉,46,87,A3,追,3.92,67.18,注,2,0.0,24.2,33.3,1,0,,,,,,16:05
1120260605010002,hakodate,2026-06-05,2,◎5 ○2 ▲7 ×4 △1 注3,,,,,1,羽石 国臣  栃,木,51,93,A3,追,3.92,69.57,△,4,9.5,14.2,38.0,0,0,,,,,,16:27
1120260605010002,hakodate,2026-06-05,2,◎5 ○2 ▲7 ×4 △1 注3,,,,,2,石井 毅,神奈川,52,74,A3,追,3.77,74.33,○,5,6.6,46.6,66.6,0,1,,,,,,16:27
1120260605010002,hakodate,2026-06-05,2,◎5 ○2 ▲7 ×4 △1 注3,,,,,3,岡田 哲夫  福,島,43,92,A3,追,3.92,68.57,注,2,4.7,19.0,28.5,0,0,,,,,,16:27
1120260605010002,hakodate,2026-06-05,2,◎5 ○2 ▲7 ×4 △1 注3,,,,,4,相川 巧  埼,玉,36,98,A3,両,3.92,68.57,×,1,10.7,21.4,32.1,4,1,,,,,,16:27
1120260605010002,hakodate,2026-06-05,2,◎5 ○2 ▲7 ×4 △1 注3,,,,,5,鈴木 小次廊  静,岡,22,127,A3,逃,3.92,76.0,◎,6,10.5,63.1,73.6,7,3,,,,,,16:27
1120260605010002,hakodate,2026-06-05,2,◎5 ○2 ▲7 ×4 △1 注3,,,,,6,三浦 平志郎  秋,田,37,100,A3,逃,3.85,62.57,,0,4.5,4.5,4.5,1,0,,,,,,16:27
1120260605010002,hakodate,2026-06-05,2,◎5 ○2 ▲7 ×4 △1 注3,,,,,7,柴田 健,神奈川,55,71,A3,追,3.92,70.42,▲,3,10.5,31.5,42.1,0,0,,,,,,16:27
1120260605010003,hakodate,2026-06-05,3,◎1 ○5 ▲6 △3 ×4 注2,,,,,1,山口 留稀哉  長,崎,23,127,A3,逃,3.92,77.0,◎,6,16.6,66.6,83.3,2,1,,,,,,16:49
1120260605010003,hakodate,2026-06-05,3,◎1 ○5 ▲6 △3 ×4 注2,,,,,2,樋口 絢土  東,京,38,96,A3,追,3.92,74.62,×,1,37.5,50.0,66.6,0,0,,,,,,16:49
1120260605010003,hakodate,2026-06-05,3,◎1 ○5 ▲6 △3 ×4 注2,,,,,3,渡邊 秀明,神奈川,54,68,A3,追,3.92,67.02,▲,3,0.0,11.7,29.4,0,0,,,,,,16:49
1120260605010003,hakodate,2026-06-05,3,◎1 ○5 ▲6 △3 ×4 注2,,,,,4,吉松 賢二  群,馬,40,90,A3,両,3.93,71.0,△,4,12.0,44.0,60.0,7,0,,,,,,16:49
1120260605010003,hakodate,2026-06-05,3,◎1 ○5 ▲6 △3 ×4 注2,,,,,5,中野 良,北海道,50,83,A3,追,3.92,73.7,○,5,7.4,40.7,62.9,0,1,,,,,,16:49
1120260605010003,hakodate,2026-06-05,3,◎1 ○5 ▲6 △3 ×4 注2,,,,,6,藤原 義晴  岩,手,45,88,A3,追,3.92,63.96,,0,0.0,6.6,10.0,0,0,,,,,,16:49
1120260605010003,hakodate,2026-06-05,3,◎1 ○5 ▲6 △3 ×4 注2,,,,,7,宮原 貴之  栃,木,56,67,A3,追,3.92,66.8,注,2,0.0,5.0,20.0,0,0,,,,,,16:49
1120260605010004,hakodate,2026-06-05,4,◎4 ○6 ×1 △3 注5 ▲7,,,,,1,邊見 斎  福,島,40,92,A3,追,3.92,72.66,×,1,0.0,16.6,44.4,0,0,,,,,,17:13
1120260605010004,hakodate,2026-06-05,4,◎4 ○6 ×1 △3 注5 ▲7,,,,,2,志村 達也  広,島,54,71,A3,追,3.92,67.5,▲,3,5.8,17.6,23.5,0,0,,,,,,17:13
1120260605010004,hakodate,2026-06-05,4,◎4 ○6 ×1 △3 注5 ▲7,,,,,3,吉成 晃一  熊,本,40,92,A3,両,3.92,69.86,△,4,10.3,24.1,44.8,1,1,,,,,,17:13
1120260605010004,hakodate,2026-06-05,4,◎4 ○6 ×1 △3 注5 ▲7,,,,,4,池田 充槻  秋,田,20,127,A3,逃,3.92,78.61,◎,6,72.7,81.8,81.8,11,7,,,,,,17:13
1120260605010004,hakodate,2026-06-05,4,◎4 ○6 ×1 △3 注5 ▲7,,,,,5,後田 康成  長,崎,53,75,A3,追,3.92,70.75,,0,20.8,29.1,50.0,0,0,,,,,,17:13
1120260605010004,hakodate,2026-06-05,4,◎4 ○6 ×1 △3 注5 ▲7,,,,,6,門馬 琢麿,北海道,41,105,A3,逃,3.77,67.28,○,5,19.0,28.5,33.3,2,2,,,,,,17:13
1120260605010004,hakodate,2026-06-05,4,◎4 ○6 ×1 △3 注5 ▲7,,,,,7,中岡 海  愛,媛,23,123,A3,逃,3.92,69.3,注,2,20.0,45.0,50.0,7,2,,,,,,17:13
1120260605010005,hakodate,2026-06-05,5,×6 ◎1 注3 △2 ○7 ▲4,,,,,1,北岡 マリア  石,川,20,128,L1,両,3.79,56.19,◎,6,59.0,81.8,90.9,2,9,,,,,,17:37
1120260605010005,hakodate,2026-06-05,5,×6 ◎1 注3 △2 ○7 ▲4,,,,,2,東 美月  兵,庫,24,124,L1,両,3.77,52.33,△,4,4.7,28.5,66.6,0,1,,,,,,17:37
1120260605010005,hakodate,2026-06-05,5,×6 ◎1 注3 △2 ○7 ▲4,,,,,3,蛯原 杏奈,北海道,26,120,L1,追,3.77,48.0,注,2,4.0,8.0,24.0,0,0,,,,,,17:37
1120260605010005,hakodate,2026-06-05,5,×6 ◎1 注3 △2 ○7 ▲4,,,,,4,大和 久保美  青,森,34,102,L1,追,3.77,45.5,▲,3,0.0,6.2,6.2,0,0,,,,,,17:37
1120260605010005,hakodate,2026-06-05,5,×6 ◎1 注3 △2 ○7 ▲4,,,,,5,岡村 育子  埼,玉,49,102,L1,追,3.77,44.75,,0,0.0,0.0,7.1,0,0,,,,,,17:37
1120260605010005,hakodate,2026-06-05,5,×6 ◎1 注3 △2 ○7 ▲4,,,,,6,山口 優依  愛,知,31,124,L1,両,3.79,51.76,×,1,14.2,23.8,47.6,2,1,,,,,,17:37
1120260605010005,hakodate,2026-06-05,5,×6 ◎1 注3 △2 ○7 ▲4,,,,,7,奥井 迪  東,京,44,106,L1,逃,3.77,53.61,○,5,14.2,47.6,71.4,2,4,,,,,,17:37
1120260605010006,hakodate,2026-06-05,6,注5 △1 ○2 ×3 ◎4 ▲7,,,,,1,野寺 梓  静,岡,25,126,L1,追,3.79,45.0,,0,0.0,0.0,7.6,0,0,,,,,,18:01
1120260605010006,hakodate,2026-06-05,6,注5 △1 ○2 ×3 ◎4 ▲7,,,,,2,加藤 恵  青,森,40,112,L1,両,3.79,50.25,△,4,9.6,22.5,48.3,5,1,,,,,,18:01
1120260605010006,hakodate,2026-06-05,6,注5 △1 ○2 ×3 ◎4 ▲7,,,,,3,細田 愛未  埼,玉,30,108,L1,両,3.79,52.78,○,5,14.2,57.1,71.4,1,0,,,,,,18:01
1120260605010006,hakodate,2026-06-05,6,注5 △1 ○2 ×3 ◎4 ▲7,,,,,4,村田 奈穂  熊,本,34,116,L1,両,3.77,52.4,×,1,10.7,35.7,50.0,0,5,,,,,,18:01
1120260605010006,hakodate,2026-06-05,6,注5 △1 ○2 ×3 ◎4 ▲7,,,,,5,向井 円  大,阪,32,114,L1,追,3.79,47.61,注,2,0.0,0.0,23.8,0,0,,,,,,18:01
1120260605010006,hakodate,2026-06-05,6,注5 △1 ○2 ×3 ◎4 ▲7,,,,,6,田口 梓乃  山,口,33,102,L1,追,3.79,46.0,▲,3,0.0,7.6,15.3,0,0,,,,,,18:01
1120260605010006,hakodate,2026-06-05,6,注5 △1 ○2 ×3 ◎4 ▲7,,,,,7,尾崎 睦,神奈川,41,108,L1,両,3.79,56.92,◎,6,69.2,80.7,92.3,2,17,,,,,,18:01
1120260605010007,hakodate,2026-06-05,7,○7 ◎3 ×1 ▲5 △2 注4,,,,,1,山本 健也  千,葉,44,89,A1,追,3.92,88.68,×,1,21.7,30.4,56.5,1,1,,,,,,18:25
1120260605010007,hakodate,2026-06-05,7,○7 ◎3 ×1 ▲5 △2 注4,,,,,2,森 柾斗  徳,島,26,125,A2,逃,3.92,85.9,△,4,19.0,33.3,42.8,1,5,,,,,,18:25
1120260605010007,hakodate,2026-06-05,7,○7 ◎3 ×1 ▲5 △2 注4,,,,,3,平沼 由充  福,島,50,83,A2,追,3.92,88.19,◎,6,4.7,23.8,47.6,0,0,,,,,,18:25
1120260605010007,hakodate,2026-06-05,7,○7 ◎3 ×1 ▲5 △2 注4,,,,,4,二條 祐也  徳,島,41,97,A1,追,3.92,84.38,注,2,5.5,16.6,44.4,0,0,,,,,,18:25
1120260605010007,hakodate,2026-06-05,7,○7 ◎3 ×1 ▲5 △2 注4,,,,,5,成清 謙二郎  千,葉,42,90,A2,追,3.92,82.19,▲,3,0.0,14.2,28.5,0,0,,,,,,18:25
1120260605010007,hakodate,2026-06-05,7,○7 ◎3 ×1 ▲5 △2 注4,,,,,6,藤田 洋平  徳,島,39,93,A2,追,3.92,77.5,,0,0.0,0.0,0.0,0,0,,,,,,18:25
1120260605010007,hakodate,2026-06-05,7,○7 ◎3 ×1 ▲5 △2 注4,,,,,7,照井 力斗  岩,手,24,121,A1,逃,3.92,85.33,○,5,18.5,29.6,62.9,3,5,,,,,,18:25
1120260605010008,hakodate,2026-06-05,8,注4 △1 ▲2 ◎6 ○3 ×5,,,,,1,川島 勝  長,崎,43,89,A2,追,3.85,86.76,△,4,14.2,28.5,52.3,0,0,,,,,,18:51
1120260605010008,hakodate,2026-06-05,8,注4 △1 ▲2 ◎6 ○3 ×5,,,,,2,相笠 翔太  福,島,36,96,A2,両,3.92,84.95,▲,3,25.0,29.1,41.6,0,2,,,,,,18:51
1120260605010008,hakodate,2026-06-05,8,注4 △1 ▲2 ◎6 ○3 ×5,,,,,3,三好 恵一郎  群,馬,38,99,A1,両,3.92,89.47,◎,6,5.5,27.7,33.3,4,0,,,,,,18:51
1120260605010008,hakodate,2026-06-05,8,注4 △1 ▲2 ◎6 ○3 ×5,,,,,4,池部 壮太  大,分,33,109,A1,逃,3.86,85.83,注,2,16.6,33.3,50.0,2,1,,,,,,18:51
1120260605010008,hakodate,2026-06-05,8,注4 △1 ▲2 ◎6 ○3 ×5,,,,,5,浦川 尊明  茨,城,50,80,A1,追,3.92,89.71,○,5,9.5,23.8,61.9,0,0,,,,,,18:51
1120260605010008,hakodate,2026-06-05,8,注4 △1 ▲2 ◎6 ○3 ×5,,,,,6,阿部 英光  宮,城,44,89,A2,追,3.85,81.13,,0,4.3,17.3,43.4,0,0,,,,,,18:51
1120260605010008,hakodate,2026-06-05,8,注4 △1 ▲2 ◎6 ○3 ×5,,,,,7,大木 雅也  静,岡,50,83,A1,追,3.92,89.05,×,1,0.0,10.0,30.0,0,0,,,,,,18:51
1120260605010009,hakodate,2026-06-05,9,△4 ×2 注3 ◎6 ○5 ▲7,,,,,1,郡 英治  広,島,56,68,A2,追,3.92,81.59,▲,3,0.0,26.6,40.0,0,0,,,,,,19:17
1120260605010009,hakodate,2026-06-05,9,△4 ×2 注3 ◎6 ○5 ▲7,,,,,2,内田 玄希  東,京,45,94,A1,追,3.92,88.2,×,1,16.6,45.8,70.8,0,0,,,,,,19:17
1120260605010009,hakodate,2026-06-05,9,△4 ×2 注3 ◎6 ○5 ▲7,,,,,3,佐藤 明  静,岡,50,77,A2,追,3.92,82.2,注,2,0.0,4.1,29.1,0,0,,,,,,19:17
1120260605010009,hakodate,2026-06-05,9,△4 ×2 注3 ◎6 ○5 ▲7,,,,,4,戸塚 涼介  埼,玉,32,111,A2,逃,3.92,83.95,△,4,8.3,29.1,54.1,7,0,,,,,,19:17
1120260605010009,hakodate,2026-06-05,9,△4 ×2 注3 ◎6 ○5 ▲7,,,,,5,田上 晃也  岡,山,28,115,A2,逃,3.92,89.76,◎,6,41.1,58.8,64.7,7,3,,,,,,19:17
1120260605010009,hakodate,2026-06-05,9,△4 ×2 注3 ◎6 ○5 ▲7,,,,,6,安藤 宜明,神奈川,55,74,A2,追,3.85,79.7,,0,4.1,4.1,12.5,0,0,,,,,,19:17
1120260605010009,hakodate,2026-06-05,9,△4 ×2 注3 ◎6 ○5 ▲7,,,,,7,近藤 範昌  岡,山,48,82,A1,追,3.92,87.37,○,5,8.3,37.5,50.0,0,0,,,,,,19:17
1120260605010010,hakodate,2026-06-05,10,◎1 ○7 注4 △3 ▲5 ×2,,,,,1,吉田 優斗  岩,手,26,125,A2,逃,3.92,89.28,◎,6,42.8,61.9,71.4,11,2,,,,,,19:43
1120260605010010,hakodate,2026-06-05,10,◎1 ○7 注4 △3 ▲5 ×2,,,,,2,高田 真幸  福,岡,48,83,A2,両,3.92,84.18,×,1,22.7,31.8,40.9,0,4,,,,,,19:43
1120260605010010,hakodate,2026-06-05,10,◎1 ○7 注4 △3 ▲5 ×2,,,,,3,細沼 健治  埼,玉,44,89,A2,両,3.92,82.74,△,4,22.2,29.6,37.0,0,1,,,,,,19:43
1120260605010010,hakodate,2026-06-05,10,◎1 ○7 注4 △3 ▲5 ×2,,,,,4,大森 光明,北海道,27,117,A2,両,3.92,82.6,注,2,15.0,15.0,35.0,0,3,,,,,,19:43
1120260605010010,hakodate,2026-06-05,10,◎1 ○7 注4 △3 ▲5 ×2,,,,,5,中川 拓也  群,馬,39,94,A2,両,3.92,79.95,▲,3,9.5,14.2,23.8,1,0,,,,,,19:43
1120260605010010,hakodate,2026-06-05,10,◎1 ○7 注4 △3 ▲5 ×2,,,,,6,大竹 慎吾  大,分,60,55,A2,追,3.92,78.42,,0,0.0,0.0,4.7,0,0,,,,,,19:43
1120260605010010,hakodate,2026-06-05,10,◎1 ○7 注4 △3 ▲5 ×2,,,,,7,森田 康嗣,北海道,44,89,A1,両,3.92,87.15,○,5,19.2,42.3,53.8,3,4,,,,,,19:43
1120260605010011,hakodate,2026-06-05,11,◎1 ○4 注6 ▲3 ×7 △2,,,,,1,馬場 和広  埼,玉,35,98,A1,両,3.92,93.16,◎,6,15.7,57.8,73.6,2,2,,,,,,20:11
1120260605010011,hakodate,2026-06-05,11,◎1 ○4 注6 ▲3 ×7 △2,,,,,2,曽我 圭佑  熊,本,32,113,A1,逃,3.92,91.71,×,1,23.8,42.8,57.1,4,0,,,,,,20:11
1120260605010011,hakodate,2026-06-05,11,◎1 ○4 注6 ▲3 ×7 △2,,,,,3,前反 祐一郎  広,島,52,81,A1,追,3.92,91.71,注,2,19.0,42.8,66.6,0,0,,,,,,20:11
1120260605010011,hakodate,2026-06-05,11,◎1 ○4 注6 ▲3 ×7 △2,,,,,4,泉 慶輔  宮,城,36,99,A1,追,3.92,92.8,○,5,19.0,38.0,71.4,0,0,,,,,,20:11
1120260605010011,hakodate,2026-06-05,11,◎1 ○4 注6 ▲3 ×7 △2,,,,,5,小林 則之  静,岡,50,85,A1,両,3.92,93.5,△,4,25.0,58.3,75.0,0,2,,,,,,20:11
1120260605010011,hakodate,2026-06-05,11,◎1 ○4 注6 ▲3 ×7 △2,,,,,6,門田 凌  愛,媛,32,111,A1,両,3.92,90.66,,0,29.1,58.3,66.6,1,5,,,,,,20:11
1120260605010011,hakodate,2026-06-05,11,◎1 ○4 注6 ▲3 ×7 △2,,,,,7,高橋 綜一郎  大,分,29,119,A1,逃,3.93,92.26,▲,3,46.6,60.0,80.0,1,5,,,,,,20:11
2120260604020001,yahiko,2026-06-05,1,◎2 ○7 注3 △6 ×5 ▲1,,,,,1,西巻 秀太  新,潟,41,97,A2,追,3.92,78.37,,0,0.0,4.1,8.3,0,0,,,,,,15:50
2120260604020001,yahiko,2026-06-05,1,◎2 ○7 注3 △6 ×5 ▲1,,,,,2,瀧川 幸広  愛,知,30,125,A2,逃,3.92,84.7,◎,6,4.7,33.3,42.8,6,1,,,,,,15:50
2120260604020001,yahiko,2026-06-05,1,◎2 ○7 注3 △6 ×5 ▲1,,,,,3,小磯 知也  徳,島,52,76,A2,追,3.85,78.65,注,2,4.3,8.6,8.6,0,0,,,,,,15:50
2120260604020001,yahiko,2026-06-05,1,◎2 ○7 注3 △6 ×5 ▲1,,,,,4,篠崎 高志  栃,木,53,72,A2,追,3.92,78.59,▲,3,0.0,0.0,9.0,0,0,,,,,,15:50
2120260604020001,yahiko,2026-06-05,1,◎2 ○7 注3 △6 ×5 ▲1,,,,,5,高峰 賢治  山,梨,55,73,A2,追,3.92,84.77,×,1,11.1,27.7,33.3,0,0,,,,,,15:50
2120260604020001,yahiko,2026-06-05,1,◎2 ○7 注3 △6 ×5 ▲1,,,,,6,田中 誇士  静,岡,32,103,A1,両,3.93,0.0,△,4,0.0,0.0,0.0,0,0,,,,,,15:50
2120260604020001,yahiko,2026-06-05,1,◎2 ○7 注3 △6 ×5 ▲1,,,,,7,有馬 雄二  奈,良,44,90,A2,追,3.92,79.88,○,5,7.6,11.5,26.9,0,0,,,,,,15:50
2120260604020002,yahiko,2026-06-05,2,◎1 ○4 ▲6 注5 ×2 △7,,,,,1,會澤 龍  宮,城,36,105,A1,両,3.92,86.08,◎,6,20.8,33.3,54.1,0,1,,,,,,16:13
2120260604020002,yahiko,2026-06-05,2,◎1 ○4 ▲6 注5 ×2 △7,,,,,2,吉村 文隆  京,都,54,70,A2,追,3.92,79.38,注,2,0.0,0.0,19.0,0,0,,,,,,16:13
2120260604020002,yahiko,2026-06-05,2,◎1 ○4 ▲6 注5 ×2 △7,,,,,3,田中 弘章  福,岡,54,68,A2,追,3.92,83.12,△,4,4.1,12.5,33.3,0,0,,,,,,16:13
2120260604020002,yahiko,2026-06-05,2,◎1 ○4 ▲6 注5 ×2 △7,,,,,4,野村 純宏,神奈川,49,82,A1,追,3.92,82.23,○,5,0.0,14.2,28.5,0,0,,,,,,16:13
2120260604020002,yahiko,2026-06-05,2,◎1 ○4 ▲6 注5 ×2 △7,,,,,5,竹澤 雅也  福,井,25,123,A2,逃,3.92,78.12,▲,3,0.0,0.0,8.3,0,0,,,,,,16:13
2120260604020002,yahiko,2026-06-05,2,◎1 ○4 ▲6 注5 ×2 △7,,,,,6,伊藤 拓人  静,岡,38,94,A2,追,3.85,78.09,,0,5.0,10.0,15.0,0,0,,,,,,16:13
2120260604020002,yahiko,2026-06-05,2,◎1 ○4 ▲6 注5 ×2 △7,,,,,7,天野 純平  佐,賀,27,115,A2,逃,3.92,84.25,×,1,35.0,45.0,45.0,2,5,,,,,,16:13
2120260604020003,yahiko,2026-06-05,3,◎3 ○7 ×2 ▲4 △5 注1,,,,,1,吉村 和之  岐,阜,48,80,A1,追,3.93,89.87,注,2,12.5,37.5,50.0,0,0,,,,,,16:37
2120260604020003,yahiko,2026-06-05,3,◎3 ○7 ×2 ▲4 △5 注1,,,,,2,長井 妙樹  東,京,37,96,A1,追,3.92,91.23,×,1,29.4,35.2,41.1,0,0,,,,,,16:37
2120260604020003,yahiko,2026-06-05,3,◎3 ○7 ×2 ▲4 △5 注1,,,,,3,藤田 楓  岡,山,23,127,A2,逃,3.92,93.33,◎,6,62.5,79.1,83.3,14,5,,,,,,16:37
2120260604020003,yahiko,2026-06-05,3,◎3 ○7 ×2 ▲4 △5 注1,,,,,4,堀 政美  茨,城,57,65,A2,追,3.93,84.83,▲,3,5.5,22.2,50.0,0,0,,,,,,16:37
2120260604020003,yahiko,2026-06-05,3,◎3 ○7 ×2 ▲4 △5 注1,,,,,5,中釜 健次  大,阪,27,121,A1,逃,3.92,90.25,△,4,25.0,33.3,41.6,3,5,,,,,,16:37
2120260604020003,yahiko,2026-06-05,3,◎3 ○7 ×2 ▲4 △5 注1,,,,,6,鶴岡 與之  千,葉,49,81,A2,追,3.92,81.7,,0,11.1,11.1,18.5,0,0,,,,,,16:37
2120260604020003,yahiko,2026-06-05,3,◎3 ○7 ×2 ▲4 △5 注1,,,,,7,野村 典嗣  愛,媛,35,109,A1,追,3.92,88.38,○,5,4.7,23.8,38.0,0,1,,,,,,16:37
2120260604020004,yahiko,2026-06-05,4,○1 △7 ▲4 ◎3 ×5 注2,,,,,1,畝木 聖  岡,山,29,117,A1,逃,3.92,94.47,○,5,47.6,76.1,85.7,5,9,,,,,,17:01
2120260604020004,yahiko,2026-06-05,4,○1 △7 ▲4 ◎3 ×5 注2,,,,,2,佐藤 亙  愛,知,46,85,A1,追,3.92,88.04,注,2,25.0,29.1,62.5,0,0,,,,,,17:01
2120260604020004,yahiko,2026-06-05,4,○1 △7 ▲4 ◎3 ×5 注2,,,,,3,齊藤 英伊須  青,森,22,125,A2,逃,3.92,93.34,◎,6,57.6,76.9,80.7,15,4,,,,,,17:01
2120260604020004,yahiko,2026-06-05,4,○1 △7 ▲4 ◎3 ×5 注2,,,,,4,越智 展孝  愛,媛,44,88,A1,追,3.92,84.66,▲,3,10.5,21.0,26.3,0,1,,,,,,17:01
2120260604020004,yahiko,2026-06-05,4,○1 △7 ▲4 ◎3 ×5 注2,,,,,5,谷津田 将吾  福,島,46,83,A1,追,3.92,89.94,×,1,11.1,38.8,50.0,0,0,,,,,,17:01
2120260604020004,yahiko,2026-06-05,4,○1 △7 ▲4 ◎3 ×5 注2,,,,,6,北村 篤  岐,阜,39,94,A2,追,3.93,79.5,,0,8.3,8.3,8.3,0,0,,,,,,17:01
2120260604020004,yahiko,2026-06-05,4,○1 △7 ▲4 ◎3 ×5 注2,,,,,7,吉永 好宏  広,島,51,80,A1,追,3.92,88.12,△,4,12.5,29.1,50.0,0,0,,,,,,17:01
2120260604020005,yahiko,2026-06-05,5,◎1 ○7 ×2 ▲4 △6 注3,,,,,1,渡邉 壘  新,潟,23,125,A1,逃,3.92,94.16,◎,6,33.3,61.1,72.2,8,2,,,,,,17:25
2120260604020005,yahiko,2026-06-05,5,◎1 ○7 ×2 ▲4 △6 注3,,,,,2,福田 要  宮,崎,27,121,A1,両,3.85,83.33,×,1,0.0,19.0,33.3,0,1,,,,,,17:25
2120260604020005,yahiko,2026-06-05,5,◎1 ○7 ×2 ▲4 △6 注3,,,,,3,榎本 光男  静,岡,49,85,A1,両,3.92,83.03,△,4,11.1,25.9,40.7,0,7,,,,,,17:25
2120260604020005,yahiko,2026-06-05,5,◎1 ○7 ×2 ▲4 △6 注3,,,,,4,池田 浩士  佐,賀,47,86,A1,追,3.92,86.33,▲,3,0.0,20.8,45.8,1,0,,,,,,17:25
2120260604020005,yahiko,2026-06-05,5,◎1 ○7 ×2 ▲4 △6 注3,,,,,5,在本 直樹  岡,山,49,93,A2,両,3.92,84.33,注,2,16.6,22.2,33.3,0,2,,,,,,17:25
2120260604020005,yahiko,2026-06-05,5,◎1 ○7 ×2 ▲4 △6 注3,,,,,6,桜井 大地  静,岡,32,111,A2,逃,3.85,79.55,,0,10.0,15.0,20.0,1,0,,,,,,17:25
2120260604020005,yahiko,2026-06-05,5,◎1 ○7 ×2 ▲4 △6 注3,,,,,7,吉田 裕全  埼,玉,41,90,A1,追,3.93,90.31,○,5,15.0,30.0,50.0,0,3,,,,,,17:25
2120260604020006,yahiko,2026-06-05,6,注6 ×1 ▲2 △4 ◎3 ○5,,,,,1,原 誠宏  香,川,40,91,S2,追,3.93,101.26,×,1,4.7,28.5,42.8,0,0,,,,,,17:49
2120260604020006,yahiko,2026-06-05,6,注6 ×1 ▲2 △4 ◎3 ○5,,,,,2,中村 弘之輔,北海道,34,109,S2,両,3.93,94.45,▲,3,4.3,4.3,26.0,0,0,,,,,,17:49
2120260604020006,yahiko,2026-06-05,6,注6 ×1 ▲2 △4 ◎3 ○5,,,,,3,野口 裕史  千,葉,43,111,S1,逃,3.93,100.5,◎,6,17.8,32.1,42.8,6,3,,,,,,17:49
2120260604020006,yahiko,2026-06-05,6,注6 ×1 ▲2 △4 ◎3 ○5,,,,,4,開坂 秀明  青,森,51,79,S2,追,3.92,97.82,△,4,0.0,17.3,26.0,0,0,,,,,,17:49
2120260604020006,yahiko,2026-06-05,6,注6 ×1 ▲2 △4 ◎3 ○5,,,,,5,相川 永伍  埼,玉,42,95,S2,追,3.92,96.66,○,5,6.2,18.7,31.2,0,0,,,,,,17:49
2120260604020006,yahiko,2026-06-05,6,注6 ×1 ▲2 △4 ◎3 ○5,,,,,6,薦田 将伍  愛,媛,28,113,S2,逃,3.92,94.16,注,2,5.2,5.2,15.7,0,1,,,,,,17:49
2120260604020007,yahiko,2026-06-05,7,◎7 △3 ×6 ○1 ▲5 注2,,,,,1,鷲田 佳史  福,井,43,88,S2,追,3.92,97.0,,0,0.0,7.6,15.3,0,0,,,,,,18:13
2120260604020007,yahiko,2026-06-05,7,◎7 △3 ×6 ○1 ▲5 注2,,,,,2,房州 輝也  福,島,39,91,S2,両,3.92,95.61,▲,3,2.7,8.3,22.2,0,0,,,,,,18:13
2120260604020007,yahiko,2026-06-05,7,◎7 △3 ×6 ○1 ▲5 注2,,,,,3,福島 栄一  香,川,42,93,S2,追,3.93,94.46,△,4,3.8,7.6,19.2,0,0,,,,,,18:13
2120260604020007,yahiko,2026-06-05,7,◎7 △3 ×6 ○1 ▲5 注2,,,,,4,小堺 浩二  石,川,43,91,S2,両,3.92,101.3,注,2,17.6,26.4,44.1,0,6,,,,,,18:13
2120260604020007,yahiko,2026-06-05,7,◎7 △3 ×6 ○1 ▲5 注2,,,,,5,小笠原 光  岩,手,30,117,S2,両,3.92,96.11,○,5,5.5,11.1,22.2,0,2,,,,,,18:13
2120260604020007,yahiko,2026-06-05,7,◎7 △3 ×6 ○1 ▲5 注2,,,,,6,上杉 嘉槻  福,井,28,119,S2,逃,3.92,93.17,×,1,3.4,10.3,20.6,1,1,,,,,,18:13
2120260604020007,yahiko,2026-06-05,7,◎7 △3 ×6 ○1 ▲5 注2,,,,,7,原田 研太朗  徳,島,35,98,S1,逃,3.92,103.3,◎,6,22.2,27.7,44.4,3,5,,,,,,18:13
2120260604020008,yahiko,2026-06-05,8,◎5 ○2 △4 注1 ×6 ▲3,,,,,1,松尾 透  福,岡,41,96,S2,追,3.92,97.76,注,2,3.5,10.7,42.8,0,0,,,,,,18:38
2120260604020008,yahiko,2026-06-05,8,◎5 ○2 △4 注1 ×6 ▲3,,,,,2,川村 晃司  京,都,49,85,S2,両,3.92,100.0,○,5,14.2,35.7,50.0,0,1,,,,,,18:38
2120260604020008,yahiko,2026-06-05,8,◎5 ○2 △4 注1 ×6 ▲3,,,,,3,鈴木 裕  千,葉,41,92,S2,両,3.92,99.16,×,1,20.8,29.1,41.6,0,2,,,,,,18:38
2120260604020008,yahiko,2026-06-05,8,◎5 ○2 △4 注1 ×6 ▲3,,,,,4,小酒 大勇  宮,崎,32,103,S2,両,3.92,97.69,△,4,7.6,26.9,34.6,0,0,,,,,,18:38
2120260604020008,yahiko,2026-06-05,8,◎5 ○2 △4 注1 ×6 ▲3,,,,,5,高久保 雄介  京,都,39,100,S1,両,3.92,104.2,◎,6,16.0,36.0,48.0,1,1,,,,,,18:38
2120260604020008,yahiko,2026-06-05,8,◎5 ○2 △4 注1 ×6 ▲3,,,,,6,飯田 裕次  福,岡,40,97,S2,追,3.92,93.24,,0,0.0,0.0,12.0,0,0,,,,,,18:38
2120260604020008,yahiko,2026-06-05,8,◎5 ○2 △4 注1 ×6 ▲3,,,,,7,齊藤 竜也,神奈川,51,73,S2,追,3.92,99.68,▲,3,4.0,24.0,52.0,0,1,,,,,,18:38
2120260604020009,yahiko,2026-06-05,9,◎2 ○7 注4 ×1 ▲5 △3,,,,,1,中田 雄喜  福,島,39,97,S2,追,3.92,98.75,×,1,10.3,24.1,37.9,0,0,,,,,,19:04
2120260604020009,yahiko,2026-06-05,9,◎2 ○7 注4 ×1 ▲5 △3,,,,,2,森田 一郎  埼,玉,25,125,S1,逃,3.92,105.8,◎,6,15.0,20.0,40.0,2,2,,,,,,19:04
2120260604020009,yahiko,2026-06-05,9,◎2 ○7 注4 ×1 ▲5 △3,,,,,3,守谷 陽介  岡,山,46,87,S2,両,3.92,98.35,△,4,7.6,17.9,28.2,0,0,,,,,,19:04
2120260604020009,yahiko,2026-06-05,9,◎2 ○7 注4 ×1 ▲5 △3,,,,,4,佐藤 壮  千,葉,34,100,S2,追,3.92,99.38,注,2,21.4,28.5,35.7,0,0,,,,,,19:04
2120260604020009,yahiko,2026-06-05,9,◎2 ○7 注4 ×1 ▲5 △3,,,,,5,佐藤 愼太郎  福,島,47,83,S2,追,3.92,98.71,▲,3,0.0,25.0,46.4,0,0,,,,,,19:04
2120260604020009,yahiko,2026-06-05,9,◎2 ○7 注4 ×1 ▲5 △3,,,,,6,木村 幸希  広,島,34,109,S2,両,3.92,94.37,,0,7.4,7.4,7.4,0,0,,,,,,19:04
2120260604020009,yahiko,2026-06-05,9,◎2 ○7 注4 ×1 ▲5 △3,,,,,7,古川 尚耶  栃,木,40,92,S2,追,3.92,99.62,○,5,6.2,28.1,31.2,0,0,,,,,,19:04
2120260604020010,yahiko,2026-06-05,10,▲5 ×1 △6 注2 ○4 ◎7,,,,,1,末木 浩二  山,梨,34,109,S1,両,3.92,103.86,×,1,26.0,30.4,39.1,0,6,,,,,,19:30
2120260604020010,yahiko,2026-06-05,10,▲5 ×1 △6 注2 ○4 ◎7,,,,,2,真鍋 智寛  愛,媛,27,121,S1,逃,3.92,104.12,△,4,11.7,23.5,41.1,1,3,,,,,,19:30
2120260604020010,yahiko,2026-06-05,10,▲5 ×1 △6 注2 ○4 ◎7,,,,,3,和田 圭  宮,城,40,92,S1,追,3.92,110.6,◎,6,28.0,44.0,64.0,0,0,,,,,,19:30
2120260604020010,yahiko,2026-06-05,10,▲5 ×1 △6 注2 ○4 ◎7,,,,,4,松川 高大  熊,本,37,94,S1,両,3.92,103.4,注,2,4.7,19.0,28.5,0,0,,,,,,19:30
2120260604020010,yahiko,2026-06-05,10,▲5 ×1 △6 注2 ○4 ◎7,,,,,5,治田 知也  新,潟,27,121,S2,逃,3.93,99.95,▲,3,29.1,45.8,50.0,8,3,,,,,,19:30
2120260604020010,yahiko,2026-06-05,10,▲5 ×1 △6 注2 ○4 ◎7,,,,,6,小林 令  山,梨,30,109,S2,追,3.92,97.5,,0,4.1,20.8,33.3,0,0,,,,,,19:30
2120260604020010,yahiko,2026-06-05,10,▲5 ×1 △6 注2 ○4 ◎7,,,,,7,道場 晃規  静,岡,28,117,S1,逃,3.92,107.87,○,5,26.9,38.4,53.8,1,6,,,,,,19:30
2120260604020011,yahiko,2026-06-05,11,○1 ◎5 ×2 △7 ▲4 注6,,,,,1,村田 祐樹  富,山,27,121,S1,逃,3.93,105.73,○,5,13.0,43.4,60.8,9,1,,,,,,19:57
2120260604020011,yahiko,2026-06-05,11,○1 ◎5 ×2 △7 ▲4 注6,,,,,2,飯野 祐太  福,島,41,90,S1,両,3.92,107.44,×,1,14.8,33.3,55.5,0,1,,,,,,19:57
2120260604020011,yahiko,2026-06-05,11,○1 ◎5 ×2 △7 ▲4 注6,,,,,3,石川 裕二  茨,城,42,99,S1,追,3.92,103.47,注,2,13.6,22.7,31.8,0,0,,,,,,19:57
2120260604020011,yahiko,2026-06-05,11,○1 ◎5 ×2 △7 ▲4 注6,,,,,4,竹山 陵太  宮,城,41,91,S2,追,3.92,97.12,,0,9.3,21.8,37.5,0,1,,,,,,19:57
2120260604020011,yahiko,2026-06-05,11,○1 ◎5 ×2 △7 ▲4 注6,,,,,5,三谷 将太  奈,良,40,92,S1,追,3.92,111.07,◎,6,18.7,25.0,50.0,0,0,,,,,,19:57
2120260604020011,yahiko,2026-06-05,11,○1 ◎5 ×2 △7 ▲4 注6,,,,,6,藤田 周磨  埼,玉,28,117,S2,逃,3.92,96.96,▲,3,7.4,14.8,33.3,2,1,,,,,,19:57
2120260604020011,yahiko,2026-06-05,11,○1 ◎5 ×2 △7 ▲4 注6,,,,,7,竹村 勇祐  秋,田,36,96,S2,追,3.92,103.0,△,4,13.6,31.8,45.4,0,0,,,,,,19:57
2120260604020012,yahiko,2026-06-05,12,◎1 ○7 注5 ×2 ▲4 △3,,,,,1,深谷 知広  静,岡,36,96,S1,逃,3.93,115.39,◎,6,39.1,56.5,69.5,3,7,,,,,,20:25
2120260604020012,yahiko,2026-06-05,12,◎1 ○7 注5 ×2 ▲4 △3,,,,,2,山田 諒  岐,阜,27,113,S1,両,3.86,107.8,×,1,20.0,40.0,40.0,2,3,,,,,,20:25
2120260604020012,yahiko,2026-06-05,12,◎1 ○7 注5 ×2 ▲4 △3,,,,,3,田村 大  宮,崎,28,119,S2,逃,3.92,99.42,△,4,14.2,28.5,46.4,6,2,,,,,,20:25
2120260604020012,yahiko,2026-06-05,12,◎1 ○7 注5 ×2 ▲4 △3,,,,,4,金成 和幸  福,島,47,88,S2,追,3.92,99.96,▲,3,3.4,20.6,41.3,0,0,,,,,,20:25
2120260604020012,yahiko,2026-06-05,12,◎1 ○7 注5 ×2 ▲4 △3,,,,,5,藤原 憲征  新,潟,46,85,S2,追,3.92,97.64,注,2,10.7,14.2,39.2,0,0,,,,,,20:25
2120260604020012,yahiko,2026-06-05,12,◎1 ○7 注5 ×2 ▲4 △3,,,,,6,山崎 泰己  岡,山,36,101,S2,追,3.92,96.0,,0,0.0,7.4,22.2,0,0,,,,,,20:25
2120260604020012,yahiko,2026-06-05,12,◎1 ○7 注5 ×2 ▲4 △3,,,,,7,諸橋 愛  新,潟,48,79,S1,追,3.92,109.18,○,5,5.8,23.5,35.2,0,0,,,,,,20:25
2220260603030001,maebashi,2026-06-05,1,,,,,,1,小林 和彦  群,馬,49,82,A2,両,3.77,82.72,,0,0.0,16.6,33.3,0,0,,,,,,20:36
2220260603030001,maebashi,2026-06-05,1,,,,,,2,藤原 清隆  静,岡,44,87,A2,追,3.92,82.19,,0,0.0,9.5,23.8,0,0,,,,,,20:36
2220260603030001,maebashi,2026-06-05,1,,,,,,3,堀 僚介  大,阪,31,109,A1,逃,3.92,81.23,,0,19.2,19.2,30.7,0,4,,,,,,20:36
2220260603030001,maebashi,2026-06-05,1,,,,,,4,緑川 修平  福,島,42,95,A2,逃,3.93,80.76,,0,16.0,20.0,24.0,0,5,,,,,,20:36
2220260603030001,maebashi,2026-06-05,1,,,,,,5,亀井 雅斗  群,馬,50,75,A2,追,3.92,79.88,,0,0.0,0.0,5.8,0,0,,,,,,20:36
2220260603030001,maebashi,2026-06-05,1,,,,,,6,深見 仁哉  愛,知,43,91,A2,追,3.92,79.33,,0,0.0,20.8,25.0,0,1,,,,,,20:36
2220260603030001,maebashi,2026-06-05,1,,,,,,7,平川 雅晃  長,野,35,107,A2,逃,3.85,78.47,,0,0.0,9.5,19.0,0,2,,,,,,20:36
2220260603030002,maebashi,2026-06-05,2,,,,,,1,飯尾 主税  静,岡,47,81,A1,追,3.92,87.77,,0,14.8,48.1,59.2,0,0,,,,,,21:00
2220260603030002,maebashi,2026-06-05,2,,,,,,2,若林 耕司  群,馬,45,87,A2,追,3.85,82.11,,0,7.4,14.8,25.9,0,0,,,,,,21:00
2220260603030002,maebashi,2026-06-05,2,,,,,,3,舟山 佑京  新,潟,28,113,A2,逃,3.92,80.14,,0,4.5,18.1,22.7,1,0,,,,,,21:00
2220260603030002,maebashi,2026-06-05,2,,,,,,4,佐々木 健司  青,森,52,76,A2,追,3.92,79.87,,0,4.1,8.3,16.6,0,0,,,,,,21:00
2220260603030002,maebashi,2026-06-05,2,,,,,,5,佐藤 清之  千,葉,43,93,A1,追,3.92,79.66,,0,9.5,9.5,9.5,0,1,,,,,,21:00
2220260603030002,maebashi,2026-06-05,2,,,,,,6,山田 祐太  福,島,37,113,A2,逃,3.92,79.23,,0,4.7,19.0,19.0,3,1,,,,,,21:00
2220260603030002,maebashi,2026-06-05,2,,,,,,7,武田 靖夫  茨,城,53,76,A2,追,3.92,76.44,,0,0.0,0.0,0.0,0,0,,,,,,21:00
2220260603030003,maebashi,2026-06-05,3,,,,,,1,山崎 充央  東,京,51,79,A2,追,3.85,84.26,,0,8.6,21.7,43.4,0,0,,,,,,21:24
2220260603030003,maebashi,2026-06-05,3,,,,,,2,中込 健太  秋,田,30,119,A2,逃,3.93,82.47,,0,14.2,23.8,28.5,4,1,,,,,,21:24
2220260603030003,maebashi,2026-06-05,3,,,,,,3,中野 彰人,和歌山,38,93,A2,追,3.92,81.45,,0,0.0,12.5,16.6,0,0,,,,,,21:24
2220260603030003,maebashi,2026-06-05,3,,,,,,4,山崎 晃  石,川,40,95,A2,両,3.92,81.33,,0,11.1,16.6,38.8,3,0,,,,,,21:24
2220260603030003,maebashi,2026-06-05,3,,,,,,5,湯浅 大輔  千,葉,41,96,A2,逃,3.85,80.8,,0,4.7,9.5,23.8,0,0,,,,,,21:24
2220260603030003,maebashi,2026-06-05,3,,,,,,6,本田 拓也  新,潟,43,92,A2,追,3.92,79.84,,0,5.0,5.0,10.0,0,0,,,,,,21:24
2220260603030003,maebashi,2026-06-05,3,,,,,,7,河合 康晴  静,岡,56,68,A2,追,3.92,77.43,,0,0.0,0.0,5.8,0,0,,,,,,21:24
2220260603030004,maebashi,2026-06-05,4,,,,,,1,小林 卓人  大,阪,48,79,A1,追,3.92,88.35,,0,10.0,20.0,40.0,0,0,,,,,,21:48
2220260603030004,maebashi,2026-06-05,4,,,,,,2,古屋 琢晶  山,梨,40,90,A1,両,3.92,87.91,,0,8.6,34.7,52.1,2,3,,,,,,21:48
2220260603030004,maebashi,2026-06-05,4,,,,,,3,矢島 一弥  群,馬,40,92,A1,追,3.92,87.2,,0,20.8,37.5,45.8,0,0,,,,,,21:48
2220260603030004,maebashi,2026-06-05,4,,,,,,4,高谷 雅彦  青,森,54,67,A1,両,3.92,86.1,,0,20.0,30.0,45.0,0,3,,,,,,21:48
2220260603030004,maebashi,2026-06-05,4,,,,,,5,布居 寛幸,和歌山,52,72,A1,追,3.92,83.33,,0,8.3,16.6,33.3,0,0,,,,,,21:48
2220260603030004,maebashi,2026-06-05,4,,,,,,6,井田 晶之  三,重,34,113,A1,両,3.92,82.2,,0,4.0,12.0,28.0,2,1,,,,,,21:48
2220260603030004,maebashi,2026-06-05,4,,,,,,7,佐藤 謙  栃,木,40,90,A2,追,3.93,81.94,,0,5.2,15.7,31.5,0,0,,,,,,21:48
2220260603030005,maebashi,2026-06-05,5,,,,,,1,小野 裕次  千,葉,37,95,A1,追,3.92,89.95,,0,20.8,41.6,70.8,0,0,,,,,,22:13
2220260603030005,maebashi,2026-06-05,5,,,,,,2,松田 安綱  大,阪,24,127,A2,逃,3.93,86.95,,0,29.1,37.5,62.5,6,1,,,,,,22:13
2220260603030005,maebashi,2026-06-05,5,,,,,,3,宮司 周郎  愛,知,49,82,A1,追,3.92,86.55,,0,5.2,47.3,57.8,0,0,,,,,,22:13
2220260603030005,maebashi,2026-06-05,5,,,,,,4,金子 周一郎  埼,玉,49,78,A1,追,3.92,85.53,,0,0.0,26.6,46.6,0,0,,,,,,22:13
2220260603030005,maebashi,2026-06-05,5,,,,,,5,八嶋 稔真,神奈川,30,113,A2,逃,3.92,83.95,,0,19.0,28.5,42.8,2,2,,,,,,22:13
2220260603030005,maebashi,2026-06-05,5,,,,,,6,高橋 健太  静,岡,48,80,A2,追,3.92,82.37,,0,3.7,11.1,22.2,0,0,,,,,,22:13
2220260603030005,maebashi,2026-06-05,5,,,,,,7,中山 拓人  埼,玉,26,121,A1,逃,3.92,80.26,,0,0.0,0.0,13.3,0,0,,,,,,22:13
2220260603030006,maebashi,2026-06-05,6,,,,,,1,松坂 英司,神奈川,51,82,A1,追,3.92,88.93,,0,0.0,6.6,33.3,0,0,,,,,,22:40
2220260603030006,maebashi,2026-06-05,6,,,,,,2,添田 龍児,神奈川,25,121,A1,逃,3.92,87.96,,0,14.8,40.7,55.5,5,5,,,,,,22:40
2220260603030006,maebashi,2026-06-05,6,,,,,,3,鹿内 翔  青,森,40,95,A1,追,3.92,87.9,,0,9.5,33.3,52.3,0,0,,,,,,22:40
2220260603030006,maebashi,2026-06-05,6,,,,,,4,土岐 幹多  岐,阜,46,83,A1,追,3.92,85.56,,0,0.0,8.6,34.7,0,0,,,,,,22:40
2220260603030006,maebashi,2026-06-05,6,,,,,,5,東 鉄也  三,重,45,88,A2,両,3.92,85.0,,0,28.5,28.5,33.3,0,1,,,,,,22:40
2220260603030006,maebashi,2026-06-05,6,,,,,,6,荻野 哲,神奈川,52,75,A2,追,3.92,83.55,,0,5.2,26.3,31.5,0,0,,,,,,22:40
2220260603030006,maebashi,2026-06-05,6,,,,,,7,高橋 大輝  秋,田,32,111,A1,両,3.92,81.79,,0,8.3,25.0,45.8,1,3,,,,,,22:40
2220260603030007,maebashi,2026-06-05,7,,,,,,1,吉田 勇人  埼,玉,47,86,A1,追,3.92,91.2,,0,10.0,35.0,55.0,0,0,,,,,,23:07
2220260603030007,maebashi,2026-06-05,7,,,,,,2,川田 真也  埼,玉,25,125,A2,逃,3.85,91.19,,0,42.8,66.6,71.4,11,3,,,,,,23:07
2220260603030007,maebashi,2026-06-05,7,,,,,,3,関根 健太郎,神奈川,35,100,A1,両,3.92,91.0,,0,7.4,25.9,55.5,0,1,,,,,,23:07
2220260603030007,maebashi,2026-06-05,7,,,,,,4,出口 謙一郎  岐,阜,27,123,A1,逃,3.92,90.35,,0,33.3,42.8,47.6,5,3,,,,,,23:07
2220260603030007,maebashi,2026-06-05,7,,,,,,5,大橋 徹  栃,木,53,72,A1,追,3.92,87.25,,0,25.0,37.5,50.0,0,0,,,,,,23:07
2220260603030007,maebashi,2026-06-05,7,,,,,,6,田中 秀治  岐,阜,48,82,A2,追,3.93,86.69,,0,13.0,30.4,52.1,0,0,,,,,,23:07
2220260603030007,maebashi,2026-06-05,7,,,,,,7,菊池 竣太朗  静,岡,29,111,A1,両,3.92,0.0,,0,0.0,0.0,0.0,0,0,,,,,,23:07
2520260605010001,omiya,2026-06-05,1,×1 ▲5 △2 注6 ◎3 ○7,,,,,1,中井 修  滋,賀,56,75,A3,両,3.92,71.47,×,1,19.0,28.5,47.6,0,1,,,,,,08:25
2520260605010001,omiya,2026-06-05,1,×1 ▲5 △2 注6 ◎3 ○7,,,,,2,櫻井 宏樹  東,京,37,98,A3,両,3.92,69.5,△,4,14.2,35.7,35.7,1,1,,,,,,08:25
2520260605010001,omiya,2026-06-05,1,×1 ▲5 △2 注6 ◎3 ○7,,,,,3,角田 吏  福,島,23,127,A3,逃,3.92,76.06,◎,6,46.6,60.0,73.3,2,7,,,,,,08:25
2520260605010001,omiya,2026-06-05,1,×1 ▲5 △2 注6 ◎3 ○7,,,,,4,石井 孝  千,葉,54,68,A3,追,3.85,69.08,,0,4.1,16.6,41.6,0,0,,,,,,08:25
2520260605010001,omiya,2026-06-05,1,×1 ▲5 △2 注6 ◎3 ○7,,,,,5,中川 博文  福,井,58,61,A3,追,3.93,67.04,▲,3,4.1,16.6,29.1,0,0,,,,,,08:25
2520260605010001,omiya,2026-06-05,1,×1 ▲5 △2 注6 ◎3 ○7,,,,,6,駒井 大輔  東,京,51,98,A3,両,3.93,66.4,注,2,9.0,18.1,18.1,1,1,,,,,,08:25
2520260605010001,omiya,2026-06-05,1,×1 ▲5 △2 注6 ◎3 ○7,,,,,7,小田桐 義継,北海道,48,81,A3,追,3.92,73.47,○,5,5.0,20.0,60.0,0,0,,,,,,08:25
2520260605010002,omiya,2026-06-05,2,◎5 ○2 ▲7 注6 ×1 △4,,,,,1,沼川 夢久  群,馬,51,81,A3,追,3.92,67.85,,0,0.0,14.2,33.3,1,0,,,,,,08:45
2520260605010002,omiya,2026-06-05,2,◎5 ○2 ▲7 注6 ×1 △4,,,,,2,中村 賢二  愛,知,43,97,A3,追,3.92,73.61,○,5,40.9,50.0,63.6,1,1,,,,,,08:45
2520260605010002,omiya,2026-06-05,2,◎5 ○2 ▲7 注6 ×1 △4,,,,,3,真船 拓磨  福,島,40,96,A3,追,3.92,71.23,△,4,9.5,19.0,52.3,0,0,,,,,,08:45
2520260605010002,omiya,2026-06-05,2,◎5 ○2 ▲7 注6 ×1 △4,,,,,4,渡邉 正人  福,島,35,100,A3,逃,3.86,70.05,×,1,15.0,25.0,40.0,0,2,,,,,,08:45
2520260605010002,omiya,2026-06-05,2,◎5 ○2 ▲7 注6 ×1 △4,,,,,5,谷本 奨輝  岐,阜,31,107,A3,両,3.86,77.91,◎,6,37.5,79.1,83.3,4,1,,,,,,08:45
2520260605010002,omiya,2026-06-05,2,◎5 ○2 ▲7 注6 ×1 △4,,,,,6,藤本 龍也  長,野,42,98,A3,両,3.92,67.33,注,2,6.6,13.3,26.6,2,0,,,,,,08:45
2520260605010002,omiya,2026-06-05,2,◎5 ○2 ▲7 注6 ×1 △4,,,,,7,柴田 昌樹  愛,知,50,79,A3,追,3.92,67.85,▲,3,7.4,18.5,29.6,0,0,,,,,,08:45
2520260605010003,omiya,2026-06-05,3,◎1 ○4 ×6 △7 ▲2 注3,,,,,1,中 秀平,神奈川,27,127,A3,逃,3.85,74.45,◎,6,33.3,50.0,66.6,8,3,,,,,,09:05
2520260605010003,omiya,2026-06-05,3,◎1 ○4 ×6 △7 ▲2 注3,,,,,2,林 洋二  岐,阜,50,82,A3,追,3.92,71.11,△,4,0.0,14.8,37.0,0,0,,,,,,09:05
2520260605010003,omiya,2026-06-05,3,◎1 ○4 ×6 △7 ▲2 注3,,,,,3,矢田 晋  福,岡,48,94,A3,両,3.92,67.91,▲,3,0.0,17.3,21.7,0,2,,,,,,09:05
2520260605010003,omiya,2026-06-05,3,◎1 ○4 ×6 △7 ▲2 注3,,,,,4,藤光 健一  東,京,56,63,A3,追,3.92,68.19,○,5,0.0,4.7,19.0,0,0,,,,,,09:05
2520260605010003,omiya,2026-06-05,3,◎1 ○4 ×6 △7 ▲2 注3,,,,,5,徳吉 正治  福,岡,43,89,A3,両,3.92,70.66,注,2,16.6,37.5,41.6,0,0,,,,,,09:05
2520260605010003,omiya,2026-06-05,3,◎1 ○4 ×6 △7 ▲2 注3,,,,,6,吉田 昌弘  埼,玉,41,97,A3,追,3.92,67.71,,0,14.2,14.2,14.2,0,0,,,,,,09:05
2520260605010003,omiya,2026-06-05,3,◎1 ○4 ×6 △7 ▲2 注3,,,,,7,辻 力  石,川,52,71,A3,追,3.93,70.33,×,1,22.2,37.0,48.1,2,2,,,,,,09:05
2520260605010004,omiya,2026-06-05,4,◎1 ○7 ×3 △2 注5 ▲4,,,,,1,邊見 祐太  新,潟,30,119,A3,逃,3.92,77.3,◎,6,47.6,71.4,80.9,9,3,,,,,,09:25
2520260605010004,omiya,2026-06-05,4,◎1 ○7 ×3 △2 注5 ▲4,,,,,2,安達 豪太  兵,庫,33,127,A3,逃,3.92,71.11,×,1,23.5,58.8,64.7,8,1,,,,,,09:25
2520260605010004,omiya,2026-06-05,4,◎1 ○7 ×3 △2 注5 ▲4,,,,,3,長岡 豪  群,馬,43,91,A3,追,3.92,67.77,,0,0.0,0.0,27.2,0,0,,,,,,09:25
2520260605010004,omiya,2026-06-05,4,◎1 ○7 ×3 △2 注5 ▲4,,,,,4,加藤 正法  愛,知,37,96,A3,追,3.86,69.5,注,2,4.1,20.8,37.5,0,1,,,,,,09:25
2520260605010004,omiya,2026-06-05,4,◎1 ○7 ×3 △2 注5 ▲4,,,,,5,川本 恵二  兵,庫,51,78,A3,追,3.92,70.04,△,4,12.5,25.0,37.5,0,0,,,,,,09:25
2520260605010004,omiya,2026-06-05,4,◎1 ○7 ×3 △2 注5 ▲4,,,,,6,三登 誉哲  広,島,39,100,A3,両,3.92,66.8,▲,3,0.0,0.0,20.0,0,0,,,,,,09:25
2520260605010004,omiya,2026-06-05,4,◎1 ○7 ×3 △2 注5 ▲4,,,,,7,内海 雅夫  群,馬,47,83,A3,追,3.92,73.05,○,5,5.0,20.0,50.0,0,0,,,,,,09:25
2520260605010005,omiya,2026-06-05,5,◎3 ○2 注7 ×1 △4 ▲5,,,,,1,大室 翔  岡,山,34,107,A3,逃,3.93,70.33,×,1,14.2,33.3,52.3,4,1,,,,,,09:45
2520260605010005,omiya,2026-06-05,5,◎3 ○2 注7 ×1 △4 ▲5,,,,,2,市川 博章  静,岡,49,80,A3,追,3.93,70.95,○,5,0.0,20.8,45.8,0,0,,,,,,09:45
2520260605010005,omiya,2026-06-05,5,◎3 ○2 注7 ×1 △4 ▲5,,,,,3,森 飛龍  静,岡,22,127,A3,逃,3.85,74.75,◎,6,27.7,55.5,66.6,8,2,,,,,,09:45
2520260605010005,omiya,2026-06-05,5,◎3 ○2 注7 ×1 △4 ▲5,,,,,4,檀 雄二  福,岡,58,66,A3,追,3.92,71.25,△,4,12.5,25.0,56.2,0,0,,,,,,09:45
2520260605010005,omiya,2026-06-05,5,◎3 ○2 注7 ×1 △4 ▲5,,,,,5,横瀬 聡  福,岡,54,69,A3,追,3.92,66.8,,0,7.6,11.5,26.9,0,0,,,,,,09:45
2520260605010005,omiya,2026-06-05,5,◎3 ○2 注7 ×1 △4 ▲5,,,,,6,佐藤 裕輝  福,島,35,98,A3,逃,3.92,66.78,▲,3,6.6,20.0,20.0,0,0,,,,,,09:45
2520260605010005,omiya,2026-06-05,5,◎3 ○2 注7 ×1 △4 ▲5,,,,,7,野崎 修一  栃,木,63,57,A3,追,3.92,68.85,注,2,9.5,14.2,38.0,0,0,,,,,,09:45
2520260605010006,omiya,2026-06-05,6,◎4 ○1 注5 ×6 △2 ▲7,,,,,1,神開 将暢  福,岡,53,69,A3,追,3.92,75.55,○,5,5.5,61.1,72.2,0,0,,,,,,10:05
2520260605010006,omiya,2026-06-05,6,◎4 ○1 注5 ×6 △2 ▲7,,,,,2,奈良 基  宮,城,44,109,A3,両,3.85,70.93,×,1,26.6,33.3,53.3,1,2,,,,,,10:05
2520260605010006,omiya,2026-06-05,6,◎4 ○1 注5 ×6 △2 ▲7,,,,,3,田中 智也  静,岡,53,74,A3,追,3.92,69.26,▲,3,0.0,0.0,36.8,0,0,,,,,,10:05
2520260605010006,omiya,2026-06-05,6,◎4 ○1 注5 ×6 △2 ▲7,,,,,4,下山 聖斗,鹿児島,24,127,A3,逃,3.92,78.4,◎,6,66.6,85.1,88.8,11,12,,,,,,10:05
2520260605010006,omiya,2026-06-05,6,◎4 ○1 注5 ×6 △2 ▲7,,,,,5,秋永 昂人  福,岡,39,98,A3,両,3.86,67.79,注,2,4.0,24.0,40.0,0,0,,,,,,10:05
2520260605010006,omiya,2026-06-05,6,◎4 ○1 注5 ×6 △2 ▲7,,,,,6,齋藤 仁  徳,島,46,83,A3,追,3.92,66.96,,0,3.8,15.3,30.7,0,0,,,,,,10:05
2520260605010006,omiya,2026-06-05,6,◎4 ○1 注5 ×6 △2 ▲7,,,,,7,安坂 洋一,神奈川,50,79,A3,追,3.92,69.65,△,4,0.0,13.3,36.6,0,0,,,,,,10:05
2520260605010007,omiya,2026-06-05,7,◎1 ○3 注5 ▲4 ×2 △7,,,,,1,杉浦 颯太,北海道,21,127,A3,逃,3.85,79.34,◎,6,83.3,91.6,95.8,16,6,,,,,,10:25
2520260605010007,omiya,2026-06-05,7,◎1 ○3 注5 ▲4 ×2 △7,,,,,2,森 佑樹  岡,山,40,94,A3,逃,3.92,70.07,×,1,22.2,48.1,51.8,9,4,,,,,,10:25
2520260605010007,omiya,2026-06-05,7,◎1 ○3 注5 ▲4 ×2 △7,,,,,3,鈴木 孝征  埼,玉,53,75,A3,追,3.92,74.44,○,5,27.7,38.8,66.6,0,0,,,,,,10:25
2520260605010007,omiya,2026-06-05,7,◎1 ○3 注5 ▲4 ×2 △7,,,,,4,藤田 晃英  千,葉,50,76,A3,追,3.86,68.19,▲,3,0.0,0.0,28.5,0,0,,,,,,10:25
2520260605010007,omiya,2026-06-05,7,◎1 ○3 注5 ▲4 ×2 △7,,,,,5,長谷川 辰徳  埼,玉,45,89,A3,追,3.86,64.81,注,2,0.0,0.0,12.5,0,0,,,,,,10:25
2520260605010007,omiya,2026-06-05,7,◎1 ○3 注5 ▲4 ×2 △7,,,,,6,梶應 弘樹  愛,媛,60,57,A3,追,3.85,61.78,,0,0.0,0.0,0.0,0,0,,,,,,10:25
2520260605010007,omiya,2026-06-05,7,◎1 ○3 注5 ▲4 ×2 △7,,,,,7,田村 光昭  広,島,54,67,A3,追,3.92,69.87,△,4,8.3,16.6,41.6,0,0,,,,,,10:25
3520260603030001,hiratsuka,2026-06-05,1,,,,,,1,岡本 二菜  東,京,28,118,L1,両,3.77,53.75,,0,12.5,50.0,81.2,2,3,,,,,,20:44
3520260603030001,hiratsuka,2026-06-05,1,,,,,,2,永塚 祐子,神奈川,40,118,L1,両,3.77,51.76,,0,4.7,23.8,42.8,2,0,,,,,,20:44
3520260603030001,hiratsuka,2026-06-05,1,,,,,,3,杉浦 菜留  愛,知,25,118,L1,両,3.79,48.89,,0,5.2,15.7,15.7,0,1,,,,,,20:44
3520260603030001,hiratsuka,2026-06-05,1,,,,,,4,梶原 百香  福,岡,28,114,L1,両,3.77,48.72,,0,5.5,16.6,33.3,0,1,,,,,,20:44
3520260603030001,hiratsuka,2026-06-05,1,,,,,,5,伊藤 優里  三,重,21,126,L1,両,3.77,47.88,,0,5.5,22.2,27.7,2,0,,,,,,20:44
3520260603030002,hiratsuka,2026-06-05,2,,,,,,1,小林 宏年  静,岡,60,55,A3,追,3.92,69.33,,0,10.0,10.0,40.0,0,1,,,,,,21:08
3520260603030002,hiratsuka,2026-06-05,2,,,,,,2,服部 竜二  愛,知,54,76,A3,追,3.92,69.16,,0,11.1,11.1,27.7,0,0,,,,,,21:08
3520260603030002,hiratsuka,2026-06-05,2,,,,,,3,南 蓮,和歌山,27,115,A3,追,3.93,69.11,,0,5.5,11.1,27.7,0,0,,,,,,21:08
3520260603030002,hiratsuka,2026-06-05,2,,,,,,4,瀧本 匡平  愛,知,41,97,A3,両,3.92,69.03,,0,26.9,38.4,46.1,1,8,,,,,,21:08
3520260603030002,hiratsuka,2026-06-05,2,,,,,,5,三浦 綾  宮,城,34,105,A3,逃,3.92,68.33,,0,11.1,22.2,27.7,1,2,,,,,,21:08
3520260603030003,hiratsuka,2026-06-05,3,,,,,,1,小泉 俊也  静,岡,50,77,A3,両,3.93,70.57,,0,19.2,46.1,61.5,7,3,,,,,,21:32
3520260603030003,hiratsuka,2026-06-05,3,,,,,,2,志村 正洋,神奈川,51,77,A3,追,3.85,70.56,,0,7.6,26.9,46.1,0,0,,,,,,21:32
3520260603030003,hiratsuka,2026-06-05,3,,,,,,3,杉浦 康一,北海道,61,58,A3,追,3.92,68.79,,0,16.6,25.0,45.8,0,0,,,,,,21:32
3520260603030003,hiratsuka,2026-06-05,3,,,,,,4,岡田 大門  愛,知,44,87,A3,両,3.85,67.78,,0,10.5,21.0,31.5,1,2,,,,,,21:32
3520260603030003,hiratsuka,2026-06-05,3,,,,,,5,吉竹 雄城  千,葉,36,99,A3,追,3.92,61.52,,0,0.0,0.0,0.0,0,0,,,,,,21:32
3520260603030004,hiratsuka,2026-06-05,4,,,,,,1,斎藤 敦  大,阪,39,103,A3,逃,3.92,71.92,,0,23.0,38.4,53.8,4,0,,,,,,21:56
3520260603030004,hiratsuka,2026-06-05,4,,,,,,2,亀井 道佳  宮,城,48,83,A3,追,3.92,71.83,,0,4.1,16.6,41.6,0,0,,,,,,21:56
3520260603030004,hiratsuka,2026-06-05,4,,,,,,3,鈴木 広人,神奈川,42,99,A3,両,3.93,71.33,,0,32.1,50.0,53.5,1,8,,,,,,21:56
3520260603030004,hiratsuka,2026-06-05,4,,,,,,4,眞原 健一,神奈川,53,69,A3,追,3.92,69.75,,0,5.8,23.5,47.0,0,0,,,,,,21:56
3520260603030004,hiratsuka,2026-06-05,4,,,,,,5,伊藤 翼,神奈川,40,94,A3,両,3.92,69.54,,0,29.1,33.3,33.3,6,1,,,,,,21:56
3520260603030004,hiratsuka,2026-06-05,4,,,,,,6,元砂 海人  奈,良,36,113,A3,両,3.92,69.2,,0,13.3,26.6,33.3,0,0,,,,,,21:56
3520260603030004,hiratsuka,2026-06-05,4,,,,,,7,高森 圭介  栃,木,49,83,A3,追,3.92,67.36,,0,16.0,20.0,24.0,0,0,,,,,,21:56
3520260603030005,hiratsuka,2026-06-05,5,,,,,,1,福森 慎太郎  千,葉,49,84,A3,逃,3.92,72.72,,0,27.2,45.4,63.6,6,3,,,,,,22:22
3520260603030005,hiratsuka,2026-06-05,5,,,,,,2,佐藤 純嘉  青,森,43,94,A3,追,3.92,71.22,,0,0.0,22.2,33.3,0,0,,,,,,22:22
3520260603030005,hiratsuka,2026-06-05,5,,,,,,3,堀内 昇  茨,城,38,95,A3,両,3.93,70.42,,0,14.2,28.5,47.6,3,0,,,,,,22:22
3520260603030005,hiratsuka,2026-06-05,5,,,,,,4,高木 隆弘,神奈川,57,64,A3,追,3.92,70.3,,0,0.0,7.6,38.4,0,0,,,,,,22:22
3520260603030005,hiratsuka,2026-06-05,5,,,,,,5,富澤 洋祐  静,岡,50,81,A3,追,3.92,68.94,,0,5.8,11.7,29.4,0,0,,,,,,22:22
3520260603030005,hiratsuka,2026-06-05,5,,,,,,6,水野 悟志  静,岡,42,94,A3,追,3.92,68.71,,0,4.7,19.0,33.3,0,0,,,,,,22:22
3520260603030005,hiratsuka,2026-06-05,5,,,,,,7,高橋 由記  群,馬,46,88,A3,追,3.92,68.12,,0,8.3,16.6,29.1,0,0,,,,,,22:22
3520260603030006,hiratsuka,2026-06-05,6,,,,,,1,小林 莉子  東,京,33,102,L1,両,3.77,56.85,,0,66.6,80.9,95.2,0,4,,,,,,22:49
3520260603030006,hiratsuka,2026-06-05,6,,,,,,2,大浦 彩瑛,神奈川,30,126,L1,逃,3.79,56.13,,0,59.0,77.2,81.8,2,14,,,,,,22:49
3520260603030006,hiratsuka,2026-06-05,6,,,,,,3,高木 萌那  福,岡,22,126,L1,逃,3.79,55.13,,0,31.8,59.0,86.3,1,7,,,,,,22:49
3520260603030006,hiratsuka,2026-06-05,6,,,,,,4,下条 未悠  富,山,25,118,L1,両,3.77,54.08,,0,45.8,58.3,70.8,3,10,,,,,,22:49
3520260603030006,hiratsuka,2026-06-05,6,,,,,,5,高尾 貴美歌  長,崎,26,116,L1,両,3.77,53.9,,0,23.8,66.6,80.9,0,4,,,,,,22:49
3520260603030006,hiratsuka,2026-06-05,6,,,,,,6,鈴木 美教  静,岡,31,112,L1,両,3.77,50.72,,0,5.2,21.0,47.3,1,0,,,,,,22:49
3520260603030006,hiratsuka,2026-06-05,6,,,,,,7,加瀬 加奈子  新,潟,46,102,L1,逃,3.77,48.28,,0,0.0,14.2,28.5,2,1,,,,,,22:49
3520260603030007,hiratsuka,2026-06-05,7,,,,,,1,楠野 史尭  埼,玉,37,105,A3,両,3.92,78.83,,0,54.1,87.5,100.0,8,1,,,,,,23:16
3520260603030007,hiratsuka,2026-06-05,7,,,,,,2,水澤 秀哉  千,葉,22,127,A3,逃,3.92,78.8,,0,76.1,85.7,95.2,15,3,,,,,,23:16
3520260603030007,hiratsuka,2026-06-05,7,,,,,,3,辻田 祥大  三,重,23,127,A3,逃,3.93,76.11,,0,44.4,66.6,77.7,4,2,,,,,,23:16
3520260603030007,hiratsuka,2026-06-05,7,,,,,,4,大澤 裕之  埼,玉,53,71,A3,追,3.92,74.14,,0,0.0,42.8,61.9,0,0,,,,,,23:16
3520260603030007,hiratsuka,2026-06-05,7,,,,,,5,堀 勝政  群,馬,48,83,A3,追,3.92,73.59,,0,14.2,33.3,52.3,0,0,,,,,,23:16
3520260603030007,hiratsuka,2026-06-05,7,,,,,,6,五輪 拓巳  東,京,27,127,A3,逃,3.92,72.75,,0,33.3,33.3,50.0,3,1,,,,,,23:16
3520260603030007,hiratsuka,2026-06-05,7,,,,,,7,武田 和也  奈,良,38,92,A3,両,3.92,72.38,,0,14.2,47.6,57.1,4,0,,,,,,23:16
4320260604020001,gifu,2026-06-05,1,△3 ×2 ◎1 ○4 注5 ▲6,,,,,1,萩原 瑞生  群,馬,30,122,L1,追,3.77,46.64,,0,0.0,0.0,11.7,0,0,,,,,,08:35
4320260604020001,gifu,2026-06-05,1,△3 ×2 ◎1 ○4 注5 ▲6,,,,,2,渡口 まりあ  山,口,31,114,L1,両,3.77,50.25,×,1,0.0,25.0,41.6,1,1,,,,,,08:35
4320260604020001,gifu,2026-06-05,1,△3 ×2 ◎1 ○4 注5 ▲6,,,,,3,橋本 佳耶  熊,本,30,114,L1,両,3.79,49.84,△,4,5.2,26.3,52.6,1,0,,,,,,08:35
4320260604020001,gifu,2026-06-05,1,△3 ×2 ◎1 ○4 注5 ▲6,,,,,4,藤田 まりあ  埼,玉,26,116,L1,両,3.77,54.66,◎,6,50.0,61.1,77.7,0,3,,,,,,08:35
4320260604020001,gifu,2026-06-05,1,△3 ×2 ◎1 ○4 注5 ▲6,,,,,5,又多 風緑  石,川,24,122,L1,両,3.77,52.33,○,5,8.3,29.1,58.3,2,2,,,,,,08:35
4320260604020001,gifu,2026-06-05,1,△3 ×2 ◎1 ○4 注5 ▲6,,,,,6,佐々木 綾  東,京,26,116,L1,両,3.79,48.88,注,2,3.7,18.5,33.3,0,1,,,,,,08:35
4320260604020001,gifu,2026-06-05,1,△3 ×2 ◎1 ○4 注5 ▲6,,,,,7,金田 舞夏  福,岡,23,124,L1,両,3.77,47.91,▲,3,4.1,12.5,29.1,0,2,,,,,,08:35
4320260604020002,gifu,2026-06-05,2,×2 ▲1 ◎3 注4 △5 ○6,,,,,1,濱田 芽生  福,井,23,126,L1,両,3.77,45.0,▲,3,0.0,3.8,7.6,0,0,,,,,,08:55
4320260604020002,gifu,2026-06-05,2,×2 ▲1 ◎3 注4 △5 ○6,,,,,2,安東 莉奈  大,分,25,122,L1,追,3.71,52.33,×,1,4.7,42.8,61.9,1,1,,,,,,08:55
4320260604020002,gifu,2026-06-05,2,×2 ▲1 ◎3 注4 △5 ○6,,,,,3,坂口 楓華  愛,知,28,112,L1,両,3.79,56.26,◎,6,53.3,73.3,86.6,4,5,,,,,,08:55
4320260604020002,gifu,2026-06-05,2,×2 ▲1 ◎3 注4 △5 ○6,,,,,4,渡辺 ゆかり  山,梨,45,102,L1,追,3.71,44.65,,0,0.0,0.0,4.3,0,0,,,,,,08:55
4320260604020002,gifu,2026-06-05,2,×2 ▲1 ◎3 注4 △5 ○6,,,,,5,高崎 千賀,神奈川,32,128,L1,両,3.77,47.06,注,2,0.0,6.6,26.6,0,0,,,,,,08:55
4320260604020002,gifu,2026-06-05,2,×2 ▲1 ◎3 注4 △5 ○6,,,,,6,伊澤 茉那  千,葉,29,126,L1,両,3.77,51.3,△,4,4.7,33.3,47.6,2,1,,,,,,08:55
4320260604020002,gifu,2026-06-05,2,×2 ▲1 ◎3 注4 △5 ○6,,,,,7,元砂 七夕美  奈,良,30,108,L1,両,3.79,53.83,○,5,0.0,50.0,66.6,0,0,,,,,,08:55
4320260604020003,gifu,2026-06-05,3,△6 注2 ▲3 ×1 ◎4 ○5,,,,,1,松本 琢也  兵,庫,42,95,A3,両,3.92,68.7,×,1,18.1,27.2,36.3,0,1,,,,,,09:15
4320260604020003,gifu,2026-06-05,3,△6 注2 ▲3 ×1 ◎4 ○5,,,,,2,遠澤 健二,神奈川,61,57,A3,追,3.92,68.0,注,2,0.0,25.0,25.0,0,0,,,,,,09:15
4320260604020003,gifu,2026-06-05,3,△6 注2 ▲3 ×1 ◎4 ○5,,,,,3,黒瀬 浩一  静,岡,60,57,A3,追,3.92,65.12,▲,3,0.0,12.5,12.5,0,0,,,,,,09:15
4320260604020003,gifu,2026-06-05,3,△6 注2 ▲3 ×1 ◎4 ○5,,,,,4,樋口 有樹郎  兵,庫,37,98,A3,両,3.93,66.82,◎,6,7.1,25.0,32.1,1,0,,,,,,09:15
4320260604020003,gifu,2026-06-05,3,△6 注2 ▲3 ×1 ◎4 ○5,,,,,5,高野 輝彰  愛,知,50,83,A3,追,3.86,66.79,○,5,4.1,8.3,25.0,0,0,,,,,,09:15
4320260604020003,gifu,2026-06-05,3,△6 注2 ▲3 ×1 ◎4 ○5,,,,,6,吉澤 賢  千,葉,47,94,A3,追,3.92,67.37,△,4,0.0,12.0,24.0,0,0,,,,,,09:15
4320260604020004,gifu,2026-06-05,4,×1 注6 ▲5 ○3 ◎2 △7,,,,,1,鈴木 裕斗  宮,城,35,99,A3,両,3.92,66.16,×,1,16.6,16.6,16.6,0,0,,,,,,09:35
4320260604020004,gifu,2026-06-05,4,×1 注6 ▲5 ○3 ◎2 △7,,,,,2,平川 公一  大,阪,48,86,A3,両,3.86,65.88,○,5,0.0,14.8,18.5,0,1,,,,,,09:35
4320260604020004,gifu,2026-06-05,4,×1 注6 ▲5 ○3 ◎2 △7,,,,,3,中山 善仁  新,潟,52,73,A3,追,3.92,64.75,▲,3,0.0,4.1,8.3,0,0,,,,,,09:35
4320260604020004,gifu,2026-06-05,4,×1 注6 ▲5 ○3 ◎2 △7,,,,,4,柳澤 達也  兵,庫,54,72,A3,追,3.92,66.3,△,4,0.0,4.3,21.7,0,0,,,,,,09:35
4320260604020004,gifu,2026-06-05,4,×1 注6 ▲5 ○3 ◎2 △7,,,,,5,村上 順規  新,潟,49,80,A3,追,3.85,67.0,注,2,4.1,12.5,25.0,0,1,,,,,,09:35
4320260604020004,gifu,2026-06-05,4,×1 注6 ▲5 ○3 ◎2 △7,,,,,6,齋藤 明,北海道,59,61,A3,追,3.92,63.0,,0,0.0,0.0,5.5,0,0,,,,,,09:35
4320260604020004,gifu,2026-06-05,4,×1 注6 ▲5 ○3 ◎2 △7,,,,,7,永橋 武司  大,阪,43,90,A3,両,3.93,69.06,◎,6,12.5,25.0,43.7,0,2,,,,,,09:35
4320260604020005,gifu,2026-06-05,5,◎7 ○4 ▲1 ×2 注5 △3,,,,,1,法月 成祐,神奈川,52,77,A3,追,3.92,72.54,▲,3,8.3,33.3,50.0,0,0,,,,,,09:55
4320260604020005,gifu,2026-06-05,5,◎7 ○4 ▲1 ×2 注5 △3,,,,,2,井坂 泰誓  大,阪,31,115,A3,両,3.92,72.11,×,1,33.3,44.4,51.8,5,6,,,,,,09:55
4320260604020005,gifu,2026-06-05,5,◎7 ○4 ▲1 ×2 注5 △3,,,,,3,磯村 蓮太  愛,知,29,115,A3,逃,3.93,68.85,△,4,4.7,19.0,28.5,1,1,,,,,,09:55
4320260604020005,gifu,2026-06-05,5,◎7 ○4 ▲1 ×2 注5 △3,,,,,4,村本 慎吾  静,岡,44,94,A3,追,3.92,73.62,○,5,7.4,25.9,55.5,0,0,,,,,,09:55
4320260604020005,gifu,2026-06-05,5,◎7 ○4 ▲1 ×2 注5 △3,,,,,5,南 大輔  京,都,51,76,A3,追,3.92,71.22,注,2,0.0,26.3,52.6,0,0,,,,,,09:55
4320260604020005,gifu,2026-06-05,5,◎7 ○4 ▲1 ×2 注5 △3,,,,,6,花村 直人  三,重,56,71,A3,両,3.92,67.03,,0,0.0,7.4,29.6,0,0,,,,,,09:55
4320260604020005,gifu,2026-06-05,5,◎7 ○4 ▲1 ×2 注5 △3,,,,,7,秋山 太洋  東,京,25,127,A3,逃,3.92,78.16,◎,6,58.3,70.8,87.5,6,10,,,,,,09:55
4320260604020006,gifu,2026-06-05,6,×7 注5 ◎1 ○4 △2 ▲3,,,,,1,小林 高志  東,京,52,79,A3,追,3.92,67.72,,0,0.0,9.0,27.2,0,0,,,,,,10:15
4320260604020006,gifu,2026-06-05,6,×7 注5 ◎1 ○4 △2 ▲3,,,,,2,薮 謙治  京,都,48,83,A3,追,3.92,73.66,○,5,15.7,42.1,63.1,0,0,,,,,,10:15
4320260604020006,gifu,2026-06-05,6,×7 注5 ◎1 ○4 △2 ▲3,,,,,3,大澤 哉太,北海道,38,95,A3,両,3.92,72.61,△,4,9.5,38.0,52.3,1,0,,,,,,10:15
4320260604020006,gifu,2026-06-05,6,×7 注5 ◎1 ○4 △2 ▲3,,,,,4,真木 寛斗  愛,知,23,127,A3,逃,3.92,78.7,◎,6,62.9,81.4,96.2,18,3,,,,,,10:15
4320260604020006,gifu,2026-06-05,6,×7 注5 ◎1 ○4 △2 ▲3,,,,,5,浦山 一栄  東,京,54,72,A3,両,3.93,68.48,注,2,14.8,25.9,33.3,4,1,,,,,,10:15
4320260604020006,gifu,2026-06-05,6,×7 注5 ◎1 ○4 △2 ▲3,,,,,6,江本 博明  千,葉,45,90,A3,追,3.92,67.27,▲,3,0.0,9.0,36.3,0,0,,,,,,10:15
4320260604020006,gifu,2026-06-05,6,×7 注5 ◎1 ○4 △2 ▲3,,,,,7,織茂 雄一郎  山,梨,28,125,A3,両,3.92,74.25,×,1,18.1,36.3,54.5,2,3,,,,,,10:15
4320260604020007,gifu,2026-06-05,7,◎1 ○4 △6 ▲5 ×2 注3,,,,,1,土生 智徳  大,阪,29,127,A3,逃,3.92,76.86,◎,6,50.0,73.3,80.0,11,10,,,,,,10:35
4320260604020007,gifu,2026-06-05,7,◎1 ○4 △6 ▲5 ×2 注3,,,,,2,相澤 恵一  宮,城,39,95,A3,追,3.92,69.9,▲,3,0.0,9.0,27.2,0,0,,,,,,10:35
4320260604020007,gifu,2026-06-05,7,◎1 ○4 △6 ▲5 ×2 注3,,,,,3,菱沼 元樹  埼,玉,31,111,A3,逃,3.85,73.37,×,1,22.2,40.7,55.5,9,2,,,,,,10:35
4320260604020007,gifu,2026-06-05,7,◎1 ○4 △6 ▲5 ×2 注3,,,,,4,塚本 貴雄  岐,阜,55,70,A3,追,3.92,71.9,○,5,8.6,30.4,56.5,0,0,,,,,,10:35
4320260604020007,gifu,2026-06-05,7,◎1 ○4 △6 ▲5 ×2 注3,,,,,5,小林 寛弥  静,岡,38,101,A3,逃,3.85,68.41,△,4,12.5,29.1,37.5,5,1,,,,,,10:35
4320260604020007,gifu,2026-06-05,7,◎1 ○4 △6 ▲5 ×2 注3,,,,,6,伊藤 嘉浩  岐,阜,49,79,A3,両,3.92,67.56,,0,8.3,12.5,33.3,1,0,,,,,,10:35
4320260604020007,gifu,2026-06-05,7,◎1 ○4 △6 ▲5 ×2 注3,,,,,7,齋藤 昌弘  群,馬,44,90,A3,追,3.85,72.06,注,2,0.0,31.2,56.2,0,0,,,,,,10:35
4520260603030001,toyohashi,2026-06-05,1,,,,,,1,遠藤 勝行  静,岡,51,73,A2,追,3.92,85.04,,0,9.5,23.8,33.3,0,0,,,,,,20:52
4520260603030001,toyohashi,2026-06-05,1,,,,,,2,太田 将成  宮,城,30,113,A2,逃,3.92,83.9,,0,19.0,28.5,47.6,0,4,,,,,,20:52
4520260603030001,toyohashi,2026-06-05,1,,,,,,3,戸邉 捺希  埼,玉,27,117,A1,逃,3.85,83.06,,0,6.6,20.0,40.0,2,1,,,,,,20:52
4520260603030001,toyohashi,2026-06-05,1,,,,,,4,藤井 稜也  岐,阜,30,115,A2,両,3.92,82.65,,0,8.6,30.4,34.7,0,1,,,,,,20:52
4520260603030001,toyohashi,2026-06-05,1,,,,,,5,阿久津 浩之  東,京,42,94,A1,逃,3.92,80.8,,0,3.2,12.9,22.5,3,1,,,,,,20:52
4520260603030001,toyohashi,2026-06-05,1,,,,,,6,岩崎 大和  茨,城,42,94,A2,追,3.92,80.45,,0,0.0,4.1,12.5,0,0,,,,,,20:52
4520260603030001,toyohashi,2026-06-05,1,,,,,,7,石貞 有基  兵,庫,40,100,A2,両,3.92,79.71,,0,4.7,4.7,19.0,0,0,,,,,,20:52
4520260603030002,toyohashi,2026-06-05,2,,,,,,1,梅山 英樹  群,馬,54,72,A2,追,3.92,86.52,,0,4.7,38.0,52.3,0,0,,,,,,21:16
4520260603030002,toyohashi,2026-06-05,2,,,,,,2,奥谷 広巳  兵,庫,49,78,A1,追,3.92,83.76,,0,4.7,19.0,23.8,0,0,,,,,,21:16
4520260603030002,toyohashi,2026-06-05,2,,,,,,3,根藤 浩二  千,葉,39,95,A2,両,3.93,83.21,,0,17.3,30.4,39.1,2,2,,,,,,21:16
4520260603030002,toyohashi,2026-06-05,2,,,,,,4,中曽 直彦  千,葉,53,74,A1,追,3.92,82.71,,0,4.7,9.5,28.5,0,0,,,,,,21:16
4520260603030002,toyohashi,2026-06-05,2,,,,,,5,梅原 大治  静,岡,49,81,A2,追,3.85,82.66,,0,5.5,5.5,27.7,0,0,,,,,,21:16
4520260603030002,toyohashi,2026-06-05,2,,,,,,6,伊早坂 駿一  茨,城,31,105,A2,逃,3.92,82.65,,0,24.1,31.0,34.4,5,4,,,,,,21:16
4520260603030002,toyohashi,2026-06-05,2,,,,,,7,長谷川 裕一  愛,知,40,121,A2,逃,3.93,78.44,,0,5.5,16.6,22.2,2,1,,,,,,21:16
4520260603030003,toyohashi,2026-06-05,3,,,,,,1,土田 武志  茨,城,27,115,A1,逃,3.92,87.42,,0,19.0,42.8,47.6,5,1,,,,,,21:40
4520260603030003,toyohashi,2026-06-05,3,,,,,,2,佐野 恭太  静,岡,46,94,A2,両,3.92,82.44,,0,4.0,16.0,36.0,0,1,,,,,,21:40
4520260603030003,toyohashi,2026-06-05,3,,,,,,3,下岡 将也  三,重,29,111,A1,逃,3.92,82.04,,0,20.0,24.0,24.0,1,4,,,,,,21:40
4520260603030003,toyohashi,2026-06-05,3,,,,,,4,神山 尚  栃,木,35,109,A1,両,3.92,82.0,,0,10.0,20.0,35.0,1,0,,,,,,21:40
4520260603030003,toyohashi,2026-06-05,3,,,,,,5,藤井 孝則  兵,庫,48,82,A2,追,3.92,81.58,,0,0.0,4.1,25.0,0,0,,,,,,21:40
4520260603030003,toyohashi,2026-06-05,3,,,,,,6,伊藤 大理  長,野,49,85,A2,追,3.92,81.5,,0,0.0,16.6,33.3,0,0,,,,,,21:40
4520260603030003,toyohashi,2026-06-05,3,,,,,,7,齊藤 紳一朗  青,森,48,82,A2,追,3.79,76.16,,0,0.0,0.0,0.0,0,0,,,,,,21:40
4520260603030004,toyohashi,2026-06-05,4,,,,,,1,富永 益生  愛,知,55,66,A1,追,3.92,91.66,,0,13.3,33.3,60.0,0,0,,,,,,22:04
4520260603030004,toyohashi,2026-06-05,4,,,,,,2,高橋 秀吉  秋,田,43,88,A1,追,3.92,87.72,,0,22.2,33.3,50.0,0,1,,,,,,22:04
4520260603030004,toyohashi,2026-06-05,4,,,,,,3,田口 裕一  千,葉,36,100,A1,追,3.92,87.19,,0,9.5,23.8,61.9,0,1,,,,,,22:04
4520260603030004,toyohashi,2026-06-05,4,,,,,,4,西 徹  石,川,48,79,A2,追,3.92,84.76,,0,4.7,33.3,42.8,0,1,,,,,,22:04
4520260603030004,toyohashi,2026-06-05,4,,,,,,5,吉竹 尚城  静,岡,33,109,A1,逃,3.92,84.65,,0,30.4,39.1,52.1,7,2,,,,,,22:04
4520260603030004,toyohashi,2026-06-05,4,,,,,,6,野崎 翼  岐,阜,28,121,A1,両,3.92,84.15,,0,15.7,31.5,36.8,4,1,,,,,,22:04
4520260603030004,toyohashi,2026-06-05,4,,,,,,7,佐々木 孝司  青,森,47,84,A2,逃,3.92,80.43,,0,0.0,4.1,25.0,1,0,,,,,,22:04
4520260603030005,toyohashi,2026-06-05,5,,,,,,1,坂上 樹大  石,川,48,80,A1,追,3.92,90.23,,0,38.0,52.3,57.1,0,1,,,,,,22:31
4520260603030005,toyohashi,2026-06-05,5,,,,,,2,岡部 芳幸  福,島,55,66,A1,追,3.92,89.33,,0,6.6,20.0,33.3,0,0,,,,,,22:31
4520260603030005,toyohashi,2026-06-05,5,,,,,,3,松坂 侑亮,神奈川,28,115,A1,逃,3.92,88.2,,0,25.0,41.6,54.1,5,5,,,,,,22:31
4520260603030005,toyohashi,2026-06-05,5,,,,,,4,小佐野 文秀  山,梨,50,83,A1,追,3.93,85.85,,0,14.2,14.2,33.3,0,0,,,,,,22:31
4520260603030005,toyohashi,2026-06-05,5,,,,,,5,大畑 裕貴  埼,玉,41,92,A2,両,3.92,85.09,,0,9.5,19.0,42.8,3,1,,,,,,22:31
4520260603030005,toyohashi,2026-06-05,5,,,,,,6,坂本 将太郎  栃,木,33,101,A1,追,3.92,84.83,,0,16.6,37.5,45.8,0,0,,,,,,22:31
4520260603030005,toyohashi,2026-06-05,5,,,,,,7,本村 隆文  岐,阜,47,81,A2,追,3.92,82.45,,0,4.1,25.0,45.8,0,0,,,,,,22:31
4520260603030006,toyohashi,2026-06-05,6,,,,,,1,栗本 尚宗  千,葉,32,113,A1,両,3.92,92.71,,0,28.5,47.6,66.6,5,4,,,,,,22:58
4520260603030006,toyohashi,2026-06-05,6,,,,,,2,小谷田 公則  福,島,45,88,A2,追,3.86,87.52,,0,9.5,28.5,52.3,0,1,,,,,,22:58
4520260603030006,toyohashi,2026-06-05,6,,,,,,3,山本 隼人  大,阪,28,111,A1,追,3.92,86.6,,0,6.6,26.6,33.3,0,0,,,,,,22:58
4520260603030006,toyohashi,2026-06-05,6,,,,,,4,奥原 亨,神奈川,37,103,A1,追,3.92,85.42,,0,10.5,21.0,42.1,0,0,,,,,,22:58
4520260603030006,toyohashi,2026-06-05,6,,,,,,5,佐々木 祐太  岩,手,26,123,A1,逃,3.92,84.91,,0,12.5,33.3,45.8,4,3,,,,,,22:58
4520260603030006,toyohashi,2026-06-05,6,,,,,,6,堂村 知哉  福,井,43,88,A2,追,3.92,84.83,,0,16.6,22.2,38.8,0,0,,,,,,22:58
4520260603030006,toyohashi,2026-06-05,6,,,,,,7,山本 恵太郎  東,京,52,71,A2,追,3.92,80.88,,0,4.0,8.0,20.0,0,0,,,,,,22:58
4520260603030007,toyohashi,2026-06-05,7,,,,,,1,小菅 誠,神奈川,46,90,A1,追,3.93,93.71,,0,38.0,57.1,71.4,0,0,,,,,,23:25
4520260603030007,toyohashi,2026-06-05,7,,,,,,2,下井 竜  三,重,31,117,A1,逃,3.92,93.09,,0,19.0,38.0,76.1,3,3,,,,,,23:25
4520260603030007,toyohashi,2026-06-05,7,,,,,,3,一守 大葵  兵,庫,21,127,A2,逃,3.92,92.21,,0,42.1,68.4,68.4,11,2,,,,,,23:25
4520260603030007,toyohashi,2026-06-05,7,,,,,,4,佐々木 亮太  青,森,21,125,A1,逃,3.92,89.0,,0,16.6,25.0,41.6,3,3,,,,,,23:25
4520260603030007,toyohashi,2026-06-05,7,,,,,,5,水谷 将司  愛,知,38,105,A2,追,3.92,88.5,,0,20.8,45.8,50.0,0,1,,,,,,23:25
4520260603030007,toyohashi,2026-06-05,7,,,,,,6,西本 直大  大,阪,43,92,A1,両,3.92,86.04,,0,9.5,33.3,52.3,1,4,,,,,,23:25
4520260603030007,toyohashi,2026-06-05,7,,,,,,7,弓矢 輪太郎  三,重,22,125,A2,逃,3.92,85.19,,0,4.7,23.8,42.8,1,1,,,,,,23:25
6320260603030001,hofu,2026-06-05,1,×1 注4 ▲2 ○3 ◎7 △5,,,,,1,高橋 優斗  大,分,29,121,A1,逃,3.92,85.0,×,1,22.2,33.3,38.8,1,3,,,,,,11:07
6320260603030001,hofu,2026-06-05,1,×1 注4 ▲2 ○3 ◎7 △5,,,,,2,寺林 正秋  宮,城,41,93,A1,追,3.85,83.55,▲,3,0.0,23.8,33.3,0,0,,,,,,11:07
6320260603030001,hofu,2026-06-05,1,×1 注4 ▲2 ○3 ◎7 △5,,,,,3,中田 拓也  広,島,30,127,A2,逃,3.92,89.8,○,5,27.2,40.9,54.5,6,3,,,,,,11:07
6320260603030001,hofu,2026-06-05,1,×1 注4 ▲2 ○3 ◎7 △5,,,,,4,山口 幸太郎  長,崎,47,99,A2,両,3.92,80.9,注,2,4.7,9.5,23.8,1,0,,,,,,11:07
6320260603030001,hofu,2026-06-05,1,×1 注4 ▲2 ○3 ◎7 △5,,,,,5,阿部 弘  高,知,44,99,A2,追,3.85,79.0,△,4,0.0,4.0,16.0,1,0,,,,,,11:07
6320260603030001,hofu,2026-06-05,1,×1 注4 ▲2 ○3 ◎7 △5,,,,,6,門脇 翼  秋,田,32,111,A2,逃,3.92,77.22,,0,0.0,11.1,11.1,0,1,,,,,,11:07
6320260603030001,hofu,2026-06-05,1,×1 注4 ▲2 ○3 ◎7 △5,,,,,7,藤井 將  広,島,32,113,A2,両,3.92,89.03,◎,6,23.0,38.4,69.2,1,2,,,,,,11:07
6320260603030002,hofu,2026-06-05,2,▲4 ×2 注3 ◎7 △1 ○5,,,,,1,渡邊 一洋  静,岡,52,72,A2,追,3.92,80.8,△,4,9.0,9.0,22.7,0,0,,,,,,11:35
6320260603030002,hofu,2026-06-05,2,▲4 ×2 注3 ◎7 △1 ○5,,,,,2,日浅 保幸  岡,山,48,84,A2,追,3.92,82.9,×,1,5.0,15.0,35.0,0,0,,,,,,11:35
6320260603030002,hofu,2026-06-05,2,▲4 ×2 注3 ◎7 △1 ○5,,,,,3,長松 大祐  大,分,28,121,A1,逃,3.92,86.0,注,2,8.3,25.0,54.1,3,3,,,,,,11:35
6320260603030002,hofu,2026-06-05,2,▲4 ×2 注3 ◎7 △1 ○5,,,,,4,才迫 勇馬  広,島,37,95,A2,逃,3.93,84.03,▲,3,19.2,38.4,46.1,4,3,,,,,,11:35
6320260603030002,hofu,2026-06-05,2,▲4 ×2 注3 ◎7 △1 ○5,,,,,5,小田 恭介  青,森,26,125,A2,逃,3.92,87.72,○,5,27.7,38.8,61.1,6,1,,,,,,11:35
6320260603030002,hofu,2026-06-05,2,▲4 ×2 注3 ◎7 △1 ○5,,,,,6,小川 辰徳  埼,玉,38,100,A2,両,3.92,77.12,,0,0.0,8.3,8.3,1,0,,,,,,11:35
6320260603030002,hofu,2026-06-05,2,▲4 ×2 注3 ◎7 △1 ○5,,,,,7,山下 祐輔  千,葉,24,125,A2,逃,3.92,90.29,◎,6,33.3,58.3,70.8,7,6,,,,,,11:35
6320260603030003,hofu,2026-06-05,3,▲5 ○1 ◎6 ×2 △4 注3,,,,,1,近藤 修康  岡,山,54,67,A1,追,3.92,90.04,○,5,16.6,45.8,66.6,0,0,,,,,,12:03
6320260603030003,hofu,2026-06-05,3,▲5 ○1 ◎6 ×2 △4 注3,,,,,2,深瀬 泰我  静,岡,33,119,A1,逃,3.86,86.61,◎,6,14.2,42.8,61.9,2,5,,,,,,12:03
6320260603030003,hofu,2026-06-05,3,▲5 ○1 ◎6 ×2 △4 注3,,,,,3,水谷 亮太  愛,知,29,125,A2,逃,3.92,89.12,△,4,12.5,41.6,66.6,6,3,,,,,,12:03
6320260603030003,hofu,2026-06-05,3,▲5 ○1 ◎6 ×2 △4 注3,,,,,4,徳吉 広紀  福,岡,49,84,A2,追,3.92,85.08,×,1,8.3,16.6,50.0,0,0,,,,,,12:03
6320260603030003,hofu,2026-06-05,3,▲5 ○1 ◎6 ×2 △4 注3,,,,,5,野上 竜太  岡,山,30,115,A1,逃,3.92,83.57,▲,3,14.2,35.7,42.8,8,2,,,,,,12:03
6320260603030003,hofu,2026-06-05,3,▲5 ○1 ◎6 ×2 △4 注3,,,,,6,吉岡 篤志  徳,島,47,82,A2,追,3.92,83.25,,0,0.0,5.5,38.8,0,0,,,,,,12:03
6320260603030003,hofu,2026-06-05,3,▲5 ○1 ◎6 ×2 △4 注3,,,,,7,竹田 和幸  岐,阜,49,78,A1,追,3.93,86.04,注,2,9.5,33.3,66.6,0,0,,,,,,12:03
6320260603030004,hofu,2026-06-05,4,×5 △1 ▲2 ◎6 ○3 注7,,,,,1,小笠原 昭太  青,森,50,76,A1,追,3.92,85.62,△,4,20.8,33.3,41.6,0,0,,,,,,12:31
6320260603030004,hofu,2026-06-05,4,×5 △1 ▲2 ◎6 ○3 注7,,,,,2,篠塚 光一  兵,庫,46,90,A2,追,3.93,82.38,▲,3,11.1,22.2,27.7,0,0,,,,,,12:31
6320260603030004,hofu,2026-06-05,4,×5 △1 ▲2 ◎6 ○3 注7,,,,,3,長野 魅切  愛,媛,23,127,A2,逃,3.92,93.36,◎,6,63.6,68.1,86.3,8,7,,,,,,12:31
6320260603030004,hofu,2026-06-05,4,×5 △1 ▲2 ◎6 ○3 注7,,,,,4,石坂 永伍  岡,山,39,93,A1,両,3.92,85.5,注,2,8.3,33.3,37.5,0,2,,,,,,12:31
6320260603030004,hofu,2026-06-05,4,×5 △1 ▲2 ◎6 ○3 注7,,,,,5,長谷川 飛向  東,京,29,121,A1,逃,3.92,88.47,×,1,20.0,50.0,55.0,4,6,,,,,,12:31
6320260603030004,hofu,2026-06-05,4,×5 △1 ▲2 ◎6 ○3 注7,,,,,6,坂元 洋行  三,重,46,88,A2,追,3.92,81.71,,0,4.7,19.0,23.8,0,0,,,,,,12:31
6320260603030004,hofu,2026-06-05,4,×5 △1 ▲2 ◎6 ○3 注7,,,,,7,岡田 啓渡  愛,媛,35,100,A1,両,3.92,87.47,○,5,5.2,26.3,42.1,0,0,,,,,,12:31
6320260603030005,hofu,2026-06-05,5,▲4 ○1 △2 注7 ×6 ◎3,,,,,1,北津留 千羽  福,岡,20,128,L1,両,3.79,49.56,○,5,4.3,17.3,34.7,0,0,,,,,,12:59
6320260603030005,hofu,2026-06-05,5,▲4 ○1 △2 注7 ×6 ◎3,,,,,2,石田 春海  大,阪,27,128,L1,両,3.77,48.58,△,4,8.3,25.0,29.1,2,0,,,,,,12:59
6320260603030005,hofu,2026-06-05,5,▲4 ○1 △2 注7 ×6 ◎3,,,,,3,田中 まい  千,葉,36,104,L1,両,3.79,52.08,◎,6,8.3,41.6,58.3,2,2,,,,,,12:59
6320260603030005,hofu,2026-06-05,5,▲4 ○1 △2 注7 ×6 ◎3,,,,,4,黒河内 由実  長,野,30,110,L1,追,3.79,48.22,▲,3,5.5,16.6,22.2,2,1,,,,,,12:59
6320260603030005,hofu,2026-06-05,5,▲4 ○1 △2 注7 ×6 ◎3,,,,,5,橋本 のこ  愛,知,21,128,L1,両,3.77,46.26,,0,0.0,0.0,7.6,0,0,,,,,,12:59
6320260603030005,hofu,2026-06-05,5,▲4 ○1 △2 注7 ×6 ◎3,,,,,6,是永 ゆうき  大,分,22,126,L1,追,3.79,49.86,×,1,4.5,9.0,45.4,0,1,,,,,,12:59
6320260603030005,hofu,2026-06-05,5,▲4 ○1 △2 注7 ×6 ◎3,,,,,7,山本 さくら  愛,知,24,120,L1,両,3.77,48.61,注,2,9.5,19.0,38.0,2,1,,,,,,12:59
6320260603030006,hofu,2026-06-05,6,○1 ◎7 △5 注6 ×2 ▲4,,,,,1,朝倉 智仁  茨,城,26,115,S2,逃,3.92,103.8,○,5,19.0,33.3,52.3,3,4,,,,,,13:27
6320260603030006,hofu,2026-06-05,6,○1 ◎7 △5 注6 ×2 ▲4,,,,,2,三宅 裕武  三,重,44,88,S2,追,3.92,98.92,×,1,3.5,14.2,32.1,0,0,,,,,,13:27
6320260603030006,hofu,2026-06-05,6,○1 ◎7 △5 注6 ×2 ▲4,,,,,3,池田 憲昭  香,川,44,90,S2,追,3.92,95.03,▲,3,3.0,12.1,15.1,0,0,,,,,,13:27
6320260603030006,hofu,2026-06-05,6,○1 ◎7 △5 注6 ×2 ▲4,,,,,4,小谷 実  京,都,39,93,S2,追,3.92,95.09,,0,0.0,6.2,15.6,0,0,,,,,,13:27
6320260603030006,hofu,2026-06-05,6,○1 ◎7 △5 注6 ×2 ▲4,,,,,5,長谷部 翔  静,岡,31,109,S2,両,3.92,96.27,△,4,4.3,8.6,17.3,0,0,,,,,,13:27
6320260603030006,hofu,2026-06-05,6,○1 ◎7 △5 注6 ×2 ▲4,,,,,6,鈴木 涼介  福,島,28,115,S2,逃,3.92,93.42,注,2,3.8,3.8,23.0,0,1,,,,,,13:27
6320260603030006,hofu,2026-06-05,6,○1 ◎7 △5 注6 ×2 ▲4,,,,,7,東 龍之介,神奈川,36,96,S2,追,3.92,104.68,◎,6,20.0,44.0,56.0,0,0,,,,,,13:27
6320260603030007,hofu,2026-06-05,7,注6 ○1 ◎5 △4 ▲2 ×3,,,,,1,山口 貴嗣  福,岡,47,82,S2,追,3.92,100.44,注,2,12.0,24.0,40.0,0,0,,,,,,13:56
6320260603030007,hofu,2026-06-05,7,注6 ○1 ◎5 △4 ▲2 ×3,,,,,2,三宅 達也  岡,山,48,79,S1,追,3.92,104.13,△,4,6.8,24.1,37.9,0,1,,,,,,13:56
6320260603030007,hofu,2026-06-05,7,注6 ○1 ◎5 △4 ▲2 ×3,,,,,3,土生 敦弘  大,阪,27,117,S2,逃,3.92,95.82,▲,3,13.0,21.7,21.7,0,4,,,,,,13:56
6320260603030007,hofu,2026-06-05,7,注6 ○1 ◎5 △4 ▲2 ×3,,,,,4,山下 一輝  山,口,36,96,S2,追,3.92,96.57,◎,6,14.2,21.4,35.7,0,3,,,,,,13:56
6320260603030007,hofu,2026-06-05,7,注6 ○1 ◎5 △4 ▲2 ×3,,,,,5,齋木 翔多  静,岡,27,115,S2,逃,3.93,106.59,○,5,22.7,45.4,68.1,2,4,,,,,,13:56
6320260603030007,hofu,2026-06-05,7,注6 ○1 ◎5 △4 ▲2 ×3,,,,,6,谷口 力也  熊,本,28,119,S2,逃,3.92,94.65,,0,11.5,23.0,26.9,3,2,,,,,,13:56
6320260603030007,hofu,2026-06-05,7,注6 ○1 ◎5 △4 ▲2 ×3,,,,,7,椎木尾 拓哉,和歌山,40,93,S1,追,3.92,106.5,×,1,12.5,20.8,45.8,0,0,,,,,,13:56
6320260603030008,hofu,2026-06-05,8,◎5 ○1 注6 ×2 ▲4 △3,,,,,1,佐々木 龍,神奈川,35,109,S1,追,3.92,111.0,○,5,9.5,47.6,52.3,0,0,,,,,,14:26
6320260603030008,hofu,2026-06-05,8,◎5 ○1 注6 ×2 ▲4 △3,,,,,2,大屋 健司  広,島,44,87,S2,追,3.92,102.58,注,2,20.6,31.0,41.3,0,0,,,,,,14:26
6320260603030008,hofu,2026-06-05,8,◎5 ○1 注6 ×2 ▲4 △3,,,,,3,平尾 一晃  長,崎,29,111,S2,逃,3.93,98.43,▲,3,25.0,41.6,50.0,2,6,,,,,,14:26
6320260603030008,hofu,2026-06-05,8,◎5 ○1 注6 ×2 ▲4 △3,,,,,4,橋本 智昭  宮,城,43,99,S2,逃,3.92,99.68,×,1,20.0,35.0,45.0,3,4,,,,,,14:26
6320260603030008,hofu,2026-06-05,8,◎5 ○1 注6 ×2 ▲4 △3,,,,,5,トゥルーマン 外,国,29,999,S2,両,3.93,0.0,◎,6,0.0,0.0,0.0,0,0,,,,,,14:26
6320260603030008,hofu,2026-06-05,8,◎5 ○1 注6 ×2 ▲4 △3,,,,,6,久保田 泰弘  山,口,31,111,S2,追,3.92,96.4,,0,9.0,9.0,9.0,0,0,,,,,,14:26
6320260603030008,hofu,2026-06-05,8,◎5 ○1 注6 ×2 ▲4 △3,,,,,7,梅崎 隆介  長,崎,36,121,S2,両,3.92,98.95,△,4,8.6,21.7,39.1,1,3,,,,,,14:26
6320260603030009,hofu,2026-06-05,9,△7 ×4 ▲2 注1 ◎6 ○3,,,,,1,富 弥昭  山,口,54,76,A1,追,3.92,88.22,注,2,33.3,44.4,55.5,1,1,,,,,,14:56
6320260603030009,hofu,2026-06-05,9,△7 ×4 ▲2 注1 ◎6 ○3,,,,,2,白岩 大助  埼,玉,46,84,A1,追,3.92,90.42,▲,3,10.0,25.0,45.0,0,0,,,,,,14:56
6320260603030009,hofu,2026-06-05,9,△7 ×4 ▲2 注1 ◎6 ○3,,,,,3,末廣 快理  兵,庫,27,121,A1,逃,3.92,93.81,◎,6,48.1,62.9,85.1,5,12,,,,,,14:56
6320260603030009,hofu,2026-06-05,9,△7 ×4 ▲2 注1 ◎6 ○3,,,,,4,鰐淵 圭佑  群,馬,42,90,A1,追,3.92,91.71,×,1,19.0,33.3,57.1,0,0,,,,,,14:56
6320260603030009,hofu,2026-06-05,9,△7 ×4 ▲2 注1 ◎6 ○3,,,,,5,木村 直隆  兵,庫,47,86,A1,追,3.93,94.63,○,5,35.0,60.0,80.0,0,1,,,,,,14:56
6320260603030009,hofu,2026-06-05,9,△7 ×4 ▲2 注1 ◎6 ○3,,,,,6,阿部 充宏  山,口,42,98,A2,両,3.92,83.66,,0,4.1,8.3,25.0,0,0,,,,,,14:56
6320260603030009,hofu,2026-06-05,9,△7 ×4 ▲2 注1 ◎6 ○3,,,,,7,荒川 仁  千,葉,28,121,A1,逃,3.92,89.7,△,4,20.0,40.0,40.0,3,5,,,,,,14:56
6320260603030010,hofu,2026-06-05,10,×1 注5 ○2 ◎7 ▲3 △4,,,,,1,久米 詩  静,岡,26,116,L1,両,3.79,56.4,×,1,66.6,76.1,80.9,7,4,,,,,,15:27
6320260603030010,hofu,2026-06-05,10,×1 注5 ○2 ◎7 ▲3 △4,,,,,2,グロ 外,国,27,999,L1,両,3.79,0.0,○,5,0.0,0.0,0.0,0,0,,,,,,15:27
6320260603030010,hofu,2026-06-05,10,×1 注5 ○2 ◎7 ▲3 △4,,,,,3,アンドルーズ 外,国,26,999,L1,両,3.79,0.0,◎,6,0.0,0.0,0.0,0,0,,,,,,15:27
6320260603030010,hofu,2026-06-05,10,×1 注5 ○2 ◎7 ▲3 △4,,,,,4,枝光 美奈  福,岡,28,124,L1,両,3.77,52.06,▲,3,3.1,34.3,53.1,0,3,,,,,,15:27
6320260603030010,hofu,2026-06-05,10,×1 注5 ○2 ◎7 ▲3 △4,,,,,5,當銘 沙恵美  愛,知,27,118,L1,両,3.79,52.16,注,2,4.0,36.0,60.0,2,1,,,,,,15:27
6320260603030010,hofu,2026-06-05,10,×1 注5 ○2 ◎7 ▲3 △4,,,,,6,吉岡 詩織  広,島,31,116,L1,両,3.77,52.9,△,4,15.0,65.0,75.0,5,7,,,,,,15:27
6320260603030010,hofu,2026-06-05,10,×1 注5 ○2 ◎7 ▲3 △4,,,,,7,國村 美留莉  山,口,26,118,L1,追,3.77,50.79,,0,12.5,20.8,45.8,0,1,,,,,,15:27
6320260603030011,hofu,2026-06-05,11,◎4 ○3 △6 注1 ×5 ▲2,,,,,1,清水 裕友  山,口,31,105,S1,両,3.92,115.35,△,4,35.0,55.0,70.0,2,5,,,,,,15:58
6320260603030011,hofu,2026-06-05,11,◎4 ○3 △6 注1 ×5 ▲2,,,,,2,阿部 将大  大,分,29,117,S1,逃,3.93,113.85,×,1,42.8,71.4,78.5,4,5,,,,,,15:58
6320260603030011,hofu,2026-06-05,11,◎4 ○3 △6 注1 ×5 ▲2,,,,,3,新田 祐大  福,島,40,90,S1,両,3.92,112.95,○,5,10.0,20.0,55.0,0,3,,,,,,15:58
6320260603030011,hofu,2026-06-05,11,◎4 ○3 △6 注1 ×5 ▲2,,,,,4,ラブレイセン 外,国,29,999,S2,両,3.93,0.0,◎,6,0.0,0.0,0.0,0,0,,,,,,15:58
6320260603030011,hofu,2026-06-05,11,◎4 ○3 △6 注1 ×5 ▲2,,,,,5,町田 太我  広,島,25,117,S1,逃,3.92,112.28,注,2,14.2,47.6,47.6,8,2,,,,,,15:58
6320260603030011,hofu,2026-06-05,11,◎4 ○3 △6 注1 ×5 ▲2,,,,,6,角 宗哉  山,口,26,125,S2,逃,3.93,102.13,,0,26.0,47.8,60.8,4,7,,,,,,15:58
6320260603030011,hofu,2026-06-05,11,◎4 ○3 △6 注1 ×5 ▲2,,,,,7,中村 圭志  熊,本,45,86,S1,追,3.93,108.13,▲,3,0.0,39.1,56.5,0,0,,,,,,15:58
8320260604020001,kurume,2026-06-05,1,◎7 ○5 △1 ▲6 ×2 注8,,,,,1,高木 和仁  福,岡,51,76,S2,追,3.92,98.69,,0,3.8,15.3,34.6,0,0,,,,,,10:53
8320260604020001,kurume,2026-06-05,1,◎7 ○5 △1 ▲6 ×2 注8,,,,,2,松永 将  茨,城,45,89,S2,追,3.92,100.93,△,4,6.6,16.6,40.0,0,0,,,,,,10:53
8320260604020001,kurume,2026-06-05,1,◎7 ○5 △1 ▲6 ×2 注8,,,,,3,蒔田 英彦  千,葉,43,93,S2,両,3.92,98.42,×,1,11.5,30.7,42.3,0,4,,,,,,10:53
8320260604020001,kurume,2026-06-05,1,◎7 ○5 △1 ▲6 ×2 注8,,,,,4,荻原 尚人  宮,城,42,89,S2,追,3.92,99.79,注,2,13.7,27.5,37.9,0,0,,,,,,10:53
8320260604020001,kurume,2026-06-05,1,◎7 ○5 △1 ▲6 ×2 注8,,,,,5,中本 匠栄  熊,本,39,97,S1,追,3.92,102.37,○,5,11.1,11.1,22.2,0,0,,,,,,10:53
8320260604020001,kurume,2026-06-05,1,◎7 ○5 △1 ▲6 ×2 注8,,,,,6,小池 千啓  栃,木,28,119,S2,逃,3.92,92.17,,0,0.0,3.4,6.8,0,1,,,,,,10:53
8320260604020001,kurume,2026-06-05,1,◎7 ○5 △1 ▲6 ×2 注8,,,,,7,島川 将貴  徳,島,31,109,S1,逃,3.92,100.11,◎,6,18.5,29.6,33.3,1,2,,,,,,10:53
8320260604020001,kurume,2026-06-05,1,◎7 ○5 △1 ▲6 ×2 注8,,,,,8,尾崎 剛  埼,玉,49,79,S2,追,3.92,96.07,▲,3,7.6,7.6,19.2,0,0,,,,,,10:53
8320260604020002,kurume,2026-06-05,2,○1 ◎7 △9 ▲6 注2 ×4,,,,,1,原田 翔真,和歌山,25,121,S2,逃,3.92,100.9,○,5,10.0,35.0,50.0,3,0,,,,,,11:21
8320260604020002,kurume,2026-06-05,2,○1 ◎7 △9 ▲6 注2 ×4,,,,,2,野崎 将史  岡,山,39,109,S2,両,3.92,96.64,,0,0.0,0.0,20.0,0,0,,,,,,11:21
8320260604020002,kurume,2026-06-05,2,○1 ◎7 △9 ▲6 注2 ×4,,,,,3,志村 太賀  山,梨,42,90,S2,追,3.92,100.31,×,1,8.6,21.7,39.1,0,0,,,,,,11:21
8320260604020002,kurume,2026-06-05,2,○1 ◎7 △9 ▲6 注2 ×4,,,,,4,中村 昌弘  広,島,49,81,S2,追,3.93,95.66,,0,0.0,0.0,9.5,0,0,,,,,,11:21
8320260604020002,kurume,2026-06-05,2,○1 ◎7 △9 ▲6 注2 ×4,,,,,5,幸田 望夢  栃,木,26,115,S2,逃,3.92,98.8,注,2,11.5,26.9,38.4,6,1,,,,,,11:21
8320260604020002,kurume,2026-06-05,2,○1 ◎7 △9 ▲6 注2 ×4,,,,,6,吉田 智哉  愛,媛,28,111,S2,逃,3.92,94.54,▲,3,4.5,9.0,22.7,0,0,,,,,,11:21
8320260604020002,kurume,2026-06-05,2,○1 ◎7 △9 ▲6 注2 ×4,,,,,7,渡辺 十夢  福,井,45,85,S2,追,3.93,103.56,◎,6,4.0,36.0,52.0,0,0,,,,,,11:21
8320260604020002,kurume,2026-06-05,2,○1 ◎7 △9 ▲6 注2 ×4,,,,,8,城 幸弘  山,梨,40,96,S2,追,3.92,95.07,,0,0.0,7.6,11.5,0,0,,,,,,11:21
8320260604020002,kurume,2026-06-05,2,○1 ◎7 △9 ▲6 注2 ×4,,,,,9,桑原 亮  福,岡,41,91,S2,追,3.92,96.0,△,4,3.2,16.1,25.8,0,1,,,,,,11:21
8320260604020003,kurume,2026-06-05,3,×1 △9 ◎8 注2 ○5 ▲7,,,,,1,城戸 俊潔  岡,山,28,115,S2,逃,3.92,99.31,×,1,27.2,36.3,50.0,5,3,,,,,,11:49
8320260604020003,kurume,2026-06-05,3,×1 △9 ◎8 注2 ○5 ▲7,,,,,2,大矢 崇弘  東,京,35,107,S2,追,3.93,102.43,◎,6,12.5,33.3,41.6,0,0,,,,,,11:49
8320260604020003,kurume,2026-06-05,3,×1 △9 ◎8 注2 ○5 ▲7,,,,,3,岩本 和也  石,川,51,76,S2,追,3.92,97.08,▲,3,4.0,16.0,24.0,0,1,,,,,,11:49
8320260604020003,kurume,2026-06-05,3,×1 △9 ◎8 注2 ○5 ▲7,,,,,4,舘 泰守  愛,知,50,80,S2,追,3.92,96.51,,0,3.7,18.5,25.9,0,0,,,,,,11:49
8320260604020003,kurume,2026-06-05,3,×1 △9 ◎8 注2 ○5 ▲7,,,,,5,佐々木 堅次  福,島,31,113,S2,両,3.92,101.42,注,2,23.8,33.3,33.3,0,3,,,,,,11:49
8320260604020003,kurume,2026-06-05,3,×1 △9 ◎8 注2 ○5 ▲7,,,,,6,南儀 拓海  富,山,27,121,S2,逃,3.92,92.67,,0,3.2,9.6,12.9,2,1,,,,,,11:49
8320260604020003,kurume,2026-06-05,3,×1 △9 ◎8 注2 ○5 ▲7,,,,,7,阪本 和也  長,崎,31,115,S2,追,3.92,100.42,○,5,10.5,31.5,57.8,0,0,,,,,,11:49
8320260604020003,kurume,2026-06-05,3,×1 △9 ◎8 注2 ○5 ▲7,,,,,8,那須 久幸  福,岡,53,71,S2,追,3.92,95.58,,0,4.0,8.0,20.0,0,0,,,,,,11:49
8320260604020003,kurume,2026-06-05,3,×1 △9 ◎8 注2 ○5 ▲7,,,,,9,黒田 淳  岡,山,41,97,S2,追,3.92,97.55,△,4,7.4,18.5,29.6,0,0,,,,,,11:49
8320260604020004,kurume,2026-06-05,4,○5 ◎1 △9 ×2 注7 ▲4,,,,,1,小原 丈一郎  青,森,27,115,S2,両,3.92,101.04,◎,6,26.0,30.4,34.7,0,0,,,,,,12:17
8320260604020004,kurume,2026-06-05,4,○5 ◎1 △9 ×2 注7 ▲4,,,,,2,古賀 勝大,和歌山,35,115,S2,両,3.93,99.37,×,1,20.8,37.5,45.8,0,6,,,,,,12:17
8320260604020004,kurume,2026-06-05,4,○5 ◎1 △9 ×2 注7 ▲4,,,,,3,上吹越 直樹,鹿児島,44,86,S2,両,3.92,97.79,▲,3,0.0,16.0,36.0,0,1,,,,,,12:17
8320260604020004,kurume,2026-06-05,4,○5 ◎1 △9 ×2 注7 ▲4,,,,,4,大野 悟郎  大,分,46,83,S2,追,3.83,95.66,,0,0.0,0.0,0.0,0,0,,,,,,12:17
8320260604020004,kurume,2026-06-05,4,○5 ◎1 △9 ×2 注7 ▲4,,,,,5,武田 亮  東,京,27,115,S2,逃,3.92,101.0,○,5,15.0,25.0,40.0,4,0,,,,,,12:17
8320260604020004,kurume,2026-06-05,4,○5 ◎1 △9 ×2 注7 ▲4,,,,,6,吉川 嘉斗  徳,島,33,105,S2,追,3.93,92.92,,0,0.0,7.6,7.6,0,0,,,,,,12:17
8320260604020004,kurume,2026-06-05,4,○5 ◎1 △9 ×2 注7 ▲4,,,,,7,松岡 健介  兵,庫,48,87,S2,両,3.92,97.71,注,2,6.6,13.3,20.0,0,0,,,,,,12:17
8320260604020004,kurume,2026-06-05,4,○5 ◎1 △9 ×2 注7 ▲4,,,,,8,小玉 拓真  岡,山,36,98,S2,両,3.92,93.92,,0,0.0,7.6,15.3,0,0,,,,,,12:17
8320260604020004,kurume,2026-06-05,4,○5 ◎1 △9 ×2 注7 ▲4,,,,,9,保科 千春  宮,城,34,100,S1,追,3.92,96.22,△,4,0.0,10.5,26.3,0,0,,,,,,12:17
8320260604020005,kurume,2026-06-05,5,○7 ◎1 △5 注8 ×2 ▲4,,,,,1,桑名 僚也  埼,玉,28,119,S2,追,3.92,105.95,◎,6,22.7,40.9,50.0,0,0,,,,,,12:45
8320260604020005,kurume,2026-06-05,5,○7 ◎1 △5 注8 ×2 ▲4,,,,,2,佐川 翔吾  大,阪,42,94,S2,両,3.92,97.64,注,2,11.5,11.5,23.0,0,0,,,,,,12:45
8320260604020005,kurume,2026-06-05,5,○7 ◎1 △5 注8 ×2 ▲4,,,,,3,森本 桂太郎  愛,媛,27,121,S2,逃,3.92,94.68,×,1,0.0,9.0,22.7,0,1,,,,,,12:45
8320260604020005,kurume,2026-06-05,5,○7 ◎1 △5 注8 ×2 ▲4,,,,,4,山本 巨樹  大,阪,35,100,S2,追,3.92,94.5,,0,0.0,3.8,23.0,0,0,,,,,,12:45
8320260604020005,kurume,2026-06-05,5,○7 ◎1 △5 注8 ×2 ▲4,,,,,5,成清 貴之  千,葉,52,73,S2,追,3.92,100.93,△,4,10.3,34.4,51.7,0,0,,,,,,12:45
8320260604020005,kurume,2026-06-05,5,○7 ◎1 △5 注8 ×2 ▲4,,,,,6,和田 誠寿  広,島,35,103,S2,追,3.92,93.8,,0,3.8,7.6,15.3,0,1,,,,,,12:45
8320260604020005,kurume,2026-06-05,5,○7 ◎1 △5 注8 ×2 ▲4,,,,,7,川上 隆義  栃,木,25,125,S2,逃,3.92,103.0,○,5,37.5,43.7,56.2,5,2,,,,,,12:45
8320260604020005,kurume,2026-06-05,5,○7 ◎1 △5 注8 ×2 ▲4,,,,,8,疋田 力也  愛,知,25,119,S2,両,3.92,94.15,,0,6.2,6.2,12.5,1,0,,,,,,12:45
8320260604020005,kurume,2026-06-05,5,○7 ◎1 △5 注8 ×2 ▲4,,,,,9,西田 雅志  広,島,48,82,S2,追,3.92,95.83,▲,3,0.0,11.1,27.7,0,0,,,,,,12:45
8320260604020006,kurume,2026-06-05,6,○7 ◎1 △8 ×9 ▲2 注5,,,,,1,松浦 悠士  広,島,35,98,S1,両,3.92,116.74,◎,6,57.1,71.4,78.5,0,9,,,,,,13:13
8320260604020006,kurume,2026-06-05,6,○7 ◎1 △8 ×9 ▲2 注5,,,,,2,鈴木 玄人  東,京,30,117,S1,両,3.93,115.1,×,1,30.0,30.0,60.0,0,0,,,,,,13:13
8320260604020006,kurume,2026-06-05,6,○7 ◎1 △8 ×9 ▲2 注5,,,,,3,岩谷 拓磨  福,岡,29,115,S1,逃,3.92,106.34,注,2,24.1,31.0,37.9,0,6,,,,,,13:13
8320260604020006,kurume,2026-06-05,6,○7 ◎1 △8 ×9 ▲2 注5,,,,,4,箱田 優樹  青,森,35,98,S2,追,3.92,103.23,,0,9.0,18.1,40.9,0,0,,,,,,13:13
8320260604020006,kurume,2026-06-05,6,○7 ◎1 △8 ×9 ▲2 注5,,,,,5,東矢 圭吾  熊,本,27,121,S1,逃,3.92,107.86,▲,3,13.6,36.3,50.0,4,4,,,,,,13:13
8320260604020006,kurume,2026-06-05,6,○7 ◎1 △8 ×9 ▲2 注5,,,,,6,染谷 幸喜  千,葉,37,111,S2,逃,3.92,98.21,,0,13.0,30.4,39.1,3,3,,,,,,13:13
8320260604020006,kurume,2026-06-05,6,○7 ◎1 △8 ×9 ▲2 注5,,,,,7,河端 朋之  岡,山,41,95,S1,逃,3.93,110.58,○,5,26.4,41.1,55.8,1,7,,,,,,13:13
8320260604020006,kurume,2026-06-05,6,○7 ◎1 △8 ×9 ▲2 注5,,,,,8,池田 良  広,島,40,91,S2,追,3.92,100.11,,0,14.8,29.6,44.4,0,0,,,,,,13:13
8320260604020006,kurume,2026-06-05,6,○7 ◎1 △8 ×9 ▲2 注5,,,,,9,菊池 岳仁  長,野,25,117,S1,逃,3.92,109.77,△,4,15.7,42.1,52.6,7,1,,,,,,13:13
8320260604020007,kurume,2026-06-05,7,◎7 ○1 △8 ×9 注2 ▲4,,,,,1,松谷 秀幸,神奈川,43,96,S1,追,3.93,111.95,○,5,25.0,35.0,40.0,0,0,,,,,,13:41
8320260604020007,kurume,2026-06-05,7,◎7 ○1 △8 ×9 注2 ▲4,,,,,2,北津留 翼  福,岡,41,90,S1,逃,3.93,108.13,×,1,13.3,33.3,40.0,0,1,,,,,,13:41
8320260604020007,kurume,2026-06-05,7,◎7 ○1 △8 ×9 注2 ▲4,,,,,3,柏野 智典  岡,山,47,88,S1,追,3.92,109.16,▲,3,14.8,25.9,51.8,0,0,,,,,,13:41
8320260604020007,kurume,2026-06-05,7,◎7 ○1 △8 ×9 注2 ▲4,,,,,4,猿樂 楓樹  岡,山,25,127,S2,逃,3.92,95.33,注,2,86.6,93.3,100.0,13,1,,,,,,13:41
8320260604020007,kurume,2026-06-05,7,◎7 ○1 △8 ×9 注2 ▲4,,,,,5,藤井 昭吾  滋,賀,40,99,S2,両,3.92,101.92,,0,7.1,28.5,46.4,2,2,,,,,,13:41
8320260604020007,kurume,2026-06-05,7,◎7 ○1 △8 ×9 注2 ▲4,,,,,6,山口 泰生  岐,阜,44,89,S2,追,3.92,94.66,,0,0.0,0.0,25.0,0,0,,,,,,13:41
8320260604020007,kurume,2026-06-05,7,◎7 ○1 △8 ×9 注2 ▲4,,,,,7,新山 響平  青,森,32,107,S1,逃,3.92,113.64,◎,6,52.0,60.0,72.0,6,8,,,,,,13:41
8320260604020007,kurume,2026-06-05,7,◎7 ○1 △8 ×9 注2 ▲4,,,,,8,川口 満宏  東,京,59,58,S2,追,3.92,95.17,,0,0.0,7.1,17.8,0,0,,,,,,13:41
8320260604020007,kurume,2026-06-05,7,◎7 ○1 △8 ×9 注2 ▲4,,,,,9,阿部 英斗  福,岡,22,125,S2,逃,3.92,108.75,△,4,33.3,62.5,70.8,1,12,,,,,,13:41
8320260604020008,kurume,2026-06-05,8,注5 ×1 ◎2 ○7 ▲4 △8,,,,,1,村田 雅一  兵,庫,41,90,S1,追,3.92,110.86,×,1,17.3,43.4,52.1,0,0,,,,,,14:11
8320260604020008,kurume,2026-06-05,8,注5 ×1 ◎2 ○7 ▲4 △8,,,,,2,犬伏 湧也  徳,島,30,119,S1,逃,3.92,113.76,◎,6,50.0,61.5,65.3,6,10,,,,,,14:11
8320260604020008,kurume,2026-06-05,8,注5 ×1 ◎2 ○7 ▲4 △8,,,,,3,須永 優太  福,島,37,94,S1,追,3.92,105.6,△,4,21.7,39.1,47.8,0,0,,,,,,14:11
8320260604020008,kurume,2026-06-05,8,注5 ×1 ◎2 ○7 ▲4 △8,,,,,4,友定 祐己  岡,山,47,82,S2,追,3.92,103.25,,0,0.0,30.7,61.5,0,0,,,,,,14:11
8320260604020008,kurume,2026-06-05,8,注5 ×1 ◎2 ○7 ▲4 △8,,,,,5,福永 大智  大,阪,28,113,S1,逃,3.92,107.72,注,2,22.7,40.9,63.6,0,3,,,,,,14:11
8320260604020008,kurume,2026-06-05,8,注5 ×1 ◎2 ○7 ▲4 △8,,,,,6,堀川 敬太郎  福,岡,24,123,S2,逃,3.92,93.58,,0,3.4,6.8,20.6,0,0,,,,,,14:11
8320260604020008,kurume,2026-06-05,8,注5 ×1 ◎2 ○7 ▲4 △8,,,,,7,岩津 裕介  岡,山,44,87,S1,追,3.92,109.42,○,5,14.8,25.9,44.4,0,0,,,,,,14:11
8320260604020008,kurume,2026-06-05,8,注5 ×1 ◎2 ○7 ▲4 △8,,,,,8,立部 楓真  佐,賀,27,115,S2,逃,3.92,101.0,,0,12.0,32.0,32.0,4,3,,,,,,14:11
8320260604020008,kurume,2026-06-05,8,注5 ×1 ◎2 ○7 ▲4 △8,,,,,9,大石 剣士  静,岡,30,109,S2,逃,3.92,106.86,▲,3,39.1,56.5,78.2,5,7,,,,,,14:11
8320260604020009,kurume,2026-06-05,9,◎9 ○1 △5 ×2 ▲7 注8,,,,,1,山田 庸平  佐,賀,38,94,S1,両,3.93,113.78,○,5,40.0,50.0,60.0,0,5,,,,,,14:41
8320260604020009,kurume,2026-06-05,9,◎9 ○1 △5 ×2 ▲7 注8,,,,,2,谷口 遼平  三,重,32,103,S1,逃,3.92,108.55,△,4,40.7,51.8,59.2,4,4,,,,,,14:41
8320260604020009,kurume,2026-06-05,9,◎9 ○1 △5 ×2 ▲7 注8,,,,,3,菊地 圭尚,北海道,46,89,S2,追,3.92,103.55,注,2,0.0,33.3,44.4,0,0,,,,,,14:41
8320260604020009,kurume,2026-06-05,9,◎9 ○1 △5 ×2 ▲7 注8,,,,,4,小畑 勝広  茨,城,27,115,S2,逃,3.92,103.0,▲,3,16.6,26.6,46.6,3,1,,,,,,14:41
8320260604020009,kurume,2026-06-05,9,◎9 ○1 △5 ×2 ▲7 注8,,,,,5,吉本 卓仁  福,岡,42,89,S1,両,3.92,103.8,,0,30.0,40.0,40.0,0,0,,,,,,14:41
8320260604020009,kurume,2026-06-05,9,◎9 ○1 △5 ×2 ▲7 注8,,,,,6,土屋 裕二  静,岡,50,81,S2,追,3.92,96.48,,0,9.6,12.9,19.3,0,0,,,,,,14:41
8320260604020009,kurume,2026-06-05,9,◎9 ○1 △5 ×2 ▲7 注8,,,,,7,上田 国広  三,重,42,89,S1,追,3.92,110.42,×,1,0.0,33.3,52.3,0,0,,,,,,14:41
8320260604020009,kurume,2026-06-05,9,◎9 ○1 △5 ×2 ▲7 注8,,,,,8,今野 有樹  愛,媛,29,115,S2,両,3.92,98.73,,0,3.7,14.8,22.2,0,1,,,,,,14:41
8320260604020009,kurume,2026-06-05,9,◎9 ○1 △5 ×2 ▲7 注8,,,,,9,山崎 賢人  長,崎,33,111,S1,逃,3.93,114.0,◎,6,38.0,66.6,71.4,6,6,,,,,,14:41
8320260604020010,kurume,2026-06-05,10,○9 ◎2 注4 ▲7 ×8 △3,,,,,1,後藤 大輝  福,岡,25,121,S1,逃,3.92,107.63,×,1,27.2,40.9,54.5,7,2,,,,,,15:11
8320260604020010,kurume,2026-06-05,10,○9 ◎2 注4 ▲7 ×8 △3,,,,,2,阿部 拓真  宮,城,35,107,SS,両,3.92,113.57,◎,6,4.5,22.7,36.3,0,0,,,,,,15:11
8320260604020010,kurume,2026-06-05,10,○9 ◎2 注4 ▲7 ×8 △3,,,,,3,橋本 強  愛,媛,41,89,S1,追,3.92,107.13,,0,9.0,18.1,45.4,0,0,,,,,,15:11
8320260604020010,kurume,2026-06-05,10,○9 ◎2 注4 ▲7 ×8 △3,,,,,4,芦澤 辰弘  茨,城,37,95,S1,追,3.92,102.13,注,2,13.0,34.7,60.8,0,0,,,,,,15:11
8320260604020010,kurume,2026-06-05,10,○9 ◎2 注4 ▲7 ×8 △3,,,,,5,田中 誠  福,岡,42,89,S2,追,3.92,103.9,△,4,12.5,29.1,54.1,0,0,,,,,,15:11
8320260604020010,kurume,2026-06-05,10,○9 ◎2 注4 ▲7 ×8 △3,,,,,6,松岡 孔明  熊,本,44,91,S2,両,3.92,98.25,,0,7.1,21.4,39.2,0,0,,,,,,15:11
8320260604020010,kurume,2026-06-05,10,○9 ◎2 注4 ▲7 ×8 △3,,,,,7,菅原 大也,神奈川,35,107,S2,両,3.92,103.44,▲,3,25.9,33.3,37.0,6,3,,,,,,15:11
8320260604020010,kurume,2026-06-05,10,○9 ◎2 注4 ▲7 ×8 △3,,,,,8,遠藤 拓巳  香,川,26,125,S2,逃,3.92,101.13,,0,8.6,30.4,39.1,4,3,,,,,,15:11
8320260604020010,kurume,2026-06-05,10,○9 ◎2 注4 ▲7 ×8 △3,,,,,9,嵯峨 昇喜郎  青,森,27,113,S1,両,3.92,107.68,○,5,20.8,45.8,45.8,4,6,,,,,,15:11
8320260604020011,kurume,2026-06-05,11,◎5 ○1 ×8 △2 ▲7 注9,,,,,1,坂本 健太郎  福,岡,45,86,S1,両,3.92,104.82,○,5,13.7,27.5,44.8,0,0,,,,,,15:43
8320260604020011,kurume,2026-06-05,11,◎5 ○1 ×8 △2 ▲7 注9,,,,,2,小堀 敢太,北海道,25,125,S2,逃,3.92,107.25,×,1,41.1,52.9,70.5,6,3,,,,,,15:43
8320260604020011,kurume,2026-06-05,11,◎5 ○1 ×8 △2 ▲7 注9,,,,,3,香川 雄介  香,川,51,76,S1,追,3.93,105.81,注,2,22.2,27.7,38.8,0,0,,,,,,15:43
8320260604020011,kurume,2026-06-05,11,◎5 ○1 ×8 △2 ▲7 注9,,,,,4,畑段 嵐士  京,都,35,105,S2,追,3.92,100.72,,0,13.7,37.9,55.1,0,2,,,,,,15:43
8320260604020011,kurume,2026-06-05,11,◎5 ○1 ×8 △2 ▲7 注9,,,,,5,嘉永 泰斗  熊,本,28,113,SS,逃,3.92,115.61,◎,6,31.8,45.4,54.5,0,10,,,,,,15:43
8320260604020011,kurume,2026-06-05,11,◎5 ○1 ×8 △2 ▲7 注9,,,,,6,竹内 翼  広,島,35,109,S2,逃,3.92,99.28,,0,28.5,33.3,33.3,3,3,,,,,,15:43
8320260604020011,kurume,2026-06-05,11,◎5 ○1 ×8 △2 ▲7 注9,,,,,7,伏見 俊昭  福,島,50,75,S1,追,3.92,105.81,△,4,13.6,18.1,31.8,0,1,,,,,,15:43
8320260604020011,kurume,2026-06-05,11,◎5 ○1 ×8 △2 ▲7 注9,,,,,8,佐々木 翔一  佐,賀,39,93,S2,両,3.92,100.0,,0,15.0,15.0,30.0,0,0,,,,,,15:43
8320260604020011,kurume,2026-06-05,11,◎5 ○1 ×8 △2 ▲7 注9,,,,,9,貴志 修己,和歌山,30,117,S2,逃,3.92,102.04,▲,3,13.0,43.4,52.1,6,4,,,,,,15:43
8320260604020012,kurume,2026-06-05,12,◎1 ○7 ▲8 △5 ×2 注3,,,,,1,郡司 浩平,神奈川,35,99,SS,両,3.92,117.16,◎,6,23.0,46.1,61.5,0,3,,,,,,16:20
8320260604020012,kurume,2026-06-05,12,◎1 ○7 ▲8 △5 ×2 注3,,,,,2,伊藤 颯馬  沖,縄,27,115,S1,逃,3.92,104.62,△,4,11.1,25.9,51.8,2,4,,,,,,16:20
8320260604020012,kurume,2026-06-05,12,◎1 ○7 ▲8 △5 ×2 注3,,,,,3,岸田 剛  福,井,27,121,S1,逃,3.92,105.32,×,1,32.0,44.0,48.0,4,7,,,,,,16:20
8320260604020012,kurume,2026-06-05,12,◎1 ○7 ▲8 △5 ×2 注3,,,,,4,伊東 翔貴  福,島,35,100,S2,逃,3.92,99.74,,0,18.5,37.0,44.4,1,2,,,,,,16:20
8320260604020012,kurume,2026-06-05,12,◎1 ○7 ▲8 △5 ×2 注3,,,,,5,佐藤 壮志  熊,本,22,123,S2,逃,3.92,103.48,▲,3,14.8,33.3,51.8,3,4,,,,,,16:20
8320260604020012,kurume,2026-06-05,12,◎1 ○7 ▲8 △5 ×2 注3,,,,,6,菅野 航基  宮,城,25,119,S2,逃,3.92,95.16,,0,8.0,20.0,28.0,3,0,,,,,,16:20
8320260604020012,kurume,2026-06-05,12,◎1 ○7 ▲8 △5 ×2 注3,,,,,7,松坂 洋平,神奈川,43,89,S1,両,3.92,106.25,○,5,4.1,25.0,45.8,0,0,,,,,,16:20
8320260604020012,kurume,2026-06-05,12,◎1 ○7 ▲8 △5 ×2 注3,,,,,8,平原 啓多  埼,玉,41,97,S2,追,3.92,96.09,,0,0.0,6.0,24.2,0,0,,,,,,16:20
8320260604020012,kurume,2026-06-05,12,◎1 ○7 ▲8 △5 ×2 注3,,,,,9,森川 大輔  岐,阜,38,92,S2,追,3.92,103.16,注,2,8.3,37.5,50.0,0,0,,,,,,16:20
1120260605020001,hakodate,2026-06-06,1,◎5 ○2 注4 ×1 △3,"5-4  2,390円(5)","5-4-3  10,080円(20)","3=4=5  1,820円(5)","3=4  1,250円(9)  3=5  250円(2)  4=5  340円(3) / 3=4  1,250円(9)  3=5  250円(2)  4=5  340円(3)",1,渡邊 秀明,神奈川,54,68,A3,追,3.92,67.02,×,1,0.0,11.7,29.4,0,0,失,nan,nan,nan,nan,16:05
1120260605020001,hakodate,2026-06-06,1,◎5 ○2 注4 ×1 △3,"5-4  2,390円(5)","5-4-3  10,080円(20)","3=4=5  1,820円(5)","3=4  1,250円(9)  3=5  250円(2)  4=5  340円(3) / 3=4  1,250円(9)  3=5  250円(2)  4=5  340円(3)",2,岡田 哲夫  福,島,43,92,A3,追,3.92,68.57,○,5,4.7,19.0,28.5,0,0,落,nan,nan,nan,nan,16:05
1120260605020001,hakodate,2026-06-06,1,◎5 ○2 注4 ×1 △3,"5-4  2,390円(5)","5-4-3  10,080円(20)","3=4=5  1,820円(5)","3=4  1,250円(9)  3=5  250円(2)  4=5  340円(3) / 3=4  1,250円(9)  3=5  250円(2)  4=5  340円(3)",3,志村 達也  広,島,54,71,A3,追,3.92,67.50,△,4,5.8,17.6,23.5,0,0,3,14.2,nan,４車身,nan,16:05
1120260605020001,hakodate,2026-06-06,1,◎5 ○2 注4 ×1 △3,"5-4  2,390円(5)","5-4-3  10,080円(20)","3=4=5  1,820円(5)","3=4  1,250円(9)  3=5  250円(2)  4=5  340円(3) / 3=4  1,250円(9)  3=5  250円(2)  4=5  340円(3)",4,藤原 義晴  岩,手,45,88,A3,追,3.92,63.96,注,2,0.0,6.6,10.0,0,0,2,13.1,差,８車身,nan,16:05
1120260605020001,hakodate,2026-06-06,1,◎5 ○2 注4 ×1 △3,"5-4  2,390円(5)","5-4-3  10,080円(20)","3=4=5  1,820円(5)","3=4  1,250円(9)  3=5  250円(2)  4=5  340円(3) / 3=4  1,250円(9)  3=5  250円(2)  4=5  340円(3)",5,門馬 琢麿,北海道,41,105,A3,逃,3.77,67.28,◎,6,19.0,28.5,33.3,2,2,1,13.3,捲,nan,nan,16:05
1120260605020002,hakodate,2026-06-06,2,◎1 ○3 注5 ×4 △2 ▲6,"1-4  1,120円(5)","1-4-2  2,780円(10)",1=2=4  400円(2),1=2  410円(8)  1=4  120円(1)  2=4  150円(3) / 1=2  410円(8)  1=4  120円(1)  2=4  150円(3),1,吉松 賢二  群,馬,40,90,A3,両,3.93,71.00,◎,6,12.0,44.0,60.0,7,0,1,13.3,捲,nan,nan,16:27
1120260605020002,hakodate,2026-06-06,2,◎1 ○3 注5 ×4 △2 ▲6,"1-4  1,120円(5)","1-4-2  2,780円(10)",1=2=4  400円(2),1=2  410円(8)  1=4  120円(1)  2=4  150円(3) / 1=2  410円(8)  1=4  120円(1)  2=4  150円(3),2,穴井 利久  福,岡,56,65,A3,追,3.92,67.45,△,4,4.1,4.1,25.0,0,0,3,13.4,nan,３/４車身,nan,16:27
1120260605020002,hakodate,2026-06-06,2,◎1 ○3 注5 ×4 △2 ▲6,"1-4  1,120円(5)","1-4-2  2,780円(10)",1=2=4  400円(2),1=2  410円(8)  1=4  120円(1)  2=4  150円(3) / 1=2  410円(8)  1=4  120円(1)  2=4  150円(3),3,羽石 国臣  栃,木,51,93,A3,追,3.92,69.57,○,5,9.5,14.2,38.0,0,0,4,13.4,nan,１車身１/２,nan,16:27
1120260605020002,hakodate,2026-06-06,2,◎1 ○3 注5 ×4 △2 ▲6,"1-4  1,120円(5)","1-4-2  2,780円(10)",1=2=4  400円(2),1=2  410円(8)  1=4  120円(1)  2=4  150円(3) / 1=2  410円(8)  1=4  120円(1)  2=4  150円(3),4,中岡 海  愛,媛,23,123,A3,逃,3.92,69.30,×,1,20.0,45.0,50.0,7,2,2,13.5,逃,２車身,nan,16:27
1120260605020002,hakodate,2026-06-06,2,◎1 ○3 注5 ×4 △2 ▲6,"1-4  1,120円(5)","1-4-2  2,780円(10)",1=2=4  400円(2),1=2  410円(8)  1=4  120円(1)  2=4  150円(3) / 1=2  410円(8)  1=4  120円(1)  2=4  150円(3),5,宮原 貴之  栃,木,56,67,A3,追,3.92,66.80,注,2,0.0,5.0,20.0,0,0,5,13.7,nan,５車身,nan,16:27
1120260605020002,hakodate,2026-06-06,2,◎1 ○3 注5 ×4 △2 ▲6,"1-4  1,120円(5)","1-4-2  2,780円(10)",1=2=4  400円(2),1=2  410円(8)  1=4  120円(1)  2=4  150円(3) / 1=2  410円(8)  1=4  120円(1)  2=4  150円(3),6,三浦 平志郎  秋,田,37,100,A3,逃,3.85,62.57,▲,3,4.5,4.5,4.5,1,0,6,14.5,nan,大差,nan,16:27
1120260605020003,hakodate,2026-06-06,3,◎7 ○1 ×2 注4 ▲6 △5,7-2  350円(1),"7-2-4  1,040円(3)",2=4=7  400円(2),2=4  230円(4)  2=7  120円(1)  4=7  260円(5) / 2=4  230円(4)  2=7  120円(1)  4=7  260円(5),1,宮本 龍一  福,岡,40,92,A3,両,3.93,71.07,○,5,11.1,40.7,51.8,0,0,7,14.5,nan,大差,nan,16:49
1120260605020003,hakodate,2026-06-06,3,◎7 ○1 ×2 注4 ▲6 △5,7-2  350円(1),"7-2-4  1,040円(3)",2=4=7  400円(2),2=4  230円(4)  2=7  120円(1)  4=7  260円(5) / 2=4  230円(4)  2=7  120円(1)  4=7  260円(5),2,鈴木 小次廊  静,岡,22,127,A3,逃,3.92,76.00,×,1,10.5,63.1,73.6,7,3,2,12.5,逃,１車身１/２,nan,16:49
1120260605020003,hakodate,2026-06-06,3,◎7 ○1 ×2 注4 ▲6 △5,7-2  350円(1),"7-2-4  1,040円(3)",2=4=7  400円(2),2=4  230円(4)  2=7  120円(1)  4=7  260円(5) / 2=4  230円(4)  2=7  120円(1)  4=7  260円(5),3,樋口 絢土  東,京,38,96,A3,追,3.92,74.62,△,4,37.5,50.0,66.6,0,0,5,12.1,nan,１/２車輪,nan,16:49
1120260605020003,hakodate,2026-06-06,3,◎7 ○1 ×2 注4 ▲6 △5,7-2  350円(1),"7-2-4  1,040円(3)",2=4=7  400円(2),2=4  230円(4)  2=7  120円(1)  4=7  260円(5) / 2=4  230円(4)  2=7  120円(1)  4=7  260円(5),4,柴田 健,神奈川,55,71,A3,追,3.92,70.42,注,2,10.5,31.5,42.1,0,0,3,12.4,nan,１車身,nan,16:49
1120260605020003,hakodate,2026-06-06,3,◎7 ○1 ×2 注4 ▲6 △5,7-2  350円(1),"7-2-4  1,040円(3)",2=4=7  400円(2),2=4  230円(4)  2=7  120円(1)  4=7  260円(5) / 2=4  230円(4)  2=7  120円(1)  4=7  260円(5),5,相川 巧  埼,玉,36,98,A3,両,3.92,68.57,▲,3,10.7,21.4,32.1,4,1,6,12.3,nan,１/２車身,nan,16:49
1120260605020003,hakodate,2026-06-06,3,◎7 ○1 ×2 注4 ▲6 △5,7-2  350円(1),"7-2-4  1,040円(3)",2=4=7  400円(2),2=4  230円(4)  2=7  120円(1)  4=7  260円(5) / 2=4  230円(4)  2=7  120円(1)  4=7  260円(5),6,小林 大能  千,葉,46,87,A3,追,3.92,67.18,nan,0,0.0,24.2,33.3,1,0,4,12.4,nan,３/４車身,nan,16:49
1120260605020003,hakodate,2026-06-06,3,◎7 ○1 ×2 注4 ▲6 △5,7-2  350円(1),"7-2-4  1,040円(3)",2=4=7  400円(2),2=4  230円(4)  2=7  120円(1)  4=7  260円(5) / 2=4  230円(4)  2=7  120円(1)  4=7  260円(5),7,山口 留稀哉  長,崎,23,127,A3,逃,3.92,77.00,◎,6,16.6,66.6,83.3,2,1,1,12.1,捲,nan,nan,16:49
1120260605020004,hakodate,2026-06-06,4,◎1 ○7 ▲4 ×2 △6 注5,1-7  160円(1),1-7-4  260円(1),1=4=7  200円(1),1=4  190円(3)  1=7  110円(1)  4=7  170円(2) / 1=4  190円(3)  1=7  110円(1)  4=7  170円(2),1,池田 充槻  秋,田,20,127,A3,逃,3.92,78.61,◎,6,72.7,81.8,81.8,11,7,1,11.9,逃,nan,nan,17:13
1120260605020004,hakodate,2026-06-06,4,◎1 ○7 ▲4 ×2 △6 注5,1-7  160円(1),1-7-4  260円(1),1=4=7  200円(1),1=4  190円(3)  1=7  110円(1)  4=7  170円(2) / 1=4  190円(3)  1=7  110円(1)  4=7  170円(2),2,川本 琢也  岡,山,39,100,A3,両,3.93,74.41,×,1,20.8,50.0,62.5,8,4,5,12.6,nan,４車身,nan,17:13
1120260605020004,hakodate,2026-06-06,4,◎1 ○7 ▲4 ×2 △6 注5,1-7  160円(1),1-7-4  260円(1),1=4=7  200円(1),1=4  190円(3)  1=7  110円(1)  4=7  170円(2) / 1=4  190円(3)  1=7  110円(1)  4=7  170円(2),3,石井 毅,神奈川,52,74,A3,追,3.77,74.33,注,2,6.6,46.6,66.6,0,1,7,13.2,nan,大差,nan,17:13
1120260605020004,hakodate,2026-06-06,4,◎1 ○7 ▲4 ×2 △6 注5,1-7  160円(1),1-7-4  260円(1),1=4=7  200円(1),1=4  190円(3)  1=7  110円(1)  4=7  170円(2) / 1=4  190円(3)  1=7  110円(1)  4=7  170円(2),4,邊見 斎  福,島,40,92,A3,追,3.92,72.66,▲,3,0.0,16.6,44.4,0,0,3,12.2,nan,４車身,nan,17:13
1120260605020004,hakodate,2026-06-06,4,◎1 ○7 ▲4 ×2 △6 注5,1-7  160円(1),1-7-4  260円(1),1=4=7  200円(1),1=4  190円(3)  1=7  110円(1)  4=7  170円(2) / 1=4  190円(3)  1=7  110円(1)  4=7  170円(2),5,里見 恒平  千,葉,49,99,A3,逃,3.92,72.74,△,4,31.2,53.1,56.2,1,7,4,12.0,nan,３/４車輪,nan,17:13
1120260605020004,hakodate,2026-06-06,4,◎1 ○7 ▲4 ×2 △6 注5,1-7  160円(1),1-7-4  260円(1),1=4=7  200円(1),1=4  190円(3)  1=7  110円(1)  4=7  170円(2) / 1=4  190円(3)  1=7  110円(1)  4=7  170円(2),6,吉成 晃一  熊,本,40,92,A3,両,3.92,69.86,nan,0,10.3,24.1,44.8,1,1,6,12.4,nan,１/２車輪,nan,17:13
1120260605020004,hakodate,2026-06-06,4,◎1 ○7 ▲4 ×2 △6 注5,1-7  160円(1),1-7-4  260円(1),1=4=7  200円(1),1=4  190円(3)  1=7  110円(1)  4=7  170円(2) / 1=4  190円(3)  1=7  110円(1)  4=7  170円(2),7,中野 良,北海道,50,83,A3,追,3.92,73.70,○,5,7.4,40.7,62.9,0,1,2,11.9,ク,１車身,nan,17:13
1120260605020005,hakodate,2026-06-06,5,▲2 ×3 ◎4 注1 △6 ○5,4-3  520円(2),"4-3-1  2,590円(9)","1=3=4  1,590円(5)","1=3  1,680円(10)  1=4  470円(4)  3=4  240円(2) / 1=3  1,680円(10)  1=4  470円(4)  3=4  240円(2)",1,蛯原 杏奈,北海道,26,120,L1,追,3.77,48.00,注,2,4.0,8.0,24.0,0,0,3,13.1,nan,１/４車輪,nan,17:37
1120260605020005,hakodate,2026-06-06,5,▲2 ×3 ◎4 注1 △6 ○5,4-3  520円(2),"4-3-1  2,590円(9)","1=3=4  1,590円(5)","1=3  1,680円(10)  1=4  470円(4)  3=4  240円(2) / 1=3  1,680円(10)  1=4  470円(4)  3=4  240円(2)",2,向井 円  大,阪,32,114,L1,追,3.79,47.61,▲,3,0.0,0.0,23.8,0,0,7,14.5,nan,９車身,nan,17:37
1120260605020005,hakodate,2026-06-06,5,▲2 ×3 ◎4 注1 △6 ○5,4-3  520円(2),"4-3-1  2,590円(9)","1=3=4  1,590円(5)","1=3  1,680円(10)  1=4  470円(4)  3=4  240円(2) / 1=3  1,680円(10)  1=4  470円(4)  3=4  240円(2)",3,山口 優依  愛,知,31,124,L1,両,3.79,51.76,×,1,14.2,23.8,47.6,2,1,2,13.4,逃,６車身,nan,17:37
1120260605020005,hakodate,2026-06-06,5,▲2 ×3 ◎4 注1 △6 ○5,4-3  520円(2),"4-3-1  2,590円(9)","1=3=4  1,590円(5)","1=3  1,680円(10)  1=4  470円(4)  3=4  240円(2) / 1=3  1,680円(10)  1=4  470円(4)  3=4  240円(2)",4,北岡 マリア  石,川,20,128,L1,両,3.79,56.19,◎,6,59.0,81.8,90.9,2,9,1,12.7,捲,nan,nan,17:37
1120260605020005,hakodate,2026-06-06,5,▲2 ×3 ◎4 注1 △6 ○5,4-3  520円(2),"4-3-1  2,590円(9)","1=3=4  1,590円(5)","1=3  1,680円(10)  1=4  470円(4)  3=4  240円(2) / 1=3  1,680円(10)  1=4  470円(4)  3=4  240円(2)",5,村田 奈穂  熊,本,34,116,L1,両,3.77,52.40,○,5,10.7,35.7,50.0,0,5,4,12.9,nan,１/２車輪,nan,17:37
1120260605020005,hakodate,2026-06-06,5,▲2 ×3 ◎4 注1 △6 ○5,4-3  520円(2),"4-3-1  2,590円(9)","1=3=4  1,590円(5)","1=3  1,680円(10)  1=4  470円(4)  3=4  240円(2) / 1=3  1,680円(10)  1=4  470円(4)  3=4  240円(2)",6,加藤 恵  青,森,40,112,L1,両,3.79,50.25,△,4,9.6,22.5,48.3,5,1,5,13.3,nan,３/４車身,nan,17:37
1120260605020005,hakodate,2026-06-06,5,▲2 ×3 ◎4 注1 △6 ○5,4-3  520円(2),"4-3-1  2,590円(9)","1=3=4  1,590円(5)","1=3  1,680円(10)  1=4  470円(4)  3=4  240円(2) / 1=3  1,680円(10)  1=4  470円(4)  3=4  240円(2)",7,大和 久保美  青,森,34,102,L1,追,3.77,45.50,nan,0,0.0,6.2,6.2,0,0,6,14.0,nan,大差,nan,17:37
1120260605020006,hakodate,2026-06-06,6,○1 注3 ◎4 △5 ×7 ▲6,4-1  240円(1),4-1-5  740円(3),1=4=5  350円(2),1=4  100円(1)  1=5  280円(6)  4=5  150円(3) / 1=4  100円(1)  1=5  280円(6)  4=5  150円(3),1,奥井 迪  東,京,44,106,L1,逃,3.77,53.61,○,5,14.2,47.6,71.4,2,4,2,12.9,捲,１/２車身,nan,18:01
1120260605020006,hakodate,2026-06-06,6,○1 注3 ◎4 △5 ×7 ▲6,4-1  240円(1),4-1-5  740円(3),1=4=5  350円(2),1=4  100円(1)  1=5  280円(6)  4=5  150円(3) / 1=4  100円(1)  1=5  280円(6)  4=5  150円(3),2,岡村 育子  埼,玉,49,102,L1,追,3.77,44.75,nan,0,0.0,0.0,7.1,0,0,7,17.3,nan,大差,nan,18:01
1120260605020006,hakodate,2026-06-06,6,○1 注3 ◎4 △5 ×7 ▲6,4-1  240円(1),4-1-5  740円(3),1=4=5  350円(2),1=4  100円(1)  1=5  280円(6)  4=5  150円(3) / 1=4  100円(1)  1=5  280円(6)  4=5  150円(3),3,田口 梓乃  山,口,33,102,L1,追,3.79,46.00,注,2,0.0,7.6,15.3,0,0,6,13.4,nan,１車輪,nan,18:01
1120260605020006,hakodate,2026-06-06,6,○1 注3 ◎4 △5 ×7 ▲6,4-1  240円(1),4-1-5  740円(3),1=4=5  350円(2),1=4  100円(1)  1=5  280円(6)  4=5  150円(3) / 1=4  100円(1)  1=5  280円(6)  4=5  150円(3),4,尾崎 睦,神奈川,41,108,L1,両,3.79,56.92,◎,6,69.2,80.7,92.3,2,17,1,12.9,捲,nan,nan,18:01
1120260605020006,hakodate,2026-06-06,6,○1 注3 ◎4 △5 ×7 ▲6,4-1  240円(1),4-1-5  740円(3),1=4=5  350円(2),1=4  100円(1)  1=5  280円(6)  4=5  150円(3) / 1=4  100円(1)  1=5  280円(6)  4=5  150円(3),5,東 美月  兵,庫,24,124,L1,両,3.77,52.33,△,4,4.7,28.5,66.6,0,1,3,12.8,nan,３/４車輪,nan,18:01
1120260605020006,hakodate,2026-06-06,6,○1 注3 ◎4 △5 ×7 ▲6,4-1  240円(1),4-1-5  740円(3),1=4=5  350円(2),1=4  100円(1)  1=5  280円(6)  4=5  150円(3) / 1=4  100円(1)  1=5  280円(6)  4=5  150円(3),6,野寺 梓  静,岡,25,126,L1,追,3.79,45.00,▲,3,0.0,0.0,7.6,0,0,5,13.1,nan,１車身１/２,nan,18:01
1120260605020006,hakodate,2026-06-06,6,○1 注3 ◎4 △5 ×7 ▲6,4-1  240円(1),4-1-5  740円(3),1=4=5  350円(2),1=4  100円(1)  1=5  280円(6)  4=5  150円(3) / 1=4  100円(1)  1=5  280円(6)  4=5  150円(3),7,細田 愛未  埼,玉,30,108,L1,両,3.79,52.78,×,1,14.2,57.1,71.4,1,0,4,13.5,nan,３車身,nan,18:01
1120260605020007,hakodate,2026-06-06,7,◎3 ○5 注1 △6 ×2 ▲7,5-3  230円(1),5-3-1  290円(1),1=3=5  160円(1),1=3  160円(3)  1=5  150円(2)  3=5  100円(1) / 1=3  160円(3)  1=5  150円(2)  3=5  100円(1),1,成清 謙二郎  千,葉,42,90,A2,追,3.92,82.19,注,2,0.0,14.2,28.5,0,0,3,12.3,nan,１/２車輪,nan,18:25
1120260605020007,hakodate,2026-06-06,7,◎3 ○5 注1 △6 ×2 ▲7,5-3  230円(1),5-3-1  290円(1),1=3=5  160円(1),1=3  160円(3)  1=5  150円(2)  3=5  100円(1) / 1=3  160円(3)  1=5  150円(2)  3=5  100円(1),2,大泉 英則  宮,城,45,89,A2,追,3.92,82.14,△,4,0.0,14.8,37.0,0,0,5,12.2,nan,３/４車輪,nan,18:25
1120260605020007,hakodate,2026-06-06,7,◎3 ○5 注1 △6 ×2 ▲7,5-3  230円(1),5-3-1  290円(1),1=3=5  160円(1),1=3  160円(3)  1=5  150円(2)  3=5  100円(1) / 1=3  160円(3)  1=5  150円(2)  3=5  100円(1),3,池部 壮太  大,分,33,109,A1,逃,3.93,85.83,◎,6,16.6,33.3,50.0,2,1,2,12.5,逃,１/２車身,nan,18:25
1120260605020007,hakodate,2026-06-06,7,◎3 ○5 注1 △6 ×2 ▲7,5-3  230円(1),5-3-1  290円(1),1=3=5  160円(1),1=3  160円(3)  1=5  150円(2)  3=5  100円(1) / 1=3  160円(3)  1=5  150円(2)  3=5  100円(1),4,中川 拓也  群,馬,39,94,A2,両,3.92,79.95,▲,3,9.5,14.2,23.8,1,0,7,13.8,nan,大差,nan,18:25
1120260605020007,hakodate,2026-06-06,7,◎3 ○5 注1 △6 ×2 ▲7,5-3  230円(1),5-3-1  290円(1),1=3=5  160円(1),1=3  160円(3)  1=5  150円(2)  3=5  100円(1) / 1=3  160円(3)  1=5  150円(2)  3=5  100円(1),5,近藤 範昌  岡,山,48,82,A1,追,3.85,87.37,○,5,8.3,37.5,50.0,0,0,1,12.3,差,nan,nan,18:25
1120260605020007,hakodate,2026-06-06,7,◎3 ○5 注1 △6 ×2 ▲7,5-3  230円(1),5-3-1  290円(1),1=3=5  160円(1),1=3  160円(3)  1=5  150円(2)  3=5  100円(1) / 1=3  160円(3)  1=5  150円(2)  3=5  100円(1),6,安藤 宜明,神奈川,55,74,A2,追,3.85,79.70,nan,0,4.1,4.1,12.5,0,0,4,12.3,nan,１車身,nan,18:25
1120260605020007,hakodate,2026-06-06,7,◎3 ○5 注1 △6 ×2 ▲7,5-3  230円(1),5-3-1  290円(1),1=3=5  160円(1),1=3  160円(3)  1=5  150円(2)  3=5  100円(1) / 1=3  160円(3)  1=5  150円(2)  3=5  100円(1),7,細沼 健治  埼,玉,44,89,A2,両,3.92,82.74,×,1,22.2,29.6,37.0,0,1,6,12.1,nan,１車身,nan,18:25
1120260605020008,hakodate,2026-06-06,8,△1 ▲4 ◎6 ○2 ×7 注3,2-3  510円(2),2-3-7  820円(3),2=3=7  140円(1),2=3  110円(2)  2=7  100円(1)  3=7  130円(3) / 2=3  110円(2)  2=7  100円(1)  3=7  130円(3),1,高田 真幸  福,岡,48,83,A2,両,3.92,84.18,△,4,22.7,31.8,40.9,0,4,5,12.2,nan,２車身,nan,18:51
1120260605020008,hakodate,2026-06-06,8,△1 ▲4 ◎6 ○2 ×7 注3,2-3  510円(2),2-3-7  820円(3),2=3=7  140円(1),2=3  110円(2)  2=7  100円(1)  3=7  130円(3) / 2=3  110円(2)  2=7  100円(1)  3=7  130円(3),2,照井 力斗  岩,手,24,121,A1,逃,3.92,85.33,◎,6,18.5,29.6,62.9,3,5,1,12.4,逃,nan,nan,18:51
1120260605020008,hakodate,2026-06-06,8,△1 ▲4 ◎6 ○2 ×7 注3,2-3  510円(2),2-3-7  820円(3),2=3=7  140円(1),2=3  110円(2)  2=7  100円(1)  3=7  130円(3) / 2=3  110円(2)  2=7  100円(1)  3=7  130円(3),3,大木 雅也  静,岡,50,83,A1,追,3.92,89.05,×,1,0.0,10.0,30.0,0,0,2,12.1,差,３/４車輪,nan,18:51
1120260605020008,hakodate,2026-06-06,8,△1 ▲4 ◎6 ○2 ×7 注3,2-3  510円(2),2-3-7  820円(3),2=3=7  140円(1),2=3  110円(2)  2=7  100円(1)  3=7  130円(3) / 2=3  110円(2)  2=7  100円(1)  3=7  130円(3),4,大竹 慎吾  大,分,60,55,A2,追,3.92,78.42,▲,3,0.0,0.0,4.7,0,0,6,12.2,nan,１車身１/２,nan,18:51
1120260605020008,hakodate,2026-06-06,8,△1 ▲4 ◎6 ○2 ×7 注3,2-3  510円(2),2-3-7  820円(3),2=3=7  140円(1),2=3  110円(2)  2=7  100円(1)  3=7  130円(3) / 2=3  110円(2)  2=7  100円(1)  3=7  130円(3),5,佐藤 明  静,岡,50,77,A2,追,3.92,82.20,注,2,0.0,4.1,29.1,0,0,4,12.0,nan,１/４車輪,nan,18:51
1120260605020008,hakodate,2026-06-06,8,△1 ▲4 ◎6 ○2 ×7 注3,2-3  510円(2),2-3-7  820円(3),2=3=7  140円(1),2=3  110円(2)  2=7  100円(1)  3=7  130円(3) / 2=3  110円(2)  2=7  100円(1)  3=7  130円(3),6,藤田 洋平  徳,島,39,93,A2,追,3.92,77.50,nan,0,0.0,0.0,0.0,0,0,7,12.2,nan,１車身,nan,18:51
1120260605020008,hakodate,2026-06-06,8,△1 ▲4 ◎6 ○2 ×7 注3,2-3  510円(2),2-3-7  820円(3),2=3=7  140円(1),2=3  110円(2)  2=7  100円(1)  3=7  130円(3) / 2=3  110円(2)  2=7  100円(1)  3=7  130円(3),7,山口 慎吾,北海道,42,93,A2,追,3.92,82.61,○,5,4.7,19.0,38.0,0,0,3,12.2,nan,１/４車輪,nan,18:51
1120260605020009,hakodate,2026-06-06,9,△7 ×1 ▲5 ◎2 ○4 注3,2-4  630円(2),"2-4-7  2,490円(5)",2=4=7  590円(3),2=4  290円(6)  2=7  190円(1)  4=7  370円(7) / 2=4  290円(6)  2=7  190円(1)  4=7  370円(7),1,前反 祐一郎  広,島,52,81,A1,追,3.92,91.71,×,1,19.0,42.8,66.6,0,0,5,12.6,nan,１/４車輪,nan,19:17
1120260605020009,hakodate,2026-06-06,9,△7 ×1 ▲5 ◎2 ○4 注3,2-4  630円(2),"2-4-7  2,490円(5)",2=4=7  590円(3),2=4  290円(6)  2=7  190円(1)  4=7  370円(7) / 2=4  290円(6)  2=7  190円(1)  4=7  370円(7),2,馬場 和広  埼,玉,35,98,A1,両,3.92,93.16,◎,6,15.7,57.8,73.6,2,2,1,12.4,差,nan,nan,19:17
1120260605020009,hakodate,2026-06-06,9,△7 ×1 ▲5 ◎2 ○4 注3,2-4  630円(2),"2-4-7  2,490円(5)",2=4=7  590円(3),2=4  290円(6)  2=7  190円(1)  4=7  370円(7) / 2=4  290円(6)  2=7  190円(1)  4=7  370円(7),3,大森 光明,北海道,27,117,A2,両,3.92,82.60,注,2,15.0,15.0,35.0,0,3,7,13.2,nan,大差,nan,19:17
1120260605020009,hakodate,2026-06-06,9,△7 ×1 ▲5 ◎2 ○4 注3,2-4  630円(2),"2-4-7  2,490円(5)",2=4=7  590円(3),2=4  290円(6)  2=7  190円(1)  4=7  370円(7) / 2=4  290円(6)  2=7  190円(1)  4=7  370円(7),4,内田 玄希  東,京,45,94,A1,追,3.92,88.20,○,5,16.6,45.8,70.8,0,0,2,12.4,ク,１/２車身,nan,19:17
1120260605020009,hakodate,2026-06-06,9,△7 ×1 ▲5 ◎2 ○4 注3,2-4  630円(2),"2-4-7  2,490円(5)",2=4=7  590円(3),2=4  290円(6)  2=7  190円(1)  4=7  370円(7) / 2=4  290円(6)  2=7  190円(1)  4=7  370円(7),5,二條 祐也  徳,島,41,97,A1,追,3.92,84.38,▲,3,5.5,16.6,44.4,0,0,4,12.4,nan,１/２車身,nan,19:17
1120260605020009,hakodate,2026-06-06,9,△7 ×1 ▲5 ◎2 ○4 注3,2-4  630円(2),"2-4-7  2,490円(5)",2=4=7  590円(3),2=4  290円(6)  2=7  190円(1)  4=7  370円(7) / 2=4  290円(6)  2=7  190円(1)  4=7  370円(7),6,阿部 英光  宮,城,44,89,A2,追,3.85,81.13,nan,0,4.3,17.3,43.4,0,0,6,12.8,nan,４車身,nan,19:17
1120260605020009,hakodate,2026-06-06,9,△7 ×1 ▲5 ◎2 ○4 注3,2-4  630円(2),"2-4-7  2,490円(5)",2=4=7  590円(3),2=4  290円(6)  2=7  190円(1)  4=7  370円(7) / 2=4  290円(6)  2=7  190円(1)  4=7  370円(7),7,田上 晃也  岡,山,28,115,A2,逃,3.92,89.76,△,4,41.1,58.8,64.7,7,3,3,12.7,nan,１車輪,nan,19:17
1120260605020010,hakodate,2026-06-06,10,○4 ◎5 △1 ▲3 ×7 注6,"6-5  42,800円(38)","6-5-2  109,170円(159)","2=5=6  8,100円(18)","2=5  520円(8)  2=6  2,050円(16)  5=6  2,000円(15) / 2=5  520円(8)  2=6  2,050円(16)  5=6  2,000円(15)",1,森田 康嗣,北海道,44,89,A1,両,3.92,87.15,△,4,19.2,42.3,53.8,3,4,4,12.8,nan,１/２車身,nan,19:43
1120260605020010,hakodate,2026-06-06,10,○4 ◎5 △1 ▲3 ×7 注6,"6-5  42,800円(38)","6-5-2  109,170円(159)","2=5=6  8,100円(18)","2=5  520円(8)  2=6  2,050円(16)  5=6  2,000円(15) / 2=5  520円(8)  2=6  2,050円(16)  5=6  2,000円(15)",2,浦川 尊明  茨,城,50,80,A1,追,3.92,89.71,注,2,9.5,23.8,61.9,0,0,3,12.9,nan,微差,nan,19:43
1120260605020010,hakodate,2026-06-06,10,○4 ◎5 △1 ▲3 ×7 注6,"6-5  42,800円(38)","6-5-2  109,170円(159)","2=5=6  8,100円(18)","2=5  520円(8)  2=6  2,050円(16)  5=6  2,000円(15) / 2=5  520円(8)  2=6  2,050円(16)  5=6  2,000円(15)",3,森 柾斗  徳,島,26,125,A2,逃,3.92,85.90,▲,3,19.0,33.3,42.8,1,5,6,13.2,nan,１車身,nan,19:43
1120260605020010,hakodate,2026-06-06,10,○4 ◎5 △1 ▲3 ×7 注6,"6-5  42,800円(38)","6-5-2  109,170円(159)","2=5=6  8,100円(18)","2=5  520円(8)  2=6  2,050円(16)  5=6  2,000円(15) / 2=5  520円(8)  2=6  2,050円(16)  5=6  2,000円(15)",4,吉田 優斗  岩,手,26,125,A2,逃,3.92,89.28,○,5,42.8,61.9,71.4,11,2,7,13.9,nan,９車身,nan,19:43
1120260605020010,hakodate,2026-06-06,10,○4 ◎5 △1 ▲3 ×7 注6,"6-5  42,800円(38)","6-5-2  109,170円(159)","2=5=6  8,100円(18)","2=5  520円(8)  2=6  2,050円(16)  5=6  2,000円(15) / 2=5  520円(8)  2=6  2,050円(16)  5=6  2,000円(15)",5,泉 慶輔  宮,城,36,99,A1,追,3.92,92.80,◎,6,19.0,38.0,71.4,0,0,2,12.8,差,１/４車輪,nan,19:43
1120260605020010,hakodate,2026-06-06,10,○4 ◎5 △1 ▲3 ×7 注6,"6-5  42,800円(38)","6-5-2  109,170円(159)","2=5=6  8,100円(18)","2=5  520円(8)  2=6  2,050円(16)  5=6  2,000円(15) / 2=5  520円(8)  2=6  2,050円(16)  5=6  2,000円(15)",6,戸塚 涼介  埼,玉,32,111,A2,逃,3.92,83.95,nan,0,8.3,29.1,54.1,7,0,1,13.1,逃,nan,nan,19:43
1120260605020010,hakodate,2026-06-06,10,○4 ◎5 △1 ▲3 ×7 注6,"6-5  42,800円(38)","6-5-2  109,170円(159)","2=5=6  8,100円(18)","2=5  520円(8)  2=6  2,050円(16)  5=6  2,000円(15) / 2=5  520円(8)  2=6  2,050円(16)  5=6  2,000円(15)",7,門田 凌  愛,媛,32,111,A1,両,3.92,90.66,×,1,29.1,58.3,66.6,1,5,5,13.0,nan,１車輪,nan,19:43
1120260605020011,hakodate,2026-06-06,11,注6 ○2 ◎4 △1 ×7 ▲3,"3-5  2,860円(7)","3-5-4  8,660円(25)","3=4=5  2,440円(8)",3=4  270円(3)  3=5  420円(6)  4=5  470円(7) / 3=4  270円(3)  3=5  420円(6)  4=5  470円(7),1,曽我 圭佑  熊,本,32,113,A1,逃,3.92,91.71,◎,6,23.8,42.8,57.1,4,0,4,11.8,nan,３/４車身,nan,20:11
1120260605020011,hakodate,2026-06-06,11,注6 ○2 ◎4 △1 ×7 ▲3,"3-5  2,860円(7)","3-5-4  8,660円(25)","3=4=5  2,440円(8)",3=4  270円(3)  3=5  420円(6)  4=5  470円(7) / 3=4  270円(3)  3=5  420円(6)  4=5  470円(7),2,平沼 由充  福,島,50,83,A2,追,3.92,88.19,注,2,4.7,23.8,47.6,0,0,5,12.7,nan,７車身,nan,20:11
1120260605020011,hakodate,2026-06-06,11,注6 ○2 ◎4 △1 ×7 ▲3,"3-5  2,860円(7)","3-5-4  8,660円(25)","3=4=5  2,440円(8)",3=4  270円(3)  3=5  420円(6)  4=5  470円(7) / 3=4  270円(3)  3=5  420円(6)  4=5  470円(7),3,小林 則之  静,岡,50,85,A1,両,3.92,93.50,×,1,25.0,58.3,75.0,0,2,1,12.0,捲,nan,nan,20:11
1120260605020011,hakodate,2026-06-06,11,注6 ○2 ◎4 △1 ×7 ▲3,"3-5  2,860円(7)","3-5-4  8,660円(25)","3=4=5  2,440円(8)",3=4  270円(3)  3=5  420円(6)  4=5  470円(7) / 3=4  270円(3)  3=5  420円(6)  4=5  470円(7),4,高橋 綜一郎  大,分,29,119,A1,逃,3.93,92.26,○,5,46.6,60.0,80.0,1,5,3,11.8,nan,１車輪,nan,20:11
1120260605020011,hakodate,2026-06-06,11,注6 ○2 ◎4 △1 ×7 ▲3,"3-5  2,860円(7)","3-5-4  8,660円(25)","3=4=5  2,440円(8)",3=4  270円(3)  3=5  420円(6)  4=5  470円(7) / 3=4  270円(3)  3=5  420円(6)  4=5  470円(7),5,山本 健也  千,葉,44,89,A1,追,3.92,88.68,▲,3,21.7,30.4,56.5,1,1,2,12.0,ク,３/４車身,nan,20:11
1120260605020011,hakodate,2026-06-06,11,注6 ○2 ◎4 △1 ×7 ▲3,"3-5  2,860円(7)","3-5-4  8,660円(25)","3=4=5  2,440円(8)",3=4  270円(3)  3=5  420円(6)  4=5  470円(7) / 3=4  270円(3)  3=5  420円(6)  4=5  470円(7),6,相笠 翔太  福,島,36,96,A2,両,3.92,84.95,nan,0,25.0,29.1,41.6,0,2,7,14.3,nan,９車身,nan,20:11
1120260605020011,hakodate,2026-06-06,11,注6 ○2 ◎4 △1 ×7 ▲3,"3-5  2,860円(7)","3-5-4  8,660円(25)","3=4=5  2,440円(8)",3=4  270円(3)  3=5  420円(6)  4=5  470円(7) / 3=4  270円(3)  3=5  420円(6)  4=5  470円(7),7,川島 勝  長,崎,43,89,A2,追,3.85,86.76,△,4,14.2,28.5,52.3,0,0,6,12.7,nan,６車身,nan,20:11
2120260604030001,yahiko,2026-06-06,1,◎3 △5 ×7 注4 ○1 ▲6,"7-3  1,070円(2)","7-3-1  4,480円(9)","1=3=7  1,270円(6)",1=3  400円(5)  1=7  510円(8)  3=7  310円(3) / 1=3  400円(5)  1=7  510円(8)  3=7  310円(3),1,野村 純宏,神奈川,49,82,A1,追,3.92,82.23,○,5,0.0,14.2,28.5,0,0,3,11.8,nan,２車身,nan,
2120260604030001,yahiko,2026-06-06,1,◎3 △5 ×7 注4 ○1 ▲6,"7-3  1,070円(2)","7-3-1  4,480円(9)","1=3=7  1,270円(6)",1=3  400円(5)  1=7  510円(8)  3=7  310円(3) / 1=3  400円(5)  1=7  510円(8)  3=7  310円(3),2,西巻 秀太  新,潟,41,97,A2,追,3.92,78.37,nan,0,0.0,4.1,8.3,0,0,6,11.9,nan,１/２車身,nan,
2120260604030001,yahiko,2026-06-06,1,◎3 △5 ×7 注4 ○1 ▲6,"7-3  1,070円(2)","7-3-1  4,480円(9)","1=3=7  1,270円(6)",1=3  400円(5)  1=7  510円(8)  3=7  310円(3) / 1=3  400円(5)  1=7  510円(8)  3=7  310円(3),3,竹澤 雅也  福,井,25,123,A2,逃,3.92,78.12,◎,6,0.0,0.0,8.3,0,0,2,11.9,逃,３/４車輪,nan,
2120260604030001,yahiko,2026-06-06,1,◎3 △5 ×7 注4 ○1 ▲6,"7-3  1,070円(2)","7-3-1  4,480円(9)","1=3=7  1,270円(6)",1=3  400円(5)  1=7  510円(8)  3=7  310円(3) / 1=3  400円(5)  1=7  510円(8)  3=7  310円(3),4,田中 弘章  福,岡,54,68,A2,追,3.92,83.12,注,2,4.1,12.5,33.3,0,0,7,12.2,nan,１車身,nan,
2120260604030001,yahiko,2026-06-06,1,◎3 △5 ×7 注4 ○1 ▲6,"7-3  1,070円(2)","7-3-1  4,480円(9)","1=3=7  1,270円(6)",1=3  400円(5)  1=7  510円(8)  3=7  310円(3) / 1=3  400円(5)  1=7  510円(8)  3=7  310円(3),5,有馬 雄二  奈,良,44,90,A2,追,3.92,79.88,△,4,7.6,11.5,26.9,0,0,4,11.9,nan,１/２車輪,nan,
2120260604030001,yahiko,2026-06-06,1,◎3 △5 ×7 注4 ○1 ▲6,"7-3  1,070円(2)","7-3-1  4,480円(9)","1=3=7  1,270円(6)",1=3  400円(5)  1=7  510円(8)  3=7  310円(3) / 1=3  400円(5)  1=7  510円(8)  3=7  310円(3),6,伊藤 拓人  静,岡,38,94,A2,追,3.85,78.09,▲,3,5.0,10.0,15.0,0,0,5,11.8,nan,１車身１/２,nan,
2120260604030001,yahiko,2026-06-06,1,◎3 △5 ×7 注4 ○1 ▲6,"7-3  1,070円(2)","7-3-1  4,480円(9)","1=3=7  1,270円(6)",1=3  400円(5)  1=7  510円(8)  3=7  310円(3) / 1=3  400円(5)  1=7  510円(8)  3=7  310円(3),7,高峰 賢治  山,梨,55,73,A2,追,3.92,84.77,×,1,11.1,27.7,33.3,0,0,1,11.7,差,nan,nan,
2120260604030002,yahiko,2026-06-06,2,○2 △7 ▲6 ◎4 ×1 注3,4-1  450円(2),"4-1-7  2,170円(7)","1=4=7  1,070円(4)",1=4  190円(2)  1=7  540円(7)  4=7  200円(3) / 1=4  190円(2)  1=7  540円(7)  4=7  200円(3),1,北村 篤  岐,阜,39,94,A2,追,3.93,79.50,×,1,8.3,8.3,8.3,0,0,2,12.0,ク,３/４車輪,nan,
2120260604030002,yahiko,2026-06-06,2,○2 △7 ▲6 ◎4 ×1 注3,4-1  450円(2),"4-1-7  2,170円(7)","1=4=7  1,070円(4)",1=4  190円(2)  1=7  540円(7)  4=7  200円(3) / 1=4  190円(2)  1=7  540円(7)  4=7  200円(3),2,土屋 仁  茨,城,51,84,A2,追,3.92,85.69,○,5,13.0,34.7,52.1,0,0,5,12.4,nan,１車身,nan,
2120260604030002,yahiko,2026-06-06,2,○2 △7 ▲6 ◎4 ×1 注3,4-1  450円(2),"4-1-7  2,170円(7)","1=4=7  1,070円(4)",1=4  190円(2)  1=7  540円(7)  4=7  200円(3) / 1=4  190円(2)  1=7  540円(7)  4=7  200円(3),3,吉村 文隆  京,都,54,70,A2,追,3.92,79.38,注,2,0.0,0.0,19.0,0,0,7,14.0,nan,大差,nan,
2120260604030002,yahiko,2026-06-06,2,○2 △7 ▲6 ◎4 ×1 注3,4-1  450円(2),"4-1-7  2,170円(7)","1=4=7  1,070円(4)",1=4  190円(2)  1=7  540円(7)  4=7  200円(3) / 1=4  190円(2)  1=7  540円(7)  4=7  200円(3),4,瀧川 幸広  愛,知,30,125,A2,逃,3.92,84.70,◎,6,4.7,33.3,42.8,6,1,1,12.0,逃,nan,nan,
2120260604030002,yahiko,2026-06-06,2,○2 △7 ▲6 ◎4 ×1 注3,4-1  450円(2),"4-1-7  2,170円(7)","1=4=7  1,070円(4)",1=4  190円(2)  1=7  540円(7)  4=7  200円(3) / 1=4  190円(2)  1=7  540円(7)  4=7  200円(3),5,小磯 知也  徳,島,52,76,A2,追,3.85,78.65,nan,0,4.3,8.6,8.6,0,0,6,12.4,nan,２車身,nan,
2120260604030002,yahiko,2026-06-06,2,○2 △7 ▲6 ◎4 ×1 注3,4-1  450円(2),"4-1-7  2,170円(7)","1=4=7  1,070円(4)",1=4  190円(2)  1=7  540円(7)  4=7  200円(3) / 1=4  190円(2)  1=7  540円(7)  4=7  200円(3),6,篠崎 高志  栃,木,53,72,A2,追,3.92,78.59,▲,3,0.0,0.0,9.0,0,0,4,12.1,nan,３/４車身,nan,
2120260604030002,yahiko,2026-06-06,2,○2 △7 ▲6 ◎4 ×1 注3,4-1  450円(2),"4-1-7  2,170円(7)","1=4=7  1,070円(4)",1=4  190円(2)  1=7  540円(7)  4=7  200円(3) / 1=4  190円(2)  1=7  540円(7)  4=7  200円(3),7,堀 政美  茨,城,57,65,A2,追,3.93,84.83,△,4,5.5,22.2,50.0,0,0,3,12.1,nan,８車身,nan,
2120260604030003,yahiko,2026-06-06,3,◎1 ○7 ▲6 ×2 △3 注4,1-7  230円(1),1-7-3  850円(2),1=3=7  310円(1),1=3  290円(5)  1=7  110円(1)  3=7  200円(3) / 1=3  290円(5)  1=7  110円(1)  3=7  200円(3),1,中釜 健次  大,阪,27,121,A1,逃,3.92,90.25,◎,6,25.0,33.3,41.6,3,5,1,11.4,捲,nan,nan,
2120260604030003,yahiko,2026-06-06,3,◎1 ○7 ▲6 ×2 △3 注4,1-7  230円(1),1-7-3  850円(2),1=3=7  310円(1),1=3  290円(5)  1=7  110円(1)  3=7  200円(3) / 1=3  290円(5)  1=7  110円(1)  3=7  200円(3),2,會澤 龍  宮,城,36,105,A1,両,3.92,86.08,×,1,20.8,33.3,54.1,0,1,4,12.2,nan,１車身１/２,nan,
2120260604030003,yahiko,2026-06-06,3,◎1 ○7 ▲6 ×2 △3 注4,1-7  230円(1),1-7-3  850円(2),1=3=7  310円(1),1=3  290円(5)  1=7  110円(1)  3=7  200円(3) / 1=3  290円(5)  1=7  110円(1)  3=7  200円(3),3,福田 要  宮,崎,27,121,A1,両,3.85,83.33,△,4,0.0,19.0,33.3,0,1,3,12.0,nan,２車身,nan,
2120260604030003,yahiko,2026-06-06,3,◎1 ○7 ▲6 ×2 △3 注4,1-7  230円(1),1-7-3  850円(2),1=3=7  310円(1),1=3  290円(5)  1=7  110円(1)  3=7  200円(3) / 1=3  290円(5)  1=7  110円(1)  3=7  200円(3),4,在本 直樹  岡,山,49,93,A2,両,3.92,84.33,注,2,16.6,22.2,33.3,0,2,5,12.0,nan,１/２車輪,nan,
2120260604030003,yahiko,2026-06-06,3,◎1 ○7 ▲6 ×2 △3 注4,1-7  230円(1),1-7-3  850円(2),1=3=7  310円(1),1=3  290円(5)  1=7  110円(1)  3=7  200円(3) / 1=3  290円(5)  1=7  110円(1)  3=7  200円(3),5,越智 展孝  愛,媛,44,88,A1,追,3.92,84.66,nan,0,10.5,21.0,26.3,0,1,6,11.8,nan,１/４車輪,nan,
2120260604030003,yahiko,2026-06-06,3,◎1 ○7 ▲6 ×2 △3 注4,1-7  230円(1),1-7-3  850円(2),1=3=7  310円(1),1=3  290円(5)  1=7  110円(1)  3=7  200円(3) / 1=3  290円(5)  1=7  110円(1)  3=7  200円(3),6,田中 誇士  静,岡,32,103,A1,両,3.93,0.00,▲,3,0.0,0.0,0.0,0,0,7,12.9,nan,５車身,nan,
2120260604030003,yahiko,2026-06-06,3,◎1 ○7 ▲6 ×2 △3 注4,1-7  230円(1),1-7-3  850円(2),1=3=7  310円(1),1=3  290円(5)  1=7  110円(1)  3=7  200円(3) / 1=3  290円(5)  1=7  110円(1)  3=7  200円(3),7,佐藤 亙  愛,知,46,85,A1,追,3.92,88.04,○,5,25.0,29.1,62.5,0,0,2,11.4,ク,２車身,nan,
2120260604030004,yahiko,2026-06-06,4,◎5 ○1 ×7 ▲6 △3 注4,5-4  800円(3),"5-4-2  2,260円(6)","2=4=5  1,400円(4)",2=4  820円(7)  2=5  560円(5)  4=5  380円(4) / 2=4  820円(7)  2=5  560円(5)  4=5  380円(4),1,吉永 好宏  広,島,51,80,A1,追,3.92,88.12,○,5,12.5,29.1,50.0,0,0,4,11.7,nan,３/４車身,nan,
2120260604030004,yahiko,2026-06-06,4,◎5 ○1 ×7 ▲6 △3 注4,5-4  800円(3),"5-4-2  2,260円(6)","2=4=5  1,400円(4)",2=4  820円(7)  2=5  560円(5)  4=5  380円(4) / 2=4  820円(7)  2=5  560円(5)  4=5  380円(4),2,池田 浩士  佐,賀,47,86,A1,追,3.92,86.33,注,2,0.0,20.8,45.8,1,0,3,11.7,nan,３/４車身,nan,
2120260604030004,yahiko,2026-06-06,4,◎5 ○1 ×7 ▲6 △3 注4,5-4  800円(3),"5-4-2  2,260円(6)","2=4=5  1,400円(4)",2=4  820円(7)  2=5  560円(5)  4=5  380円(4) / 2=4  820円(7)  2=5  560円(5)  4=5  380円(4),3,鶴岡 與之  千,葉,49,81,A2,追,3.92,81.70,▲,3,11.1,11.1,18.5,0,0,7,12.4,nan,８車身,nan,
2120260604030004,yahiko,2026-06-06,4,◎5 ○1 ×7 ▲6 △3 注4,5-4  800円(3),"5-4-2  2,260円(6)","2=4=5  1,400円(4)",2=4  820円(7)  2=5  560円(5)  4=5  380円(4) / 2=4  820円(7)  2=5  560円(5)  4=5  380円(4),4,天野 純平  佐,賀,27,115,A2,逃,3.92,84.25,△,4,35.0,45.0,45.0,2,5,2,11.7,ク,４車身,nan,
2120260604030004,yahiko,2026-06-06,4,◎5 ○1 ×7 ▲6 △3 注4,5-4  800円(3),"5-4-2  2,260円(6)","2=4=5  1,400円(4)",2=4  820円(7)  2=5  560円(5)  4=5  380円(4) / 2=4  820円(7)  2=5  560円(5)  4=5  380円(4),5,畝木 聖  岡,山,29,117,A1,逃,3.92,94.47,◎,6,47.6,76.1,85.7,5,9,1,11.9,逃,nan,nan,
2120260604030004,yahiko,2026-06-06,4,◎5 ○1 ×7 ▲6 △3 注4,5-4  800円(3),"5-4-2  2,260円(6)","2=4=5  1,400円(4)",2=4  820円(7)  2=5  560円(5)  4=5  380円(4) / 2=4  820円(7)  2=5  560円(5)  4=5  380円(4),6,桜井 大地  静,岡,32,111,A2,逃,3.85,79.55,nan,0,10.0,15.0,20.0,1,0,6,12.1,nan,２車身,nan,
2120260604030004,yahiko,2026-06-06,4,◎5 ○1 ×7 ▲6 △3 注4,5-4  800円(3),"5-4-2  2,260円(6)","2=4=5  1,400円(4)",2=4  820円(7)  2=5  560円(5)  4=5  380円(4) / 2=4  820円(7)  2=5  560円(5)  4=5  380円(4),7,吉村 和之  岐,阜,48,80,A1,追,3.93,89.87,×,1,12.5,37.5,50.0,0,0,5,11.8,nan,３/４車身,nan,
2120260604030005,yahiko,2026-06-06,5,○1 ◎3 △4 ×5 注2,5-3  460円(1),"5-3-4  1,510円(5)",3=4=5  500円(4),3=4  180円(3)  3=5  130円(1)  4=5  320円(8) / 3=4  180円(3)  3=5  130円(1)  4=5  320円(8),1,薦田 将伍  愛,媛,28,113,S2,逃,3.92,94.16,○,5,5.2,5.2,15.7,0,1,5,12.3,nan,２車身,nan,
2120260604030005,yahiko,2026-06-06,5,○1 ◎3 △4 ×5 注2,5-3  460円(1),"5-3-4  1,510円(5)",3=4=5  500円(4),3=4  180円(3)  3=5  130円(1)  4=5  320円(8) / 3=4  180円(3)  3=5  130円(1)  4=5  320円(8),2,鷲田 佳史  福,井,43,88,S2,追,3.92,97.00,注,2,0.0,7.6,15.3,0,0,4,11.9,nan,１/２車身,nan,
2120260604030005,yahiko,2026-06-06,5,○1 ◎3 △4 ×5 注2,5-3  460円(1),"5-3-4  1,510円(5)",3=4=5  500円(4),3=4  180円(3)  3=5  130円(1)  4=5  320円(8) / 3=4  180円(3)  3=5  130円(1)  4=5  320円(8),3,原 誠宏  香,川,40,91,S2,追,3.93,101.26,◎,6,4.7,28.5,42.8,0,0,2,11.5,ク,３/４車身,nan,
2120260604030005,yahiko,2026-06-06,5,○1 ◎3 △4 ×5 注2,5-3  460円(1),"5-3-4  1,510円(5)",3=4=5  500円(4),3=4  180円(3)  3=5  130円(1)  4=5  320円(8) / 3=4  180円(3)  3=5  130円(1)  4=5  320円(8),4,木村 幸希  広,島,34,109,S2,両,3.92,94.37,△,4,7.4,7.4,7.4,0,0,3,11.8,nan,４車身,nan,
2120260604030005,yahiko,2026-06-06,5,○1 ◎3 △4 ×5 注2,5-3  460円(1),"5-3-4  1,510円(5)",3=4=5  500円(4),3=4  180円(3)  3=5  130円(1)  4=5  320円(8) / 3=4  180円(3)  3=5  130円(1)  4=5  320円(8),5,川村 晃司  京,都,49,85,S2,両,3.92,100.00,×,1,14.2,35.7,50.0,0,1,1,11.4,捲,nan,nan,
2120260604030006,yahiko,2026-06-06,6,◎2 ○4 注5 △1 ×3,2-4  210円(1),2-4-1  810円(3),1=2=4  480円(3),1=2  200円(3)  1=4  250円(6)  2=4  110円(1) / 1=2  200円(3)  1=4  250円(6)  2=4  110円(1),1,開坂 秀明  青,森,51,79,S2,追,3.92,97.82,△,4,0.0,17.3,26.0,0,0,3,11.6,nan,１車身１/２,nan,
2120260604030006,yahiko,2026-06-06,6,◎2 ○4 注5 △1 ×3,2-4  210円(1),2-4-1  810円(3),1=2=4  480円(3),1=2  200円(3)  1=4  250円(6)  2=4  110円(1) / 1=2  200円(3)  1=4  250円(6)  2=4  110円(1),2,小堺 浩二  石,川,43,91,S2,両,3.92,101.30,◎,6,17.6,26.4,44.1,0,6,1,11.4,捲,nan,nan,
2120260604030006,yahiko,2026-06-06,6,◎2 ○4 注5 △1 ×3,2-4  210円(1),2-4-1  810円(3),1=2=4  480円(3),1=2  200円(3)  1=4  250円(6)  2=4  110円(1) / 1=2  200円(3)  1=4  250円(6)  2=4  110円(1),3,佐藤 壮  千,葉,34,100,S2,追,3.92,99.38,×,1,21.4,28.5,35.7,0,0,4,11.5,nan,タイヤ差,nan,
2120260604030006,yahiko,2026-06-06,6,◎2 ○4 注5 △1 ×3,2-4  210円(1),2-4-1  810円(3),1=2=4  480円(3),1=2  200円(3)  1=4  250円(6)  2=4  110円(1) / 1=2  200円(3)  1=4  250円(6)  2=4  110円(1),4,福島 栄一  香,川,42,93,S2,追,3.93,94.46,○,5,3.8,7.6,19.2,0,0,2,11.4,ク,３/４車身,nan,
2120260604030006,yahiko,2026-06-06,6,◎2 ○4 注5 △1 ×3,2-4  210円(1),2-4-1  810円(3),1=2=4  480円(3),1=2  200円(3)  1=4  250円(6)  2=4  110円(1) / 1=2  200円(3)  1=4  250円(6)  2=4  110円(1),5,中村 弘之輔,北海道,34,109,S2,両,3.93,94.45,注,2,4.3,4.3,26.0,0,0,5,12.1,nan,４車身,nan,
2120260604030007,yahiko,2026-06-06,7,◎2 ○5 △1 ▲4 ×3 注6,5-2  410円(2),"5-2-6  2,140円(8)",2=5=6  610円(2),2=5  110円(1)  2=6  240円(3)  5=6  530円(10) / 2=5  110円(1)  2=6  240円(3)  5=6  530円(10),1,古川 尚耶  栃,木,40,92,S2,追,3.92,99.62,△,4,6.2,28.1,31.2,0,0,4,11.1,nan,３/４車身,nan,
2120260604030007,yahiko,2026-06-06,7,◎2 ○5 △1 ▲4 ×3 注6,5-2  410円(2),"5-2-6  2,140円(8)",2=5=6  610円(2),2=5  110円(1)  2=6  240円(3)  5=6  530円(10) / 2=5  110円(1)  2=6  240円(3)  5=6  530円(10),2,原田 研太朗  徳,島,35,98,S1,逃,3.92,103.30,◎,6,22.2,27.7,44.4,3,5,2,11.5,逃,１/４車輪,nan,
2120260604030007,yahiko,2026-06-06,7,◎2 ○5 △1 ▲4 ×3 注6,5-2  410円(2),"5-2-6  2,140円(8)",2=5=6  610円(2),2=5  110円(1)  2=6  240円(3)  5=6  530円(10) / 2=5  110円(1)  2=6  240円(3)  5=6  530円(10),3,小笠原 光  岩,手,30,117,S2,両,3.92,96.11,×,1,5.5,11.1,22.2,0,2,5,11.5,nan,１/２車身,nan,
2120260604030007,yahiko,2026-06-06,7,◎2 ○5 △1 ▲4 ×3 注6,5-2  410円(2),"5-2-6  2,140円(8)",2=5=6  610円(2),2=5  110円(1)  2=6  240円(3)  5=6  530円(10) / 2=5  110円(1)  2=6  240円(3)  5=6  530円(10),4,相川 永伍  埼,玉,42,95,S2,追,3.92,96.66,▲,3,6.2,18.7,31.2,0,0,6,12.9,nan,大差,nan,
2120260604030007,yahiko,2026-06-06,7,◎2 ○5 △1 ▲4 ×3 注6,5-2  410円(2),"5-2-6  2,140円(8)",2=5=6  610円(2),2=5  110円(1)  2=6  240円(3)  5=6  530円(10) / 2=5  110円(1)  2=6  240円(3)  5=6  530円(10),5,守谷 陽介  岡,山,46,87,S2,両,3.92,98.35,○,5,7.6,17.9,28.2,0,0,1,11.4,差,nan,nan,
2120260604030007,yahiko,2026-06-06,7,◎2 ○5 △1 ▲4 ×3 注6,5-2  410円(2),"5-2-6  2,140円(8)",2=5=6  610円(2),2=5  110円(1)  2=6  240円(3)  5=6  530円(10) / 2=5  110円(1)  2=6  240円(3)  5=6  530円(10),6,房州 輝也  福,島,39,91,S2,両,3.92,95.61,注,2,2.7,8.3,22.2,0,0,3,11.2,nan,３車身,nan,
2120260604030008,yahiko,2026-06-06,8,×1 △4 ▲5 注6 ◎2 ○7,"6-4  8,870円(29)","6-4-7  43,310円(119)","4=6=7  3,970円(16)",4=6  650円(11)  4=7  300円(4)  6=7  500円(7) / 4=6  650円(11)  4=7  300円(4)  6=7  500円(7),1,野口 裕史  千,葉,43,111,S1,逃,3.93,100.50,×,1,17.8,32.1,42.8,6,3,7,12.5,nan,２車身,nan,
2120260604030008,yahiko,2026-06-06,8,×1 △4 ▲5 注6 ◎2 ○7,"6-4  8,870円(29)","6-4-7  43,310円(119)","4=6=7  3,970円(16)",4=6  650円(11)  4=7  300円(4)  6=7  500円(7) / 4=6  650円(11)  4=7  300円(4)  6=7  500円(7),2,小林 令  山,梨,30,109,S2,追,3.92,97.50,注,2,4.1,20.8,33.3,0,0,6,12.0,nan,１/２車身,nan,
2120260604030008,yahiko,2026-06-06,8,×1 △4 ▲5 注6 ◎2 ○7,"6-4  8,870円(29)","6-4-7  43,310円(119)","4=6=7  3,970円(16)",4=6  650円(11)  4=7  300円(4)  6=7  500円(7) / 4=6  650円(11)  4=7  300円(4)  6=7  500円(7),3,小酒 大勇  宮,崎,32,103,S2,両,3.92,97.69,○,5,7.6,26.9,34.6,0,0,5,11.8,nan,１/４車輪,nan,
2120260604030008,yahiko,2026-06-06,8,×1 △4 ▲5 注6 ◎2 ○7,"6-4  8,870円(29)","6-4-7  43,310円(119)","4=6=7  3,970円(16)",4=6  650円(11)  4=7  300円(4)  6=7  500円(7) / 4=6  650円(11)  4=7  300円(4)  6=7  500円(7),4,齊藤 竜也,神奈川,51,73,S2,追,3.92,99.68,△,4,4.0,24.0,52.0,0,1,2,12.0,差,２車身,nan,
2120260604030008,yahiko,2026-06-06,8,×1 △4 ▲5 注6 ◎2 ○7,"6-4  8,870円(29)","6-4-7  43,310円(119)","4=6=7  3,970円(16)",4=6  650円(11)  4=7  300円(4)  6=7  500円(7) / 4=6  650円(11)  4=7  300円(4)  6=7  500円(7),5,金成 和幸  福,島,47,88,S2,追,3.92,99.96,▲,3,3.4,20.6,41.3,0,0,4,12.1,nan,１/２車身,nan,
2120260604030008,yahiko,2026-06-06,8,×1 △4 ▲5 注6 ◎2 ○7,"6-4  8,870円(29)","6-4-7  43,310円(119)","4=6=7  3,970円(16)",4=6  650円(11)  4=7  300円(4)  6=7  500円(7) / 4=6  650円(11)  4=7  300円(4)  6=7  500円(7),6,藤田 周磨  埼,玉,28,117,S2,逃,3.92,96.96,nan,0,7.4,14.8,33.3,2,1,1,11.8,捲,nan,nan,
2120260604030008,yahiko,2026-06-06,8,×1 △4 ▲5 注6 ◎2 ○7,"6-4  8,870円(29)","6-4-7  43,310円(119)","4=6=7  3,970円(16)",4=6  650円(11)  4=7  300円(4)  6=7  500円(7) / 4=6  650円(11)  4=7  300円(4)  6=7  500円(7),7,真鍋 智寛  愛,媛,27,121,S1,逃,3.92,104.12,◎,6,11.7,23.5,41.1,1,3,3,11.8,nan,３/４車身,nan,
2120260604030009,yahiko,2026-06-06,9,△5 ◎1 ○2 ×4 ▲3 注6,"1-4  3,250円(17)","1-4-6  37,350円(140)","1=4=6  11,390円(33)","1=4  730円(11)  1=6  1,020円(16)  4=6  1,770円(21) / 1=4  730円(11)  1=6  1,020円(16)  4=6  1,770円(21)",1,松川 高大  熊,本,37,94,S1,両,3.92,103.40,◎,6,4.7,19.0,28.5,0,0,1,12.2,差,nan,nan,
2120260604030009,yahiko,2026-06-06,9,△5 ◎1 ○2 ×4 ▲3 注6,"1-4  3,250円(17)","1-4-6  37,350円(140)","1=4=6  11,390円(33)","1=4  730円(11)  1=6  1,020円(16)  4=6  1,770円(21) / 1=4  730円(11)  1=6  1,020円(16)  4=6  1,770円(21)",2,竹村 勇祐  秋,田,36,96,S2,追,3.92,103.00,○,5,13.6,31.8,45.4,0,0,7,12.7,nan,６車身,nan,
2120260604030009,yahiko,2026-06-06,9,△5 ◎1 ○2 ×4 ▲3 注6,"1-4  3,250円(17)","1-4-6  37,350円(140)","1=4=6  11,390円(33)","1=4  730円(11)  1=6  1,020円(16)  4=6  1,770円(21) / 1=4  730円(11)  1=6  1,020円(16)  4=6  1,770円(21)",3,治田 知也  新,潟,27,121,S2,逃,3.93,99.95,×,1,29.1,45.8,50.0,8,3,5,12.2,nan,３/４車輪,nan,
2120260604030009,yahiko,2026-06-06,9,△5 ◎1 ○2 ×4 ▲3 注6,"1-4  3,250円(17)","1-4-6  37,350円(140)","1=4=6  11,390円(33)","1=4  730円(11)  1=6  1,020円(16)  4=6  1,770円(21) / 1=4  730円(11)  1=6  1,020円(16)  4=6  1,770円(21)",4,佐藤 愼太郎  福,島,47,83,S2,追,3.92,98.71,nan,0,0.0,25.0,46.4,0,0,2,11.7,差,１/８車輪,nan,
2120260604030009,yahiko,2026-06-06,9,△5 ◎1 ○2 ×4 ▲3 注6,"1-4  3,250円(17)","1-4-6  37,350円(140)","1=4=6  11,390円(33)","1=4  730円(11)  1=6  1,020円(16)  4=6  1,770円(21) / 1=4  730円(11)  1=6  1,020円(16)  4=6  1,770円(21)",5,田村 大  宮,崎,28,119,S2,逃,3.92,99.42,△,4,14.2,28.5,46.4,6,2,4,12.4,nan,１/２車身,nan,
2120260604030009,yahiko,2026-06-06,9,△5 ◎1 ○2 ×4 ▲3 注6,"1-4  3,250円(17)","1-4-6  37,350円(140)","1=4=6  11,390円(33)","1=4  730円(11)  1=6  1,020円(16)  4=6  1,770円(21) / 1=4  730円(11)  1=6  1,020円(16)  4=6  1,770円(21)",6,藤原 憲征  新,潟,46,85,S2,追,3.92,97.64,▲,3,10.7,14.2,39.2,0,0,3,12.1,nan,１/２車身,nan,
2120260604030009,yahiko,2026-06-06,9,△5 ◎1 ○2 ×4 ▲3 注6,"1-4  3,250円(17)","1-4-6  37,350円(140)","1=4=6  11,390円(33)","1=4  730円(11)  1=6  1,020円(16)  4=6  1,770円(21) / 1=4  730円(11)  1=6  1,020円(16)  4=6  1,770円(21)",7,鈴木 裕  千,葉,41,92,S2,両,3.92,99.16,注,2,20.8,29.1,41.6,0,2,6,12.1,nan,３/４車身,nan,
2120260604030010,yahiko,2026-06-06,10,○1 ◎4 △5 ×2 ▲6 注3,"2-7  6,190円(14)","2-7-5  39,740円(69)","2=5=7  5,260円(11)",2=5  980円(10)  2=7  720円(7)  5=7  990円(11) / 2=5  980円(10)  2=7  720円(7)  5=7  990円(11),1,森田 一郎  埼,玉,25,125,S1,逃,3.92,105.80,○,5,15.0,20.0,40.0,2,2,5,12.9,nan,１車身,nan,
2120260604030010,yahiko,2026-06-06,10,○1 ◎4 △5 ×2 ▲6 注3,"2-7  6,190円(14)","2-7-5  39,740円(69)","2=5=7  5,260円(11)",2=5  980円(10)  2=7  720円(7)  5=7  990円(11) / 2=5  980円(10)  2=7  720円(7)  5=7  990円(11),2,中田 雄喜  福,島,39,97,S2,追,3.92,98.75,×,1,10.3,24.1,37.9,0,0,1,12.2,差,nan,nan,
2120260604030010,yahiko,2026-06-06,10,○1 ◎4 △5 ×2 ▲6 注3,"2-7  6,190円(14)","2-7-5  39,740円(69)","2=5=7  5,260円(11)",2=5  980円(10)  2=7  720円(7)  5=7  990円(11) / 2=5  980円(10)  2=7  720円(7)  5=7  990円(11),3,山崎 泰己  岡,山,36,101,S2,追,3.92,96.00,▲,3,0.0,7.4,22.2,0,0,6,12.3,nan,２車身,nan,
2120260604030010,yahiko,2026-06-06,10,○1 ◎4 △5 ×2 ▲6 注3,"2-7  6,190円(14)","2-7-5  39,740円(69)","2=5=7  5,260円(11)",2=5  980円(10)  2=7  720円(7)  5=7  990円(11) / 2=5  980円(10)  2=7  720円(7)  5=7  990円(11),4,末木 浩二  山,梨,34,109,S1,両,3.92,103.86,◎,6,26.0,30.4,39.1,0,6,4,12.6,nan,３/４車身,nan,
2120260604030010,yahiko,2026-06-06,10,○1 ◎4 △5 ×2 ▲6 注3,"2-7  6,190円(14)","2-7-5  39,740円(69)","2=5=7  5,260円(11)",2=5  980円(10)  2=7  720円(7)  5=7  990円(11) / 2=5  980円(10)  2=7  720円(7)  5=7  990円(11),5,石川 裕二  茨,城,42,99,S1,追,3.92,103.47,△,4,13.6,22.7,31.8,0,0,3,12.4,nan,１/２車身,nan,
2120260604030010,yahiko,2026-06-06,10,○1 ◎4 △5 ×2 ▲6 注3,"2-7  6,190円(14)","2-7-5  39,740円(69)","2=5=7  5,260円(11)",2=5  980円(10)  2=7  720円(7)  5=7  990円(11) / 2=5  980円(10)  2=7  720円(7)  5=7  990円(11),6,上杉 嘉槻  福,井,28,119,S2,逃,3.92,93.17,nan,0,3.4,10.3,20.6,1,1,7,13.7,nan,大差,nan,
2120260604030010,yahiko,2026-06-06,10,○1 ◎4 △5 ×2 ▲6 注3,"2-7  6,190円(14)","2-7-5  39,740円(69)","2=5=7  5,260円(11)",2=5  980円(10)  2=7  720円(7)  5=7  990円(11) / 2=5  980円(10)  2=7  720円(7)  5=7  990円(11),7,竹山 陵太  宮,城,41,91,S2,追,3.92,97.12,注,2,9.3,21.8,37.5,0,1,2,12.0,差,３/４車輪,nan,
2120260604030011,yahiko,2026-06-06,11,◎1 △7 ○4 ▲2 ×6 注5,"2-6  1,170円(5)","2-6-7  4,980円(17)","2=6=7  2,780円(12)","2=6  400円(6)  2=7  350円(3)  6=7  1,440円(18) / 2=6  400円(6)  2=7  350円(3)  6=7  1,440円(18)",1,渡邉 壘  新,潟,23,125,A1,逃,3.92,94.16,◎,6,33.3,61.1,72.2,8,2,6,12.2,nan,２車身,nan,
2120260604030011,yahiko,2026-06-06,11,◎1 △7 ○4 ▲2 ×6 注5,"2-6  1,170円(5)","2-6-7  4,980円(17)","2=6=7  2,780円(12)","2=6  400円(6)  2=7  350円(3)  6=7  1,440円(18) / 2=6  400円(6)  2=7  350円(3)  6=7  1,440円(18)",2,藤田 楓  岡,山,23,127,A2,逃,3.92,93.33,○,5,62.5,79.1,83.3,14,5,1,11.4,捲,nan,nan,
2120260604030011,yahiko,2026-06-06,11,◎1 △7 ○4 ▲2 ×6 注5,"2-6  1,170円(5)","2-6-7  4,980円(17)","2=6=7  2,780円(12)","2=6  400円(6)  2=7  350円(3)  6=7  1,440円(18) / 2=6  400円(6)  2=7  350円(3)  6=7  1,440円(18)",3,谷津田 将吾  福,島,46,83,A1,追,3.92,89.94,注,2,11.1,38.8,50.0,0,0,7,12.3,nan,２車身,nan,
2120260604030011,yahiko,2026-06-06,11,◎1 △7 ○4 ▲2 ×6 注5,"2-6  1,170円(5)","2-6-7  4,980円(17)","2=6=7  2,780円(12)","2=6  400円(6)  2=7  350円(3)  6=7  1,440円(18) / 2=6  400円(6)  2=7  350円(3)  6=7  1,440円(18)",4,吉田 裕全  埼,玉,41,90,A1,追,3.93,90.31,nan,0,15.0,30.0,50.0,0,3,5,11.8,nan,３/４車輪,nan,
2120260604030011,yahiko,2026-06-06,11,◎1 △7 ○4 ▲2 ×6 注5,"2-6  1,170円(5)","2-6-7  4,980円(17)","2=6=7  2,780円(12)","2=6  400円(6)  2=7  350円(3)  6=7  1,440円(18) / 2=6  400円(6)  2=7  350円(3)  6=7  1,440円(18)",5,齊藤 英伊須  青,森,22,125,A2,逃,3.92,93.34,×,1,57.6,76.9,80.7,15,4,4,12.1,nan,１/２車輪,nan,
2120260604030011,yahiko,2026-06-06,11,◎1 △7 ○4 ▲2 ×6 注5,"2-6  1,170円(5)","2-6-7  4,980円(17)","2=6=7  2,780円(12)","2=6  400円(6)  2=7  350円(3)  6=7  1,440円(18) / 2=6  400円(6)  2=7  350円(3)  6=7  1,440円(18)",6,野村 典嗣  愛,媛,35,109,A1,追,3.92,88.38,▲,3,4.7,23.8,38.0,0,1,2,11.4,ク,３/４車身,nan,
2120260604030011,yahiko,2026-06-06,11,◎1 △7 ○4 ▲2 ×6 注5,"2-6  1,170円(5)","2-6-7  4,980円(17)","2=6=7  2,780円(12)","2=6  400円(6)  2=7  350円(3)  6=7  1,440円(18) / 2=6  400円(6)  2=7  350円(3)  6=7  1,440円(18)",7,長井 妙樹  東,京,37,96,A1,追,3.92,91.23,△,4,29.4,35.2,41.1,0,0,3,12.0,nan,５車身,nan,
2120260604030012,yahiko,2026-06-06,12,▲2 ◎7 ○4 注5 ×1 △6,"7-5  1,220円(5)","7-5-4  3,990円(12)","4=5=7  1,140円(4)",4=5  650円(10)  4=7  140円(1)  5=7  410円(7) / 4=5  650円(10)  4=7  140円(1)  5=7  410円(7),1,和田 圭  宮,城,40,92,S1,追,3.92,110.60,×,1,28.0,44.0,64.0,0,0,4,11.2,nan,１車身１/２,nan,
2120260604030012,yahiko,2026-06-06,12,▲2 ◎7 ○4 注5 ×1 △6,"7-5  1,220円(5)","7-5-4  3,990円(12)","4=5=7  1,140円(4)",4=5  650円(10)  4=7  140円(1)  5=7  410円(7) / 4=5  650円(10)  4=7  140円(1)  5=7  410円(7),2,道場 晃規  静,岡,28,117,S1,逃,3.92,107.87,▲,3,26.9,38.4,53.8,1,6,7,12.8,nan,３/４車身,nan,
2120260604030012,yahiko,2026-06-06,12,▲2 ◎7 ○4 注5 ×1 △6,"7-5  1,220円(5)","7-5-4  3,990円(12)","4=5=7  1,140円(4)",4=5  650円(10)  4=7  140円(1)  5=7  410円(7) / 4=5  650円(10)  4=7  140円(1)  5=7  410円(7),3,山田 諒  岐,阜,27,113,S1,両,3.86,107.80,△,4,20.0,40.0,40.0,2,3,5,11.6,nan,７車身,nan,
2120260604030012,yahiko,2026-06-06,12,▲2 ◎7 ○4 注5 ×1 △6,"7-5  1,220円(5)","7-5-4  3,990円(12)","4=5=7  1,140円(4)",4=5  650円(10)  4=7  140円(1)  5=7  410円(7) / 4=5  650円(10)  4=7  140円(1)  5=7  410円(7),4,三谷 将太  奈,良,40,92,S1,追,3.92,111.07,○,5,18.7,25.0,50.0,0,0,3,11.2,nan,３/４車身,nan,
2120260604030012,yahiko,2026-06-06,12,▲2 ◎7 ○4 注5 ×1 △6,"7-5  1,220円(5)","7-5-4  3,990円(12)","4=5=7  1,140円(4)",4=5  650円(10)  4=7  140円(1)  5=7  410円(7) / 4=5  650円(10)  4=7  140円(1)  5=7  410円(7),5,飯野 祐太  福,島,41,90,S1,両,3.92,107.44,注,2,14.8,33.3,55.5,0,1,2,11.3,ク,１/２車身,nan,
2120260604030012,yahiko,2026-06-06,12,▲2 ◎7 ○4 注5 ×1 △6,"7-5  1,220円(5)","7-5-4  3,990円(12)","4=5=7  1,140円(4)",4=5  650円(10)  4=7  140円(1)  5=7  410円(7) / 4=5  650円(10)  4=7  140円(1)  5=7  410円(7),6,村田 祐樹  富,山,27,121,S1,逃,3.93,105.73,nan,0,13.0,43.4,60.8,9,1,6,12.6,nan,７車身,nan,
2120260604030012,yahiko,2026-06-06,12,▲2 ◎7 ○4 注5 ×1 △6,"7-5  1,220円(5)","7-5-4  3,990円(12)","4=5=7  1,140円(4)",4=5  650円(10)  4=7  140円(1)  5=7  410円(7) / 4=5  650円(10)  4=7  140円(1)  5=7  410円(7),7,深谷 知広  静,岡,36,96,S1,逃,3.93,115.39,◎,6,39.1,56.5,69.5,3,7,1,11.3,捲,nan,nan,
2520260605020001,omiya,2026-06-06,1,◎4 ○1 ▲5 △7 ×3 注2,"3-1  1,580円(8)","3-1-4  4,470円(17)",1=3=4  440円(2),1=3  230円(5)  1=4  120円(1)  3=4  230円(4) / 1=3  230円(5)  1=4  120円(1)  3=4  230円(4),1,市川 博章  静,岡,49,80,A3,追,3.93,70.95,○,5,0.0,20.8,45.8,0,0,2,14.7,差,１車輪,nan,08:25
2520260605020001,omiya,2026-06-06,1,◎4 ○1 ▲5 △7 ×3 注2,"3-1  1,580円(8)","3-1-4  4,470円(17)",1=3=4  440円(2),1=3  230円(5)  1=4  120円(1)  3=4  230円(4) / 1=3  230円(5)  1=4  120円(1)  3=4  230円(4),2,檀 雄二  福,岡,58,66,A3,追,3.92,71.25,注,2,12.5,25.0,56.2,0,0,5,15.2,nan,３/４車輪,nan,08:25
2520260605020001,omiya,2026-06-06,1,◎4 ○1 ▲5 △7 ×3 注2,"3-1  1,580円(8)","3-1-4  4,470円(17)",1=3=4  440円(2),1=3  230円(5)  1=4  120円(1)  3=4  230円(4) / 1=3  230円(5)  1=4  120円(1)  3=4  230円(4),3,徳吉 正治  福,岡,43,89,A3,両,3.92,70.66,×,1,16.6,37.5,41.6,0,0,1,15.2,差,nan,nan,08:25
2520260605020001,omiya,2026-06-06,1,◎4 ○1 ▲5 △7 ×3 注2,"3-1  1,580円(8)","3-1-4  4,470円(17)",1=3=4  440円(2),1=3  230円(5)  1=4  120円(1)  3=4  230円(4) / 1=3  230円(5)  1=4  120円(1)  3=4  230円(4),4,奈良 基  宮,城,44,109,A3,両,3.85,70.93,◎,6,26.6,33.3,53.3,1,2,3,14.8,nan,１/８車輪,nan,08:25
2520260605020001,omiya,2026-06-06,1,◎4 ○1 ▲5 △7 ×3 注2,"3-1  1,580円(8)","3-1-4  4,470円(17)",1=3=4  440円(2),1=3  230円(5)  1=4  120円(1)  3=4  230円(4) / 1=3  230円(5)  1=4  120円(1)  3=4  230円(4),5,石井 孝  千,葉,54,68,A3,追,3.85,69.08,▲,3,4.1,16.6,41.6,0,0,4,14.7,nan,３/４車輪,nan,08:25
2520260605020001,omiya,2026-06-06,1,◎4 ○1 ▲5 △7 ×3 注2,"3-1  1,580円(8)","3-1-4  4,470円(17)",1=3=4  440円(2),1=3  230円(5)  1=4  120円(1)  3=4  230円(4) / 1=3  230円(5)  1=4  120円(1)  3=4  230円(4),6,梶應 弘樹  愛,媛,60,57,A3,追,3.85,61.78,nan,0,0.0,0.0,0.0,0,0,7,21.1,nan,大差,nan,08:25
2520260605020001,omiya,2026-06-06,1,◎4 ○1 ▲5 △7 ×3 注2,"3-1  1,580円(8)","3-1-4  4,470円(17)",1=3=4  440円(2),1=3  230円(5)  1=4  120円(1)  3=4  230円(4) / 1=3  230円(5)  1=4  120円(1)  3=4  230円(4),7,矢田 晋  福,岡,48,94,A3,両,3.92,67.91,△,4,0.0,17.3,21.7,0,2,6,15.6,nan,３/４車身,nan,08:25
2520260605020002,omiya,2026-06-06,2,注1 ×2 ▲5 ◎4 ○3 △7,"4-5  1,950円(7)","4-5-7  7,960円(26)","4=5=7  1,930円(8)","4=5  460円(6)  4=7  190円(2)  5=7  1,320円(16) / 4=5  460円(6)  4=7  190円(2)  5=7  1,320円(16)",1,田村 光昭  広,島,54,67,A3,追,3.92,69.87,注,2,8.3,16.6,41.6,0,0,6,15.1,nan,１車身１/２,nan,08:45
2520260605020002,omiya,2026-06-06,2,注1 ×2 ▲5 ◎4 ○3 △7,"4-5  1,950円(7)","4-5-7  7,960円(26)","4=5=7  1,930円(8)","4=5  460円(6)  4=7  190円(2)  5=7  1,320円(16) / 4=5  460円(6)  4=7  190円(2)  5=7  1,320円(16)",2,藤本 龍也  長,野,42,98,A3,両,3.92,67.33,×,1,6.6,13.3,26.6,2,0,4,15.2,nan,１/４車輪,nan,08:45
2520260605020002,omiya,2026-06-06,2,注1 ×2 ▲5 ◎4 ○3 △7,"4-5  1,950円(7)","4-5-7  7,960円(26)","4=5=7  1,930円(8)","4=5  460円(6)  4=7  190円(2)  5=7  1,320円(16) / 4=5  460円(6)  4=7  190円(2)  5=7  1,320円(16)",3,中川 博文  福,井,58,61,A3,追,3.93,67.04,○,5,4.1,16.6,29.1,0,0,5,14.6,nan,１/４車輪,nan,08:45
2520260605020002,omiya,2026-06-06,2,注1 ×2 ▲5 ◎4 ○3 △7,"4-5  1,950円(7)","4-5-7  7,960円(26)","4=5=7  1,930円(8)","4=5  460円(6)  4=7  190円(2)  5=7  1,320円(16) / 4=5  460円(6)  4=7  190円(2)  5=7  1,320円(16)",4,安達 豪太  兵,庫,33,127,A3,逃,3.92,71.11,◎,6,23.5,58.8,64.7,8,1,1,14.7,捲,nan,nan,08:45
2520260605020002,omiya,2026-06-06,2,注1 ×2 ▲5 ◎4 ○3 △7,"4-5  1,950円(7)","4-5-7  7,960円(26)","4=5=7  1,930円(8)","4=5  460円(6)  4=7  190円(2)  5=7  1,320円(16) / 4=5  460円(6)  4=7  190円(2)  5=7  1,320円(16)",5,廣川 貞治  東,京,58,61,A3,追,3.93,69.40,▲,3,3.7,11.1,37.0,0,0,2,15.1,差,２車身,nan,08:45
2520260605020002,omiya,2026-06-06,2,注1 ×2 ▲5 ◎4 ○3 △7,"4-5  1,950円(7)","4-5-7  7,960円(26)","4=5=7  1,930円(8)","4=5  460円(6)  4=7  190円(2)  5=7  1,320円(16) / 4=5  460円(6)  4=7  190円(2)  5=7  1,320円(16)",6,齋藤 仁  徳,島,46,83,A3,追,3.92,66.96,nan,0,3.8,15.3,30.7,0,0,7,18.6,nan,大差,nan,08:45
2520260605020002,omiya,2026-06-06,2,注1 ×2 ▲5 ◎4 ○3 △7,"4-5  1,950円(7)","4-5-7  7,960円(26)","4=5=7  1,930円(8)","4=5  460円(6)  4=7  190円(2)  5=7  1,320円(16) / 4=5  460円(6)  4=7  190円(2)  5=7  1,320円(16)",7,加藤 正法  愛,知,37,96,A3,追,3.86,69.50,△,4,4.1,20.8,37.5,0,1,3,14.4,nan,１/４車輪,nan,08:45
2520260605020003,omiya,2026-06-06,3,×1 △5 注6 ◎2 ○3 ▲4,3-4  950円(3),"3-4-5  3,320円(7)","3=4=5  1,180円(5)",3=4  180円(1)  3=5  280円(4)  4=5  370円(6) / 3=4  180円(1)  3=5  280円(4)  4=5  370円(6),1,辻 力  石,川,52,71,A3,追,3.93,70.33,×,1,22.2,37.0,48.1,2,2,6,15.1,nan,３/４車身,nan,09:06
2520260605020003,omiya,2026-06-06,3,×1 △5 注6 ◎2 ○3 ▲4,3-4  950円(3),"3-4-5  3,320円(7)","3=4=5  1,180円(5)",3=4  180円(1)  3=5  280円(4)  4=5  370円(6) / 3=4  180円(1)  3=5  280円(4)  4=5  370円(6),2,沼川 夢久  群,馬,51,81,A3,追,3.92,67.85,nan,0,0.0,14.2,33.3,1,0,4,15.3,nan,２車身,nan,09:06
2520260605020003,omiya,2026-06-06,3,×1 △5 注6 ◎2 ○3 ▲4,3-4  950円(3),"3-4-5  3,320円(7)","3=4=5  1,180円(5)",3=4  180円(1)  3=5  280円(4)  4=5  370円(6) / 3=4  180円(1)  3=5  280円(4)  4=5  370円(6),3,渡邉 正人  福,島,35,100,A3,逃,3.86,70.05,◎,6,15.0,25.0,40.0,0,2,1,14.9,捲,nan,nan,09:06
2520260605020003,omiya,2026-06-06,3,×1 △5 注6 ◎2 ○3 ▲4,3-4  950円(3),"3-4-5  3,320円(7)","3=4=5  1,180円(5)",3=4  180円(1)  3=5  280円(4)  4=5  370円(6) / 3=4  180円(1)  3=5  280円(4)  4=5  370円(6),4,田中 智也  静,岡,53,74,A3,追,3.92,69.26,○,5,0.0,0.0,36.8,0,0,2,14.8,ク,１/４車輪,nan,09:06
2520260605020003,omiya,2026-06-06,3,×1 △5 注6 ◎2 ○3 ▲4,3-4  950円(3),"3-4-5  3,320円(7)","3=4=5  1,180円(5)",3=4  180円(1)  3=5  280円(4)  4=5  370円(6) / 3=4  180円(1)  3=5  280円(4)  4=5  370円(6),5,林 洋二  岐,阜,50,82,A3,追,3.92,71.11,△,4,0.0,14.8,37.0,0,0,3,14.7,nan,２車身,nan,09:06
2520260605020003,omiya,2026-06-06,3,×1 △5 注6 ◎2 ○3 ▲4,3-4  950円(3),"3-4-5  3,320円(7)","3=4=5  1,180円(5)",3=4  180円(1)  3=5  280円(4)  4=5  370円(6) / 3=4  180円(1)  3=5  280円(4)  4=5  370円(6),6,駒井 大輔  東,京,51,98,A3,両,3.93 3.92,66.40,注,2,9.0,18.1,18.1,1,1,7,15.5,nan,１/４車輪,nan,09:06
2520260605020003,omiya,2026-06-06,3,×1 △5 注6 ◎2 ○3 ▲4,3-4  950円(3),"3-4-5  3,320円(7)","3=4=5  1,180円(5)",3=4  180円(1)  3=5  280円(4)  4=5  370円(6) / 3=4  180円(1)  3=5  280円(4)  4=5  370円(6),7,藤田 晃英  千,葉,50,76,A3,追,3.86,68.19,▲,3,0.0,0.0,28.5,0,0,5,15.2,nan,１/８車輪,nan,09:06
2520260605020004,omiya,2026-06-06,4,×1 注4 ▲5 ○2 ◎3 △7,"4-5  6,440円(17)","4-5-7  68,200円(108)","4=5=7  6,200円(18)","4=5  1,400円(14)  4=7  670円(7)  5=7  1,390円(13) / 4=5  1,400円(14)  4=7  670円(7)  5=7  1,390円(13)",1,櫻井 宏樹  東,京,37,98,A3,両,3.92,69.50,×,1,14.2,35.7,35.7,1,1,5,15.5,nan,３/４車輪,nan,09:27
2520260605020004,omiya,2026-06-06,4,×1 注4 ▲5 ○2 ◎3 △7,"4-5  6,440円(17)","4-5-7  68,200円(108)","4=5=7  6,200円(18)","4=5  1,400円(14)  4=7  670円(7)  5=7  1,390円(13) / 4=5  1,400円(14)  4=7  670円(7)  5=7  1,390円(13)",2,安坂 洋一,神奈川,50,79,A3,追,3.92,69.65,nan,0,0.0,13.3,36.6,0,0,4,15.1,nan,１/２車輪,nan,09:27
2520260605020004,omiya,2026-06-06,4,×1 注4 ▲5 ○2 ◎3 △7,"4-5  6,440円(17)","4-5-7  68,200円(108)","4=5=7  6,200円(18)","4=5  1,400円(14)  4=7  670円(7)  5=7  1,390円(13) / 4=5  1,400円(14)  4=7  670円(7)  5=7  1,390円(13)",3,森 佑樹  岡,山,40,94,A3,逃,3.92,70.07,○,5,22.2,48.1,51.8,9,4,6,15.3,nan,３車身,nan,09:27
2520260605020004,omiya,2026-06-06,4,×1 注4 ▲5 ○2 ◎3 △7,"4-5  6,440円(17)","4-5-7  68,200円(108)","4=5=7  6,200円(18)","4=5  1,400円(14)  4=7  670円(7)  5=7  1,390円(13) / 4=5  1,400円(14)  4=7  670円(7)  5=7  1,390円(13)",4,野崎 修一  栃,木,63,57,A3,追,3.92,68.85,注,2,9.5,14.2,38.0,0,0,1,15.3,差,nan,nan,09:27
2520260605020004,omiya,2026-06-06,4,×1 注4 ▲5 ○2 ◎3 △7,"4-5  6,440円(17)","4-5-7  68,200円(108)","4=5=7  6,200円(18)","4=5  1,400円(14)  4=7  670円(7)  5=7  1,390円(13) / 4=5  1,400円(14)  4=7  670円(7)  5=7  1,390円(13)",5,長岡 豪  群,馬,43,91,A3,追,3.92,67.77,▲,3,0.0,0.0,27.2,0,0,2,15.2,ク,１/２車身,nan,09:27
2520260605020004,omiya,2026-06-06,4,×1 注4 ▲5 ○2 ◎3 △7,"4-5  6,440円(17)","4-5-7  68,200円(108)","4=5=7  6,200円(18)","4=5  1,400円(14)  4=7  670円(7)  5=7  1,390円(13) / 4=5  1,400円(14)  4=7  670円(7)  5=7  1,390円(13)",6,三登 誉哲  広,島,39,100,A3,両,3.92,66.80,△,4,0.0,0.0,20.0,0,0,失,nan,nan,nan,nan,09:27
2520260605020004,omiya,2026-06-06,4,×1 注4 ▲5 ○2 ◎3 △7,"4-5  6,440円(17)","4-5-7  68,200円(108)","4=5=7  6,200円(18)","4=5  1,400円(14)  4=7  670円(7)  5=7  1,390円(13) / 4=5  1,400円(14)  4=7  670円(7)  5=7  1,390円(13)",7,大室 翔  岡,山,34,107,A3,逃,3.93,70.33,◎,6,14.2,33.3,52.3,4,1,3,14.7,nan,１/８車輪,nan,09:27
2520260605020005,omiya,2026-06-06,5,◎2 ○5 ×6 △1 注4 ▲7,"2-5  1,460円(6)","2-5-1  3,520円(10)",1=2=5  460円(2),1=2  240円(4)  1=5  230円(2)  2=5  330円(5) / 1=2  240円(4)  1=5  230円(2)  2=5  330円(5),1,角田 吏  福,島,23,127,A3,逃,3.92,76.06,×,1,46.6,60.0,73.3,2,7,3,15.4,nan,１/２車輪,nan,09:48
2520260605020005,omiya,2026-06-06,5,◎2 ○5 ×6 △1 注4 ▲7,"2-5  1,460円(6)","2-5-1  3,520円(10)",1=2=5  460円(2),1=2  240円(4)  1=5  230円(2)  2=5  330円(5) / 1=2  240円(4)  1=5  230円(2)  2=5  330円(5),2,中 秀平,神奈川,27,127,A3,逃,3.85,74.45,◎,6,33.3,50.0,66.6,8,3,1,15.2,捲,nan,nan,09:48
2520260605020005,omiya,2026-06-06,5,◎2 ○5 ×6 △1 注4 ▲7,"2-5  1,460円(6)","2-5-1  3,520円(10)",1=2=5  460円(2),1=2  240円(4)  1=5  230円(2)  2=5  330円(5) / 1=2  240円(4)  1=5  230円(2)  2=5  330円(5),3,柴田 昌樹  愛,知,50,79,A3,追,3.92,67.85,▲,3,7.4,18.5,29.6,0,0,6,14.8,nan,２車身,nan,09:48
2520260605020005,omiya,2026-06-06,5,◎2 ○5 ×6 △1 注4 ▲7,"2-5  1,460円(6)","2-5-1  3,520円(10)",1=2=5  460円(2),1=2  240円(4)  1=5  230円(2)  2=5  330円(5) / 1=2  240円(4)  1=5  230円(2)  2=5  330円(5),4,小田桐 義継,北海道,48,81,A3,追,3.92,73.47,△,4,5.0,20.0,60.0,0,0,4,15.1,nan,１/４車輪,nan,09:48
2520260605020005,omiya,2026-06-06,5,◎2 ○5 ×6 △1 注4 ▲7,"2-5  1,460円(6)","2-5-1  3,520円(10)",1=2=5  460円(2),1=2  240円(4)  1=5  230円(2)  2=5  330円(5) / 1=2  240円(4)  1=5  230円(2)  2=5  330円(5),5,内海 雅夫  群,馬,47,83,A3,追,3.92,73.05,○,5,5.0,20.0,50.0,0,0,2,15.0,差,１/８車輪,nan,09:48
2520260605020005,omiya,2026-06-06,5,◎2 ○5 ×6 △1 注4 ▲7,"2-5  1,460円(6)","2-5-1  3,520円(10)",1=2=5  460円(2),1=2  240円(4)  1=5  230円(2)  2=5  330円(5) / 1=2  240円(4)  1=5  230円(2)  2=5  330円(5),6,長谷川 辰徳  埼,玉,45,89,A3,追,3.86,64.81,nan,0,0.0,0.0,12.5,0,0,5,14.8,nan,１/２車輪,nan,09:48
2520260605020005,omiya,2026-06-06,5,◎2 ○5 ×6 △1 注4 ▲7,"2-5  1,460円(6)","2-5-1  3,520円(10)",1=2=5  460円(2),1=2  240円(4)  1=5  230円(2)  2=5  330円(5) / 1=2  240円(4)  1=5  230円(2)  2=5  330円(5),7,中村 賢二  愛,知,43,97,A3,追,3.92,73.61,注,2,40.9,50.0,63.6,1,1,7,16.4,nan,大差,nan,09:48
2520260605020006,omiya,2026-06-06,6,◎1 ○7 △4 ×2 注5 ▲3,1-7  230円(1),1-7-4  610円(1),1=4=7  510円(3),1=4  370円(6)  1=7  100円(1)  4=7  420円(8) / 1=4  370円(6)  1=7  100円(1)  4=7  420円(8),1,下山 聖斗,鹿児島,24,127,A3,逃,3.92,78.40,◎,6,66.6,85.1,88.8,11,12,1,14.5,捲,nan,nan,10:09
2520260605020006,omiya,2026-06-06,6,◎1 ○7 △4 ×2 注5 ▲3,1-7  230円(1),1-7-4  610円(1),1=4=7  510円(3),1=4  370円(6)  1=7  100円(1)  4=7  420円(8) / 1=4  370円(6)  1=7  100円(1)  4=7  420円(8),2,森 飛龍  静,岡,22,127,A3,逃,3.85,74.75,△,4,27.7,55.5,66.6,8,2,4,14.6,nan,１/２車身,nan,10:09
2520260605020006,omiya,2026-06-06,6,◎1 ○7 △4 ×2 注5 ▲3,1-7  230円(1),1-7-4  610円(1),1=4=7  510円(3),1=4  370円(6)  1=7  100円(1)  4=7  420円(8) / 1=4  370円(6)  1=7  100円(1)  4=7  420円(8),3,吉田 昌弘  埼,玉,41,97,A3,追,3.92,67.71,注,2,14.2,14.2,14.2,0,0,7,14.9,nan,３/４車輪,nan,10:09
2520260605020006,omiya,2026-06-06,6,◎1 ○7 △4 ×2 注5 ▲3,1-7  230円(1),1-7-4  610円(1),1=4=7  510円(3),1=4  370円(6)  1=7  100円(1)  4=7  420円(8) / 1=4  370円(6)  1=7  100円(1)  4=7  420円(8),4,秋永 昂人  福,岡,39,98,A3,両,3.86,67.79,nan,0,4.0,24.0,40.0,0,0,3,14.4,nan,１車輪,nan,10:09
2520260605020006,omiya,2026-06-06,6,◎1 ○7 △4 ×2 注5 ▲3,1-7  230円(1),1-7-4  610円(1),1=4=7  510円(3),1=4  370円(6)  1=7  100円(1)  4=7  420円(8) / 1=4  370円(6)  1=7  100円(1)  4=7  420円(8),5,邊見 祐太  新,潟,30,119,A3,逃,3.92,77.30,×,1,47.6,71.4,80.9,9,3,5,15.1,nan,１車身,nan,10:09
2520260605020006,omiya,2026-06-06,6,◎1 ○7 △4 ×2 注5 ▲3,1-7  230円(1),1-7-4  610円(1),1=4=7  510円(3),1=4  370円(6)  1=7  100円(1)  4=7  420円(8) / 1=4  370円(6)  1=7  100円(1)  4=7  420円(8),6,佐藤 裕輝  福,島,35,98,A3,逃,3.92,66.78,▲,3,6.6,20.0,20.0,0,0,6,14.4,nan,１車輪,nan,10:09
2520260605020006,omiya,2026-06-06,6,◎1 ○7 △4 ×2 注5 ▲3,1-7  230円(1),1-7-4  610円(1),1=4=7  510円(3),1=4  370円(6)  1=7  100円(1)  4=7  420円(8) / 1=4  370円(6)  1=7  100円(1)  4=7  420円(8),7,神開 将暢  福,岡,53,69,A3,追,3.92,75.55,○,5,5.5,61.1,72.2,0,0,2,14.5,ク,３/４車身,nan,10:09
2520260605020007,omiya,2026-06-06,7,◎4 ○1 ▲3 ×6 △7 注5,4-7  230円(2),"4-7-3  3,020円(7)","3=4=7  3,220円(8)","3=4  560円(6)  3=7  2,050円(12)  4=7  160円(2) / 3=4  560円(6)  3=7  2,050円(12)  4=7  160円(2)",1,鈴木 孝征  埼,玉,53,75,A3,追,3.92,74.44,○,5,27.7,38.8,66.6,0,0,4,15.6,nan,２車身,nan,10:30
2520260605020007,omiya,2026-06-06,7,◎4 ○1 ▲3 ×6 △7 注5,4-7  230円(2),"4-7-3  3,020円(7)","3=4=7  3,220円(8)","3=4  560円(6)  3=7  2,050円(12)  4=7  160円(2) / 3=4  560円(6)  3=7  2,050円(12)  4=7  160円(2)",2,川本 恵二  兵,庫,51,78,A3,追,3.92,70.04,注,2,12.5,25.0,37.5,0,0,5,15.6,nan,１車身,nan,10:30
2520260605020007,omiya,2026-06-06,7,◎4 ○1 ▲3 ×6 △7 注5,4-7  230円(2),"4-7-3  3,020円(7)","3=4=7  3,220円(8)","3=4  560円(6)  3=7  2,050円(12)  4=7  160円(2) / 3=4  560円(6)  3=7  2,050円(12)  4=7  160円(2)",3,藤光 健一  東,京,56,63,A3,追,3.92,68.19,▲,3,0.0,4.7,19.0,0,0,3,15.3,nan,１車身,nan,10:30
2520260605020007,omiya,2026-06-06,7,◎4 ○1 ▲3 ×6 △7 注5,4-7  230円(2),"4-7-3  3,020円(7)","3=4=7  3,220円(8)","3=4  560円(6)  3=7  2,050円(12)  4=7  160円(2) / 3=4  560円(6)  3=7  2,050円(12)  4=7  160円(2)",4,杉浦 颯太,北海道,21,127,A3,逃,3.85,79.34,◎,6,83.3,91.6,95.8,16,6,1,15.3,逃,nan,nan,10:30
2520260605020007,omiya,2026-06-06,7,◎4 ○1 ▲3 ×6 △7 注5,4-7  230円(2),"4-7-3  3,020円(7)","3=4=7  3,220円(8)","3=4  560円(6)  3=7  2,050円(12)  4=7  160円(2) / 3=4  560円(6)  3=7  2,050円(12)  4=7  160円(2)",5,中井 修  滋,賀,56,75,A3,両,3.92,71.47,△,4,19.0,28.5,47.6,0,1,7,16.9,nan,９車身,nan,10:30
2520260605020007,omiya,2026-06-06,7,◎4 ○1 ▲3 ×6 △7 注5,4-7  230円(2),"4-7-3  3,020円(7)","3=4=7  3,220円(8)","3=4  560円(6)  3=7  2,050円(12)  4=7  160円(2) / 3=4  560円(6)  3=7  2,050円(12)  4=7  160円(2)",6,横瀬 聡  福,岡,54,69,A3,追,3.92,66.80,nan,0,7.6,11.5,26.9,0,0,6,15.8,nan,２車身,nan,10:30
2520260605020007,omiya,2026-06-06,7,◎4 ○1 ▲3 ×6 △7 注5,4-7  230円(2),"4-7-3  3,020円(7)","3=4=7  3,220円(8)","3=4  560円(6)  3=7  2,050円(12)  4=7  160円(2) / 3=4  560円(6)  3=7  2,050円(12)  4=7  160円(2)",7,谷本 奨輝  岐,阜,31,107,A3,両,3.86,77.91,×,1,37.5,79.1,83.3,4,1,2,15.3,ク,２車身,nan,10:30
4320260604030001,gifu,2026-06-06,1,×7 ◎5 注1 ○2 ▲3 △4,"4-2  3,140円(11)","4-2-3  25,220円(56)","2=3=4  4,650円(12)","2=3  870円(8)  2=4  360円(5)  3=4  1,590円(11) / 2=3  870円(8)  2=4  360円(5)  3=4  1,590円(11)",1,高崎 千賀,神奈川,32,128,L1,両,3.77,47.06,注,2,0.0,6.6,26.6,0,0,欠,nan,nan,nan,nan,
4320260604030001,gifu,2026-06-06,1,×7 ◎5 注1 ○2 ▲3 △4,"4-2  3,140円(11)","4-2-3  25,220円(56)","2=3=4  4,650円(12)","2=3  870円(8)  2=4  360円(5)  3=4  1,590円(11) / 2=3  870円(8)  2=4  360円(5)  3=4  1,590円(11)",2,佐々木 綾  東,京,26,116,L1,両,3.79,48.88,○,5,3.7,18.5,33.3,0,1,2,13.1,差,３/４車身,nan,
4320260604030001,gifu,2026-06-06,1,×7 ◎5 注1 ○2 ▲3 △4,"4-2  3,140円(11)","4-2-3  25,220円(56)","2=3=4  4,650円(12)","2=3  870円(8)  2=4  360円(5)  3=4  1,590円(11) / 2=3  870円(8)  2=4  360円(5)  3=4  1,590円(11)",3,萩原 瑞生  群,馬,30,122,L1,追,3.77,46.64,▲,3,0.0,0.0,11.7,0,0,3,13.3,nan,３/４車輪,nan,
4320260604030001,gifu,2026-06-06,1,×7 ◎5 注1 ○2 ▲3 △4,"4-2  3,140円(11)","4-2-3  25,220円(56)","2=3=4  4,650円(12)","2=3  870円(8)  2=4  360円(5)  3=4  1,590円(11) / 2=3  870円(8)  2=4  360円(5)  3=4  1,590円(11)",4,金田 舞夏  福,岡,23,124,L1,両,3.77,47.91,△,4,4.1,12.5,29.1,0,2,1,13.2,捲,nan,nan,
4320260604030001,gifu,2026-06-06,1,×7 ◎5 注1 ○2 ▲3 △4,"4-2  3,140円(11)","4-2-3  25,220円(56)","2=3=4  4,650円(12)","2=3  870円(8)  2=4  360円(5)  3=4  1,590円(11) / 2=3  870円(8)  2=4  360円(5)  3=4  1,590円(11)",5,安東 莉奈  大,分,25,122,L1,追,3.71,52.33,◎,6,4.7,42.8,61.9,1,1,5,13.4,nan,３/４車身,nan,
4320260604030001,gifu,2026-06-06,1,×7 ◎5 注1 ○2 ▲3 △4,"4-2  3,140円(11)","4-2-3  25,220円(56)","2=3=4  4,650円(12)","2=3  870円(8)  2=4  360円(5)  3=4  1,590円(11) / 2=3  870円(8)  2=4  360円(5)  3=4  1,590円(11)",6,濱田 芽生  福,井,23,126,L1,両,3.77,45.00,nan,0,0.0,3.8,7.6,0,0,4,13.1,nan,３/４車身,nan,
4320260604030001,gifu,2026-06-06,1,×7 ◎5 注1 ○2 ▲3 △4,"4-2  3,140円(11)","4-2-3  25,220円(56)","2=3=4  4,650円(12)","2=3  870円(8)  2=4  360円(5)  3=4  1,590円(11) / 2=3  870円(8)  2=4  360円(5)  3=4  1,590円(11)",7,小林 真矢香  石,川,25,122,L1,両,3.77,48.82,×,1,3.5,17.8,25.0,1,1,6,13.6,nan,１車身,nan,
4320260604030002,gifu,2026-06-06,2,△1 ×3 ▲5 ○6 ◎2 注4,2-4  790円(2),"2-4-6  1,030円(2)",2=4=6  240円(1),2=4  160円(2)  2=6  110円(1)  4=6  180円(3) / 2=4  160円(2)  2=6  110円(1)  4=6  180円(3),1,鈴木 裕斗  宮,城,35,99,A3,両,3.92,66.16,△,4,16.6,16.6,16.6,0,0,6,13.3,nan,６車身,nan,
4320260604030002,gifu,2026-06-06,2,△1 ×3 ▲5 ○6 ◎2 注4,2-4  790円(2),"2-4-6  1,030円(2)",2=4=6  240円(1),2=4  160円(2)  2=6  110円(1)  4=6  180円(3) / 2=4  160円(2)  2=6  110円(1)  4=6  180円(3),2,永橋 武司  大,阪,43,90,A3,両,3.93,69.06,◎,6,12.5,25.0,43.7,0,2,1,12.3,捲,nan,nan,
4320260604030002,gifu,2026-06-06,2,△1 ×3 ▲5 ○6 ◎2 注4,2-4  790円(2),"2-4-6  1,030円(2)",2=4=6  240円(1),2=4  160円(2)  2=6  110円(1)  4=6  180円(3) / 2=4  160円(2)  2=6  110円(1)  4=6  180円(3),3,遠澤 健二,神奈川,61,57,A3,追,3.92,68.00,×,1,0.0,25.0,25.0,0,0,4,12.5,nan,１車身,nan,
4320260604030002,gifu,2026-06-06,2,△1 ×3 ▲5 ○6 ◎2 注4,2-4  790円(2),"2-4-6  1,030円(2)",2=4=6  240円(1),2=4  160円(2)  2=6  110円(1)  4=6  180円(3) / 2=4  160円(2)  2=6  110円(1)  4=6  180円(3),4,平川 公一  大,阪,48,86,A3,両,3.86,65.88,注,2,0.0,14.8,18.5,0,1,2,12.2,ク,１車輪,nan,
4320260604030002,gifu,2026-06-06,2,△1 ×3 ▲5 ○6 ◎2 注4,2-4  790円(2),"2-4-6  1,030円(2)",2=4=6  240円(1),2=4  160円(2)  2=6  110円(1)  4=6  180円(3) / 2=4  160円(2)  2=6  110円(1)  4=6  180円(3),5,黒瀬 浩一  静,岡,60,57,A3,追,3.92,65.12,▲,3,0.0,12.5,12.5,0,0,5,12.4,nan,１/４車輪,nan,
4320260604030002,gifu,2026-06-06,2,△1 ×3 ▲5 ○6 ◎2 注4,2-4  790円(2),"2-4-6  1,030円(2)",2=4=6  240円(1),2=4  160円(2)  2=6  110円(1)  4=6  180円(3) / 2=4  160円(2)  2=6  110円(1)  4=6  180円(3),6,松本 琢也  兵,庫,42,95,A3,両,3.92,68.70,○,5,18.1,27.2,36.3,0,1,3,12.6,nan,微差,nan,
4320260604030003,gifu,2026-06-06,3,◎1 ○5 △6 ×2 注3 ▲4,1-2  660円(3),"1-2-6  1,980円(6)",1=2=6  620円(3),1=2  140円(2)  1=6  230円(3)  2=6  310円(6) / 1=2  140円(2)  1=6  230円(3)  2=6  310円(6),1,樋口 有樹郎  兵,庫,37,98,A3,両,3.93,66.82,◎,6,7.1,25.0,32.1,1,0,1,16.7,逃,nan,nan,
4320260604030003,gifu,2026-06-06,3,◎1 ○5 △6 ×2 注3 ▲4,1-2  660円(3),"1-2-6  1,980円(6)",1=2=6  620円(3),1=2  140円(2)  1=6  230円(3)  2=6  310円(6) / 1=2  140円(2)  1=6  230円(3)  2=6  310円(6),2,齋藤 昌弘  群,馬,44,90,A3,追,3.85,72.06,×,1,0.0,31.2,56.2,0,0,2,16.6,ク,１車身,nan,
4320260604030003,gifu,2026-06-06,3,◎1 ○5 △6 ×2 注3 ▲4,1-2  660円(3),"1-2-6  1,980円(6)",1=2=6  620円(3),1=2  140円(2)  1=6  230円(3)  2=6  310円(6) / 1=2  140円(2)  1=6  230円(3)  2=6  310円(6),3,齋藤 明,北海道,59,61,A3,追,3.92,63.00,注,2,0.0,0.0,5.5,0,0,6,17.6,nan,８車身,nan,
4320260604030003,gifu,2026-06-06,3,◎1 ○5 △6 ×2 注3 ▲4,1-2  660円(3),"1-2-6  1,980円(6)",1=2=6  620円(3),1=2  140円(2)  1=6  230円(3)  2=6  310円(6) / 1=2  140円(2)  1=6  230円(3)  2=6  310円(6),4,清水 広幸  愛,知,59,57,A3,追,3.92,62.38,▲,3,0.0,0.0,0.0,0,0,5,16.8,nan,２車身,nan,
4320260604030003,gifu,2026-06-06,3,◎1 ○5 △6 ×2 注3 ▲4,1-2  660円(3),"1-2-6  1,980円(6)",1=2=6  620円(3),1=2  140円(2)  1=6  230円(3)  2=6  310円(6) / 1=2  140円(2)  1=6  230円(3)  2=6  310円(6),5,柳澤 達也  兵,庫,54,72,A3,追,3.92,66.30,○,5,0.0,4.3,21.7,0,0,4,16.9,nan,３/４車輪,nan,
4320260604030003,gifu,2026-06-06,3,◎1 ○5 △6 ×2 注3 ▲4,1-2  660円(3),"1-2-6  1,980円(6)",1=2=6  620円(3),1=2  140円(2)  1=6  230円(3)  2=6  310円(6) / 1=2  140円(2)  1=6  230円(3)  2=6  310円(6),6,高野 輝彰  愛,知,50,83,A3,追,3.86,66.79,△,4,4.1,8.3,25.0,0,0,3,16.8,nan,１車身１/２,nan,
4320260604030004,gifu,2026-06-06,4,×2 △7 注4 ◎5 ○3 ▲1,"6-2  14,800円(31)","6-2-3  251,060円(194)","2=3=6  22,610円(31)","2=3  1,050円(11)  2=6  2,770円(21)  3=6  1,950円(18) / 2=3  1,050円(11)  2=6  2,770円(21)  3=6  1,950円(18)",1,吉澤 賢  千,葉,47,94,A3,追,3.92,67.37,▲,3,0.0,12.0,24.0,0,0,7,13.6,nan,大差,nan,
4320260604030004,gifu,2026-06-06,4,×2 △7 注4 ◎5 ○3 ▲1,"6-2  14,800円(31)","6-2-3  251,060円(194)","2=3=6  22,610円(31)","2=3  1,050円(11)  2=6  2,770円(21)  3=6  1,950円(18) / 2=3  1,050円(11)  2=6  2,770円(21)  3=6  1,950円(18)",2,磯村 蓮太  愛,知,29,115,A3,逃,3.93,68.85,×,1,4.7,19.0,28.5,1,1,2,12.9,差,３/４車身,nan,
4320260604030004,gifu,2026-06-06,4,×2 △7 注4 ◎5 ○3 ▲1,"6-2  14,800円(31)","6-2-3  251,060円(194)","2=3=6  22,610円(31)","2=3  1,050円(11)  2=6  2,770円(21)  3=6  1,950円(18) / 2=3  1,050円(11)  2=6  2,770円(21)  3=6  1,950円(18)",3,小林 高志  東,京,52,79,A3,追,3.92,67.72,○,5,0.0,9.0,27.2,0,0,3,13.1,nan,１/２車輪,nan,
4320260604030004,gifu,2026-06-06,4,×2 △7 注4 ◎5 ○3 ▲1,"6-2  14,800円(31)","6-2-3  251,060円(194)","2=3=6  22,610円(31)","2=3  1,050円(11)  2=6  2,770円(21)  3=6  1,950円(18) / 2=3  1,050円(11)  2=6  2,770円(21)  3=6  1,950円(18)",4,南 大輔  京,都,51,76,A3,追,3.92,71.22,注,2,0.0,26.3,52.6,0,0,6,12.8,nan,３/４車身,nan,
4320260604030004,gifu,2026-06-06,4,×2 △7 注4 ◎5 ○3 ▲1,"6-2  14,800円(31)","6-2-3  251,060円(194)","2=3=6  22,610円(31)","2=3  1,050円(11)  2=6  2,770円(21)  3=6  1,950円(18) / 2=3  1,050円(11)  2=6  2,770円(21)  3=6  1,950円(18)",5,菱沼 元樹  埼,玉,31,111,A3,逃,3.85,73.37,◎,6,22.2,40.7,55.5,9,2,4,13.2,nan,１/２車輪,nan,
4320260604030004,gifu,2026-06-06,4,×2 △7 注4 ◎5 ○3 ▲1,"6-2  14,800円(31)","6-2-3  251,060円(194)","2=3=6  22,610円(31)","2=3  1,050円(11)  2=6  2,770円(21)  3=6  1,950円(18) / 2=3  1,050円(11)  2=6  2,770円(21)  3=6  1,950円(18)",6,江本 博明  千,葉,45,90,A3,追,3.92,67.27,nan,0,0.0,9.0,36.3,0,0,1,12.6,捲,nan,nan,
4320260604030004,gifu,2026-06-06,4,×2 △7 注4 ◎5 ○3 ▲1,"6-2  14,800円(31)","6-2-3  251,060円(194)","2=3=6  22,610円(31)","2=3  1,050円(11)  2=6  2,770円(21)  3=6  1,950円(18) / 2=3  1,050円(11)  2=6  2,770円(21)  3=6  1,950円(18)",7,薮 謙治  京,都,48,83,A3,追,3.92,73.66,△,4,15.7,42.1,63.1,0,0,5,12.8,nan,１/４車輪,nan,
4320260604030005,gifu,2026-06-06,5,◎1 ○5 注3 △6 ×7 ▲2,"2-7  1,100円(6)","2-7-1  6,420円(20)",1=2=7  830円(4),1=2  180円(2)  1=7  510円(8)  2=7  290円(5) / 1=2  180円(2)  1=7  510円(8)  2=7  290円(5),1,井坂 泰誓  大,阪,31,115,A3,両,3.92,72.11,◎,6,33.3,44.4,51.8,5,6,3,12.2,nan,１車身,nan,
4320260604030005,gifu,2026-06-06,5,◎1 ○5 注3 △6 ×7 ▲2,"2-7  1,100円(6)","2-7-1  6,420円(20)",1=2=7  830円(4),1=2  180円(2)  1=7  510円(8)  2=7  290円(5) / 1=2  180円(2)  1=7  510円(8)  2=7  290円(5),2,法月 成祐,神奈川,52,77,A3,追,3.92,72.54,×,1,8.3,33.3,50.0,0,0,1,12.5,差,nan,nan,
4320260604030005,gifu,2026-06-06,5,◎1 ○5 注3 △6 ×7 ▲2,"2-7  1,100円(6)","2-7-1  6,420円(20)",1=2=7  830円(4),1=2  180円(2)  1=7  510円(8)  2=7  290円(5) / 1=2  180円(2)  1=7  510円(8)  2=7  290円(5),3,村上 順規  新,潟,49,80,A3,追,3.85,67.00,注,2,4.1,12.5,25.0,0,1,6,12.1,nan,１車身,nan,
4320260604030005,gifu,2026-06-06,5,◎1 ○5 注3 △6 ×7 ▲2,"2-7  1,100円(6)","2-7-1  6,420円(20)",1=2=7  830円(4),1=2  180円(2)  1=7  510円(8)  2=7  290円(5) / 1=2  180円(2)  1=7  510円(8)  2=7  290円(5),4,相澤 恵一  宮,城,39,95,A3,追,3.92,69.90,▲,3,0.0,9.0,27.2,0,0,4,12.5,nan,１/２車身,nan,
4320260604030005,gifu,2026-06-06,5,◎1 ○5 注3 △6 ×7 ▲2,"2-7  1,100円(6)","2-7-1  6,420円(20)",1=2=7  830円(4),1=2  180円(2)  1=7  510円(8)  2=7  290円(5) / 1=2  180円(2)  1=7  510円(8)  2=7  290円(5),5,伊藤 嘉浩  岐,阜,49,79,A3,両,3.92,67.56,○,5,8.3,12.5,33.3,1,0,5,12.1,nan,１/２車身,nan,
4320260604030005,gifu,2026-06-06,5,◎1 ○5 注3 △6 ×7 ▲2,"2-7  1,100円(6)","2-7-1  6,420円(20)",1=2=7  830円(4),1=2  180円(2)  1=7  510円(8)  2=7  290円(5) / 1=2  180円(2)  1=7  510円(8)  2=7  290円(5),6,中山 善仁  新,潟,52,73,A3,追,3.92,64.75,nan,0,0.0,4.1,8.3,0,0,7,13.2,nan,大差,nan,
4320260604030005,gifu,2026-06-06,5,◎1 ○5 注3 △6 ×7 ▲2,"2-7  1,100円(6)","2-7-1  6,420円(20)",1=2=7  830円(4),1=2  180円(2)  1=7  510円(8)  2=7  290円(5) / 1=2  180円(2)  1=7  510円(8)  2=7  290円(5),7,小林 寛弥  静,岡,38,101,A3,逃,3.85,68.41,△,4,12.5,29.1,37.5,5,1,2,12.7,逃,１/８車輪,nan,
4320260604030006,gifu,2026-06-06,6,○5 注1 △4 ◎2 ×7 ▲3,7-1  250円(1),7-1-3  500円(1),1=3=7  250円(1),1=3  240円(5)  1=7  100円(1)  3=7  130円(2) / 1=3  240円(5)  1=7  100円(1)  3=7  130円(2),1,藤田 まりあ  埼,玉,26,116,L1,両,3.77,54.66,○,5,50.0,61.1,77.7,0,3,2,12.3,ク,１/２車身,nan,
4320260604030006,gifu,2026-06-06,6,○5 注1 △4 ◎2 ×7 ▲3,7-1  250円(1),7-1-3  500円(1),1=3=7  250円(1),1=3  240円(5)  1=7  100円(1)  3=7  130円(2) / 1=3  240円(5)  1=7  100円(1)  3=7  130円(2),2,又多 風緑  石,川,24,122,L1,両,3.77,52.33,△,4,8.3,29.1,58.3,2,2,5,12.4,nan,１/２車輪,nan,
4320260604030006,gifu,2026-06-06,6,○5 注1 △4 ◎2 ×7 ▲3,7-1  250円(1),7-1-3  500円(1),1=3=7  250円(1),1=3  240円(5)  1=7  100円(1)  3=7  130円(2) / 1=3  240円(5)  1=7  100円(1)  3=7  130円(2),3,元砂 七夕美  奈,良,30,108,L1,両,3.79,53.83,×,1,0.0,50.0,66.6,0,0,3,12.3,nan,２車身,nan,
4320260604030006,gifu,2026-06-06,6,○5 注1 △4 ◎2 ×7 ▲3,7-1  250円(1),7-1-3  500円(1),1=3=7  250円(1),1=3  240円(5)  1=7  100円(1)  3=7  130円(2) / 1=3  240円(5)  1=7  100円(1)  3=7  130円(2),4,伊澤 茉那  千,葉,29,126,L1,両,3.77,51.30,注,2,4.7,33.3,47.6,2,1,4,12.5,nan,２車身,nan,
4320260604030006,gifu,2026-06-06,6,○5 注1 △4 ◎2 ×7 ▲3,7-1  250円(1),7-1-3  500円(1),1=3=7  250円(1),1=3  240円(5)  1=7  100円(1)  3=7  130円(2) / 1=3  240円(5)  1=7  100円(1)  3=7  130円(2),5,橋本 佳耶  熊,本,30,114,L1,両,3.79,49.84,nan,0,5.2,26.3,52.6,1,0,6,12.7,nan,３/４車輪,nan,
4320260604030006,gifu,2026-06-06,6,○5 注1 △4 ◎2 ×7 ▲3,7-1  250円(1),7-1-3  500円(1),1=3=7  250円(1),1=3  240円(5)  1=7  100円(1)  3=7  130円(2) / 1=3  240円(5)  1=7  100円(1)  3=7  130円(2),6,渡口 まりあ  山,口,31,114,L1,両,3.77,50.25,▲,3,0.0,25.0,41.6,1,1,7,13.1,nan,４車身,nan,
4320260604030006,gifu,2026-06-06,6,○5 注1 △4 ◎2 ×7 ▲3,7-1  250円(1),7-1-3  500円(1),1=3=7  250円(1),1=3  240円(5)  1=7  100円(1)  3=7  130円(2) / 1=3  240円(5)  1=7  100円(1)  3=7  130円(2),7,坂口 楓華  愛,知,28,112,L1,両,3.79,56.26,◎,6,53.3,73.3,86.6,4,5,1,12.3,捲,nan,nan,
4320260604030007,gifu,2026-06-06,7,◎1 △7 ○3 ×2 注6 ▲4,"1-2  1,330円(6)","1-2-3  2,270円(8)",1=2=3  370円(2),1=2  170円(3)  1=3  140円(1)  2=3  220円(4) / 1=2  170円(3)  1=3  140円(1)  2=3  220円(4),1,真木 寛斗  愛,知,23,127,A3,逃,3.92,78.70,◎,6,62.9,81.4,96.2,18,3,1,11.8,捲,nan,nan,
4320260604030007,gifu,2026-06-06,7,◎1 △7 ○3 ×2 注6 ▲4,"1-2  1,330円(6)","1-2-3  2,270円(8)",1=2=3  370円(2),1=2  170円(3)  1=3  140円(1)  2=3  220円(4) / 1=2  170円(3)  1=3  140円(1)  2=3  220円(4),2,織茂 雄一郎  山,梨,28,125,A3,両,3.92,74.25,×,1,18.1,36.3,54.5,2,3,2,11.9,差,３車身,nan,
4320260604030007,gifu,2026-06-06,7,◎1 △7 ○3 ×2 注6 ▲4,"1-2  1,330円(6)","1-2-3  2,270円(8)",1=2=3  370円(2),1=2  170円(3)  1=3  140円(1)  2=3  220円(4) / 1=2  170円(3)  1=3  140円(1)  2=3  220円(4),3,秋山 太洋  東,京,25,127,A3,逃,3.92,78.16,○,5,58.3,70.8,87.5,6,10,3,12.0,nan,３/４車身,nan,
4320260604030007,gifu,2026-06-06,7,◎1 △7 ○3 ×2 注6 ▲4,"1-2  1,330円(6)","1-2-3  2,270円(8)",1=2=3  370円(2),1=2  170円(3)  1=3  140円(1)  2=3  220円(4) / 1=2  170円(3)  1=3  140円(1)  2=3  220円(4),4,土生 智徳  大,阪,29,127,A3,逃,3.92,76.86,注,2,50.0,73.3,80.0,11,10,5,11.8,nan,２車身,nan,
4320260604030007,gifu,2026-06-06,7,◎1 △7 ○3 ×2 注6 ▲4,"1-2  1,330円(6)","1-2-3  2,270円(8)",1=2=3  370円(2),1=2  170円(3)  1=3  140円(1)  2=3  220円(4) / 1=2  170円(3)  1=3  140円(1)  2=3  220円(4),5,村本 慎吾  静,岡,44,94,A3,追,3.92,73.62,▲,3,7.4,25.9,55.5,0,0,6,12.1,nan,２車身,nan,
4320260604030007,gifu,2026-06-06,7,◎1 △7 ○3 ×2 注6 ▲4,"1-2  1,330円(6)","1-2-3  2,270円(8)",1=2=3  370円(2),1=2  170円(3)  1=3  140円(1)  2=3  220円(4) / 1=2  170円(3)  1=3  140円(1)  2=3  220円(4),6,浦山 一栄  東,京,54,72,A3,両,3.93,68.48,nan,0,14.8,25.9,33.3,4,1,4,11.8,nan,３/４車輪,nan,
4320260604030007,gifu,2026-06-06,7,◎1 △7 ○3 ×2 注6 ▲4,"1-2  1,330円(6)","1-2-3  2,270円(8)",1=2=3  370円(2),1=2  170円(3)  1=3  140円(1)  2=3  220円(4) / 1=2  170円(3)  1=3  140円(1)  2=3  220円(4),7,塚本 貴雄  岐,阜,55,70,A3,追,3.92,71.90,△,4,8.6,30.4,56.5,0,0,7,12.3,nan,２車身,nan,
5320260606010001,nara,2026-06-06,1,◎1 ○2 ×3 △4 注5 ▲6,2-3  710円(3),"2-3-1  1,050円(3)",1=2=3  210円(1),1=2  100円(1)  1=3  140円(2)  2=3  160円(3) / 1=2  100円(1)  1=3  140円(2)  2=3  160円(3),1,栗本 武典  千,葉,29,119,A1,両,3.92,90.47,◎,6,14.2,33.3,52.3,2,2,3,9.6,nan,１車身１/２,nan,
5320260606010001,nara,2026-06-06,1,◎1 ○2 ×3 △4 注5 ▲6,2-3  710円(3),"2-3-1  1,050円(3)",1=2=3  210円(1),1=2  100円(1)  1=3  140円(2)  2=3  160円(3) / 1=2  100円(1)  1=3  140円(2)  2=3  160円(3),2,志佐 明,神奈川,36,107,A1,両,3.93,88.68,○,5,35.2,52.9,58.8,0,9,1,9.5,捲,nan,nan,
5320260606010001,nara,2026-06-06,1,◎1 ○2 ×3 △4 注5 ▲6,2-3  710円(3),"2-3-1  1,050円(3)",1=2=3  210円(1),1=2  100円(1)  1=3  140円(2)  2=3  160円(3) / 1=2  100円(1)  1=3  140円(2)  2=3  160円(3),3,内山 拓  福,岡,43,88,A1,追,3.92,85.61,×,1,19.0,42.8,57.1,0,1,2,9.4,ク,１/２車輪,nan,
5320260606010001,nara,2026-06-06,1,◎1 ○2 ×3 △4 注5 ▲6,2-3  710円(3),"2-3-1  1,050円(3)",1=2=3  210円(1),1=2  100円(1)  1=3  140円(2)  2=3  160円(3) / 1=2  100円(1)  1=3  140円(2)  2=3  160円(3),4,堀越 翔己  福,岡,27,123,A1,逃,3.92,82.93,△,4,20.0,33.3,33.3,2,3,4,9.1,nan,３車身,nan,
5320260606010001,nara,2026-06-06,1,◎1 ○2 ×3 △4 注5 ▲6,2-3  710円(3),"2-3-1  1,050円(3)",1=2=3  210円(1),1=2  100円(1)  1=3  140円(2)  2=3  160円(3) / 1=2  100円(1)  1=3  140円(2)  2=3  160円(3),5,塩川 真一郎  広,島,51,74,A2,追,3.92,81.50,注,2,0.0,0.0,33.3,0,0,6,9.8,nan,７車身,nan,
5320260606010001,nara,2026-06-06,1,◎1 ○2 ×3 △4 注5 ▲6,2-3  710円(3),"2-3-1  1,050円(3)",1=2=3  210円(1),1=2  100円(1)  1=3  140円(2)  2=3  160円(3) / 1=2  100円(1)  1=3  140円(2)  2=3  160円(3),6,井手 健  長,崎,52,79,A2,追,3.85,80.22,▲,3,0.0,4.5,18.1,0,0,7,nan,nan,大差,nan,
5320260606010001,nara,2026-06-06,1,◎1 ○2 ×3 △4 注5 ▲6,2-3  710円(3),"2-3-1  1,050円(3)",1=2=3  210円(1),1=2  100円(1)  1=3  140円(2)  2=3  160円(3) / 1=2  100円(1)  1=3  140円(2)  2=3  160円(3),7,山田 純也  岐,阜,37,99,A2,両,3.92,77.80,nan,0,5.0,5.0,15.0,0,0,5,10.3,nan,３/４車身,nan,
5320260606010002,nara,2026-06-06,2,○1 ◎2 ×3 △4 注5 ▲6,3-2  480円(1),3-2-1  750円(1),1=2=3  170円(1),1=2  130円(2)  1=3  160円(4)  2=3  120円(1) / 1=2  130円(2)  1=3  160円(4)  2=3  120円(1),1,吉本 哲郎  広,島,46,84,A1,両,3.92,89.50,○,5,11.1,27.7,55.5,0,1,3,9.6,nan,３/４車身,nan,
5320260606010002,nara,2026-06-06,2,○1 ◎2 ×3 △4 注5 ▲6,3-2  480円(1),3-2-1  750円(1),1=2=3  170円(1),1=2  130円(2)  1=3  160円(4)  2=3  120円(1) / 1=2  130円(2)  1=3  160円(4)  2=3  120円(1),2,吉堂 将規  奈,良,32,115,A1,逃,3.93,89.47,◎,6,10.0,35.0,45.0,2,2,2,9.7,逃,１/４車輪,nan,
5320260606010002,nara,2026-06-06,2,○1 ◎2 ×3 △4 注5 ▲6,3-2  480円(1),3-2-1  750円(1),1=2=3  170円(1),1=2  130円(2)  1=3  160円(4)  2=3  120円(1) / 1=2  130円(2)  1=3  160円(4)  2=3  120円(1),3,川越 宏臣  東,京,29,125,A2,逃,3.92,84.85,×,1,19.0,38.0,47.6,5,3,1,9.5,差,nan,nan,
5320260606010002,nara,2026-06-06,2,○1 ◎2 ×3 △4 注5 ▲6,3-2  480円(1),3-2-1  750円(1),1=2=3  170円(1),1=2  130円(2)  1=3  160円(4)  2=3  120円(1) / 1=2  130円(2)  1=3  160円(4)  2=3  120円(1),4,原田 礼  福,岡,45,90,A2,追,3.92,83.11,△,4,16.6,22.2,38.8,0,0,4,9.7,nan,８車身,nan,
5320260606010002,nara,2026-06-06,2,○1 ◎2 ×3 △4 注5 ▲6,3-2  480円(1),3-2-1  750円(1),1=2=3  170円(1),1=2  130円(2)  1=3  160円(4)  2=3  120円(1) / 1=2  130円(2)  1=3  160円(4)  2=3  120円(1),5,高橋 紀史  佐,賀,39,91,A2,追,3.92,81.00,注,2,0.0,10.0,20.0,0,0,5,9.5,nan,１/２車輪,nan,
5320260606010002,nara,2026-06-06,2,○1 ◎2 ×3 △4 注5 ▲6,3-2  480円(1),3-2-1  750円(1),1=2=3  170円(1),1=2  130円(2)  1=3  160円(4)  2=3  120円(1) / 1=2  130円(2)  1=3  160円(4)  2=3  120円(1),6,鈴木 愼二,神奈川,52,74,A2,追,3.92,80.47,▲,3,0.0,4.7,14.2,0,0,6,9.6,nan,１車身１/２,nan,
5320260606010002,nara,2026-06-06,2,○1 ◎2 ×3 △4 注5 ▲6,3-2  480円(1),3-2-1  750円(1),1=2=3  170円(1),1=2  130円(2)  1=3  160円(4)  2=3  120円(1) / 1=2  130円(2)  1=3  160円(4)  2=3  120円(1),7,黒川 渉  奈,良,38,103,A2,両,3.93,77.57,nan,0,0.0,7.1,7.1,0,0,7,9.6,nan,１車身１/２,nan,
5320260606010003,nara,2026-06-06,3,◎1 ○2 ×3 △4 注5 ▲6,"1-6  2,410円(8)","1-6-2  7,220円(26)","1=2=6  1,840円(8)","1=2  170円(2)  1=6  430円(6)  2=6  1,250円(13) / 1=2  170円(2)  1=6  430円(6)  2=6  1,250円(13)",1,中野 雄喜  京,都,32,111,A1,両,3.92,90.92,◎,6,20.0,40.0,53.3,3,1,1,9.5,差,nan,nan,
5320260606010003,nara,2026-06-06,3,◎1 ○2 ×3 △4 注5 ▲6,"1-6  2,410円(8)","1-6-2  7,220円(26)","1=2=6  1,840円(8)","1=2  170円(2)  1=6  430円(6)  2=6  1,250円(13) / 1=2  170円(2)  1=6  430円(6)  2=6  1,250円(13)",2,大塚 英伸  静,岡,47,82,A1,追,3.92,88.11,○,5,11.1,44.4,55.5,0,0,3,9.5,nan,１/２車身,nan,
5320260606010003,nara,2026-06-06,3,◎1 ○2 ×3 △4 注5 ▲6,"1-6  2,410円(8)","1-6-2  7,220円(26)","1=2=6  1,840円(8)","1=2  170円(2)  1=6  430円(6)  2=6  1,250円(13) / 1=2  170円(2)  1=6  430円(6)  2=6  1,250円(13)",3,山口 龍也  長,崎,31,111,A1,追,3.92,87.16,×,1,16.6,33.3,50.0,0,2,4,9.8,nan,３車身,nan,
5320260606010003,nara,2026-06-06,3,◎1 ○2 ×3 △4 注5 ▲6,"1-6  2,410円(8)","1-6-2  7,220円(26)","1=2=6  1,840円(8)","1=2  170円(2)  1=6  430円(6)  2=6  1,250円(13) / 1=2  170円(2)  1=6  430円(6)  2=6  1,250円(13)",4,須永 勝太  福,島,35,98,A2,両,3.92,82.33,△,4,16.6,25.0,37.5,0,2,7,9.7,nan,３車身,nan,
5320260606010003,nara,2026-06-06,3,◎1 ○2 ×3 △4 注5 ▲6,"1-6  2,410円(8)","1-6-2  7,220円(26)","1=2=6  1,840円(8)","1=2  170円(2)  1=6  430円(6)  2=6  1,250円(13) / 1=2  170円(2)  1=6  430円(6)  2=6  1,250円(13)",5,小松 剛之  宮,城,51,79,A1,両,3.85,81.66,注,2,0.0,22.2,27.7,0,0,5,9.5,nan,１車身,nan,
5320260606010003,nara,2026-06-06,3,◎1 ○2 ×3 △4 注5 ▲6,"1-6  2,410円(8)","1-6-2  7,220円(26)","1=2=6  1,840円(8)","1=2  170円(2)  1=6  430円(6)  2=6  1,250円(13) / 1=2  170円(2)  1=6  430円(6)  2=6  1,250円(13)",6,松本 一志  宮,崎,30,117,A2,逃,3.85,79.91,▲,3,8.3,16.6,29.1,3,1,2,9.7,逃,１/８車輪,nan,
5320260606010003,nara,2026-06-06,3,◎1 ○2 ×3 △4 注5 ▲6,"1-6  2,410円(8)","1-6-2  7,220円(26)","1=2=6  1,840円(8)","1=2  170円(2)  1=6  430円(6)  2=6  1,250円(13) / 1=2  170円(2)  1=6  430円(6)  2=6  1,250円(13)",7,小川 将人  愛,知,50,75,A2,追,3.92,78.69,nan,0,0.0,0.0,4.3,0,0,6,9.4,nan,１/８車輪,nan,
5320260606010004,nara,2026-06-06,4,◎1 △2 ○3 注4 ×5 ▲6,1-2  640円(3),"1-2-7  31,910円(65)","1=2=7  16,990円(22)","1=2  170円(1)  1=7  1,760円(14)  2=7  4,140円(18) / 1=2  170円(1)  1=7  1,760円(14)  2=7  4,140円(18)",1,今井 聡  東,京,38,113,A1,追,3.92,92.76,◎,6,33.3,57.1,66.6,0,2,1,9.8,逃,nan,nan,
5320260606010004,nara,2026-06-06,4,◎1 △2 ○3 注4 ×5 ▲6,1-2  640円(3),"1-2-7  31,910円(65)","1=2=7  16,990円(22)","1=2  170円(1)  1=7  1,760円(14)  2=7  4,140円(18) / 1=2  170円(1)  1=7  1,760円(14)  2=7  4,140円(18)",2,原 真司  岐,阜,48,86,A1,追,3.92,87.48,△,4,12.0,16.0,24.0,0,1,2,9.7,ク,１車輪,nan,
5320260606010004,nara,2026-06-06,4,◎1 △2 ○3 注4 ×5 ▲6,1-2  640円(3),"1-2-7  31,910円(65)","1=2=7  16,990円(22)","1=2  170円(1)  1=7  1,760円(14)  2=7  4,140円(18) / 1=2  170円(1)  1=7  1,760円(14)  2=7  4,140円(18)",3,松崎 貴久  富,山,51,82,A1,追,3.92,87.20,○,5,25.0,37.5,66.6,0,1,4,9.9,nan,１/２車輪,nan,
5320260606010004,nara,2026-06-06,4,◎1 △2 ○3 注4 ×5 ▲6,1-2  640円(3),"1-2-7  31,910円(65)","1=2=7  16,990円(22)","1=2  170円(1)  1=7  1,760円(14)  2=7  4,140円(18) / 1=2  170円(1)  1=7  1,760円(14)  2=7  4,140円(18)",4,木本 賢二  大,阪,54,69,A2,追,3.86,81.96,注,2,0.0,22.2,29.6,0,0,5,9.6,nan,３/４車身,nan,
5320260606010004,nara,2026-06-06,4,◎1 △2 ○3 注4 ×5 ▲6,1-2  640円(3),"1-2-7  31,910円(65)","1=2=7  16,990円(22)","1=2  170円(1)  1=7  1,760円(14)  2=7  4,140円(18) / 1=2  170円(1)  1=7  1,760円(14)  2=7  4,140円(18)",5,小林 史也,和歌山,40,107,A1,逃,3.92,81.95,×,1,8.6,21.7,26.0,5,0,7,10.1,nan,３/４車輪,nan,
5320260606010004,nara,2026-06-06,4,◎1 △2 ○3 注4 ×5 ▲6,1-2  640円(3),"1-2-7  31,910円(65)","1=2=7  16,990円(22)","1=2  170円(1)  1=7  1,760円(14)  2=7  4,140円(18) / 1=2  170円(1)  1=7  1,760円(14)  2=7  4,140円(18)",6,奥出 健士郎  福,井,37,99,A2,追,3.92,79.58,▲,3,8.3,8.3,20.8,0,1,6,9.9,nan,３/４車身,nan,
5320260606010004,nara,2026-06-06,4,◎1 △2 ○3 注4 ×5 ▲6,1-2  640円(3),"1-2-7  31,910円(65)","1=2=7  16,990円(22)","1=2  170円(1)  1=7  1,760円(14)  2=7  4,140円(18) / 1=2  170円(1)  1=7  1,760円(14)  2=7  4,140円(18)",7,黒崎 直行  栃,木,60,57,A2,追,3.93,79.12,nan,0,0.0,0.0,16.6,0,0,3,9.6,nan,１車身１/２,nan,
5320260606010005,nara,2026-06-06,5,◎1 ○2 ×3 △4 注5 ▲6,1-2  270円(1),"1-2-7  5,730円(16)","1=2=7  2,650円(8)","1=2  120円(1)  1=7  1,080円(11)  2=7  2,050円(18) / 1=2  120円(1)  1=7  1,080円(11)  2=7  2,050円(18)",1,西澤 優聖  岐,阜,23,129,A3,逃,3.92,76.66,◎,6,33.3,50.0,66.6,0,2,1,9.6,捲,nan,nan,
5320260606010005,nara,2026-06-06,5,◎1 ○2 ×3 △4 注5 ▲6,1-2  270円(1),"1-2-7  5,730円(16)","1=2=7  2,650円(8)","1=2  120円(1)  1=7  1,080円(11)  2=7  2,050円(18) / 1=2  120円(1)  1=7  1,080円(11)  2=7  2,050円(18)",2,永田 吏玖  岐,阜,28,129,A3,逃,3.92,75.33,○,5,0.0,50.0,66.6,0,2,2,9.6,ク,３/４車輪,nan,
5320260606010005,nara,2026-06-06,5,◎1 ○2 ×3 △4 注5 ▲6,1-2  270円(1),"1-2-7  5,730円(16)","1=2=7  2,650円(8)","1=2  120円(1)  1=7  1,080円(11)  2=7  2,050円(18) / 1=2  120円(1)  1=7  1,080円(11)  2=7  2,050円(18)",3,北宅 柊麻  大,阪,24,129,A3,逃,3.93,74.33,×,1,0.0,33.3,66.6,1,0,4,9.7,nan,２車身,nan,
5320260606010005,nara,2026-06-06,5,◎1 ○2 ×3 △4 注5 ▲6,1-2  270円(1),"1-2-7  5,730円(16)","1=2=7  2,650円(8)","1=2  120円(1)  1=7  1,080円(11)  2=7  2,050円(18) / 1=2  120円(1)  1=7  1,080円(11)  2=7  2,050円(18)",4,鴨下 佳朋  愛,知,21,129,A3,逃,3.93,73.33,△,4,0.0,16.6,50.0,0,0,6,10.1,nan,１/８車輪,nan,
5320260606010005,nara,2026-06-06,5,◎1 ○2 ×3 △4 注5 ▲6,1-2  270円(1),"1-2-7  5,730円(16)","1=2=7  2,650円(8)","1=2  120円(1)  1=7  1,080円(11)  2=7  2,050円(18) / 1=2  120円(1)  1=7  1,080円(11)  2=7  2,050円(18)",5,木曽田 晃大  京,都,25,129,A3,逃,3.92,73.00,注,2,0.0,0.0,33.3,0,0,5,9.7,nan,３/４車身,nan,
5320260606010005,nara,2026-06-06,5,◎1 ○2 ×3 △4 注5 ▲6,1-2  270円(1),"1-2-7  5,730円(16)","1=2=7  2,650円(8)","1=2  120円(1)  1=7  1,080円(11)  2=7  2,050円(18) / 1=2  120円(1)  1=7  1,080円(11)  2=7  2,050円(18)",6,勝沼 遼  東,京,27,129,A3,逃,3.92,72.00,▲,3,0.0,0.0,16.6,0,0,7,9.9,nan,３/４車身,nan,
5320260606010005,nara,2026-06-06,5,◎1 ○2 ×3 △4 注5 ▲6,1-2  270円(1),"1-2-7  5,730円(16)","1=2=7  2,650円(8)","1=2  120円(1)  1=7  1,080円(11)  2=7  2,050円(18) / 1=2  120円(1)  1=7  1,080円(11)  2=7  2,050円(18)",7,松木 一将  愛,知,33,129,A3,逃,3.92,71.66,nan,0,0.0,0.0,33.3,0,0,3,9.6,nan,１車身１/２,nan,
5320260606010006,nara,2026-06-06,6,◎1 ○2 ×3 △4 注5 ▲6,3-1  820円(4),"3-1-5  7,330円(22)","1=3=5  2,740円(8)","1=3  190円(2)  1=5  590円(7)  3=5  1,110円(12) / 1=3  190円(2)  1=5  590円(7)  3=5  1,110円(12)",1,小笠原 匠海  東,京,26,129,A3,逃,3.93,76.66,◎,6,33.3,50.0,83.3,1,1,2,9.7,捲,１/４車輪,nan,
5320260606010006,nara,2026-06-06,6,◎1 ○2 ×3 △4 注5 ▲6,3-1  820円(4),"3-1-5  7,330円(22)","1=3=5  2,740円(8)","1=3  190円(2)  1=5  590円(7)  3=5  1,110円(12) / 1=3  190円(2)  1=5  590円(7)  3=5  1,110円(12)",2,西原 裕太郎  佐,賀,26,129,A3,逃,3.92,76.66,○,5,16.6,66.6,66.6,0,2,6,nan,nan,大差,nan,
5320260606010006,nara,2026-06-06,6,◎1 ○2 ×3 △4 注5 ▲6,3-1  820円(4),"3-1-5  7,330円(22)","1=3=5  2,740円(8)","1=3  190円(2)  1=5  590円(7)  3=5  1,110円(12) / 1=3  190円(2)  1=5  590円(7)  3=5  1,110円(12)",3,長川 達哉  埼,玉,23,129,A3,逃,3.77,75.33,×,1,33.3,50.0,66.6,1,2,1,9.9,逃,nan,nan,
5320260606010006,nara,2026-06-06,6,◎1 ○2 ×3 △4 注5 ▲6,3-1  820円(4),"3-1-5  7,330円(22)","1=3=5  2,740円(8)","1=3  190円(2)  1=5  590円(7)  3=5  1,110円(12) / 1=3  190円(2)  1=5  590円(7)  3=5  1,110円(12)",4,田沼 龍弥  群,馬,21,129,A3,逃,3.92,73.66,△,4,16.6,16.6,66.6,0,0,7,nan,nan,大差,nan,
5320260606010006,nara,2026-06-06,6,◎1 ○2 ×3 △4 注5 ▲6,3-1  820円(4),"3-1-5  7,330円(22)","1=3=5  2,740円(8)","1=3  190円(2)  1=5  590円(7)  3=5  1,110円(12) / 1=3  190円(2)  1=5  590円(7)  3=5  1,110円(12)",5,半田 莉都  熊,本,19,129,A3,逃,3.92,72.00,注,2,0.0,0.0,0.0,0,0,3,9.6,nan,１車輪,nan,
5320260606010006,nara,2026-06-06,6,◎1 ○2 ×3 △4 注5 ▲6,3-1  820円(4),"3-1-5  7,330円(22)","1=3=5  2,740円(8)","1=3  190円(2)  1=5  590円(7)  3=5  1,110円(12) / 1=3  190円(2)  1=5  590円(7)  3=5  1,110円(12)",6,白濱 蓮  長,崎,26,129,A3,逃,3.92,70.00,▲,3,0.0,0.0,0.0,0,0,4,9.6,nan,１/２車身,nan,
5320260606010006,nara,2026-06-06,6,◎1 ○2 ×3 △4 注5 ▲6,3-1  820円(4),"3-1-5  7,330円(22)","1=3=5  2,740円(8)","1=3  190円(2)  1=5  590円(7)  3=5  1,110円(12) / 1=3  190円(2)  1=5  590円(7)  3=5  1,110円(12)",7,近内 三孝  栃,木,30,129,A3,逃,3.92,68.33,nan,0,0.0,0.0,0.0,0,0,5,9.5,nan,１/４車輪,nan,
5320260606010007,nara,2026-06-06,7,◎1 ○2 △3 ×4 注5 ▲6,1-2  140円(1),1-2-4  650円(2),1=2=4  390円(2),1=2  120円(1)  1=4  190円(3)  2=4  220円(4) / 1=2  120円(1)  1=4  190円(3)  2=4  220円(4),1,伊藤 京介  三,重,23,129,A3,逃,3.92,80.00,◎,6,50.0,83.3,83.3,0,4,1,9.2,捲,nan,nan,
5320260606010007,nara,2026-06-06,7,◎1 ○2 △3 ×4 注5 ▲6,1-2  140円(1),1-2-4  650円(2),1=2=4  390円(2),1=2  120円(1)  1=4  190円(3)  2=4  220円(4) / 1=2  120円(1)  1=4  190円(3)  2=4  220円(4),2,田中 衛太  長,崎,20,129,A3,逃,3.92,76.33,○,5,50.0,66.6,66.6,0,3,2,9.1,ク,３/４車輪,nan,
5320260606010007,nara,2026-06-06,7,◎1 ○2 △3 ×4 注5 ▲6,1-2  140円(1),1-2-4  650円(2),1=2=4  390円(2),1=2  120円(1)  1=4  190円(3)  2=4  220円(4) / 1=2  120円(1)  1=4  190円(3)  2=4  220円(4),3,山下 季秦  埼,玉,20,129,A3,逃,3.85,73.33,△,4,0.0,33.3,50.0,0,0,4,9.1,nan,１車身,nan,
5320260606010007,nara,2026-06-06,7,◎1 ○2 △3 ×4 注5 ▲6,1-2  140円(1),1-2-4  650円(2),1=2=4  390円(2),1=2  120円(1)  1=4  190円(3)  2=4  220円(4) / 1=2  120円(1)  1=4  190円(3)  2=4  220円(4),4,鶴 健志  福,岡,27,129,A3,逃,3.92,72.33,×,1,0.0,33.3,33.3,0,0,3,9.1,nan,１車身,nan,
5320260606010007,nara,2026-06-06,7,◎1 ○2 △3 ×4 注5 ▲6,1-2  140円(1),1-2-4  650円(2),1=2=4  390円(2),1=2  120円(1)  1=4  190円(3)  2=4  220円(4) / 1=2  120円(1)  1=4  190円(3)  2=4  220円(4),5,白井 輝  石,川,23,129,A3,逃,3.92,71.00,注,2,0.0,0.0,0.0,0,0,6,9.0,nan,２車身,nan,
5320260606010007,nara,2026-06-06,7,◎1 ○2 △3 ×4 注5 ▲6,1-2  140円(1),1-2-4  650円(2),1=2=4  390円(2),1=2  120円(1)  1=4  190円(3)  2=4  220円(4) / 1=2  120円(1)  1=4  190円(3)  2=4  220円(4),6,阿部 凪汰  埼,玉,22,129,A3,逃,3.85,70.33,▲,3,0.0,16.6,16.6,0,1,5,9.1,nan,１車身,nan,
5320260606010007,nara,2026-06-06,7,◎1 ○2 △3 ×4 注5 ▲6,1-2  140円(1),1-2-4  650円(2),1=2=4  390円(2),1=2  120円(1)  1=4  190円(3)  2=4  220円(4) / 1=2  120円(1)  1=4  190円(3)  2=4  220円(4),7,児玉 東次郎  岐,阜,19,129,A3,逃,3.85,69.00,nan,0,0.0,0.0,0.0,0,0,7,9.7,nan,１車身,nan,
5320260606010008,nara,2026-06-06,8,◎1 ×2 ○3 △4 注5 ▲6,1-3  360円(2),1-3-2  550円(2),1=2=3  180円(1),1=2  130円(1)  1=3  150円(3)  2=3  190円(4) / 1=2  130円(1)  1=3  150円(3)  2=3  190円(4),1,吉川 敬介  東,京,23,129,A3,逃,3.92,80.00,◎,6,83.3,83.3,83.3,0,4,1,9.4,捲,nan,nan,
5320260606010008,nara,2026-06-06,8,◎1 ×2 ○3 △4 注5 ▲6,1-3  360円(2),1-3-2  550円(2),1=2=3  180円(1),1=2  130円(1)  1=3  150円(3)  2=3  190円(4) / 1=2  130円(1)  1=3  150円(3)  2=3  190円(4),2,吉岡 竜太  広,島,25,129,A3,逃,3.92,76.00,×,1,33.3,50.0,83.3,1,1,3,9.5,nan,１車輪,nan,
5320260606010008,nara,2026-06-06,8,◎1 ×2 ○3 △4 注5 ▲6,1-3  360円(2),1-3-2  550円(2),1=2=3  180円(1),1=2  130円(1)  1=3  150円(3)  2=3  190円(4) / 1=2  130円(1)  1=3  150円(3)  2=3  190円(4),3,福田 海響  東,京,21,129,A3,逃,3.92,74.33,○,5,33.3,50.0,50.0,1,1,2,9.5,捲,１/２車身,nan,
5320260606010008,nara,2026-06-06,8,◎1 ×2 ○3 △4 注5 ▲6,1-3  360円(2),1-3-2  550円(2),1=2=3  180円(1),1=2  130円(1)  1=3  150円(3)  2=3  190円(4) / 1=2  130円(1)  1=3  150円(3)  2=3  190円(4),4,榊枝 天旺  福,島,20,129,A3,逃,3.93,73.00,△,4,0.0,33.3,50.0,1,1,7,9.9,nan,２車身,nan,
5320260606010008,nara,2026-06-06,8,◎1 ×2 ○3 △4 注5 ▲6,1-3  360円(2),1-3-2  550円(2),1=2=3  180円(1),1=2  130円(1)  1=3  150円(3)  2=3  190円(4) / 1=2  130円(1)  1=3  150円(3)  2=3  190円(4),5,片岡 遼真  福,井,23,129,A3,逃,3.92,69.66,注,2,0.0,16.6,16.6,0,1,6,9.4,nan,１車輪,nan,
5320260606010008,nara,2026-06-06,8,◎1 ×2 ○3 △4 注5 ▲6,1-3  360円(2),1-3-2  550円(2),1=2=3  180円(1),1=2  130円(1)  1=3  150円(3)  2=3  190円(4) / 1=2  130円(1)  1=3  150円(3)  2=3  190円(4),6,林 欣司  岐,阜,27,129,A3,逃,3.92,69.66,▲,3,0.0,0.0,0.0,0,0,4,9.4,nan,３/４車身,nan,
5320260606010008,nara,2026-06-06,8,◎1 ×2 ○3 △4 注5 ▲6,1-3  360円(2),1-3-2  550円(2),1=2=3  180円(1),1=2  130円(1)  1=3  150円(3)  2=3  190円(4) / 1=2  130円(1)  1=3  150円(3)  2=3  190円(4),7,小川 佑希也  千,葉,22,129,A3,逃,3.92,69.00,nan,0,0.0,0.0,0.0,0,0,5,9.4,nan,１/２車輪,nan,
5320260606010009,nara,2026-06-06,9,◎1 ○2 ×3 △4 注5 ▲6,,,,,1,滿田 光紀  熊,本,27,129,A3,逃,3.92,80.66,◎,6,66.6,83.3,100.0,1,2,,,,,,23:25
5320260606010009,nara,2026-06-06,9,◎1 ○2 ×3 △4 注5 ▲6,,,,,2,坂井 央雅  岐,阜,19,129,A3,逃,3.92,74.66,○,5,33.3,33.3,50.0,0,0,,,,,,23:25
5320260606010009,nara,2026-06-06,9,◎1 ○2 ×3 △4 注5 ▲6,,,,,3,中野 楚樂  宮,城,24,129,A3,逃,3.92,73.66,×,1,0.0,0.0,50.0,0,0,,,,,,23:25
5320260606010009,nara,2026-06-06,9,◎1 ○2 ×3 △4 注5 ▲6,,,,,4,高佐 龍太郎  宮,崎,23,129,A3,逃,3.92,73.33,△,4,0.0,16.6,50.0,0,0,,,,,,23:25
5320260606010009,nara,2026-06-06,9,◎1 ○2 ×3 △4 注5 ▲6,,,,,5,冨倉 巧  京,都,24,129,A3,逃,3.93,71.33,注,2,16.6,16.6,16.6,0,1,,,,,,23:25
5320260606010009,nara,2026-06-06,9,◎1 ○2 ×3 △4 注5 ▲6,,,,,6,宮田 龍一  大,阪,23,129,A3,逃,3.92,70.33,▲,3,0.0,0.0,0.0,0,0,,,,,,23:25
5320260606010009,nara,2026-06-06,9,◎1 ○2 ×3 △4 注5 ▲6,,,,,7,齊藤 宏樹  東,京,26,129,A3,逃,3.92,70.33,nan,0,0.0,0.0,0.0,0,0,,,,,,23:25
7320260606010001,komatsushima,2026-06-06,1,△4 ▲6 ○2 ◎1 ×3 注5,1-2  250円(1),"1-2-5  2,350円(8)","1=2=5  1,250円(3)",1=2  100円(1)  1=5  460円(6)  2=5  640円(8) / 1=2  100円(1)  1=5  460円(6)  2=5  640円(8),1,那須 萌美  宮,崎,35,114,L1,両,3.77,55.81,◎,6,50.0,72.7,86.3,1,1,1,11.9,差,nan,nan,
7320260606010001,komatsushima,2026-06-06,1,△4 ▲6 ○2 ◎1 ×3 注5,1-2  250円(1),"1-2-5  2,350円(8)","1=2=5  1,250円(3)",1=2  100円(1)  1=5  460円(6)  2=5  640円(8) / 1=2  100円(1)  1=5  460円(6)  2=5  640円(8),2,石井 貴子  千,葉,36,106,L1,両,3.79,54.36,○,5,13.6,45.4,81.8,0,4,2,12.0,捲,微差,nan,
7320260606010001,komatsushima,2026-06-06,1,△4 ▲6 ○2 ◎1 ×3 注5,1-2  250円(1),"1-2-5  2,350円(8)","1=2=5  1,250円(3)",1=2  100円(1)  1=5  460円(6)  2=5  640円(8) / 1=2  100円(1)  1=5  460円(6)  2=5  640円(8),3,太田 瑛美  三,重,25,120,L1,両,3.79,54.19,×,1,9.5,57.1,85.7,0,4,4,12.2,nan,３/４車輪,nan,
7320260606010001,komatsushima,2026-06-06,1,△4 ▲6 ○2 ◎1 ×3 注5,1-2  250円(1),"1-2-5  2,350円(8)","1=2=5  1,250円(3)",1=2  100円(1)  1=5  460円(6)  2=5  640円(8) / 1=2  100円(1)  1=5  460円(6)  2=5  640円(8),4,宮地 寧々  岐,阜,30,110,L1,両,3.77,50.65,△,4,5.0,10.0,50.0,0,2,5,12.3,nan,３車身,nan,
7320260606010001,komatsushima,2026-06-06,1,△4 ▲6 ○2 ◎1 ×3 注5,1-2  250円(1),"1-2-5  2,350円(8)","1=2=5  1,250円(3)",1=2  100円(1)  1=5  460円(6)  2=5  640円(8) / 1=2  100円(1)  1=5  460円(6)  2=5  640円(8),5,荒川 ひかり  茨,城,31,110,L1,追,3.77,49.18,注,2,12.5,18.7,31.2,0,0,3,11.9,nan,３/４車身,nan,
7320260606010001,komatsushima,2026-06-06,1,△4 ▲6 ○2 ◎1 ×3 注5,1-2  250円(1),"1-2-5  2,350円(8)","1=2=5  1,250円(3)",1=2  100円(1)  1=5  460円(6)  2=5  640円(8) / 1=2  100円(1)  1=5  460円(6)  2=5  640円(8),6,藤巻 絵里佳  福,島,30,110,L1,追,3.79,47.28,▲,3,0.0,0.0,20.0,0,0,6,12.4,nan,１車身,nan,
7320260606010001,komatsushima,2026-06-06,1,△4 ▲6 ○2 ◎1 ×3 注5,1-2  250円(1),"1-2-5  2,350円(8)","1=2=5  1,250円(3)",1=2  100円(1)  1=5  460円(6)  2=5  640円(8) / 1=2  100円(1)  1=5  460円(6)  2=5  640円(8),7,藤原 亜衣里  新,潟,45,102,L1,追,3.77,45.20,nan,0,0.0,6.2,6.2,0,0,7,13.5,nan,大差,nan,
7320260606010002,komatsushima,2026-06-06,2,▲6 ○7 ×2 注3 ◎5 △1,"3-4  6,760円(13)","3-4-1  13,290円(28)",1=3=4  700円(3),1=3  210円(2)  1=4  220円(3)  3=4  400円(6) / 1=3  210円(2)  1=4  220円(3)  3=4  400円(6),1,飯田 風音  埼,玉,24,120,L1,両,3.79,55.40,◎,6,45.4,72.7,81.8,2,7,3,12.5,nan,３/４車身,nan,
7320260606010002,komatsushima,2026-06-06,2,▲6 ○7 ×2 注3 ◎5 △1,"3-4  6,760円(13)","3-4-1  13,290円(28)",1=3=4  700円(3),1=3  210円(2)  1=4  220円(3)  3=4  400円(6) / 1=3  210円(2)  1=4  220円(3)  3=4  400円(6),2,當銘 直美  愛,知,29,114,L1,両,3.79,54.82,○,5,27.7,55.5,72.2,0,1,4,12.4,nan,３/４車輪,nan,
7320260606010002,komatsushima,2026-06-06,2,▲6 ○7 ×2 注3 ◎5 △1,"3-4  6,760円(13)","3-4-1  13,290円(28)",1=3=4  700円(3),1=3  210円(2)  1=4  220円(3)  3=4  400円(6) / 1=3  210円(2)  1=4  220円(3)  3=4  400円(6),3,西島 叶子  熊,本,31,118,L1,両,3.79,52.76,×,1,4.7,28.5,71.4,2,1,1,12.5,捲,nan,nan,
7320260606010002,komatsushima,2026-06-06,2,▲6 ○7 ×2 注3 ◎5 △1,"3-4  6,760円(13)","3-4-1  13,290円(28)",1=3=4  700円(3),1=3  210円(2)  1=4  220円(3)  3=4  400円(6) / 1=3  210円(2)  1=4  220円(3)  3=4  400円(6),4,高橋 梨香  埼,玉,46,106,L1,両,3.69,51.46,△,4,3.7,25.9,44.4,1,0,2,12.4,ク,３/４車輪,nan,
7320260606010002,komatsushima,2026-06-06,2,▲6 ○7 ×2 注3 ◎5 △1,"3-4  6,760円(13)","3-4-1  13,290円(28)",1=3=4  700円(3),1=3  210円(2)  1=4  220円(3)  3=4  400円(6) / 1=3  210円(2)  1=4  220円(3)  3=4  400円(6),5,杉沢 毛伊子  静,岡,40,104,L1,両,3.77,49.00,注,2,5.0,20.0,30.0,0,1,7,13.1,nan,３/４車身,nan,
7320260606010002,komatsushima,2026-06-06,2,▲6 ○7 ×2 注3 ◎5 △1,"3-4  6,760円(13)","3-4-1  13,290円(28)",1=3=4  700円(3),1=3  210円(2)  1=4  220円(3)  3=4  400円(6) / 1=3  210円(2)  1=4  220円(3)  3=4  400円(6),6,佐々木 恵理  愛,知,36,110,L1,両,3.77,48.04,▲,3,0.0,20.8,25.0,1,1,5,12.8,nan,６車身,nan,
7320260606010002,komatsushima,2026-06-06,2,▲6 ○7 ×2 注3 ◎5 △1,"3-4  6,760円(13)","3-4-1  13,290円(28)",1=3=4  700円(3),1=3  210円(2)  1=4  220円(3)  3=4  400円(6) / 1=3  210円(2)  1=4  220円(3)  3=4  400円(6),7,日野 友葵  愛,媛,31,108,L1,追,3.69,44.72,nan,0,0.0,0.0,0.0,0,0,6,12.9,nan,２車身,nan,
7320260606010003,komatsushima,2026-06-06,3,◎1 ○4 ×2 △3 注7 ▲6,1-4  930円(6),"1-4-3  1,790円(6)",1=3=4  660円(2),1=3  160円(2)  1=4  210円(4)  3=4  260円(5) / 1=3  160円(2)  1=4  210円(4)  3=4  260円(5),1,堀 兼壽  岐,阜,31,105,A1,両,3.92,88.62,◎,6,29.1,54.1,62.5,4,5,1,11.7,捲,nan,nan,
7320260606010003,komatsushima,2026-06-06,3,◎1 ○4 ×2 △3 注7 ▲6,1-4  930円(6),"1-4-3  1,790円(6)",1=3=4  660円(2),1=3  160円(2)  1=4  210円(4)  3=4  260円(5) / 1=3  160円(2)  1=4  210円(4)  3=4  260円(5),2,梶原 大地  福,岡,29,119,A2,逃,3.92,87.08,×,1,29.1,50.0,66.6,9,3,5,12.5,nan,１/２車輪,nan,
7320260606010003,komatsushima,2026-06-06,3,◎1 ○4 ×2 △3 注7 ▲6,1-4  930円(6),"1-4-3  1,790円(6)",1=3=4  660円(2),1=3  160円(2)  1=4  210円(4)  3=4  260円(5) / 1=3  160円(2)  1=4  210円(4)  3=4  260円(5),3,小原 亮哉  大,分,35,113,A1,追,3.92,85.50,△,4,20.8,37.5,50.0,0,1,3,12.3,nan,３/４車身,nan,
7320260606010003,komatsushima,2026-06-06,3,◎1 ○4 ×2 △3 注7 ▲6,1-4  930円(6),"1-4-3  1,790円(6)",1=3=4  660円(2),1=3  160円(2)  1=4  210円(4)  3=4  260円(5) / 1=3  160円(2)  1=4  210円(4)  3=4  260円(5),4,鳥越 靖弘  愛,知,51,77,A1,追,3.93,84.28,○,5,0.0,9.5,33.3,0,0,2,11.6,ク,３/４車身,nan,
7320260606010003,komatsushima,2026-06-06,3,◎1 ○4 ×2 △3 注7 ▲6,1-4  930円(6),"1-4-3  1,790円(6)",1=3=4  660円(2),1=3  160円(2)  1=4  210円(4)  3=4  260円(5) / 1=3  160円(2)  1=4  210円(4)  3=4  260円(5),5,小林 健  岡,山,55,67,A2,追,3.92,82.18,▲,3,0.0,11.1,40.7,0,0,6,11.9,nan,１/８車輪,nan,
7320260606010003,komatsushima,2026-06-06,3,◎1 ○4 ×2 △3 注7 ▲6,1-4  930円(6),"1-4-3  1,790円(6)",1=3=4  660円(2),1=3  160円(2)  1=4  210円(4)  3=4  260円(5) / 1=3  160円(2)  1=4  210円(4)  3=4  260円(5),6,下野 義城  愛,媛,29,115,A2,逃,3.92,81.30,注,2,7.1,7.1,35.7,1,0,4,12.1,nan,３/４車身,nan,
7320260606010003,komatsushima,2026-06-06,3,◎1 ○4 ×2 △3 注7 ▲6,1-4  930円(6),"1-4-3  1,790円(6)",1=3=4  660円(2),1=3  160円(2)  1=4  210円(4)  3=4  260円(5) / 1=3  160円(2)  1=4  210円(4)  3=4  260円(5),7,爲田 学  沖,縄,53,69,A2,追,3.85,78.50,nan,0,4.1,4.1,12.5,0,0,7,12.5,nan,３車身,nan,
7320260606010004,komatsushima,2026-06-06,4,◎1 ○4 ▲5 ×2 △3 注6,1-4  300円(1),1-4-5  990円(3),1=4=5  550円(3),1=4  130円(1)  1=5  370円(7)  4=5  310円(5) / 1=4  130円(1)  1=5  370円(7)  4=5  310円(5),1,岡崎 陸登  愛,媛,28,123,A1,逃,3.92,88.85,◎,6,28.5,52.3,61.9,7,3,1,11.7,逃,nan,nan,
7320260606010004,komatsushima,2026-06-06,4,◎1 ○4 ▲5 ×2 △3 注6,1-4  300円(1),1-4-5  990円(3),1=4=5  550円(3),1=4  130円(1)  1=5  370円(7)  4=5  310円(5) / 1=4  130円(1)  1=5  370円(7)  4=5  310円(5),2,重倉 高史  富,山,40,95,A1,両,3.92,86.66,×,1,11.1,33.3,55.5,5,1,5,11.5,nan,１/２車身,nan,
7320260606010004,komatsushima,2026-06-06,4,◎1 ○4 ▲5 ×2 △3 注6,1-4  300円(1),1-4-5  990円(3),1=4=5  550円(3),1=4  130円(1)  1=5  370円(7)  4=5  310円(5) / 1=4  130円(1)  1=5  370円(7)  4=5  310円(5),3,疋田 敏  愛,知,58,59,A2,追,3.92,83.94,△,4,0.0,11.1,22.2,0,1,6,11.4,nan,１/２車身,nan,
7320260606010004,komatsushima,2026-06-06,4,◎1 ○4 ▲5 ×2 △3 注6,1-4  300円(1),1-4-5  990円(3),1=4=5  550円(3),1=4  130円(1)  1=5  370円(7)  4=5  310円(5) / 1=4  130円(1)  1=5  370円(7)  4=5  310円(5),4,滝山 実  徳,島,48,84,A1,追,3.92,82.42,○,5,0.0,14.2,19.0,0,0,2,11.5,ク,１/２車輪,nan,
7320260606010004,komatsushima,2026-06-06,4,◎1 ○4 ▲5 ×2 △3 注6,1-4  300円(1),1-4-5  990円(3),1=4=5  550円(3),1=4  130円(1)  1=5  370円(7)  4=5  310円(5) / 1=4  130円(1)  1=5  370円(7)  4=5  310円(5),5,水本 博行  岡,山,51,78,A2,追,3.92,80.26,▲,3,0.0,0.0,0.0,0,0,3,11.5,nan,３/４車身,nan,
7320260606010004,komatsushima,2026-06-06,4,◎1 ○4 ▲5 ×2 △3 注6,1-4  300円(1),1-4-5  990円(3),1=4=5  550円(3),1=4  130円(1)  1=5  370円(7)  4=5  310円(5) / 1=4  130円(1)  1=5  370円(7)  4=5  310円(5),6,廣田 樹里  熊,本,45,89,A2,両,3.93,79.95,注,2,4.7,9.5,19.0,0,1,4,11.3,nan,３/４車身,nan,
7320260606010004,komatsushima,2026-06-06,4,◎1 ○4 ▲5 ×2 △3 注6,1-4  300円(1),1-4-5  990円(3),1=4=5  550円(3),1=4  130円(1)  1=5  370円(7)  4=5  310円(5) / 1=4  130円(1)  1=5  370円(7)  4=5  310円(5),7,片山 直人  福,岡,44,87,A2,両,3.92,77.80,nan,0,3.8,3.8,7.6,0,1,7,11.4,nan,３車身,nan,
7320260606010005,komatsushima,2026-06-06,5,×3 ◎1 ○2 △4 注7 ▲5,"1-4  1,870円(7)","1-4-3  4,840円(16)",1=3=4  920円(3),1=3  150円(1)  1=4  180円(2)  3=4  400円(7) / 1=3  150円(1)  1=4  180円(2)  3=4  400円(7),1,筒井 裕哉  兵,庫,45,89,A1,追,3.92,90.03,◎,6,25.9,48.1,59.2,0,2,1,11.5,差,nan,nan,
7320260606010005,komatsushima,2026-06-06,5,×3 ◎1 ○2 △4 注7 ▲5,"1-4  1,870円(7)","1-4-3  4,840円(16)",1=3=4  920円(3),1=3  150円(1)  1=4  180円(2)  3=4  400円(7) / 1=3  150円(1)  1=4  180円(2)  3=4  400円(7),2,石川 航大  宮,崎,26,123,A1,逃,3.92,88.66,○,5,29.1,45.8,62.5,3,7,4,11.5,nan,１/２車身,nan,
7320260606010005,komatsushima,2026-06-06,5,×3 ◎1 ○2 △4 注7 ▲5,"1-4  1,870円(7)","1-4-3  4,840円(16)",1=3=4  920円(3),1=3  150円(1)  1=4  180円(2)  3=4  400円(7) / 1=3  150円(1)  1=4  180円(2)  3=4  400円(7),3,伊藤 歩登  兵,庫,27,113,A1,逃,3.92,86.57,×,1,23.8,47.6,66.6,7,2,3,11.8,nan,１/２車身,nan,
7320260606010005,komatsushima,2026-06-06,5,×3 ◎1 ○2 △4 注7 ▲5,"1-4  1,870円(7)","1-4-3  4,840円(16)",1=3=4  920円(3),1=3  150円(1)  1=4  180円(2)  3=4  400円(7) / 1=3  150円(1)  1=4  180円(2)  3=4  400円(7),4,工藤 文彦  沖,縄,43,97,A2,追,3.92,86.38,△,4,9.5,28.5,57.1,0,2,2,11.3,ク,１/８車輪,nan,
7320260606010005,komatsushima,2026-06-06,5,×3 ◎1 ○2 △4 注7 ▲5,"1-4  1,870円(7)","1-4-3  4,840円(16)",1=3=4  920円(3),1=3  150円(1)  1=4  180円(2)  3=4  400円(7) / 1=3  150円(1)  1=4  180円(2)  3=4  400円(7),5,眞砂 英作  香,川,31,121,A2,逃,3.92,84.36,注,2,9.0,36.3,50.0,3,2,5,11.2,nan,３/４車輪,nan,
7320260606010005,komatsushima,2026-06-06,5,×3 ◎1 ○2 △4 注7 ▲5,"1-4  1,870円(7)","1-4-3  4,840円(16)",1=3=4  920円(3),1=3  150円(1)  1=4  180円(2)  3=4  400円(7) / 1=3  150円(1)  1=4  180円(2)  3=4  400円(7),6,三好 陽一  愛,媛,44,88,A2,両,3.86,83.76,▲,3,15.3,26.9,38.4,0,1,6,11.1,nan,２車身,nan,
7320260606010005,komatsushima,2026-06-06,5,×3 ◎1 ○2 △4 注7 ▲5,"1-4  1,870円(7)","1-4-3  4,840円(16)",1=3=4  920円(3),1=3  150円(1)  1=4  180円(2)  3=4  400円(7) / 1=3  150円(1)  1=4  180円(2)  3=4  400円(7),7,永田 修一  熊,本,45,90,A2,追,3.92,79.20,nan,0,0.0,6.6,13.3,0,0,7,11.6,nan,３車身,nan,
7320260606010006,komatsushima,2026-06-06,6,×2 △4 注5 ◎1 ○3 ▲6,4-2  380円(2),"4-2-1  1,260円(3)",1=2=4  370円(1),1=2  220円(5)  1=4  170円(2)  2=4  110円(1) / 1=2  220円(5)  1=4  170円(2)  2=4  110円(1),1,高橋 幸司  沖,縄,38,99,A2,逃,3.92,90.45,◎,6,33.3,50.0,70.8,8,2,3,12.4,nan,３/４車身,nan,
7320260606010006,komatsushima,2026-06-06,6,×2 △4 注5 ◎1 ○3 ▲6,4-2  380円(2),"4-2-1  1,260円(3)",1=2=4  370円(1),1=2  220円(5)  1=4  170円(2)  2=4  110円(1) / 1=2  220円(5)  1=4  170円(2)  2=4  110円(1),2,龍野 琳太郎  岡,山,25,123,A1,逃,3.92,88.08,×,1,33.3,54.1,54.1,9,2,2,12.5,逃,１/２車輪,nan,
7320260606010006,komatsushima,2026-06-06,6,×2 △4 注5 ◎1 ○3 ▲6,4-2  380円(2),"4-2-1  1,260円(3)",1=2=4  370円(1),1=2  220円(5)  1=4  170円(2)  2=4  110円(1) / 1=2  220円(5)  1=4  170円(2)  2=4  110円(1),3,西田 大志  福,岡,35,98,A1,追,3.92,87.65,○,5,14.2,33.3,52.3,0,0,4,12.3,nan,１/４車輪,nan,
7320260606010006,komatsushima,2026-06-06,6,×2 △4 注5 ◎1 ○3 ▲6,4-2  380円(2),"4-2-1  1,260円(3)",1=2=4  370円(1),1=2  220円(5)  1=4  170円(2)  2=4  110円(1) / 1=2  220円(5)  1=4  170円(2)  2=4  110円(1),4,國村 洋  山,口,49,80,A1,追,3.92,85.76,△,4,19.0,47.6,61.9,0,0,1,12.3,差,nan,nan,
7320260606010006,komatsushima,2026-06-06,6,×2 △4 注5 ◎1 ○3 ▲6,4-2  380円(2),"4-2-1  1,260円(3)",1=2=4  370円(1),1=2  220円(5)  1=4  170円(2)  2=4  110円(1) / 1=2  220円(5)  1=4  170円(2)  2=4  110円(1),5,内村 泰三  山,口,52,72,A2,追,3.92,83.30,注,2,11.5,19.2,34.6,0,0,6,12.1,nan,１車輪,nan,
7320260606010006,komatsushima,2026-06-06,6,×2 △4 注5 ◎1 ○3 ▲6,4-2  380円(2),"4-2-1  1,260円(3)",1=2=4  370円(1),1=2  220円(5)  1=4  170円(2)  2=4  110円(1) / 1=2  220円(5)  1=4  170円(2)  2=4  110円(1),6,佐野 洋継  京,都,38,97,A2,両,3.92,80.11,▲,3,3.7,7.4,18.5,0,0,7,12.3,nan,３/４車輪,nan,
7320260606010006,komatsushima,2026-06-06,6,×2 △4 注5 ◎1 ○3 ▲6,4-2  380円(2),"4-2-1  1,260円(3)",1=2=4  370円(1),1=2  220円(5)  1=4  170円(2)  2=4  110円(1) / 1=2  220円(5)  1=4  170円(2)  2=4  110円(1),7,藤野 一良  大,阪,49,77,A1,追,3.92,79.04,nan,0,4.1,12.5,25.0,0,0,5,12.1,nan,１車身１/２,nan,
7320260606010007,komatsushima,2026-06-06,7,◎1 ○2 注4 ×3 △5 ▲7,"7-1  10,950円(17)","7-1-3  54,470円(68)","1=3=7  3,820円(8)","1=3  280円(3)  1=7  920円(9)  3=7  2,750円(16) / 1=3  280円(3)  1=7  920円(9)  3=7  2,750円(16)",1,志田 愛希飛  富,山,24,125,A2,逃,3.92,90.83,◎,6,27.7,61.1,66.6,5,5,2,11.6,逃,１/２車身,nan,
7320260606010007,komatsushima,2026-06-06,7,◎1 ○2 注4 ×3 △5 ▲7,"7-1  10,950円(17)","7-1-3  54,470円(68)","1=3=7  3,820円(8)","1=3  280円(3)  1=7  920円(9)  3=7  2,750円(16) / 1=3  280円(3)  1=7  920円(9)  3=7  2,750円(16)",2,上田 隼  岐,阜,36,97,A1,追,3.92,86.45,○,5,27.2,31.8,45.4,0,1,4,12.0,nan,３/４車身,nan,
7320260606010007,komatsushima,2026-06-06,7,◎1 ○2 注4 ×3 △5 ▲7,"7-1  10,950円(17)","7-1-3  54,470円(68)","1=3=7  3,820円(8)","1=3  280円(3)  1=7  920円(9)  3=7  2,750円(16) / 1=3  280円(3)  1=7  920円(9)  3=7  2,750円(16)",3,白井 優太朗  広,島,24,119,A2,逃,3.92,84.68,×,1,11.7,29.4,47.0,0,1,3,11.8,nan,５車身,nan,
7320260606010007,komatsushima,2026-06-06,7,◎1 ○2 注4 ×3 △5 ▲7,"7-1  10,950円(17)","7-1-3  54,470円(68)","1=3=7  3,820円(8)","1=3  280円(3)  1=7  920円(9)  3=7  2,750円(16) / 1=3  280円(3)  1=7  920円(9)  3=7  2,750円(16)",4,朝日 勇  愛,知,52,74,A2,追,3.92,83.87,注,2,12.5,25.0,37.5,0,0,6,11.9,nan,３/４車身,nan,
7320260606010007,komatsushima,2026-06-06,7,◎1 ○2 注4 ×3 △5 ▲7,"7-1  10,950円(17)","7-1-3  54,470円(68)","1=3=7  3,820円(8)","1=3  280円(3)  1=7  920円(9)  3=7  2,750円(16) / 1=3  280円(3)  1=7  920円(9)  3=7  2,750円(16)",5,小川 巧  岡,山,60,57,A2,追,3.92,83.80,△,4,3.8,30.7,38.4,0,0,5,12.0,nan,２車身,nan,
7320260606010007,komatsushima,2026-06-06,7,◎1 ○2 注4 ×3 △5 ▲7,"7-1  10,950円(17)","7-1-3  54,470円(68)","1=3=7  3,820円(8)","1=3  280円(3)  1=7  920円(9)  3=7  2,750円(16) / 1=3  280円(3)  1=7  920円(9)  3=7  2,750円(16)",6,三木 健治  沖,縄,51,73,A2,追,3.86,82.11,▲,3,0.0,11.1,27.7,0,0,7,12.1,nan,２車身,nan,
7320260606010007,komatsushima,2026-06-06,7,◎1 ○2 注4 ×3 △5 ▲7,"7-1  10,950円(17)","7-1-3  54,470円(68)","1=3=7  3,820円(8)","1=3  280円(3)  1=7  920円(9)  3=7  2,750円(16) / 1=3  280円(3)  1=7  920円(9)  3=7  2,750円(16)",7,緒方 慎太朗  熊,本,27,115,A2,逃,3.92,79.63,nan,0,10.5,15.7,31.5,3,0,1,11.4,捲,nan,nan,
7320260606010008,komatsushima,2026-06-06,8,◎1 ○2 注4 △5 ×3 ▲7,"2-6  19,280円(19)","2-6-1  29,910円(43)","1=2=6  1,810円(5)","1=2  100円(1)  1=6  650円(9)  2=6  1,040円(10) / 1=2  100円(1)  1=6  650円(9)  2=6  1,040円(10)",1,諸隈 健太郎  高,知,25,127,A2,逃,3.92,91.73,◎,6,47.3,68.4,73.6,11,1,3,11.9,nan,３/４車身,nan,
7320260606010008,komatsushima,2026-06-06,8,◎1 ○2 注4 △5 ×3 ▲7,"2-6  19,280円(19)","2-6-1  29,910円(43)","1=2=6  1,810円(5)","1=2  100円(1)  1=6  650円(9)  2=6  1,040円(10) / 1=2  100円(1)  1=6  650円(9)  2=6  1,040円(10)",2,岩本 純  岡,山,44,94,A1,両,3.92,86.18,○,5,22.2,33.3,48.1,0,0,1,11.6,差,nan,nan,
7320260606010008,komatsushima,2026-06-06,8,◎1 ○2 注4 △5 ×3 ▲7,"2-6  19,280円(19)","2-6-1  29,910円(43)","1=2=6  1,810円(5)","1=2  100円(1)  1=6  650円(9)  2=6  1,040円(10) / 1=2  100円(1)  1=6  650円(9)  2=6  1,040円(10)",3,寺崎 祐樹  熊,本,38,97,A1,追,3.92,85.47,×,1,19.0,38.0,47.6,0,0,7,13.0,nan,大差,nan,
7320260606010008,komatsushima,2026-06-06,8,◎1 ○2 注4 △5 ×3 ▲7,"2-6  19,280円(19)","2-6-1  29,910円(43)","1=2=6  1,810円(5)","1=2  100円(1)  1=6  650円(9)  2=6  1,040円(10) / 1=2  100円(1)  1=6  650円(9)  2=6  1,040円(10)",4,山本 貴章  岡,山,51,76,A2,追,3.92,84.60,注,2,9.0,36.3,36.3,0,0,6,11.9,nan,１/２車身,nan,
7320260606010008,komatsushima,2026-06-06,8,◎1 ○2 注4 △5 ×3 ▲7,"2-6  19,280円(19)","2-6-1  29,910円(43)","1=2=6  1,810円(5)","1=2  100円(1)  1=6  650円(9)  2=6  1,040円(10) / 1=2  100円(1)  1=6  650円(9)  2=6  1,040円(10)",5,橋本 陸  福,岡,29,121,A1,逃,3.93,82.83,△,4,4.1,12.5,37.5,3,0,4,12.0,nan,３/４車身,nan,
7320260606010008,komatsushima,2026-06-06,8,◎1 ○2 注4 △5 ×3 ▲7,"2-6  19,280円(19)","2-6-1  29,910円(43)","1=2=6  1,810円(5)","1=2  100円(1)  1=6  650円(9)  2=6  1,040円(10) / 1=2  100円(1)  1=6  650円(9)  2=6  1,040円(10)",6,山田 哲也  愛,知,44,99,A2,追,3.92,81.13,▲,3,13.6,22.7,27.2,0,2,2,12.2,差,３/４車輪,nan,
7320260606010008,komatsushima,2026-06-06,8,◎1 ○2 注4 △5 ×3 ▲7,"2-6  19,280円(19)","2-6-1  29,910円(43)","1=2=6  1,810円(5)","1=2  100円(1)  1=6  650円(9)  2=6  1,040円(10) / 1=2  100円(1)  1=6  650円(9)  2=6  1,040円(10)",7,中村 美千隆  兵,庫,49,80,A2,両,3.92,79.18,nan,0,3.7,14.8,25.9,1,0,5,12.6,nan,３/４車身,nan,
7320260606010009,komatsushima,2026-06-06,9,注6 ▲3 ×1 △7 ◎4 ○2,"7-3  6,750円(22)","7-3-4  16,080円(62)","3=4=7  3,270円(15)",3=4  940円(15)  3=7  670円(10)  4=7  230円(2) / 3=4  940円(15)  3=7  670円(10)  4=7  230円(2),1,藤田 昌宏  岡,山,51,82,A1,両,3.92,93.83,×,1,45.8,62.5,70.8,4,4,,,,,,
7320260606010009,komatsushima,2026-06-06,9,注6 ▲3 ×1 △7 ◎4 ○2,"7-3  6,750円(22)","7-3-4  16,080円(62)","3=4=7  3,270円(15)",3=4  940円(15)  3=7  670円(10)  4=7  230円(2) / 3=4  940円(15)  3=7  670円(10)  4=7  230円(2),2,長松 空吾  大,分,26,123,A1,逃,3.92,93.50,◎,6,41.1,58.8,58.8,3,3,,,,,,
7320260606010009,komatsushima,2026-06-06,9,注6 ▲3 ×1 △7 ◎4 ○2,"7-3  6,750円(22)","7-3-4  16,080円(62)","3=4=7  3,270円(15)",3=4  940円(15)  3=7  670円(10)  4=7  230円(2) / 3=4  940円(15)  3=7  670円(10)  4=7  230円(2),3,篠原 忍  愛,知,43,91,A1,両,3.92,93.00,▲,3,19.0,47.6,61.9,0,0,,,,,,
7320260606010009,komatsushima,2026-06-06,9,注6 ▲3 ×1 △7 ◎4 ○2,"7-3  6,750円(22)","7-3-4  16,080円(62)","3=4=7  3,270円(15)",3=4  940円(15)  3=7  670円(10)  4=7  230円(2) / 3=4  940円(15)  3=7  670円(10)  4=7  230円(2),4,吉松 直人  高,知,45,90,A1,追,3.92,92.85,nan,0,31.8,50.0,68.1,0,0,,,,,,
7320260606010009,komatsushima,2026-06-06,9,注6 ▲3 ×1 △7 ◎4 ○2,"7-3  6,750円(22)","7-3-4  16,080円(62)","3=4=7  3,270円(15)",3=4  940円(15)  3=7  670円(10)  4=7  230円(2) / 3=4  940円(15)  3=7  670円(10)  4=7  230円(2),5,中村 雅仁  熊,本,44,90,A1,追,3.93,92.30,○,5,10.0,45.0,60.0,0,0,,,,,,
7320260606010009,komatsushima,2026-06-06,9,注6 ▲3 ×1 △7 ◎4 ○2,"7-3  6,750円(22)","7-3-4  16,080円(62)","3=4=7  3,270円(15)",3=4  940円(15)  3=7  670円(10)  4=7  230円(2) / 3=4  940円(15)  3=7  670円(10)  4=7  230円(2),6,福元 啓太  大,阪,29,119,A1,逃,3.93,92.21,注,2,25.0,45.8,54.1,0,7,,,,,,
7320260606010009,komatsushima,2026-06-06,9,注6 ▲3 ×1 △7 ◎4 ○2,"7-3  6,750円(22)","7-3-4  16,080円(62)","3=4=7  3,270円(15)",3=4  940円(15)  3=7  670円(10)  4=7  230円(2) / 3=4  940円(15)  3=7  670円(10)  4=7  230円(2),7,篠原 龍馬  高,知,44,89,A1,両,3.92,90.14,△,4,28.5,38.0,47.6,2,2,,,,,,
8320260604030001,kurume,2026-06-06,1,◎2 ○7 △1 ▲5 ×4 注6,2-7  320円(1),"2-7-6  2,480円(6)",2=6=7  960円(3),2=6  430円(6)  2=7  130円(1)  6=7  500円(8) / 2=6  430円(6)  2=7  130円(1)  6=7  500円(8),1,桑原 亮  福,岡,41,91,S2,追,3.92,96.00,△,4,3.2,16.1,25.8,0,1,4,11.2,nan,１/８車輪,動けず流込,10:53
8320260604030001,kurume,2026-06-06,1,◎2 ○7 △1 ▲5 ×4 注6,2-7  320円(1),"2-7-6  2,480円(6)",2=6=7  960円(3),2=6  430円(6)  2=7  130円(1)  6=7  500円(8) / 2=6  430円(6)  2=7  130円(1)  6=7  500円(8),2,佐々木 堅次  福,島,31,113,S2,両,3.92,101.42,◎,6,23.8,33.3,33.3,0,3,1,11.4,差,nan,番手粘奪う,10:53
8320260604030001,kurume,2026-06-06,1,◎2 ○7 △1 ▲5 ×4 注6,2-7  320円(1),"2-7-6  2,480円(6)",2=6=7  960円(3),2=6  430円(6)  2=7  130円(1)  6=7  500円(8) / 2=6  430円(6)  2=7  130円(1)  6=7  500円(8),3,山本 巨樹  大,阪,35,100,S2,追,3.92,94.50,注,2,0.0,3.8,23.0,0,0,7,11.8,nan,６車身,番手奪われ,10:53
8320260604030001,kurume,2026-06-06,1,◎2 ○7 △1 ▲5 ×4 注6,2-7  320円(1),"2-7-6  2,480円(6)",2=6=7  960円(3),2=6  430円(6)  2=7  130円(1)  6=7  500円(8) / 2=6  430円(6)  2=7  130円(1)  6=7  500円(8),4,和田 誠寿  広,島,35,103,S2,追,3.92,93.80,nan,0,3.8,7.6,15.3,0,1,6,11.1,nan,１/２車身,単騎で後方,10:53
8320260604030001,kurume,2026-06-06,1,◎2 ○7 △1 ▲5 ×4 注6,2-7  320円(1),"2-7-6  2,480円(6)",2=6=7  960円(3),2=6  430円(6)  2=7  130円(1)  6=7  500円(8) / 2=6  430円(6)  2=7  130円(1)  6=7  500円(8),5,大野 悟郎  大,分,46,83,S2,追,3.83,95.66,▲,3,0.0,0.0,0.0,0,0,5,11.1,nan,１車身１/２,桑原動けず,10:53
8320260604030001,kurume,2026-06-06,1,◎2 ○7 △1 ▲5 ×4 注6,2-7  320円(1),"2-7-6  2,480円(6)",2=6=7  960円(3),2=6  430円(6)  2=7  130円(1)  6=7  500円(8) / 2=6  430円(6)  2=7  130円(1)  6=7  500円(8),6,南儀 拓海  富,山,27,121,S2,逃,3.92,92.67,×,1,3.2,9.6,12.9,2,1,3,11.7,nan,３/４車身,後競り逃粘,10:53
8320260604030001,kurume,2026-06-06,1,◎2 ○7 △1 ▲5 ×4 注6,2-7  320円(1),"2-7-6  2,480円(6)",2=6=7  960円(3),2=6  430円(6)  2=7  130円(1)  6=7  500円(8) / 2=6  430円(6)  2=7  130円(1)  6=7  500円(8),7,荻原 尚人  宮,城,42,89,S2,追,3.92,99.79,○,5,13.7,27.5,37.9,0,0,2,11.3,ク,３/４車輪,佐々木続く,10:53
8320260604030002,kurume,2026-06-06,2,◎5 ○3 ▲4 注7 ×1 △6,"4-2  12,900円(34)","4-2-5  72,280円(151)","2=4=5  4,780円(16)",2=4  810円(15)  2=5  390円(3)  4=5  690円(10) / 2=4  810円(15)  2=5  390円(3)  4=5  690円(10),1,舘 泰守  愛,知,50,80,S2,追,3.92,96.51,×,1,3.7,18.5,25.9,0,0,5,11.5,nan,１車輪,疋田と共倒,11:21
8320260604030002,kurume,2026-06-06,2,◎5 ○3 ▲4 注7 ×1 △6,"4-2  12,900円(34)","4-2-5  72,280円(151)","2=4=5  4,780円(16)",2=4  810円(15)  2=5  390円(3)  4=5  690円(10) / 2=4  810円(15)  2=5  390円(3)  4=5  690円(10),2,尾崎 剛  埼,玉,49,79,S2,追,3.92,96.07,△,4,7.6,7.6,19.2,0,0,2,11.6,差,１車身,捲られ抜出,11:21
8320260604030002,kurume,2026-06-06,2,◎5 ○3 ▲4 注7 ×1 △6,"4-2  12,900円(34)","4-2-5  72,280円(151)","2=4=5  4,780円(16)",2=4  810円(15)  2=5  390円(3)  4=5  690円(10) / 2=4  810円(15)  2=5  390円(3)  4=5  690円(10),3,佐川 翔吾  大,阪,42,94,S2,両,3.92,97.64,○,5,11.5,11.5,23.0,0,0,4,11.4,nan,１/８車輪,前が追込策,11:21
8320260604030002,kurume,2026-06-06,2,◎5 ○3 ▲4 注7 ×1 △6,"4-2  12,900円(34)","4-2-5  72,280円(151)","2=4=5  4,780円(16)",2=4  810円(15)  2=5  390円(3)  4=5  690円(10) / 2=4  810円(15)  2=5  390円(3)  4=5  690円(10),4,吉川 嘉斗  徳,島,33,105,S2,追,3.93,92.92,▲,3,0.0,7.6,7.6,0,0,1,11.5,捲,nan,先手追捲る,11:21
8320260604030002,kurume,2026-06-06,2,◎5 ○3 ▲4 注7 ×1 △6,"4-2  12,900円(34)","4-2-5  72,280円(151)","2=4=5  4,780円(16)",2=4  810円(15)  2=5  390円(3)  4=5  690円(10) / 2=4  810円(15)  2=5  390円(3)  4=5  690円(10),5,古賀 勝大,和歌山,35,115,S2,両,3.93,99.37,◎,6,20.8,37.5,45.8,0,6,3,11.6,nan,１/２車身,フタし捲追,11:21
8320260604030002,kurume,2026-06-06,2,◎5 ○3 ▲4 注7 ×1 △6,"4-2  12,900円(34)","4-2-5  72,280円(151)","2=4=5  4,780円(16)",2=4  810円(15)  2=5  390円(3)  4=5  690円(10) / 2=4  810円(15)  2=5  390円(3)  4=5  690円(10),6,小池 千啓  栃,木,28,119,S2,逃,3.92,92.17,nan,0,0.0,3.4,6.8,0,1,7,11.9,nan,１/２車輪,先行捲られ,11:21
8320260604030002,kurume,2026-06-06,2,◎5 ○3 ▲4 注7 ×1 △6,"4-2  12,900円(34)","4-2-5  72,280円(151)","2=4=5  4,780円(16)",2=4  810円(15)  2=5  390円(3)  4=5  690円(10) / 2=4  810円(15)  2=5  390円(3)  4=5  690円(10),7,疋田 力也  愛,知,25,119,S2,両,3.92,94.15,注,2,6.2,6.2,12.5,1,0,6,11.7,nan,１/２車輪,フタされて,11:21
8320260604030003,kurume,2026-06-06,3,×1 注5 ▲8 ○6 ◎3 △7,"3-5  9,100円(25)","3-5-2  74,660円(163)","2=3=5  3,680円(12)",2=3  760円(12)  2=5  260円(2)  3=5  810円(13) / 2=3  760円(12)  2=5  260円(2)  3=5  810円(13),1,蒔田 英彦  千,葉,43,93,S2,両,3.92,98.42,×,1,11.5,30.7,42.3,0,4,5,11.6,nan,１車輪,後方捲れず,11:49
8320260604030003,kurume,2026-06-06,3,×1 注5 ▲8 ○6 ◎3 △7,"3-5  9,100円(25)","3-5-2  74,660円(163)","2=3=5  3,680円(12)",2=3  760円(12)  2=5  260円(2)  3=5  810円(13) / 2=3  760円(12)  2=5  260円(2)  3=5  810円(13),2,松岡 健介  兵,庫,48,87,S2,両,3.92,97.71,◎,6,6.6,13.3,20.0,0,0,3,11.6,nan,１/２車身,前一杯切替,11:49
8320260604030003,kurume,2026-06-06,3,×1 注5 ▲8 ○6 ◎3 △7,"3-5  9,100円(25)","3-5-2  74,660円(163)","2=3=5  3,680円(12)",2=3  760円(12)  2=5  260円(2)  3=5  810円(13) / 2=3  760円(12)  2=5  260円(2)  3=5  810円(13),3,西田 雅志  広,島,48,82,S2,追,3.92,95.83,nan,0,0.0,11.1,27.7,0,0,1,11.8,差,nan,車間斬差す,11:49
8320260604030003,kurume,2026-06-06,3,×1 注5 ▲8 ○6 ◎3 △7,"3-5  9,100円(25)","3-5-2  74,660円(163)","2=3=5  3,680円(12)",2=3  760円(12)  2=5  260円(2)  3=5  810円(13) / 2=3  760円(12)  2=5  260円(2)  3=5  810円(13),4,那須 久幸  福,岡,53,71,S2,追,3.92,95.58,△,4,4.0,8.0,20.0,0,0,4,11.5,nan,１車輪,被りドカす,11:49
8320260604030003,kurume,2026-06-06,3,×1 注5 ▲8 ○6 ◎3 △7,"3-5  9,100円(25)","3-5-2  74,660円(163)","2=3=5  3,680円(12)",2=3  760円(12)  2=5  260円(2)  3=5  810円(13) / 2=3  760円(12)  2=5  260円(2)  3=5  810円(13),5,志村 太賀  山,梨,42,90,S2,追,3.92,100.31,注,2,8.6,21.7,39.1,0,0,2,11.4,差,１/２車身,前不発内踏,11:49
8320260604030003,kurume,2026-06-06,3,×1 注5 ▲8 ○6 ◎3 △7,"3-5  9,100円(25)","3-5-2  74,660円(163)","2=3=5  3,680円(12)",2=3  760円(12)  2=5  260円(2)  3=5  810円(13) / 2=3  760円(12)  2=5  260円(2)  3=5  810円(13),6,小玉 拓真  岡,山,36,98,S2,両,3.92,93.92,▲,3,0.0,7.6,15.3,0,0,7,12.2,nan,１/２車身,叩くも末欠,11:49
8320260604030003,kurume,2026-06-06,3,×1 注5 ▲8 ○6 ◎3 △7,"3-5  9,100円(25)","3-5-2  74,660円(163)","2=3=5  3,680円(12)",2=3  760円(12)  2=5  260円(2)  3=5  810円(13) / 2=3  760円(12)  2=5  260円(2)  3=5  810円(13),7,高田 修汰  福,井,26,115,S2,逃,3.92,96.36,○,5,4.0,20.0,20.0,5,0,6,11.9,nan,１/８車輪,叩き叩かれ,11:49
8320260604030003,kurume,2026-06-06,3,×1 注5 ▲8 ○6 ◎3 △7,"3-5  9,100円(25)","3-5-2  74,660円(163)","2=3=5  3,680円(12)",2=3  760円(12)  2=5  260円(2)  3=5  810円(13) / 2=3  760円(12)  2=5  260円(2)  3=5  810円(13),8,城 幸弘  山,梨,40,96,S2,追,3.92,95.07,nan,0,0.0,7.6,11.5,0,0,8,11.5,nan,１/２車輪,ＢＳ最後方,11:49
8320260604030004,kurume,2026-06-06,4,○1 ◎5 △4 ×9 注2 ▲3,5-1  470円(1),"5-1-9  1,490円(1)",1=5=9  680円(1),1=5  150円(1)  1=9  370円(4)  5=9  290円(2) / 1=5  150円(1)  1=9  370円(4)  5=9  290円(2),1,岸田 剛  福,井,27,121,S1,逃,3.92,105.32,○,5,32.0,44.0,48.0,4,7,2,11.7,逃,１/４車輪,叩返し逃粘,12:17
8320260604030004,kurume,2026-06-06,4,○1 ◎5 △4 ×9 注2 ▲3,5-1  470円(1),"5-1-9  1,490円(1)",1=5=9  680円(1),1=5  150円(1)  1=9  370円(4)  5=9  290円(2) / 1=5  150円(1)  1=9  370円(4)  5=9  290円(2),2,成清 貴之  千,葉,52,73,S2,追,3.92,100.93,nan,0,10.3,34.4,51.7,0,0,5,11.6,nan,３/４車身,直線伸欠く,12:17
8320260604030004,kurume,2026-06-06,4,○1 ◎5 △4 ×9 注2 ▲3,5-1  470円(1),"5-1-9  1,490円(1)",1=5=9  680円(1),1=5  150円(1)  1=9  370円(4)  5=9  290円(2) / 1=5  150円(1)  1=9  370円(4)  5=9  290円(2),3,立部 楓真  佐,賀,27,115,S2,逃,3.92,101.00,注,2,12.0,32.0,32.0,4,3,7,11.7,nan,１車身１/２,捲り阻まれ,12:17
8320260604030004,kurume,2026-06-06,4,○1 ◎5 △4 ×9 注2 ▲3,5-1  470円(1),"5-1-9  1,490円(1)",1=5=9  680円(1),1=5  150円(1)  1=9  370円(4)  5=9  290円(2) / 1=5  150円(1)  1=9  370円(4)  5=9  290円(2),4,伊東 翔貴  福,島,35,100,S2,逃,3.92,99.74,△,4,18.5,37.0,44.4,1,2,9,12.7,nan,４車身,捲り張られ,12:17
8320260604030004,kurume,2026-06-06,4,○1 ◎5 △4 ×9 注2 ▲3,5-1  470円(1),"5-1-9  1,490円(1)",1=5=9  680円(1),1=5  150円(1)  1=9  370円(4)  5=9  290円(2) / 1=5  150円(1)  1=9  370円(4)  5=9  290円(2),5,上田 国広  三,重,42,89,S1,追,3.92,110.42,◎,6,0.0,33.3,52.3,0,0,1,11.6,差,nan,捲張り鋭く,12:17
8320260604030004,kurume,2026-06-06,4,○1 ◎5 △4 ×9 注2 ▲3,5-1  470円(1),"5-1-9  1,490円(1)",1=5=9  680円(1),1=5  150円(1)  1=9  370円(4)  5=9  290円(2) / 1=5  150円(1)  1=9  370円(4)  5=9  290円(2),6,中村 昌弘  広,島,49,81,S2,追,3.93,95.66,nan,0,0.0,0.0,9.5,0,0,6,11.4,nan,１/２車身,城戸が後手,12:17
8320260604030004,kurume,2026-06-06,4,○1 ◎5 △4 ×9 注2 ▲3,5-1  470円(1),"5-1-9  1,490円(1)",1=5=9  680円(1),1=5  150円(1)  1=9  370円(4)  5=9  290円(2) / 1=5  150円(1)  1=9  370円(4)  5=9  290円(2),7,中本 匠栄  熊,本,39,97,S1,追,3.92,102.37,▲,3,11.1,11.1,22.2,0,0,8,11.8,nan,３車身,立部が不発,12:17
8320260604030004,kurume,2026-06-06,4,○1 ◎5 △4 ×9 注2 ▲3,5-1  470円(1),"5-1-9  1,490円(1)",1=5=9  680円(1),1=5  150円(1)  1=9  370円(4)  5=9  290円(2) / 1=5  150円(1)  1=9  370円(4)  5=9  290円(2),8,城戸 俊潔  岡,山,28,115,S2,逃,3.92,99.31,nan,0,27.2,36.3,50.0,5,3,4,11.4,nan,１車身１/２,後方捲れず,12:17
8320260604030004,kurume,2026-06-06,4,○1 ◎5 △4 ×9 注2 ▲3,5-1  470円(1),"5-1-9  1,490円(1)",1=5=9  680円(1),1=5  150円(1)  1=9  370円(4)  5=9  290円(2) / 1=5  150円(1)  1=9  370円(4)  5=9  290円(2),9,芦澤 辰弘  茨,城,37,95,S1,追,3.92,102.13,×,1,13.0,34.7,60.8,0,0,3,11.5,nan,１/２車身,前不発切替,12:17
8320260604030005,kurume,2026-06-06,5,◎1 ○9 △5 ×3 ▲7 注4,"7-9  2,340円(8)","7-9-5  23,600円(62)","5=7=9  4,240円(12)","5=7  1,640円(23)  5=9  440円(5)  7=9  270円(2) / 5=7  1,640円(23)  5=9  440円(5)  7=9  270円(2)",1,岩谷 拓磨  福,岡,29,115,S1,逃,3.92,106.34,◎,6,24.1,31.0,37.9,0,6,7,11.7,nan,１/２車輪,捲り張られ,12:45
8320260604030005,kurume,2026-06-06,5,◎1 ○9 △5 ×3 ▲7 注4,"7-9  2,340円(8)","7-9-5  23,600円(62)","5=7=9  4,240円(12)","5=7  1,640円(23)  5=9  440円(5)  7=9  270円(2) / 5=7  1,640円(23)  5=9  440円(5)  7=9  270円(2)",2,岩本 和也  石,川,51,76,S2,追,3.92,97.08,nan,0,4.0,16.0,24.0,0,1,4,11.5,nan,１/２車身,コースなく,12:45
8320260604030005,kurume,2026-06-06,5,◎1 ○9 △5 ×3 ▲7 注4,"7-9  2,340円(8)","7-9-5  23,600円(62)","5=7=9  4,240円(12)","5=7  1,640円(23)  5=9  440円(5)  7=9  270円(2) / 5=7  1,640円(23)  5=9  440円(5)  7=9  270円(2)",3,武田 亮  東,京,27,115,S2,逃,3.92,101.00,△,4,15.0,25.0,40.0,4,0,8,12.0,nan,１/２車身,鐘逃末欠く,12:45
8320260604030005,kurume,2026-06-06,5,◎1 ○9 △5 ×3 ▲7 注4,"7-9  2,340円(8)","7-9-5  23,600円(62)","5=7=9  4,240円(12)","5=7  1,640円(23)  5=9  440円(5)  7=9  270円(2) / 5=7  1,640円(23)  5=9  440円(5)  7=9  270円(2)",4,保科 千春  宮,城,34,100,S1,追,3.92,96.22,nan,0,0.0,10.5,26.3,0,0,5,11.7,nan,３/４車輪,３番手伸欠,12:45
8320260604030005,kurume,2026-06-06,5,◎1 ○9 △5 ×3 ▲7 注4,"7-9  2,340円(8)","7-9-5  23,600円(62)","5=7=9  4,240円(12)","5=7  1,640円(23)  5=9  440円(5)  7=9  270円(2) / 5=7  1,640円(23)  5=9  440円(5)  7=9  270円(2)",5,高木 和仁  福,岡,51,76,S2,追,3.92,98.69,nan,0,3.8,15.3,34.6,0,0,3,11.4,nan,１/２車身,吉本を巧追,12:45
8320260604030005,kurume,2026-06-06,5,◎1 ○9 △5 ×3 ▲7 注4,"7-9  2,340円(8)","7-9-5  23,600円(62)","5=7=9  4,240円(12)","5=7  1,640円(23)  5=9  440円(5)  7=9  270円(2) / 5=7  1,640円(23)  5=9  440円(5)  7=9  270円(2)",6,吉田 智哉  愛,媛,28,111,S2,逃,3.92,94.54,注,2,4.5,9.0,22.7,0,0,6,11.4,nan,１/２車輪,森本と共倒,12:45
8320260604030005,kurume,2026-06-06,5,◎1 ○9 △5 ×3 ▲7 注4,"7-9  2,340円(8)","7-9-5  23,600円(62)","5=7=9  4,240円(12)","5=7  1,640円(23)  5=9  440円(5)  7=9  270円(2) / 5=7  1,640円(23)  5=9  440円(5)  7=9  270円(2)",7,大矢 崇弘  東,京,35,107,S2,追,3.93,102.43,×,1,12.5,33.3,41.6,0,0,1,11.7,差,nan,捲止め抜出,12:45
8320260604030005,kurume,2026-06-06,5,◎1 ○9 △5 ×3 ▲7 注4,"7-9  2,340円(8)","7-9-5  23,600円(62)","5=7=9  4,240円(12)","5=7  1,640円(23)  5=9  440円(5)  7=9  270円(2) / 5=7  1,640円(23)  5=9  440円(5)  7=9  270円(2)",8,森本 桂太郎  愛,媛,27,121,S2,逃,3.92,94.68,▲,3,0.0,9.0,22.7,0,1,9,11.8,nan,２車身,被り動けず,12:45
8320260604030005,kurume,2026-06-06,5,◎1 ○9 △5 ×3 ▲7 注4,"7-9  2,340円(8)","7-9-5  23,600円(62)","5=7=9  4,240円(12)","5=7  1,640円(23)  5=9  440円(5)  7=9  270円(2) / 5=7  1,640円(23)  5=9  440円(5)  7=9  270円(2)",9,吉本 卓仁  福,岡,42,89,S1,両,3.92,103.80,○,5,30.0,40.0,40.0,0,0,2,11.4,差,１/２車輪,前不発切替,12:45
8320260604030006,kurume,2026-06-06,6,◎2 ○7 ▲9 ×1 △8 注4,7-2  790円(2),"7-2-1  9,600円(27)","1=2=7  2,300円(7)","1=2  1,020円(15)  1=7  1,140円(18)  2=7  210円(1) / 1=2  1,020円(15)  1=7  1,140円(18)  2=7  210円(1)",1,遠藤 拓巳  香,川,26,125,S2,逃,3.92,101.13,nan,0,8.6,30.4,39.1,4,3,3,11.3,nan,１/２車輪,後方捲上げ,13:13
8320260604030006,kurume,2026-06-06,6,◎2 ○7 ▲9 ×1 △8 注4,7-2  790円(2),"7-2-1  9,600円(27)","1=2=7  2,300円(7)","1=2  1,020円(15)  1=7  1,140円(18)  2=7  210円(1) / 1=2  1,020円(15)  1=7  1,140円(18)  2=7  210円(1)",2,大石 剣士  静,岡,30,109,S2,逃,3.92,106.86,◎,6,39.1,56.5,78.2,5,7,2,11.7,逃,３/４車輪,突張り逃粘,13:13
8320260604030006,kurume,2026-06-06,6,◎2 ○7 ▲9 ×1 △8 注4,7-2  790円(2),"7-2-1  9,600円(27)","1=2=7  2,300円(7)","1=2  1,020円(15)  1=7  1,140円(18)  2=7  210円(1) / 1=2  1,020円(15)  1=7  1,140円(18)  2=7  210円(1)",3,渡辺 十夢  福,井,45,85,S2,追,3.93,103.56,注,2,4.0,36.0,52.0,0,0,6,11.4,nan,１/２車身,早々と前捨,13:13
8320260604030006,kurume,2026-06-06,6,◎2 ○7 ▲9 ×1 △8 注4,7-2  790円(2),"7-2-1  9,600円(27)","1=2=7  2,300円(7)","1=2  1,020円(15)  1=7  1,140円(18)  2=7  210円(1) / 1=2  1,020円(15)  1=7  1,140円(18)  2=7  210円(1)",4,佐々木 翔一  佐,賀,39,93,S2,両,3.92,100.00,△,4,15.0,15.0,30.0,0,0,7,11.2,nan,１/２車身,ＢＳ最後方,13:13
8320260604030006,kurume,2026-06-06,6,◎2 ○7 ▲9 ×1 △8 注4,7-2  790円(2),"7-2-1  9,600円(27)","1=2=7  2,300円(7)","1=2  1,020円(15)  1=7  1,140円(18)  2=7  210円(1) / 1=2  1,020円(15)  1=7  1,140円(18)  2=7  210円(1)",5,原田 翔真,和歌山,25,121,S2,逃,3.92,100.90,nan,0,10.0,35.0,50.0,3,0,9,11.4,nan,２車身,叩ず捨られ,13:13
8320260604030006,kurume,2026-06-06,6,◎2 ○7 ▲9 ×1 △8 注4,7-2  790円(2),"7-2-1  9,600円(27)","1=2=7  2,300円(7)","1=2  1,020円(15)  1=7  1,140円(18)  2=7  210円(1) / 1=2  1,020円(15)  1=7  1,140円(18)  2=7  210円(1)",6,上吹越 直樹,鹿児島,44,86,S2,両,3.92,97.79,nan,0,0.0,16.0,36.0,0,1,8,11.4,nan,１/２車輪,コースなく,13:13
8320260604030006,kurume,2026-06-06,6,◎2 ○7 ▲9 ×1 △8 注4,7-2  790円(2),"7-2-1  9,600円(27)","1=2=7  2,300円(7)","1=2  1,020円(15)  1=7  1,140円(18)  2=7  210円(1) / 1=2  1,020円(15)  1=7  1,140円(18)  2=7  210円(1)",7,桑名 僚也  埼,玉,28,119,S2,追,3.92,105.95,○,5,22.7,40.9,50.0,0,0,1,11.5,差,nan,牽制し抜出,13:13
8320260604030006,kurume,2026-06-06,6,◎2 ○7 ▲9 ×1 △8 注4,7-2  790円(2),"7-2-1  9,600円(27)","1=2=7  2,300円(7)","1=2  1,020円(15)  1=7  1,140円(18)  2=7  210円(1) / 1=2  1,020円(15)  1=7  1,140円(18)  2=7  210円(1)",8,竹内 翼  広,島,35,109,S2,逃,3.92,99.28,×,1,28.5,33.3,33.3,3,3,5,11.2,nan,１/４車輪,前だけ届く,13:13
8320260604030006,kurume,2026-06-06,6,◎2 ○7 ▲9 ×1 △8 注4,7-2  790円(2),"7-2-1  9,600円(27)","1=2=7  2,300円(7)","1=2  1,020円(15)  1=7  1,140円(18)  2=7  210円(1) / 1=2  1,020円(15)  1=7  1,140円(18)  2=7  210円(1)",9,松永 将  茨,城,45,89,S2,追,3.92,100.93,▲,3,6.6,16.6,40.0,0,0,4,11.5,nan,３/４車輪,前ワンツー,13:13
8320260604030007,kurume,2026-06-06,7,◎1 ○5 ▲9 △8 ×2 注3,"5-7  5,060円(20)","5-7-2  37,890円(98)","2=5=7  5,860円(20)","2=5  590円(7)  2=7  1,290円(15)  5=7  670円(8) / 2=5  590円(7)  2=7  1,290円(15)  5=7  670円(8)",1,河端 朋之  岡,山,41,95,S1,逃,3.93,110.58,◎,6,26.4,41.1,55.8,1,7,6,12.1,nan,３/４車身,先行垂れて,13:41
8320260604030007,kurume,2026-06-06,7,◎1 ○5 ▲9 △8 ×2 注3,"5-7  5,060円(20)","5-7-2  37,890円(98)","2=5=7  5,860円(20)","2=5  590円(7)  2=7  1,290円(15)  5=7  670円(8) / 2=5  590円(7)  2=7  1,290円(15)  5=7  670円(8)",2,小原 丈一郎  青,森,27,115,S2,両,3.92,101.04,△,4,26.0,30.4,34.7,0,0,3,11.4,nan,１/２車輪,前一杯自ら,13:41
8320260604030007,kurume,2026-06-06,7,◎1 ○5 ▲9 △8 ×2 注3,"5-7  5,060円(20)","5-7-2  37,890円(98)","2=5=7  5,860円(20)","2=5  590円(7)  2=7  1,290円(15)  5=7  670円(8) / 2=5  590円(7)  2=7  1,290円(15)  5=7  670円(8)",3,佐藤 壮志  熊,本,22,123,S2,逃,3.92,103.48,nan,0,14.8,33.3,51.8,3,4,5,11.0,nan,１/４車輪,後方捲れず,13:41
8320260604030007,kurume,2026-06-06,7,◎1 ○5 ▲9 △8 ×2 注3,"5-7  5,060円(20)","5-7-2  37,890円(98)","2=5=7  5,860円(20)","2=5  590円(7)  2=7  1,290円(15)  5=7  670円(8) / 2=5  590円(7)  2=7  1,290円(15)  5=7  670円(8)",4,平原 啓多  埼,玉,41,97,S2,追,3.92,96.09,注,2,0.0,6.0,24.2,0,0,8,11.2,nan,１/２車輪,前が追込策,13:41
8320260604030007,kurume,2026-06-06,7,◎1 ○5 ▲9 △8 ×2 注3,"5-7  5,060円(20)","5-7-2  37,890円(98)","2=5=7  5,860円(20)","2=5  590円(7)  2=7  1,290円(15)  5=7  670円(8) / 2=5  590円(7)  2=7  1,290円(15)  5=7  670円(8)",5,柏野 智典  岡,山,47,88,S1,追,3.92,109.16,○,5,14.8,25.9,51.8,0,0,1,11.8,差,nan,前失速抜出,13:41
8320260604030007,kurume,2026-06-06,7,◎1 ○5 ▲9 △8 ×2 注3,"5-7  5,060円(20)","5-7-2  37,890円(98)","2=5=7  5,860円(20)","2=5  590円(7)  2=7  1,290円(15)  5=7  670円(8) / 2=5  590円(7)  2=7  1,290円(15)  5=7  670円(8)",6,堀川 敬太郎  福,岡,24,123,S2,逃,3.92,93.58,nan,0,3.4,6.8,20.6,0,0,7,11.0,nan,１/４車輪,佐藤が後手,13:41
8320260604030007,kurume,2026-06-06,7,◎1 ○5 ▲9 △8 ×2 注3,"5-7  5,060円(20)","5-7-2  37,890円(98)","2=5=7  5,860円(20)","2=5  590円(7)  2=7  1,290円(15)  5=7  670円(8) / 2=5  590円(7)  2=7  1,290円(15)  5=7  670円(8)",7,小畑 勝広  茨,城,27,115,S2,逃,3.92,103.00,×,1,16.6,26.6,46.6,3,1,2,11.2,差,１/２車身,捲追い外伸,13:41
8320260604030007,kurume,2026-06-06,7,◎1 ○5 ▲9 △8 ×2 注3,"5-7  5,060円(20)","5-7-2  37,890円(98)","2=5=7  5,860円(20)","2=5  590円(7)  2=7  1,290円(15)  5=7  670円(8) / 2=5  590円(7)  2=7  1,290円(15)  5=7  670円(8)",8,菅野 航基  宮,城,25,119,S2,逃,3.92,95.16,▲,3,8.0,20.0,28.0,3,0,9,11.6,nan,１車身１/２,叩かれ一杯,13:41
8320260604030007,kurume,2026-06-06,7,◎1 ○5 ▲9 △8 ×2 注3,"5-7  5,060円(20)","5-7-2  37,890円(98)","2=5=7  5,860円(20)","2=5  590円(7)  2=7  1,290円(15)  5=7  670円(8) / 2=5  590円(7)  2=7  1,290円(15)  5=7  670円(8)",9,友定 祐己  岡,山,47,82,S2,追,3.92,103.25,nan,0,0.0,30.7,61.5,0,0,4,11.8,nan,１/４車輪,先行３番手,13:41
8320260604030008,kurume,2026-06-06,8,○6 ◎2 ×8 △3 ▲4 注7,2-6  480円(1),"2-6-8  1,540円(1)",2=6=8  860円(2),2=6  180円(1)  2=8  350円(4)  6=8  840円(14) / 2=6  180円(1)  2=8  350円(4)  6=8  840円(14),1,伏見 俊昭  福,島,50,75,S1,追,3.92,105.81,注,2,13.6,18.1,31.8,0,1,5,11.1,nan,タイヤ差,嵯峨仕掛ず,14:11
8320260604030008,kurume,2026-06-06,8,○6 ◎2 ×8 △3 ▲4 注7,2-6  480円(1),"2-6-8  1,540円(1)",2=6=8  860円(2),2=6  180円(1)  2=8  350円(4)  6=8  840円(14) / 2=6  180円(1)  2=8  350円(4)  6=8  840円(14),2,岩津 裕介  岡,山,44,87,S1,追,3.92,109.42,◎,6,14.8,25.9,44.4,0,0,1,11.4,差,nan,牽制し差す,14:11
8320260604030008,kurume,2026-06-06,8,○6 ◎2 ×8 △3 ▲4 注7,2-6  480円(1),"2-6-8  1,540円(1)",2=6=8  860円(2),2=6  180円(1)  2=8  350円(4)  6=8  840円(14) / 2=6  180円(1)  2=8  350円(4)  6=8  840円(14),3,東矢 圭吾  熊,本,27,121,S1,逃,3.92,107.86,×,1,13.6,36.3,50.0,4,4,7,11.5,nan,１/４車輪,捲り進まず,14:11
8320260604030008,kurume,2026-06-06,8,○6 ◎2 ×8 △3 ▲4 注7,2-6  480円(1),"2-6-8  1,540円(1)",2=6=8  860円(2),2=6  180円(1)  2=8  350円(4)  6=8  840円(14) / 2=6  180円(1)  2=8  350円(4)  6=8  840円(14),4,阪本 和也  長,崎,31,115,S2,追,3.92,100.42,△,4,10.5,31.5,57.8,0,0,6,11.4,nan,１/２車身,東矢が不発,14:11
8320260604030008,kurume,2026-06-06,8,○6 ◎2 ×8 △3 ▲4 注7,2-6  480円(1),"2-6-8  1,540円(1)",2=6=8  860円(2),2=6  180円(1)  2=8  350円(4)  6=8  840円(14) / 2=6  180円(1)  2=8  350円(4)  6=8  840円(14),5,畑段 嵐士  京,都,35,105,S2,追,3.92,100.72,nan,0,13.7,37.9,55.1,0,2,9,11.0,nan,微差,最後方では,14:11
8320260604030008,kurume,2026-06-06,8,○6 ◎2 ×8 △3 ▲4 注7,2-6  480円(1),"2-6-8  1,540円(1)",2=6=8  860円(2),2=6  180円(1)  2=8  350円(4)  6=8  840円(14) / 2=6  180円(1)  2=8  350円(4)  6=8  840円(14),6,猿樂 楓樹  岡,山,25,127,S2,逃,3.92,95.33,○,5,86.6,93.3,100.0,13,1,2,11.6,逃,１車輪,力強い逃げ,14:11
8320260604030008,kurume,2026-06-06,8,○6 ◎2 ×8 △3 ▲4 注7,2-6  480円(1),"2-6-8  1,540円(1)",2=6=8  860円(2),2=6  180円(1)  2=8  350円(4)  6=8  840円(14) / 2=6  180円(1)  2=8  350円(4)  6=8  840円(14),7,嵯峨 昇喜郎  青,森,27,113,S1,両,3.92,107.68,▲,3,20.8,45.8,45.8,4,6,4,11.3,nan,１/２車身,仕掛られず,14:11
8320260604030008,kurume,2026-06-06,8,○6 ◎2 ×8 △3 ▲4 注7,2-6  480円(1),"2-6-8  1,540円(1)",2=6=8  860円(2),2=6  180円(1)  2=8  350円(4)  6=8  840円(14) / 2=6  180円(1)  2=8  350円(4)  6=8  840円(14),8,今野 有樹  愛,媛,29,115,S2,両,3.92,98.73,nan,0,3.7,14.8,22.2,0,1,3,11.4,nan,３/４車輪,３番手３着,14:11
8320260604030008,kurume,2026-06-06,8,○6 ◎2 ×8 △3 ▲4 注7,2-6  480円(1),"2-6-8  1,540円(1)",2=6=8  860円(2),2=6  180円(1)  2=8  350円(4)  6=8  840円(14) / 2=6  180円(1)  2=8  350円(4)  6=8  840円(14),9,藤井 昭吾  滋,賀,40,99,S2,両,3.92,101.92,nan,0,7.1,28.5,46.4,2,2,8,11.1,nan,１/２車身,掬われ後方,14:11
8320260604030009,kurume,2026-06-06,9,×5 △2 注3 ◎6 ○4 ▲8,7-1  300円(1),7-1-9  440円(1),1=7=9  280円(1),1=7  120円(1)  1=9  270円(3)  7=9  230円(2) / 1=7  120円(1)  1=9  270円(3)  7=9  230円(2),1,田中 誠  福,岡,42,89,S2,追,3.92,103.90,○,5,12.5,29.1,54.1,0,0,2,11.3,ク,１/２車輪,口空き追付,14:41
8320260604030009,kurume,2026-06-06,9,×5 △2 注3 ◎6 ○4 ▲8,7-1  300円(1),7-1-9  440円(1),1=7=9  280円(1),1=7  120円(1)  1=9  270円(3)  7=9  230円(2) / 1=7  120円(1)  1=9  270円(3)  7=9  230円(2),2,香川 雄介  香,川,51,76,S1,追,3.93,105.81,△,4,22.2,27.7,38.8,0,0,5,11.2,nan,１車輪,島川が不発,14:41
8320260604030009,kurume,2026-06-06,9,×5 △2 注3 ◎6 ○4 ▲8,7-1  300円(1),7-1-9  440円(1),1=7=9  280円(1),1=7  120円(1)  1=9  270円(3)  7=9  230円(2) / 1=7  120円(1)  1=9  270円(3)  7=9  230円(2),3,川上 隆義  栃,木,25,125,S2,逃,3.92,103.00,注,2,37.5,43.7,56.2,5,2,9,11.9,nan,７車身,突張叩かれ,14:41
8320260604030009,kurume,2026-06-06,9,×5 △2 注3 ◎6 ○4 ▲8,7-1  300円(1),7-1-9  440円(1),1=7=9  280円(1),1=7  120円(1)  1=9  270円(3)  7=9  230円(2) / 1=7  120円(1)  1=9  270円(3)  7=9  230円(2),4,池田 良  広,島,40,91,S2,追,3.92,100.11,nan,0,14.8,29.6,44.4,0,0,6,11.0,nan,３/４車身,後方置かれ,14:41
8320260604030009,kurume,2026-06-06,9,×5 △2 注3 ◎6 ○4 ▲8,7-1  300円(1),7-1-9  440円(1),1=7=9  280円(1),1=7  120円(1)  1=9  270円(3)  7=9  230円(2) / 1=7  120円(1)  1=9  270円(3)  7=9  230円(2),5,島川 将貴  徳,島,31,109,S1,逃,3.92,100.11,×,1,18.5,29.6,33.3,1,2,4,11.2,nan,３/４車輪,叩ず捲れず,14:41
8320260604030009,kurume,2026-06-06,9,×5 △2 注3 ◎6 ○4 ▲8,7-1  300円(1),7-1-9  440円(1),1=7=9  280円(1),1=7  120円(1)  1=9  270円(3)  7=9  230円(2) / 1=7  120円(1)  1=9  270円(3)  7=9  230円(2),6,土屋 裕二  静,岡,50,81,S2,追,3.92,96.48,nan,0,9.6,12.9,19.3,0,0,7,11.3,nan,１/２車身,前叩れ切替,14:41
8320260604030009,kurume,2026-06-06,9,×5 △2 注3 ◎6 ○4 ▲8,7-1  300円(1),7-1-9  440円(1),1=7=9  280円(1),1=7  120円(1)  1=9  270円(3)  7=9  230円(2) / 1=7  120円(1)  1=9  270円(3)  7=9  230円(2),7,後藤 大輝  福,岡,25,121,S1,逃,3.92,107.63,◎,6,27.2,40.9,54.5,7,2,1,11.4,逃,nan,カカリ良く,14:41
8320260604030009,kurume,2026-06-06,9,×5 △2 注3 ◎6 ○4 ▲8,7-1  300円(1),7-1-9  440円(1),1=7=9  280円(1),1=7  120円(1)  1=9  270円(3)  7=9  230円(2) / 1=7  120円(1)  1=9  270円(3)  7=9  230円(2),8,野崎 将史  岡,山,39,109,S2,両,3.92,96.64,nan,0,0.0,0.0,20.0,0,0,8,10.9,nan,１車輪,池田と共倒,14:41
8320260604030009,kurume,2026-06-06,9,×5 △2 注3 ◎6 ○4 ▲8,7-1  300円(1),7-1-9  440円(1),1=7=9  280円(1),1=7  120円(1)  1=9  270円(3)  7=9  230円(2) / 1=7  120円(1)  1=9  270円(3)  7=9  230円(2),9,森川 大輔  岐,阜,38,92,S2,追,3.92,103.16,▲,3,8.3,37.5,50.0,0,0,3,11.2,nan,１/２車身,3番手３着,14:41
8320260604030010,kurume,2026-06-06,10,▲3 注5 ◎6 ○1 △7 ×8,2-9  860円(5),"2-9-5  4,110円(13)","2=5=9  1,370円(3)",2=5  690円(9)  2=9  230円(2)  5=9  560円(6) / 2=5  690円(9)  2=9  230円(2)  5=9  560円(6),1,山崎 賢人  長,崎,33,111,S1,逃,3.93,114.00,◎,6,38.0,66.6,71.4,6,6,4,10.4,nan,１/２車輪,突張れ届ず,15:11
8320260604030010,kurume,2026-06-06,10,▲3 注5 ◎6 ○1 △7 ×8,2-9  860円(5),"2-9-5  4,110円(13)","2=5=9  1,370円(3)",2=5  690円(9)  2=9  230円(2)  5=9  560円(6) / 2=5  690円(9)  2=9  230円(2)  5=9  560円(6),2,新山 響平  青,森,32,107,S1,逃,3.92,113.64,△,4,52.0,60.0,72.0,6,8,1,11.2,逃,nan,突張り完封,15:11
8320260604030010,kurume,2026-06-06,10,▲3 注5 ◎6 ○1 △7 ×8,2-9  860円(5),"2-9-5  4,110円(13)","2=5=9  1,370円(3)",2=5  690円(9)  2=9  230円(2)  5=9  560円(6) / 2=5  690円(9)  2=9  230円(2)  5=9  560円(6),3,谷口 遼平  三,重,32,103,S1,逃,3.92,108.55,▲,3,40.7,51.8,59.2,4,4,6,10.8,nan,１/８車輪,中団捲れず,15:11
8320260604030010,kurume,2026-06-06,10,▲3 注5 ◎6 ○1 △7 ×8,2-9  860円(5),"2-9-5  4,110円(13)","2=5=9  1,370円(3)",2=5  690円(9)  2=9  230円(2)  5=9  560円(6) / 2=5  690円(9)  2=9  230円(2)  5=9  560円(6),4,菊地 圭尚,北海道,46,89,S2,追,3.92,103.55,nan,0,0.0,33.3,44.4,0,0,5,11.0,nan,微差,３番手踏負,15:11
8320260604030010,kurume,2026-06-06,10,▲3 注5 ◎6 ○1 △7 ×8,2-9  860円(5),"2-9-5  4,110円(13)","2=5=9  1,370円(3)",2=5  690円(9)  2=9  230円(2)  5=9  560円(6) / 2=5  690円(9)  2=9  230円(2)  5=9  560円(6),5,村田 雅一  兵,庫,41,90,S1,追,3.92,110.86,注,2,17.3,43.4,52.1,0,0,3,10.7,nan,３/４車身,勢貰い中割,15:11
8320260604030010,kurume,2026-06-06,10,▲3 注5 ◎6 ○1 △7 ×8,2-9  860円(5),"2-9-5  4,110円(13)","2=5=9  1,370円(3)",2=5  690円(9)  2=9  230円(2)  5=9  560円(6) / 2=5  690円(9)  2=9  230円(2)  5=9  560円(6),6,染谷 幸喜  千,葉,37,111,S2,逃,3.92,98.21,nan,0,13.0,30.4,39.1,3,3,8,11.1,nan,１/２車身,先手追うも,15:11
8320260604030010,kurume,2026-06-06,10,▲3 注5 ◎6 ○1 △7 ×8,2-9  860円(5),"2-9-5  4,110円(13)","2=5=9  1,370円(3)",2=5  690円(9)  2=9  230円(2)  5=9  560円(6) / 2=5  690円(9)  2=9  230円(2)  5=9  560円(6),7,坂本 健太郎  福,岡,45,86,S1,両,3.92,104.82,○,5,13.7,27.5,44.8,0,0,7,10.4,nan,１車身,山崎と共倒,15:11
8320260604030010,kurume,2026-06-06,10,▲3 注5 ◎6 ○1 △7 ×8,2-9  860円(5),"2-9-5  4,110円(13)","2=5=9  1,370円(3)",2=5  690円(9)  2=9  230円(2)  5=9  560円(6) / 2=5  690円(9)  2=9  230円(2)  5=9  560円(6),8,松岡 孔明  熊,本,44,91,S2,両,3.92,98.25,nan,0,7.1,21.4,39.2,0,0,9,11.8,nan,大差,追走苦しく,15:11
8320260604030010,kurume,2026-06-06,10,▲3 注5 ◎6 ○1 △7 ×8,2-9  860円(5),"2-9-5  4,110円(13)","2=5=9  1,370円(3)",2=5  690円(9)  2=9  230円(2)  5=9  560円(6) / 2=5  690円(9)  2=9  230円(2)  5=9  560円(6),9,阿部 拓真  宮,城,35,107,SS,両,3.92,113.57,×,1,4.5,22.7,36.3,0,0,2,11.0,ク,１/８車輪,新山に迫る,15:11
8320260604030011,kurume,2026-06-06,11,注5 ×1 ▲4 ○3 ◎8 △6,9-2  960円(3),"9-2-3  8,330円(26)","2=3=9  1,880円(5)","2=3  570円(8)  2=9  140円(1)  3=9  1,060円(16) / 2=3  570円(8)  2=9  140円(1)  3=9  1,060円(16)",1,鈴木 玄人  東,京,30,117,S1,両,3.93,115.10,×,1,30.0,30.0,60.0,0,0,4,11.5,nan,１車身,嘉永行かれ,15:43
8320260604030011,kurume,2026-06-06,11,注5 ×1 ▲4 ○3 ◎8 △6,9-2  960円(3),"9-2-3  8,330円(26)","2=3=9  1,880円(5)","2=3  570円(8)  2=9  140円(1)  3=9  1,060円(16) / 2=3  570円(8)  2=9  140円(1)  3=9  1,060円(16)",2,嘉永 泰斗  熊,本,28,113,SS,逃,3.92,115.61,◎,6,31.8,45.4,54.5,0,10,2,11.2,捲,３/４車輪,前叩れ自ら,15:43
8320260604030011,kurume,2026-06-06,11,注5 ×1 ▲4 ○3 ◎8 △6,9-2  960円(3),"9-2-3  8,330円(26)","2=3=9  1,880円(5)","2=3  570円(8)  2=9  140円(1)  3=9  1,060円(16) / 2=3  570円(8)  2=9  140円(1)  3=9  1,060円(16)",3,小堀 敢太,北海道,25,125,S2,逃,3.92,107.25,▲,3,41.1,52.9,70.5,6,3,3,11.1,nan,２車身,捲追い流込,15:43
8320260604030011,kurume,2026-06-06,11,注5 ×1 ▲4 ○3 ◎8 △6,9-2  960円(3),"9-2-3  8,330円(26)","2=3=9  1,880円(5)","2=3  570円(8)  2=9  140円(1)  3=9  1,060円(16) / 2=3  570円(8)  2=9  140円(1)  3=9  1,060円(16)",4,松坂 洋平,神奈川,43,89,S1,両,3.92,106.25,nan,0,4.1,25.0,45.8,0,0,8,11.4,nan,５車身,連結外して,15:43
8320260604030011,kurume,2026-06-06,11,注5 ×1 ▲4 ○3 ◎8 △6,9-2  960円(3),"9-2-3  8,330円(26)","2=3=9  1,880円(5)","2=3  570円(8)  2=9  140円(1)  3=9  1,060円(16) / 2=3  570円(8)  2=9  140円(1)  3=9  1,060円(16)",5,菊池 岳仁  長,野,25,117,S1,逃,3.92,109.77,注,2,15.7,42.1,52.6,7,1,7,11.9,nan,３/４車身,叩き捲られ,15:43
8320260604030011,kurume,2026-06-06,11,注5 ×1 ▲4 ○3 ◎8 △6,9-2  960円(3),"9-2-3  8,330円(26)","2=3=9  1,880円(5)","2=3  570円(8)  2=9  140円(1)  3=9  1,060円(16) / 2=3  570円(8)  2=9  140円(1)  3=9  1,060円(16)",6,箱田 優樹  青,森,35,98,S2,追,3.92,103.23,nan,0,9.0,18.1,40.9,0,0,6,11.0,nan,１車輪,展開向かず,15:43
8320260604030011,kurume,2026-06-06,11,注5 ×1 ▲4 ○3 ◎8 △6,9-2  960円(3),"9-2-3  8,330円(26)","2=3=9  1,880円(5)","2=3  570円(8)  2=9  140円(1)  3=9  1,060円(16) / 2=3  570円(8)  2=9  140円(1)  3=9  1,060円(16)",7,阿部 英斗  福,岡,22,125,S2,逃,3.92,108.75,○,5,33.3,62.5,70.8,1,12,9,12.5,nan,７車身,叩き叩かれ,15:43
8320260604030011,kurume,2026-06-06,11,注5 ×1 ▲4 ○3 ◎8 △6,9-2  960円(3),"9-2-3  8,330円(26)","2=3=9  1,880円(5)","2=3  570円(8)  2=9  140円(1)  3=9  1,060円(16) / 2=3  570円(8)  2=9  140円(1)  3=9  1,060円(16)",8,須永 優太  福,島,37,94,S1,追,3.92,105.60,nan,0,21.7,39.1,47.8,0,0,5,11.2,nan,１/２車身,小堀追込策,15:43
8320260604030011,kurume,2026-06-06,11,注5 ×1 ▲4 ○3 ◎8 △6,9-2  960円(3),"9-2-3  8,330円(26)","2=3=9  1,880円(5)","2=3  570円(8)  2=9  140円(1)  3=9  1,060円(16) / 2=3  570円(8)  2=9  140円(1)  3=9  1,060円(16)",9,山田 庸平  佐,賀,38,94,S1,両,3.93,113.78,△,4,40.0,50.0,60.0,0,5,1,11.0,差,nan,嘉永を差す,15:43
8320260604030012,kurume,2026-06-06,12,◎8 ○1 ×5 ▲2 注7 △4,2-1  560円(2),"2-1-9  5,420円(14)","1=2=9  2,270円(8)",1=2  190円(2)  1=9  590円(7)  2=9  760円(11) / 1=2  190円(2)  1=9  590円(7)  2=9  760円(11),1,郡司 浩平,神奈川,35,99,SS,両,3.92,117.16,◎,6,23.0,46.1,61.5,0,3,2,11.5,差,１/４車輪,前叩れ切替,16:20
8320260604030012,kurume,2026-06-06,12,◎8 ○1 ×5 ▲2 注7 △4,2-1  560円(2),"2-1-9  5,420円(14)","1=2=9  2,270円(8)",1=2  190円(2)  1=9  590円(7)  2=9  760円(11) / 1=2  190円(2)  1=9  590円(7)  2=9  760円(11),2,犬伏 湧也  徳,島,30,119,S1,逃,3.92,113.76,×,1,50.0,61.5,65.3,6,10,1,11.7,逃,nan,カマシ一気,16:20
8320260604030012,kurume,2026-06-06,12,◎8 ○1 ×5 ▲2 注7 △4,2-1  560円(2),"2-1-9  5,420円(14)","1=2=9  2,270円(8)",1=2  190円(2)  1=9  590円(7)  2=9  760円(11) / 1=2  190円(2)  1=9  590円(7)  2=9  760円(11),3,北津留 翼  福,岡,41,90,S1,逃,3.93,108.13,△,4,13.3,33.3,40.0,0,1,6,11.0,nan,３/４車身,伊藤が後手,16:20
8320260604030012,kurume,2026-06-06,12,◎8 ○1 ×5 ▲2 注7 △4,2-1  560円(2),"2-1-9  5,420円(14)","1=2=9  2,270円(8)",1=2  190円(2)  1=9  590円(7)  2=9  760円(11) / 1=2  190円(2)  1=9  590円(7)  2=9  760円(11),4,伊藤 颯馬  沖,縄,27,115,S1,逃,3.92,104.62,注,2,11.1,25.9,51.8,2,4,4,11.1,nan,１/２車身,捌くも後方,16:20
8320260604030012,kurume,2026-06-06,12,◎8 ○1 ×5 ▲2 注7 △4,2-1  560円(2),"2-1-9  5,420円(14)","1=2=9  2,270円(8)",1=2  190円(2)  1=9  590円(7)  2=9  760円(11) / 1=2  190円(2)  1=9  590円(7)  2=9  760円(11),5,松谷 秀幸,神奈川,43,96,S1,追,3.93,111.95,○,5,25.0,35.0,40.0,0,0,7,11.5,nan,１/２車輪,追走口空き,16:20
8320260604030012,kurume,2026-06-06,12,◎8 ○1 ×5 ▲2 注7 △4,2-1  560円(2),"2-1-9  5,420円(14)","1=2=9  2,270円(8)",1=2  190円(2)  1=9  590円(7)  2=9  760円(11) / 1=2  190円(2)  1=9  590円(7)  2=9  760円(11),6,貴志 修己,和歌山,30,117,S2,逃,3.92,102.04,nan,0,13.0,43.4,52.1,6,4,8,11.5,nan,４車身,伊藤捌かれ,16:20
8320260604030012,kurume,2026-06-06,12,◎8 ○1 ×5 ▲2 注7 △4,2-1  560円(2),"2-1-9  5,420円(14)","1=2=9  2,270円(8)",1=2  190円(2)  1=9  590円(7)  2=9  760円(11) / 1=2  190円(2)  1=9  590円(7)  2=9  760円(11),7,橋本 強  愛,媛,41,89,S1,追,3.92,107.13,▲,3,9.0,18.1,45.4,0,0,5,11.7,nan,１/２車輪,牽制し一杯,16:20
8320260604030012,kurume,2026-06-06,12,◎8 ○1 ×5 ▲2 注7 △4,2-1  560円(2),"2-1-9  5,420円(14)","1=2=9  2,270円(8)",1=2  190円(2)  1=9  590円(7)  2=9  760円(11) / 1=2  190円(2)  1=9  590円(7)  2=9  760円(11),8,菅原 大也,神奈川,35,107,S2,両,3.92,103.44,nan,0,25.9,33.3,37.0,6,3,9,nan,nan,大差,犬伏叩かれ,16:20
8320260604030012,kurume,2026-06-06,12,◎8 ○1 ×5 ▲2 注7 △4,2-1  560円(2),"2-1-9  5,420円(14)","1=2=9  2,270円(8)",1=2  190円(2)  1=9  590円(7)  2=9  760円(11) / 1=2  190円(2)  1=9  590円(7)  2=9  760円(11),9,福永 大智  大,阪,28,113,S1,逃,3.92,107.72,nan,0,22.7,40.9,63.6,0,3,3,11.1,nan,３/４車輪,直線外強襲,16:20
