race_id,venue_slug,date,race_no,lineup,ni_sha_tan,san_ren_tan,san_ren_fuku,wide,banum,player_name,pref,age,term,player_class,running_style,gear,race_score,mark,mark_num,win_rate_4m,top2_rate_4m,top3_rate_4m,nige_4m,maku_4m,rank,agari,finish_type,margin,win_lose,close_time
1120260430020001,hakodate,2026-04-30,1,◎7 ○1 ×4 注2 △3 ▲5,,,,,1,萱島 大介  大,分,46,99,A1,追,3.93,82.4,○,5,6.2,25.0,25.0,0,0,,,,,,
1120260430020001,hakodate,2026-04-30,1,◎7 ○1 ×4 注2 △3 ▲5,,,,,2,黒崎 直行  栃,木,59,57,A2,追,3.93,78.83,注,2,0.0,0.0,12.5,0,0,,,,,,
1120260430020001,hakodate,2026-04-30,1,◎7 ○1 ×4 注2 △3 ▲5,,,,,3,伊藤 大彦  徳,島,42,89,A1,追,3.92,83.36,△,4,15.3,30.7,38.4,0,0,,,,,,
1120260430020001,hakodate,2026-04-30,1,◎7 ○1 ×4 注2 △3 ▲5,,,,,4,佐藤 正吾  宮,城,43,88,A2,追,3.92,84.1,×,1,14.2,28.5,38.0,0,1,,,,,,
1120260430020001,hakodate,2026-04-30,1,◎7 ○1 ×4 注2 △3 ▲5,,,,,5,光畑 政志  岡,山,46,84,A2,追,3.92,77.86,▲,3,0.0,0.0,9.0,0,0,,,,,,
1120260430020001,hakodate,2026-04-30,1,◎7 ○1 ×4 注2 △3 ▲5,,,,,6,森川 剛,神奈川,46,89,A2,追,3.92,77.8,,0,0.0,4.7,14.2,0,0,,,,,,
1120260430020001,hakodate,2026-04-30,1,◎7 ○1 ×4 注2 △3 ▲5,,,,,7,田川 翔琉  熊,本,28,119,A1,逃,3.92,87.87,◎,6,20.8,37.5,70.8,3,4,,,,,,
1120260430020002,hakodate,2026-04-30,2,◎1 ○7 注4 △3 ×6 ▲5,,,,,1,森田 康嗣,北海道,44,89,A1,両,3.92,86.77,◎,6,18.5,40.7,55.5,1,5,,,,,,
1120260430020002,hakodate,2026-04-30,2,◎1 ○7 注4 △3 ×6 ▲5,,,,,2,河村 章憲  京,都,48,83,A2,追,3.92,82.0,▲,3,0.0,5.2,26.3,0,0,,,,,,
1120260430020002,hakodate,2026-04-30,2,◎1 ○7 注4 △3 ×6 ▲5,,,,,3,倉野 隆太郎  三,重,41,91,A2,追,3.92,81.41,,0,0.0,10.5,15.7,0,0,,,,,,
1120260430020002,hakodate,2026-04-30,2,◎1 ○7 注4 △3 ×6 ▲5,,,,,4,天沼 雅貴  埼,玉,42,96,A2,追,3.92,79.5,注,2,0.0,7.1,17.8,0,0,,,,,,
1120260430020002,hakodate,2026-04-30,2,◎1 ○7 注4 △3 ×6 ▲5,,,,,5,竹内 一暢  滋,賀,48,84,A1,追,3.92,85.04,×,1,14.2,28.5,47.6,0,1,,,,,,
1120260430020002,hakodate,2026-04-30,2,◎1 ○7 注4 △3 ×6 ▲5,,,,,6,山根 慶太  岡,山,26,123,A1,逃,3.85,0.0,△,4,0.0,0.0,0.0,0,0,,,,,,
1120260430020002,hakodate,2026-04-30,2,◎1 ○7 注4 △3 ×6 ▲5,,,,,7,金子 兼久  宮,城,48,81,A2,追,3.92,81.09,○,5,0.0,9.5,19.0,0,0,,,,,,
1120260430020003,hakodate,2026-04-30,3,×1 △5 ▲3 ○6 ◎4 注7,,,,,1,佐藤 大地  三,重,26,125,A2,逃,3.92,87.81,×,1,43.7,56.2,56.2,2,5,,,,,,
1120260430020003,hakodate,2026-04-30,3,×1 △5 ▲3 ○6 ◎4 注7,,,,,2,小野 裕次  千,葉,37,95,A1,追,3.92,88.61,注,2,23.8,42.8,61.9,0,0,,,,,,
1120260430020003,hakodate,2026-04-30,3,×1 △5 ▲3 ○6 ◎4 注7,,,,,3,西 徹  石,川,48,79,A2,追,3.92,84.72,▲,3,5.5,33.3,50.0,0,1,,,,,,
1120260430020003,hakodate,2026-04-30,3,×1 △5 ▲3 ○6 ◎4 注7,,,,,4,高本 和也,神奈川,29,121,A1,逃,3.92,91.0,○,5,19.0,38.0,57.1,0,6,,,,,,
1120260430020003,hakodate,2026-04-30,3,×1 △5 ▲3 ○6 ◎4 注7,,,,,5,松崎 貴久  富,山,51,82,A1,追,3.92,86.91,△,4,25.0,33.3,58.3,0,2,,,,,,
1120260430020003,hakodate,2026-04-30,3,×1 △5 ▲3 ○6 ◎4 注7,,,,,6,大森 光明,北海道,27,117,A2,両,3.92,81.47,,0,17.6,17.6,23.5,0,3,,,,,,
1120260430020003,hakodate,2026-04-30,3,×1 △5 ▲3 ○6 ◎4 注7,,,,,7,金野 俊秋  千,葉,42,92,A2,両,3.92,88.4,◎,6,28.5,38.0,66.6,2,3,,,,,,
1120260430020004,hakodate,2026-04-30,4,◎3 ○7 注5 ×1 △4 ▲2,,,,,1,福田 拓也  栃,木,34,100,A1,追,3.92,90.77,×,1,40.9,59.0,59.0,0,5,,,,,,
1120260430020004,hakodate,2026-04-30,4,◎3 ○7 注5 ×1 △4 ▲2,,,,,2,井上 公利  宮,城,44,93,A2,逃,3.92,84.78,▲,3,30.4,34.7,34.7,4,4,,,,,,
1120260430020004,hakodate,2026-04-30,4,◎3 ○7 注5 ×1 △4 ▲2,,,,,3,畝木 聖  岡,山,29,117,A1,逃,3.92,93.04,◎,6,33.3,57.1,71.4,3,7,,,,,,
1120260430020004,hakodate,2026-04-30,4,◎3 ○7 注5 ×1 △4 ▲2,,,,,4,平石 浩之  茨,城,48,87,A1,追,3.92,88.57,△,4,5.2,36.8,57.8,0,0,,,,,,
1120260430020004,hakodate,2026-04-30,4,◎3 ○7 注5 ×1 △4 ▲2,,,,,5,大崎 飛雄馬  愛,媛,47,88,A1,追,3.92,92.22,注,2,22.2,33.3,66.6,0,0,,,,,,
1120260430020004,hakodate,2026-04-30,4,◎3 ○7 注5 ×1 △4 ▲2,,,,,6,平山 優太  福,島,26,119,A2,両,3.92,81.05,,0,5.5,5.5,16.6,1,0,,,,,,
1120260430020004,hakodate,2026-04-30,4,◎3 ○7 注5 ×1 △4 ▲2,,,,,7,田中 和磨  岡,山,29,113,A2,逃,3.93,91.59,○,5,34.7,47.8,82.6,3,6,,,,,,
1120260430020005,hakodate,2026-04-30,5,◎4 ○1 ▲6 注2 ×5 △3,,,,,1,谷津田 将吾  福,島,46,83,A1,追,3.92,90.06,○,5,13.3,46.6,60.0,0,0,,,,,,
1120260430020005,hakodate,2026-04-30,5,◎4 ○1 ▲6 注2 ×5 △3,,,,,2,川野 深  福,岡,28,119,A2,逃,3.92,88.33,,0,23.8,47.6,61.9,4,4,,,,,,
1120260430020005,hakodate,2026-04-30,5,◎4 ○1 ▲6 注2 ×5 △3,,,,,3,山口 聖矢  岐,阜,32,115,A1,両,3.92,87.5,×,1,40.0,60.0,70.0,0,2,,,,,,
1120260430020005,hakodate,2026-04-30,5,◎4 ○1 ▲6 注2 ×5 △3,,,,,4,大高 彰馬  福,島,27,119,A1,逃,3.92,91.77,◎,6,27.7,61.1,77.7,3,7,,,,,,
1120260430020005,hakodate,2026-04-30,5,◎4 ○1 ▲6 注2 ×5 △3,,,,,5,土屋 仁  茨,城,51,84,A2,追,3.92,86.66,注,2,14.2,23.8,47.6,0,0,,,,,,
1120260430020005,hakodate,2026-04-30,5,◎4 ○1 ▲6 注2 ×5 △3,,,,,6,竹内 優也,北海道,45,89,A2,両,3.77,83.61,▲,3,4.7,28.5,47.6,1,2,,,,,,
1120260430020005,hakodate,2026-04-30,5,◎4 ○1 ▲6 注2 ×5 △3,,,,,7,伊藤 亮  埼,玉,43,92,A1,追,3.92,88.26,△,4,15.0,20.0,40.0,0,0,,,,,,
1120260430020006,hakodate,2026-04-30,6,◎1 ○3 △5 ▲6 注2 ×4,,,,,1,津村 洸次郎  福,岡,34,101,S2,両,3.93,94.18,◎,6,4.3,8.6,21.7,1,1,,,,,,
1120260430020006,hakodate,2026-04-30,6,◎1 ○3 △5 ▲6 注2 ×4,,,,,2,金澤 竜二  福,島,40,91,S2,両,3.92,91.62,注,2,0.0,3.4,3.4,0,1,,,,,,
1120260430020006,hakodate,2026-04-30,6,◎1 ○3 △5 ▲6 注2 ×4,,,,,3,桑原 亮  福,岡,41,91,S2,追,3.92,96.13,○,5,0.0,10.0,23.3,0,0,,,,,,
1120260430020006,hakodate,2026-04-30,6,◎1 ○3 △5 ▲6 注2 ×4,,,,,4,竹山 陵太  宮,城,40,91,S2,追,3.92,97.71,×,1,13.6,22.7,40.9,0,0,,,,,,
1120260430020006,hakodate,2026-04-30,6,◎1 ○3 △5 ▲6 注2 ×4,,,,,5,東矢 昇太  熊,本,39,98,S2,追,3.92,98.46,△,4,0.0,26.6,40.0,0,1,,,,,,
1120260430020006,hakodate,2026-04-30,6,◎1 ○3 △5 ▲6 注2 ×4,,,,,6,石口 慶多  兵,庫,37,103,S2,両,3.93,91.34,▲,3,0.0,0.0,0.0,0,0,,,,,,
1120260430020007,hakodate,2026-04-30,7,△4 ◎1 ○3 ▲6 ×2 注5,,,,,1,中村 弘之輔,北海道,34,109,S2,両,3.92,94.22,◎,6,4.3,4.3,34.7,0,0,,,,,,
1120260430020007,hakodate,2026-04-30,7,△4 ◎1 ○3 ▲6 ×2 注5,,,,,2,笹倉 慎也  富,山,40,91,S2,追,3.92,94.48,×,1,4.0,4.0,12.0,0,0,,,,,,
1120260430020007,hakodate,2026-04-30,7,△4 ◎1 ○3 ▲6 ×2 注5,,,,,3,古川 尚耶  栃,木,40,92,S2,追,3.92,101.46,○,5,7.6,38.4,42.3,0,0,,,,,,
1120260430020007,hakodate,2026-04-30,7,△4 ◎1 ○3 ▲6 ×2 注5,,,,,4,鈴木 涼介  福,島,28,115,S2,逃,3.92,94.54,△,4,4.3,13.0,26.0,0,2,,,,,,
1120260430020007,hakodate,2026-04-30,7,△4 ◎1 ○3 ▲6 ×2 注5,,,,,5,棚橋 勉  岡,山,45,96,S2,追,3.93,96.96,注,2,3.4,10.3,20.6,0,0,,,,,,
1120260430020007,hakodate,2026-04-30,7,△4 ◎1 ○3 ▲6 ×2 注5,,,,,6,南儀 拓海  富,山,27,121,S2,逃,3.92,91.77,▲,3,3.2,6.4,6.4,2,0,,,,,,
1120260430020008,hakodate,2026-04-30,8,△1 注4 ◎2 ▲6 ○5 ×7,,,,,1,太田 龍希  埼,玉,25,117,S2,逃,3.92,98.75,△,4,5.0,15.0,30.0,1,1,,,,,,
1120260430020008,hakodate,2026-04-30,8,△1 注4 ◎2 ▲6 ○5 ×7,,,,,2,磯島 成介  青,森,26,115,S2,逃,3.92,101.91,◎,6,8.6,39.1,47.8,3,4,,,,,,
1120260430020008,hakodate,2026-04-30,8,△1 注4 ◎2 ▲6 ○5 ×7,,,,,3,森安 崇之  香,川,48,84,S2,追,3.92,95.33,×,1,0.0,6.6,16.6,0,0,,,,,,
1120260430020008,hakodate,2026-04-30,8,△1 注4 ◎2 ▲6 ○5 ×7,,,,,4,平原 啓多  埼,玉,41,97,S2,追,3.92,95.96,注,2,0.0,4.0,24.0,0,0,,,,,,
1120260430020008,hakodate,2026-04-30,8,△1 注4 ◎2 ▲6 ○5 ×7,,,,,5,花田 将司  千,葉,39,99,S2,両,3.92,93.0,,0,0.0,0.0,10.5,0,0,,,,,,
1120260430020008,hakodate,2026-04-30,8,△1 注4 ◎2 ▲6 ○5 ×7,,,,,6,齋藤 登志信  宮,城,53,80,S2,追,3.92,92.68,▲,3,0.0,5.0,15.0,0,0,,,,,,
1120260430020008,hakodate,2026-04-30,8,△1 注4 ◎2 ▲6 ○5 ×7,,,,,7,佐伯 亮輔  岡,山,31,113,S2,逃,3.92,99.11,○,5,27.7,33.3,44.4,3,3,,,,,,
1120260430020009,hakodate,2026-04-30,9,◎7 ○3 注5 ▲1 ×6 △2,,,,,1,薦田 将伍  愛,媛,28,113,S2,逃,3.92,94.58,注,2,5.5,5.5,16.6,0,1,,,,,,
1120260430020009,hakodate,2026-04-30,9,◎7 ○3 注5 ▲1 ×6 △2,,,,,2,加賀山 淳  千,葉,42,94,S2,逃,3.92,98.0,×,1,8.3,20.8,33.3,2,1,,,,,,
1120260430020009,hakodate,2026-04-30,9,◎7 ○3 注5 ▲1 ×6 △2,,,,,3,秋本 耀太郎  栃,木,28,117,S2,逃,3.92,98.81,○,5,12.5,31.2,37.5,1,1,,,,,,
1120260430020009,hakodate,2026-04-30,9,◎7 ○3 注5 ▲1 ×6 △2,,,,,4,渡邉 晴智  静,岡,52,73,S2,追,3.92,99.6,△,4,4.3,21.7,30.4,0,0,,,,,,
1120260430020009,hakodate,2026-04-30,9,◎7 ○3 注5 ▲1 ×6 △2,,,,,5,那須 久幸  福,岡,53,71,S2,追,3.92,93.61,,0,5.2,5.2,10.5,0,0,,,,,,
1120260430020009,hakodate,2026-04-30,9,◎7 ○3 注5 ▲1 ×6 △2,,,,,6,松尾 勇吾  熊,本,27,115,S2,追,3.92,92.23,▲,3,0.0,0.0,3.8,0,0,,,,,,
1120260430020009,hakodate,2026-04-30,9,◎7 ○3 注5 ▲1 ×6 △2,,,,,7,朝倉 智仁  茨,城,26,115,S2,逃,3.92,102.38,◎,6,22.7,31.8,40.9,2,5,,,,,,
1120260430020010,hakodate,2026-04-30,10,○5 ◎2 ▲7 ×1 注3 △4,,,,,1,岩谷 拓磨  福,岡,29,115,S1,逃,3.92,104.56,×,1,20.0,30.0,43.3,0,5,,,,,,
1120260430020010,hakodate,2026-04-30,10,○5 ◎2 ▲7 ×1 注3 △4,,,,,2,佐藤 博紀  岩,手,40,96,S1,両,3.92,103.3,◎,6,20.0,40.0,45.0,1,4,,,,,,
1120260430020010,hakodate,2026-04-30,10,○5 ◎2 ▲7 ×1 注3 △4,,,,,3,栗山 和樹  岐,阜,28,125,S2,逃,3.92,102.77,注,2,26.3,31.5,36.8,1,4,,,,,,
1120260430020010,hakodate,2026-04-30,10,○5 ◎2 ▲7 ×1 注3 △4,,,,,4,尾方 祐仁  岐,阜,22,123,S2,逃,3.92,101.05,,0,20.0,30.0,40.0,2,3,,,,,,
1120260430020010,hakodate,2026-04-30,10,○5 ◎2 ▲7 ×1 注3 △4,,,,,5,木村 佑来  宮,城,24,119,S2,逃,3.92,101.6,○,5,17.3,39.1,52.1,6,3,,,,,,
1120260430020010,hakodate,2026-04-30,10,○5 ◎2 ▲7 ×1 注3 △4,,,,,6,原田 亮太  千,葉,29,115,S2,逃,3.92,100.6,△,4,13.0,34.7,43.4,6,2,,,,,,
1120260430020010,hakodate,2026-04-30,10,○5 ◎2 ▲7 ×1 注3 △4,,,,,7,箱田 優樹  青,森,35,98,S2,追,3.92,104.14,▲,3,4.5,27.2,50.0,0,0,,,,,,
1120260430020011,hakodate,2026-04-30,11,注4 ×1 ○6 ◎7 △2 ▲3,,,,,1,桑名 僚也  埼,玉,28,119,S2,追,3.92,106.71,×,1,28.5,42.8,50.0,0,0,,,,,,
1120260430020011,hakodate,2026-04-30,11,注4 ×1 ○6 ◎7 △2 ▲3,,,,,2,上野 優太  熊,本,29,113,S1,追,3.92,108.77,◎,6,22.7,50.0,59.0,0,0,,,,,,
1120260430020011,hakodate,2026-04-30,11,注4 ×1 ○6 ◎7 △2 ▲3,,,,,3,村田 祐樹  富,山,27,121,S1,逃,3.93,103.12,△,4,12.5,33.3,50.0,7,1,,,,,,
1120260430020011,hakodate,2026-04-30,11,注4 ×1 ○6 ◎7 △2 ▲3,,,,,4,山本 勝利  東,京,27,117,S2,逃,3.92,100.05,注,2,14.2,33.3,47.6,2,5,,,,,,
1120260430020011,hakodate,2026-04-30,11,注4 ×1 ○6 ◎7 △2 ▲3,,,,,5,大洞 翔平  岐,阜,34,100,S2,追,3.92,102.0,▲,3,14.2,23.8,38.0,0,1,,,,,,
1120260430020011,hakodate,2026-04-30,11,注4 ×1 ○6 ◎7 △2 ▲3,,,,,6,高塩 讓次  栃,木,42,90,S2,追,3.92,98.29,,0,0.0,11.1,33.3,0,0,,,,,,
1120260430020011,hakodate,2026-04-30,11,注4 ×1 ○6 ◎7 △2 ▲3,,,,,7,松本 秀之慎  熊,本,23,121,S2,逃,3.92,99.8,○,5,10.0,26.6,43.3,1,6,,,,,,
1120260430020012,hakodate,2026-04-30,12,▲7 注2 ○3 ◎1 ×5 △4,,,,,1,小松崎 大地  福,島,43,99,S1,両,3.92,105.8,◎,6,35.0,45.0,60.0,1,3,,,,,,
1120260430020012,hakodate,2026-04-30,12,▲7 注2 ○3 ◎1 ×5 △4,,,,,2,池野 健太  兵,庫,34,109,S1,逃,3.92,100.96,注,2,25.0,32.1,39.2,1,2,,,,,,
1120260430020012,hakodate,2026-04-30,12,▲7 注2 ○3 ◎1 ×5 △4,,,,,3,大石 剣士  静,岡,30,109,S2,逃,3.92,107.52,○,5,43.4,52.1,78.2,3,8,,,,,,
1120260430020012,hakodate,2026-04-30,12,▲7 注2 ○3 ◎1 ×5 △4,,,,,4,小川 丈太  徳,島,30,111,S1,逃,3.92,102.26,×,1,10.5,31.5,31.5,3,3,,,,,,
1120260430020012,hakodate,2026-04-30,12,▲7 注2 ○3 ◎1 ×5 △4,,,,,5,山田 敦也,北海道,42,88,S2,追,3.92,97.63,,0,4.5,13.6,31.8,0,0,,,,,,
1120260430020012,hakodate,2026-04-30,12,▲7 注2 ○3 ◎1 ×5 △4,,,,,6,守谷 陽介  岡,山,45,87,S2,両,3.92,97.0,△,4,8.5,14.2,25.7,0,0,,,,,,
1120260430020012,hakodate,2026-04-30,12,▲7 注2 ○3 ◎1 ×5 △4,,,,,7,南部 翔大  大,阪,25,125,S2,逃,3.92,102.73,▲,3,30.4,39.1,47.8,4,4,,,,,,
2320260430020001,toride,2026-04-30,1,×1 ▲5 注3 ○7 ◎2 △6,2-7  270円(1),"2-7-3  2,940円(6)",2=3=7  870円(3),2=3  530円(7)  2=7  100円(1)  3=7  760円(12) / 2=3  530円(7)  2=7  100円(1)  3=7  760円(12),1,飯塚 隼人  佐,賀,38,95,A2,両,3.92,79.95,×,1,10.0,15.0,15.0,1,2,4,11.9,,１車身１/２,,
2320260430020001,toride,2026-04-30,1,×1 ▲5 注3 ○7 ◎2 △6,2-7  270円(1),"2-7-3  2,940円(6)",2=3=7  870円(3),2=3  530円(7)  2=7  100円(1)  3=7  760円(12) / 2=3  530円(7)  2=7  100円(1)  3=7  760円(12),2,川崎 健次,神奈川,46,88,A1,追,3.92,89.14,◎,6,6.6,20.0,20.0,0,0,1,12.1,差,,,
2320260430020001,toride,2026-04-30,1,×1 ▲5 注3 ○7 ◎2 △6,2-7  270円(1),"2-7-3  2,940円(6)",2=3=7  870円(3),2=3  530円(7)  2=7  100円(1)  3=7  760円(12) / 2=3  530円(7)  2=7  100円(1)  3=7  760円(12),3,山口 茂  福,島,46,98,A2,追,3.92,80.41,注,2,0.0,0.0,7.6,0,0,3,12.0,,１/２車輪,,
2320260430020001,toride,2026-04-30,1,×1 ▲5 注3 ○7 ◎2 △6,2-7  270円(1),"2-7-3  2,940円(6)",2=3=7  870円(3),2=3  530円(7)  2=7  100円(1)  3=7  760円(12) / 2=3  530円(7)  2=7  100円(1)  3=7  760円(12),4,宗景 祐樹  栃,木,50,84,A2,追,3.92,79.83,,0,0.0,10.5,15.7,0,0,7,15.2,,大差,,
2320260430020001,toride,2026-04-30,1,×1 ▲5 注3 ○7 ◎2 △6,2-7  270円(1),"2-7-3  2,940円(6)",2=3=7  870円(3),2=3  530円(7)  2=7  100円(1)  3=7  760円(12) / 2=3  530円(7)  2=7  100円(1)  3=7  760円(12),5,小磯 知也  徳,島,52,76,A2,追,3.85,80.55,▲,3,5.0,25.0,25.0,0,0,5,11.9,,１/２車身,,
2320260430020001,toride,2026-04-30,1,×1 ▲5 注3 ○7 ◎2 △6,2-7  270円(1),"2-7-3  2,940円(6)",2=3=7  870円(3),2=3  530円(7)  2=7  100円(1)  3=7  760円(12) / 2=3  530円(7)  2=7  100円(1)  3=7  760円(12),6,西巻 秀太  新,潟,41,97,A2,追,3.92,78.22,△,4,0.0,4.5,13.6,0,0,6,12.2,,１/８車輪,,
2320260430020001,toride,2026-04-30,1,×1 ▲5 注3 ○7 ◎2 △6,2-7  270円(1),"2-7-3  2,940円(6)",2=3=7  870円(3),2=3  530円(7)  2=7  100円(1)  3=7  760円(12) / 2=3  530円(7)  2=7  100円(1)  3=7  760円(12),7,坂木田 雄介  千,葉,52,78,A2,逃,3.92,80.62,○,5,8.3,25.0,29.1,5,0,2,12.3,逃,１/２車輪,,
2320260430020002,toride,2026-04-30,2,○2 ◎5 △3 注6 ×4 ▲7,2-5  540円(2),2-5-3  990円(3),2=3=5  170円(1),2=3  160円(3)  2=5  100円(1)  3=5  130円(2) / 2=3  160円(3)  2=5  100円(1)  3=5  130円(2),1,相樂 修  千,葉,52,78,A2,両,3.92,80.94,▲,3,5.5,11.1,27.7,0,0,5,12.0,,１/８車輪,,
2320260430020002,toride,2026-04-30,2,○2 ◎5 △3 注6 ×4 ▲7,2-5  540円(2),2-5-3  990円(3),2=3=5  170円(1),2=3  160円(3)  2=5  100円(1)  3=5  130円(2) / 2=3  160円(3)  2=5  100円(1)  3=5  130円(2),2,野上 竜太  岡,山,30,115,A1,逃,3.92,82.39,○,5,14.2,28.5,32.1,8,0,1,12.5,逃,,,
2320260430020002,toride,2026-04-30,2,○2 ◎5 △3 注6 ×4 ▲7,2-5  540円(2),2-5-3  990円(3),2=3=5  170円(1),2=3  160円(3)  2=5  100円(1)  3=5  130円(2) / 2=3  160円(3)  2=5  100円(1)  3=5  130円(2),3,坂本 昌宏  青,森,41,91,A2,追,3.92,80.42,△,4,4.7,9.5,23.8,0,0,3,12.4,,１車輪,,
2320260430020002,toride,2026-04-30,2,○2 ◎5 △3 注6 ×4 ▲7,2-5  540円(2),2-5-3  990円(3),2=3=5  170円(1),2=3  160円(3)  2=5  100円(1)  3=5  130円(2) / 2=3  160円(3)  2=5  100円(1)  3=5  130円(2),4,櫻井 利之,神奈川,39,101,A2,両,3.92,79.04,注,2,0.0,4.1,20.8,1,0,6,12.5,,１車身１/２,,
2320260430020002,toride,2026-04-30,2,○2 ◎5 △3 注6 ×4 ▲7,2-5  540円(2),2-5-3  990円(3),2=3=5  170円(1),2=3  160円(3)  2=5  100円(1)  3=5  130円(2) / 2=3  160円(3)  2=5  100円(1)  3=5  130円(2),5,立花 成泰  岡,山,47,82,A1,追,3.92,87.08,◎,6,16.6,33.3,33.3,0,0,2,12.5,ク,１/４車輪,,
2320260430020002,toride,2026-04-30,2,○2 ◎5 △3 注6 ×4 ▲7,2-5  540円(2),2-5-3  990円(3),2=3=5  170円(1),2=3  160円(3)  2=5  100円(1)  3=5  130円(2) / 2=3  160円(3)  2=5  100円(1)  3=5  130円(2),6,亀井 雅斗  群,馬,50,75,A2,追,3.92,78.05,,0,0.0,0.0,0.0,0,0,4,11.9,,１車身１/２,,
2320260430020002,toride,2026-04-30,2,○2 ◎5 △3 注6 ×4 ▲7,2-5  540円(2),2-5-3  990円(3),2=3=5  170円(1),2=3  160円(3)  2=5  100円(1)  3=5  130円(2) / 2=3  160円(3)  2=5  100円(1)  3=5  130円(2),7,望月 紀男  静,岡,48,79,A2,追,3.92,84.61,×,1,9.5,19.0,42.8,0,0,失,,,,,
2320260430020003,toride,2026-04-30,3,×3 ▲6 注1 ○4 ◎5 △2,"6-7  21,230円(38)","6-7-3  120,460円(161)","3=6=7  13,530円(30)","3=6  1,240円(8)  3=7  4,170円(18)  6=7  5,370円(21) / 3=6  1,240円(8)  3=7  4,170円(18)  6=7  5,370円(21)",1,寺沼 将彦  東,京,33,111,A1,追,3.92,84.4,注,2,14.2,33.3,42.8,0,0,4,12.0,,３/４車身,,
2320260430020003,toride,2026-04-30,3,×3 ▲6 注1 ○4 ◎5 △2,"6-7  21,230円(38)","6-7-3  120,460円(161)","3=6=7  13,530円(30)","3=6  1,240円(8)  3=7  4,170円(18)  6=7  5,370円(21) / 3=6  1,240円(8)  3=7  4,170円(18)  6=7  5,370円(21)",2,田中 孝彦  静,岡,39,91,A1,追,3.92,86.12,◎,6,20.8,37.5,45.8,0,1,落,,,,,
2320260430020003,toride,2026-04-30,3,×3 ▲6 注1 ○4 ◎5 △2,"6-7  21,230円(38)","6-7-3  120,460円(161)","3=6=7  13,530円(30)","3=6  1,240円(8)  3=7  4,170円(18)  6=7  5,370円(21) / 3=6  1,240円(8)  3=7  4,170円(18)  6=7  5,370円(21)",3,菊池 翔  福,島,31,119,A1,逃,3.92,83.0,×,1,12.5,20.8,33.3,0,1,3,12.4,,１/８車輪,,
2320260430020003,toride,2026-04-30,3,×3 ▲6 注1 ○4 ◎5 △2,"6-7  21,230円(38)","6-7-3  120,460円(161)","3=6=7  13,530円(30)","3=6  1,240円(8)  3=7  4,170円(18)  6=7  5,370円(21) / 3=6  1,240円(8)  3=7  4,170円(18)  6=7  5,370円(21)",4,藤田 剣次  福,岡,48,85,A2,追,3.92,81.0,,0,8.3,20.8,33.3,0,0,6,14.4,,大差,,
2320260430020003,toride,2026-04-30,3,×3 ▲6 注1 ○4 ◎5 △2,"6-7  21,230円(38)","6-7-3  120,460円(161)","3=6=7  13,530円(30)","3=6  1,240円(8)  3=7  4,170円(18)  6=7  5,370円(21) / 3=6  1,240円(8)  3=7  4,170円(18)  6=7  5,370円(21)",5,深瀬 泰我  静,岡,33,119,A1,逃,3.92,86.47,○,5,9.5,47.6,66.6,3,4,5,12.2,,１/８車輪,,
2320260430020003,toride,2026-04-30,3,×3 ▲6 注1 ○4 ◎5 △2,"6-7  21,230円(38)","6-7-3  120,460円(161)","3=6=7  13,530円(30)","3=6  1,240円(8)  3=7  4,170円(18)  6=7  5,370円(21) / 3=6  1,240円(8)  3=7  4,170円(18)  6=7  5,370円(21)",6,須永 勝太  福,島,35,98,A2,両,3.92,80.18,▲,3,4.5,13.6,27.2,0,1,1,12.2,差,,,
2320260430020003,toride,2026-04-30,3,×3 ▲6 注1 ○4 ◎5 △2,"6-7  21,230円(38)","6-7-3  120,460円(161)","3=6=7  13,530円(30)","3=6  1,240円(8)  3=7  4,170円(18)  6=7  5,370円(21) / 3=6  1,240円(8)  3=7  4,170円(18)  6=7  5,370円(21)",7,三ッ井 武,神奈川,40,96,A1,追,3.93,83.12,△,4,18.7,25.0,43.7,0,0,2,12.0,差,１/２車身,,
2320260430020004,toride,2026-04-30,4,◎2 ○5 ▲6 注1 ×3 △4,2-5  180円(1),"2-5-7  1,270円(3)",2=5=7  500円(2),2=5  100円(1)  2=7  240円(4)  5=7  310円(5) / 2=5  100円(1)  2=7  240円(4)  5=7  310円(5),1,水本 博行  岡,山,50,78,A2,追,3.93,80.0,,0,0.0,0.0,0.0,0,0,6,11.7,,１/２車身,,
2320260430020004,toride,2026-04-30,4,◎2 ○5 ▲6 注1 ×3 △4,2-5  180円(1),"2-5-7  1,270円(3)",2=5=7  500円(2),2=5  100円(1)  2=7  240円(4)  5=7  310円(5) / 2=5  100円(1)  2=7  240円(4)  5=7  310円(5),2,土田 武志  茨,城,27,115,A1,逃,3.92,86.0,◎,6,6.6,26.6,40.0,2,0,1,12.0,逃,,,
2320260430020004,toride,2026-04-30,4,◎2 ○5 ▲6 注1 ×3 △4,2-5  180円(1),"2-5-7  1,270円(3)",2=5=7  500円(2),2=5  100円(1)  2=7  240円(4)  5=7  310円(5) / 2=5  100円(1)  2=7  240円(4)  5=7  310円(5),3,梶山 裕次郎  福,岡,45,87,A2,追,3.93,80.81,注,2,0.0,9.0,18.1,0,0,4,11.7,,１車身１/２,,
2320260430020004,toride,2026-04-30,4,◎2 ○5 ▲6 注1 ×3 △4,2-5  180円(1),"2-5-7  1,270円(3)",2=5=7  500円(2),2=5  100円(1)  2=7  240円(4)  5=7  310円(5) / 2=5  100円(1)  2=7  240円(4)  5=7  310円(5),4,伊藤 彰規,神奈川,36,96,A2,両,3.92,80.9,×,1,9.0,9.0,18.1,0,0,7,13.3,,大差,,
2320260430020004,toride,2026-04-30,4,◎2 ○5 ▲6 注1 ×3 △4,2-5  180円(1),"2-5-7  1,270円(3)",2=5=7  500円(2),2=5  100円(1)  2=7  240円(4)  5=7  310円(5) / 2=5  100円(1)  2=7  240円(4)  5=7  310円(5),5,近藤 寛央  東,京,39,97,A1,追,3.85,84.72,○,5,0.0,11.1,27.7,0,0,2,11.8,ク,１/４車輪,,
2320260430020004,toride,2026-04-30,4,◎2 ○5 ▲6 注1 ×3 △4,2-5  180円(1),"2-5-7  1,270円(3)",2=5=7  500円(2),2=5  100円(1)  2=7  240円(4)  5=7  310円(5) / 2=5  100円(1)  2=7  240円(4)  5=7  310円(5),6,渡邊 政幸  埼,玉,43,90,A2,追,3.92,79.55,▲,3,0.0,10.0,25.0,0,0,5,11.8,,３/４車身,,
2320260430020004,toride,2026-04-30,4,◎2 ○5 ▲6 注1 ×3 △4,2-5  180円(1),"2-5-7  1,270円(3)",2=5=7  500円(2),2=5  100円(1)  2=7  240円(4)  5=7  310円(5) / 2=5  100円(1)  2=7  240円(4)  5=7  310円(5),7,徳吉 広紀  福,岡,49,84,A2,追,3.92,85.04,△,4,9.5,14.2,52.3,0,0,3,11.7,,３/４車輪,,
2320260430020005,toride,2026-04-30,5,注3 ▲4 ◎7 ○1 △6 ×2,5-2  810円(3),"5-2-6  4,800円(15)","2=5=6  1,300円(6)",2=5  230円(2)  2=6  510円(7)  5=6  540円(8) / 2=5  230円(2)  2=6  510円(7)  5=6  540円(8),1,飯田 辰哉  千,葉,53,72,A1,追,3.92,90.37,○,5,20.8,33.3,50.0,0,0,4,11.9,,１車身,,
2320260430020005,toride,2026-04-30,5,注3 ▲4 ◎7 ○1 △6 ×2,5-2  810円(3),"5-2-6  4,800円(15)","2=5=6  1,300円(6)",2=5  230円(2)  2=6  510円(7)  5=6  540円(8) / 2=5  230円(2)  2=6  510円(7)  5=6  540円(8),2,中島 竜誠  山,梨,25,125,A2,逃,3.92,90.13,△,4,33.3,40.0,80.0,3,2,2,12.4,逃,１/４車輪,,
2320260430020005,toride,2026-04-30,5,注3 ▲4 ◎7 ○1 △6 ×2,5-2  810円(3),"5-2-6  4,800円(15)","2=5=6  1,300円(6)",2=5  230円(2)  2=6  510円(7)  5=6  540円(8) / 2=5  230円(2)  2=6  510円(7)  5=6  540円(8),3,利根 正明  大,分,36,97,A1,逃,3.92,87.28,注,2,28.5,33.3,42.8,1,6,7,13.4,,大差,,
2320260430020005,toride,2026-04-30,5,注3 ▲4 ◎7 ○1 △6 ×2,5-2  810円(3),"5-2-6  4,800円(15)","2=5=6  1,300円(6)",2=5  230円(2)  2=6  510円(7)  5=6  540円(8) / 2=5  230円(2)  2=6  510円(7)  5=6  540円(8),4,小原 将通  大,分,38,92,A1,追,3.92,86.78,▲,3,15.7,31.5,47.3,0,0,6,12.2,,１/４車輪,,
2320260430020005,toride,2026-04-30,5,注3 ▲4 ◎7 ○1 △6 ×2,5-2  810円(3),"5-2-6  4,800円(15)","2=5=6  1,300円(6)",2=5  230円(2)  2=6  510円(7)  5=6  540円(8) / 2=5  230円(2)  2=6  510円(7)  5=6  540円(8),5,山崎 輝夫  埼,玉,35,99,A1,追,3.92,91.0,×,1,0.0,41.6,41.6,0,1,1,12.2,差,,,
2320260430020005,toride,2026-04-30,5,注3 ▲4 ◎7 ○1 △6 ×2,5-2  810円(3),"5-2-6  4,800円(15)","2=5=6  1,300円(6)",2=5  230円(2)  2=6  510円(7)  5=6  540円(8) / 2=5  230円(2)  2=6  510円(7)  5=6  540円(8),6,谷口 幸司  高,知,32,111,A1,追,3.92,86.52,,0,11.1,38.8,55.5,0,0,3,12.2,,３/４車身,,
2320260430020005,toride,2026-04-30,5,注3 ▲4 ◎7 ○1 △6 ×2,5-2  810円(3),"5-2-6  4,800円(15)","2=5=6  1,300円(6)",2=5  230円(2)  2=6  510円(7)  5=6  540円(8) / 2=5  230円(2)  2=6  510円(7)  5=6  540円(8),7,矢口 大樹  千,葉,37,95,A1,両,3.92,90.41,◎,6,11.7,35.2,52.9,2,4,5,12.0,,１/４車輪,,
2320260430020006,toride,2026-04-30,6,×1 △3 ▲6 ◎4 ○5 注2,"5-3  1,170円(7)","5-3-7  12,050円(32)","3=5=7  4,720円(11)","3=5  220円(3)  3=7  1,130円(12)  5=7  370円(5) / 3=5  220円(3)  3=7  1,130円(12)  5=7  370円(5)",1,片桐 善也  新,潟,32,117,A1,逃,3.92,92.27,×,1,27.7,55.5,66.6,6,3,5,12.6,,１/２車輪,,
2320260430020006,toride,2026-04-30,6,×1 △3 ▲6 ◎4 ○5 注2,"5-3  1,170円(7)","5-3-7  12,050円(32)","3=5=7  4,720円(11)","3=5  220円(3)  3=7  1,130円(12)  5=7  370円(5) / 3=5  220円(3)  3=7  1,130円(12)  5=7  370円(5)",2,佐竹 和也  徳,島,46,83,A1,追,3.92,90.25,○,5,6.2,37.5,43.7,0,0,4,12.3,,１/２車身,,
2320260430020006,toride,2026-04-30,6,×1 △3 ▲6 ◎4 ○5 注2,"5-3  1,170円(7)","5-3-7  12,050円(32)","3=5=7  4,720円(11)","3=5  220円(3)  3=7  1,130円(12)  5=7  370円(5) / 3=5  220円(3)  3=7  1,130円(12)  5=7  370円(5)",3,星野 辰也  栃,木,40,95,A1,追,3.92,87.52,△,4,14.2,33.3,52.3,0,1,2,12.3,差,１/２車輪,,
2320260430020006,toride,2026-04-30,6,×1 △3 ▲6 ◎4 ○5 注2,"5-3  1,170円(7)","5-3-7  12,050円(32)","3=5=7  4,720円(11)","3=5  220円(3)  3=7  1,130円(12)  5=7  370円(5) / 3=5  220円(3)  3=7  1,130円(12)  5=7  370円(5)",4,長野 和弘  福,岡,49,82,A2,追,3.92,83.09,▲,3,4.5,13.6,40.9,0,0,6,12.1,,１/２車身,,
2320260430020006,toride,2026-04-30,6,×1 △3 ▲6 ◎4 ○5 注2,"5-3  1,170円(7)","5-3-7  12,050円(32)","3=5=7  4,720円(11)","3=5  220円(3)  3=7  1,130円(12)  5=7  370円(5) / 3=5  220円(3)  3=7  1,130円(12)  5=7  370円(5)",5,諸隈 健太郎  高,知,25,127,A2,逃,3.92,90.3,◎,6,40.0,65.0,70.0,13,0,1,12.3,捲,,,
2320260430020006,toride,2026-04-30,6,×1 △3 ▲6 ◎4 ○5 注2,"5-3  1,170円(7)","5-3-7  12,050円(32)","3=5=7  4,720円(11)","3=5  220円(3)  3=7  1,130円(12)  5=7  370円(5) / 3=5  220円(3)  3=7  1,130円(12)  5=7  370円(5)",6,舘 真成  茨,城,38,98,A2,両,3.86,80.33,,0,19.0,19.0,19.0,0,2,7,12.4,,２車身,,
2320260430020006,toride,2026-04-30,6,×1 △3 ▲6 ◎4 ○5 注2,"5-3  1,170円(7)","5-3-7  12,050円(32)","3=5=7  4,720円(11)","3=5  220円(3)  3=7  1,130円(12)  5=7  370円(5) / 3=5  220円(3)  3=7  1,130円(12)  5=7  370円(5)",7,川又 裕樹,鹿児島,40,97,A1,追,3.93,85.47,注,2,14.2,19.0,47.6,0,0,3,12.0,,１/２車身,,
2320260430020007,toride,2026-04-30,7,◎5 ○3 △6 注1 ×7 ▲4,"3-1  4,980円(9)","3-1-5  5,330円(12)",1=3=5  310円(1),1=3  240円(4)  1=5  200円(3)  3=5  100円(1) / 1=3  240円(4)  1=5  200円(3)  3=5  100円(1),1,成田 直喜  青,森,50,81,A1,追,3.92,90.66,△,4,22.2,38.8,50.0,0,1,2,11.7,差,１/４車輪,,
2320260430020007,toride,2026-04-30,7,◎5 ○3 △6 注1 ×7 ▲4,"3-1  4,980円(9)","3-1-5  5,330円(12)",1=3=5  310円(1),1=3  240円(4)  1=5  200円(3)  3=5  100円(1) / 1=3  240円(4)  1=5  200円(3)  3=5  100円(1),2,小林 和彦  群,馬,49,82,A2,両,3.77,82.46,▲,3,0.0,26.6,40.0,0,0,7,12.1,,１/２車輪,,
2320260430020007,toride,2026-04-30,7,◎5 ○3 △6 注1 ×7 ▲4,"3-1  4,980円(9)","3-1-5  5,330円(12)",1=3=5  310円(1),1=3  240円(4)  1=5  200円(3)  3=5  100円(1) / 1=3  240円(4)  1=5  200円(3)  3=5  100円(1),3,神開 一輝  福,岡,32,119,A1,逃,3.92,90.05,○,5,20.0,30.0,40.0,0,1,1,11.8,差,,,
2320260430020007,toride,2026-04-30,7,◎5 ○3 △6 注1 ×7 ▲4,"3-1  4,980円(9)","3-1-5  5,330円(12)",1=3=5  310円(1),1=3  240円(4)  1=5  200円(3)  3=5  100円(1) / 1=3  240円(4)  1=5  200円(3)  3=5  100円(1),4,矢島 一弥  群,馬,40,92,A1,追,3.92,87.04,×,1,16.6,29.1,50.0,0,0,5,12.1,,１車身,,
2320260430020007,toride,2026-04-30,7,◎5 ○3 △6 注1 ×7 ▲4,"3-1  4,980円(9)","3-1-5  5,330円(12)",1=3=5  310円(1),1=3  240円(4)  1=5  200円(3)  3=5  100円(1) / 1=3  240円(4)  1=5  200円(3)  3=5  100円(1),5,山本 浩成  福,岡,27,119,A1,逃,3.92,93.76,◎,6,42.8,57.1,66.6,1,8,3,11.9,,微差,,
2320260430020007,toride,2026-04-30,7,◎5 ○3 △6 注1 ×7 ▲4,"3-1  4,980円(9)","3-1-5  5,330円(12)",1=3=5  310円(1),1=3  240円(4)  1=5  200円(3)  3=5  100円(1) / 1=3  240円(4)  1=5  200円(3)  3=5  100円(1),6,小川 巧  岡,山,59,57,A2,追,3.92,82.31,,0,4.3,30.4,34.7,0,0,6,11.8,,３/４車身,,
2320260430020007,toride,2026-04-30,7,◎5 ○3 △6 注1 ×7 ▲4,"3-1  4,980円(9)","3-1-5  5,330円(12)",1=3=5  310円(1),1=3  240円(4)  1=5  200円(3)  3=5  100円(1) / 1=3  240円(4)  1=5  200円(3)  3=5  100円(1),7,西村 剛  新,潟,26,125,A2,逃,3.92,86.56,注,2,31.2,43.7,50.0,4,3,4,12.1,,１/８車輪,,
2620260501010001,seibuen,2026-05-01,1,◎2 ○1 ▲5 ×4 △3 注6,,,,,1,石井 毅,神奈川,52,74,A3,追,3.77,74.0,○,5,8.3,45.8,62.5,0,1,,,,,,
2620260501010001,seibuen,2026-05-01,1,◎2 ○1 ▲5 ×4 △3 注6,,,,,2,國井 裕樹,神奈川,42,113,A3,逃,3.92,73.77,◎,6,22.2,55.5,66.6,5,2,,,,,,
2620260501010001,seibuen,2026-05-01,1,◎2 ○1 ▲5 ×4 △3 注6,,,,,3,加美山 隆行  宮,城,39,92,A3,追,3.92,71.5,△,4,21.0,47.3,52.6,0,0,,,,,,
2620260501010001,seibuen,2026-05-01,1,◎2 ○1 ▲5 ×4 △3 注6,,,,,4,牧田 賢也  福,島,29,111,A3,逃,3.92,71.4,×,1,13.3,20.0,40.0,0,2,,,,,,
2620260501010001,seibuen,2026-05-01,1,◎2 ○1 ▲5 ×4 △3 注6,,,,,5,田中 智也  静,岡,53,74,A3,追,3.92,69.37,▲,3,6.2,12.5,31.2,0,0,,,,,,
2620260501010001,seibuen,2026-05-01,1,◎2 ○1 ▲5 ×4 △3 注6,,,,,6,前島 恭平  長,野,37,98,A3,逃,3.92,68.36,注,2,13.6,22.7,36.3,3,2,,,,,,
2620260501010001,seibuen,2026-05-01,1,◎2 ○1 ▲5 ×4 △3 注6,,,,,7,佐野 多喜男  新,潟,47,85,A3,追,3.92,66.66,,0,11.1,27.7,33.3,0,1,,,,,,
2620260501010002,seibuen,2026-05-01,2,◎2 ○1 ▲5 ×7 △3 注4,,,,,1,薮 謙治  京,都,48,83,A3,追,3.92,73.88,○,5,20.0,50.0,60.0,0,0,,,,,,
2620260501010002,seibuen,2026-05-01,2,◎2 ○1 ▲5 ×7 △3 注4,,,,,2,林 佳宗依  富,山,24,127,A3,逃,3.92,73.23,◎,6,31.8,45.4,54.5,8,2,,,,,,
2620260501010002,seibuen,2026-05-01,2,◎2 ○1 ▲5 ×7 △3 注4,,,,,3,福森 慎太郎  千,葉,49,84,A3,逃,3.92,73.05,×,1,21.0,31.5,57.8,2,3,,,,,,
2620260501010002,seibuen,2026-05-01,2,◎2 ○1 ▲5 ×7 △3 注4,,,,,4,市川 博章  静,岡,49,80,A3,追,3.93,71.23,△,4,0.0,19.0,42.8,0,0,,,,,,
2620260501010002,seibuen,2026-05-01,2,◎2 ○1 ▲5 ×7 △3 注4,,,,,5,南 大輔  京,都,51,76,A3,追,3.92,70.88,▲,3,5.2,26.3,47.3,0,0,,,,,,
2620260501010002,seibuen,2026-05-01,2,◎2 ○1 ▲5 ×7 △3 注4,,,,,6,渡邉 正人  福,島,35,100,A3,逃,3.86,67.46,注,2,0.0,6.6,20.0,0,0,,,,,,
2620260501010002,seibuen,2026-05-01,2,◎2 ○1 ▲5 ×7 △3 注4,,,,,7,塚本 諭  福,島,49,85,A3,追,3.85,67.0,,0,9.5,14.2,19.0,1,0,,,,,,
2620260501010003,seibuen,2026-05-01,3,×3 △2 ◎1 ○5 注7 ▲4,,,,,1,楠野 史尭  埼,玉,37,105,A3,両,3.92,78.61,◎,6,42.8,90.4,100.0,8,1,,,,,,
2620260501010003,seibuen,2026-05-01,3,×3 △2 ◎1 ○5 注7 ▲4,,,,,2,竜門 孝宗  兵,庫,40,95,A3,追,3.92,72.66,△,4,9.5,14.2,57.1,0,0,,,,,,
2620260501010003,seibuen,2026-05-01,3,×3 △2 ◎1 ○5 注7 ▲4,,,,,3,武田 和也  奈,良,38,92,A3,両,3.92,71.42,×,1,28.5,47.6,52.3,4,0,,,,,,
2620260501010003,seibuen,2026-05-01,3,×3 △2 ◎1 ○5 注7 ▲4,,,,,4,高橋 海月  青,森,25,123,A3,逃,3.85,67.07,注,2,7.6,15.3,30.7,1,1,,,,,,
2620260501010003,seibuen,2026-05-01,3,×3 △2 ◎1 ○5 注7 ▲4,,,,,5,長谷川 辰徳  埼,玉,45,89,A3,追,3.86,66.19,○,5,4.7,9.5,23.8,0,0,,,,,,
2620260501010003,seibuen,2026-05-01,3,×3 △2 ◎1 ○5 注7 ▲4,,,,,6,千澤 大輔  青,森,38,95,A3,追,3.85,66.04,▲,3,12.5,20.8,20.8,0,0,,,,,,
2620260501010003,seibuen,2026-05-01,3,×3 △2 ◎1 ○5 注7 ▲4,,,,,7,井上 典善  千,葉,57,66,A3,追,3.92,65.82,,0,5.8,5.8,11.7,0,0,,,,,,
2620260501010004,seibuen,2026-05-01,4,◎1 ○2 注4 ×3 △5 ▲6,,,,,1,辻田 祥大  三,重,23,127,A3,逃,3.92,73.5,◎,6,16.6,33.3,66.6,2,0,,,,,,
2620260501010004,seibuen,2026-05-01,4,◎1 ○2 注4 ×3 △5 ▲6,,,,,2,杉山 正和  三,重,59,59,A3,追,3.85,72.06,○,5,13.3,46.6,53.3,0,0,,,,,,
2620260501010004,seibuen,2026-05-01,4,◎1 ○2 注4 ×3 △5 ▲6,,,,,3,吉松 賢二  群,馬,40,90,A3,両,3.93,70.59,×,1,8.0,40.0,60.0,7,1,,,,,,
2620260501010004,seibuen,2026-05-01,4,◎1 ○2 注4 ×3 △5 ▲6,,,,,4,服部 竜二  愛,知,54,76,A3,追,3.92,70.45,注,2,4.1,16.6,37.5,0,0,,,,,,
2620260501010004,seibuen,2026-05-01,4,◎1 ○2 注4 ×3 △5 ▲6,,,,,5,野崎 修一  栃,木,63,57,A3,追,3.92,69.41,△,4,12.5,20.8,45.8,0,0,,,,,,
2620260501010004,seibuen,2026-05-01,4,◎1 ○2 注4 ×3 △5 ▲6,,,,,6,小林 大能  千,葉,46,87,A3,追,3.79,67.81,▲,3,0.0,18.5,25.9,0,0,,,,,,
2620260501010004,seibuen,2026-05-01,4,◎1 ○2 注4 ×3 △5 ▲6,,,,,7,久保 将史,神奈川,41,95,A3,両,3.93,63.43,,0,0.0,0.0,0.0,0,0,,,,,,
2620260501010005,seibuen,2026-05-01,5,◎1 ○2 ▲6 △4 注5 ×3,,,,,1,三浦 生誠  岩,手,24,127,A3,逃,3.92,75.61,◎,6,42.8,57.1,66.6,9,3,,,,,,
2620260501010005,seibuen,2026-05-01,5,◎1 ○2 ▲6 △4 注5 ×3,,,,,2,中野 良,北海道,50,83,A3,追,3.92,74.59,○,5,7.4,48.1,70.3,0,0,,,,,,
2620260501010005,seibuen,2026-05-01,5,◎1 ○2 ▲6 △4 注5 ×3,,,,,3,堀内 昇  茨,城,37,95,A3,両,3.93,71.94,×,1,5.8,29.4,52.9,1,0,,,,,,
2620260501010005,seibuen,2026-05-01,5,◎1 ○2 ▲6 △4 注5 ×3,,,,,4,中村 賢二  愛,知,43,97,A3,追,3.92,71.3,△,4,33.3,36.6,56.6,1,1,,,,,,
2620260501010005,seibuen,2026-05-01,5,◎1 ○2 ▲6 △4 注5 ×3,,,,,5,吉野 猛  愛,知,52,74,A3,追,3.92,69.45,注,2,0.0,22.7,27.2,0,0,,,,,,
2620260501010005,seibuen,2026-05-01,5,◎1 ○2 ▲6 △4 注5 ×3,,,,,6,佐藤 裕輝  福,島,35,98,A3,逃,3.92,68.27,▲,3,9.0,18.1,27.2,0,0,,,,,,
2620260501010005,seibuen,2026-05-01,5,◎1 ○2 ▲6 △4 注5 ×3,,,,,7,笹川 竜治  新,潟,53,71,A3,追,3.92,66.83,,0,0.0,0.0,7.1,0,0,,,,,,
2620260501010006,seibuen,2026-05-01,6,◎1 ○3 △4 ▲6 ×2 注5,,,,,1,西本 健三郎  茨,城,23,127,A3,逃,3.92,77.66,◎,6,50.0,83.3,83.3,3,2,,,,,,
2620260501010006,seibuen,2026-05-01,6,◎1 ○3 △4 ▲6 ×2 注5,,,,,2,村本 慎吾  静,岡,44,94,A3,追,3.92,74.5,×,1,8.3,33.3,62.5,0,0,,,,,,
2620260501010006,seibuen,2026-05-01,6,◎1 ○3 △4 ▲6 ×2 注5,,,,,3,早坂 道義  栃,木,46,88,A3,追,3.85,72.62,○,5,12.5,16.6,54.1,0,0,,,,,,
2620260501010006,seibuen,2026-05-01,6,◎1 ○3 △4 ▲6 ×2 注5,,,,,4,羽石 国臣  栃,木,51,93,A3,追,3.92,70.13,△,4,13.6,22.7,45.4,0,0,,,,,,
2620260501010006,seibuen,2026-05-01,6,◎1 ○3 △4 ▲6 ×2 注5,,,,,5,町田 勝志  静,岡,50,76,A3,追,3.92,68.38,注,2,11.1,16.6,38.8,0,0,,,,,,
2620260501010006,seibuen,2026-05-01,6,◎1 ○3 △4 ▲6 ×2 注5,,,,,6,米倉 剛志  千,葉,43,89,A3,逃,3.85,67.3,▲,3,7.6,15.3,38.4,2,0,,,,,,
2620260501010006,seibuen,2026-05-01,6,◎1 ○3 △4 ▲6 ×2 注5,,,,,7,中川 博文  福,井,58,61,A3,追,3.93,65.47,,0,4.7,9.5,23.8,0,0,,,,,,
2620260501010007,seibuen,2026-05-01,7,◎1 ○2 注4 ×6 △3 ▲5,,,,,1,中川 飛隆  新,潟,27,127,A3,逃,3.75,77.38,◎,6,52.3,71.4,90.4,6,6,,,,,,
2620260501010007,seibuen,2026-05-01,7,◎1 ○2 注4 ×6 △3 ▲5,,,,,2,齋藤 昌弘  群,馬,44,90,A3,追,3.85,74.33,○,5,0.0,33.3,66.6,0,0,,,,,,
2620260501010007,seibuen,2026-05-01,7,◎1 ○2 注4 ×6 △3 ▲5,,,,,3,中井 修  滋,賀,56,75,A3,両,3.92,72.9,×,1,14.2,23.8,52.3,1,1,,,,,,
2620260501010007,seibuen,2026-05-01,7,◎1 ○2 注4 ×6 △3 ▲5,,,,,4,長崎 達也,神奈川,44,89,A3,両,3.93,69.5,注,2,8.3,25.0,33.3,0,0,,,,,,
2620260501010007,seibuen,2026-05-01,7,◎1 ○2 注4 ×6 △3 ▲5,,,,,5,中嶋 樹  大,阪,24,119,A3,逃,3.92,69.21,△,4,8.6,30.4,34.7,6,1,,,,,,
2620260501010007,seibuen,2026-05-01,7,◎1 ○2 注4 ×6 △3 ▲5,,,,,6,渡邊 秀明,神奈川,54,68,A3,追,3.92,67.62,,0,3.1,21.8,34.3,0,0,,,,,,
2620260501010007,seibuen,2026-05-01,7,◎1 ○2 注4 ×6 △3 ▲5,,,,,7,高野 輝彰  愛,知,50,83,A3,追,3.86,66.37,▲,3,0.0,0.0,16.6,0,0,,,,,,
3520260501010001,hiratsuka,2026-05-01,1,◎1 ○3 注9 ▲6 ×2 △4,3-1  190円(1),3-1-7  750円(2),1=3=7  390円(2),1=3  100円(1)  1=7  310円(5)  3=7  240円(3) / 1=3  100円(1)  1=7  310円(5)  3=7  240円(3),1,山崎 賢人  長,崎,33,111,S1,逃,3.93,112.63,◎,6,31.8,59.0,63.6,6,5,2,11.8,逃,１/２車輪,,
3520260501010001,hiratsuka,2026-05-01,1,◎1 ○3 注9 ▲6 ×2 △4,3-1  190円(1),3-1-7  750円(2),1=3=7  390円(2),1=3  100円(1)  1=7  310円(5)  3=7  240円(3) / 1=3  100円(1)  1=7  310円(5)  3=7  240円(3),2,久米 良  徳,島,38,96,S1,追,3.92,105.79,注,2,8.3,16.6,33.3,0,0,4,11.5,,１/４車輪,,
3520260501010001,hiratsuka,2026-05-01,1,◎1 ○3 注9 ▲6 ×2 △4,3-1  190円(1),3-1-7  750円(2),1=3=7  390円(2),1=3  100円(1)  1=7  310円(5)  3=7  240円(3) / 1=3  100円(1)  1=7  310円(5)  3=7  240円(3),3,山田 庸平  佐,賀,38,94,S1,両,3.93,113.05,○,5,38.8,44.4,61.1,0,5,1,11.7,差,,,
3520260501010001,hiratsuka,2026-05-01,1,◎1 ○3 注9 ▲6 ×2 △4,3-1  190円(1),3-1-7  750円(2),1=3=7  390円(2),1=3  100円(1)  1=7  310円(5)  3=7  240円(3) / 1=3  100円(1)  1=7  310円(5)  3=7  240円(3),4,橋本 壮史  茨,城,31,119,S2,逃,3.92,105.33,▲,3,14.2,33.3,57.1,5,2,8,11.9,,３/４車身,,
3520260501010001,hiratsuka,2026-05-01,1,◎1 ○3 注9 ▲6 ×2 △4,3-1  190円(1),3-1-7  750円(2),1=3=7  390円(2),1=3  100円(1)  1=7  310円(5)  3=7  240円(3) / 1=3  100円(1)  1=7  310円(5)  3=7  240円(3),5,椎木尾 拓哉,和歌山,40,93,S1,追,3.92,108.13,△,4,17.3,26.0,60.8,0,0,5,11.5,,３/４車輪,,
3520260501010001,hiratsuka,2026-05-01,1,◎1 ○3 注9 ▲6 ×2 △4,3-1  190円(1),3-1-7  750円(2),1=3=7  390円(2),1=3  100円(1)  1=7  310円(5)  3=7  240円(3) / 1=3  100円(1)  1=7  310円(5)  3=7  240円(3),6,島川 将貴  徳,島,31,109,S1,逃,3.92,99.25,,0,13.7,27.5,34.4,1,2,9,12.7,,大差,,
3520260501010001,hiratsuka,2026-05-01,1,◎1 ○3 注9 ▲6 ×2 △4,3-1  190円(1),3-1-7  750円(2),1=3=7  390円(2),1=3  100円(1)  1=7  310円(5)  3=7  240円(3) / 1=3  100円(1)  1=7  310円(5)  3=7  240円(3),7,吉澤 純平  茨,城,41,101,S1,両,3.92,109.65,×,1,33.3,50.0,54.1,0,2,3,11.6,,３/４車身,,
3520260501010001,hiratsuka,2026-05-01,1,◎1 ○3 注9 ▲6 ×2 △4,3-1  190円(1),3-1-7  750円(2),1=3=7  390円(2),1=3  100円(1)  1=7  310円(5)  3=7  240円(3) / 1=3  100円(1)  1=7  310円(5)  3=7  240円(3),8,小森 貴大  福,井,36,111,S1,両,3.92,105.21,,0,7.1,28.5,35.7,0,2,7,11.8,,１/２車輪,,
3520260501010001,hiratsuka,2026-05-01,1,◎1 ○3 注9 ▲6 ×2 △4,3-1  190円(1),3-1-7  750円(2),1=3=7  390円(2),1=3  100円(1)  1=7  310円(5)  3=7  240円(3) / 1=3  100円(1)  1=7  310円(5)  3=7  240円(3),9,中村 圭志  熊,本,45,86,S1,追,3.93,107.43,,0,4.3,39.1,60.8,0,0,6,11.5,,１車身,,
3520260501010002,hiratsuka,2026-05-01,2,×1 ▲9 △6 ◎2 ○4 注7,"6-7  16,640円(44)","6-7-5  91,940円(224)","5=6=7  6,440円(22)","5=6  3,260円(30)  5=7  170円(1)  6=7  1,510円(20) / 5=6  3,260円(30)  5=7  170円(1)  6=7  1,510円(20)",1,河端 朋之  岡,山,41,95,S1,逃,3.93,109.13,×,1,27.7,41.6,50.0,1,8,6,11.6,,１/２車輪,,
3520260501010002,hiratsuka,2026-05-01,2,×1 ▲9 △6 ◎2 ○4 注7,"6-7  16,640円(44)","6-7-5  91,940円(224)","5=6=7  6,440円(22)","5=6  3,260円(30)  5=7  170円(1)  6=7  1,510円(20) / 5=6  3,260円(30)  5=7  170円(1)  6=7  1,510円(20)",2,山崎 芳仁  福,島,46,88,S1,両,3.92,109.57,△,4,7.1,21.4,50.0,0,0,9,11.6,,２車身,,
3520260501010002,hiratsuka,2026-05-01,2,×1 ▲9 △6 ◎2 ○4 注7,"6-7  16,640円(44)","6-7-5  91,940円(224)","5=6=7  6,440円(22)","5=6  3,260円(30)  5=7  170円(1)  6=7  1,510円(20) / 5=6  3,260円(30)  5=7  170円(1)  6=7  1,510円(20)",3,雨谷 一樹  栃,木,36,96,S1,両,3.92,106.28,,0,4.0,32.0,36.0,0,0,4,11.5,,１/２車輪,,
3520260501010002,hiratsuka,2026-05-01,2,×1 ▲9 △6 ◎2 ○4 注7,"6-7  16,640円(44)","6-7-5  91,940円(224)","5=6=7  6,440円(22)","5=6  3,260円(30)  5=7  170円(1)  6=7  1,510円(20) / 5=6  3,260円(30)  5=7  170円(1)  6=7  1,510円(20)",4,五日市 誠  青,森,41,89,S1,追,3.92,105.36,,0,20.0,32.0,52.0,0,1,8,11.3,,３/４車身,,
3520260501010002,hiratsuka,2026-05-01,2,×1 ▲9 △6 ◎2 ○4 注7,"6-7  16,640円(44)","6-7-5  91,940円(224)","5=6=7  6,440円(22)","5=6  3,260円(30)  5=7  170円(1)  6=7  1,510円(20) / 5=6  3,260円(30)  5=7  170円(1)  6=7  1,510円(20)",5,神山 拓弥  栃,木,39,91,S1,追,3.92,108.87,○,5,28.0,32.0,44.0,0,0,3,11.6,,１/２車輪,,
3520260501010002,hiratsuka,2026-05-01,2,×1 ▲9 △6 ◎2 ○4 注7,"6-7  16,640円(44)","6-7-5  91,940円(224)","5=6=7  6,440円(22)","5=6  3,260円(30)  5=7  170円(1)  6=7  1,510円(20) / 5=6  3,260円(30)  5=7  170円(1)  6=7  1,510円(20)",6,酒井 雄多  福,島,30,109,S1,逃,3.92,0.0,,0,0.0,0.0,0.0,0,0,1,11.3,差,,,
3520260501010002,hiratsuka,2026-05-01,2,×1 ▲9 △6 ◎2 ○4 注7,"6-7  16,640円(44)","6-7-5  91,940円(224)","5=6=7  6,440円(22)","5=6  3,260円(30)  5=7  170円(1)  6=7  1,510円(20) / 5=6  3,260円(30)  5=7  170円(1)  6=7  1,510円(20)",7,坂井 洋  栃,木,31,115,S1,両,3.92,110.39,◎,6,25.0,32.1,50.0,1,4,2,11.7,逃,３/４車身,,
3520260501010002,hiratsuka,2026-05-01,2,×1 ▲9 △6 ◎2 ○4 注7,"6-7  16,640円(44)","6-7-5  91,940円(224)","5=6=7  6,440円(22)","5=6  3,260円(30)  5=7  170円(1)  6=7  1,510円(20) / 5=6  3,260円(30)  5=7  170円(1)  6=7  1,510円(20)",8,野田 源一  福,岡,47,81,S2,両,3.92,103.35,注,2,4.7,42.8,42.8,0,4,5,11.1,,１/４車輪,,
3520260501010002,hiratsuka,2026-05-01,2,×1 ▲9 △6 ◎2 ○4 注7,"6-7  16,640円(44)","6-7-5  91,940円(224)","5=6=7  6,440円(22)","5=6  3,260円(30)  5=7  170円(1)  6=7  1,510円(20) / 5=6  3,260円(30)  5=7  170円(1)  6=7  1,510円(20)",9,橋本 強  愛,媛,41,89,S1,追,3.92,108.38,▲,3,14.2,23.8,47.6,0,0,6,11.4,,１/２車輪,,
3520260501010003,hiratsuka,2026-05-01,3,×2 注7 ◎9 ○1 △5 ▲8,,,,,1,佐々木 龍,神奈川,35,109,S1,追,3.92,111.16,○,5,10.5,57.8,63.1,0,0,,,,,,
3520260501010003,hiratsuka,2026-05-01,3,×2 注7 ◎9 ○1 △5 ▲8,,,,,2,東矢 圭吾  熊,本,27,121,S1,逃,3.92,107.5,×,1,6.2,31.2,50.0,3,2,,,,,,
3520260501010003,hiratsuka,2026-05-01,3,×2 注7 ◎9 ○1 △5 ▲8,,,,,3,神田 紘輔  大,阪,39,100,S1,追,3.92,104.79,,0,8.3,16.6,37.5,0,0,,,,,,
3520260501010003,hiratsuka,2026-05-01,3,×2 注7 ◎9 ○1 △5 ▲8,,,,,4,三宅 達也  岡,山,48,79,S1,追,3.92,104.26,,0,11.5,34.6,46.1,0,1,,,,,,
3520260501010003,hiratsuka,2026-05-01,3,×2 注7 ◎9 ○1 △5 ▲8,,,,,5,嶋津 拓弥,神奈川,40,103,S1,追,3.92,108.8,,0,26.9,42.3,57.6,0,0,,,,,,
3520260501010003,hiratsuka,2026-05-01,3,×2 注7 ◎9 ○1 △5 ▲8,,,,,6,原田 研太朗  徳,島,35,98,S1,逃,3.93,103.0,▲,3,24.2,27.2,51.5,3,4,,,,,,
3520260501010003,hiratsuka,2026-05-01,3,×2 注7 ◎9 ○1 △5 ▲8,,,,,7,塚本 大樹  熊,本,37,96,S1,追,3.93,107.7,注,2,11.1,22.2,27.7,0,0,,,,,,
3520260501010003,hiratsuka,2026-05-01,3,×2 注7 ◎9 ○1 △5 ▲8,,,,,8,伊藤 信  大,阪,42,92,S2,逃,3.93,103.08,△,4,25.0,45.8,50.0,2,8,,,,,,
3520260501010003,hiratsuka,2026-05-01,3,×2 注7 ◎9 ○1 △5 ▲8,,,,,9,杉浦 侑吾  栃,木,31,115,S1,逃,3.92,111.48,◎,6,29.6,51.8,66.6,7,7,,,,,,
3520260501010004,hiratsuka,2026-05-01,4,▲9 △1 ×4 注2 ◎7 ○8,,,,,1,大槻 寛徳  宮,城,46,85,S1,追,3.92,110.18,△,4,17.6,58.8,76.4,0,1,,,,,,
3520260501010004,hiratsuka,2026-05-01,4,▲9 △1 ×4 注2 ◎7 ○8,,,,,2,北津留 翼  福,岡,41,90,S1,逃,3.93,108.76,×,1,28.5,42.8,42.8,1,3,,,,,,
3520260501010004,hiratsuka,2026-05-01,4,▲9 △1 ×4 注2 ◎7 ○8,,,,,3,志田 龍星  岐,阜,28,119,S1,逃,3.92,109.48,◎,6,12.0,48.0,60.0,6,4,,,,,,
3520260501010004,hiratsuka,2026-05-01,4,▲9 △1 ×4 注2 ◎7 ○8,,,,,4,竹内 智彦  宮,城,49,84,S1,追,3.92,104.11,,0,0.0,16.6,33.3,0,0,,,,,,
3520260501010004,hiratsuka,2026-05-01,4,▲9 △1 ×4 注2 ◎7 ○8,,,,,5,岡本 総  愛,知,38,105,S1,追,3.92,109.88,○,5,5.8,23.5,47.0,0,0,,,,,,
3520260501010004,hiratsuka,2026-05-01,4,▲9 △1 ×4 注2 ◎7 ○8,,,,,6,笠松 信幸  愛,知,46,84,S1,追,3.92,102.47,,0,5.8,11.7,29.4,0,0,,,,,,
3520260501010004,hiratsuka,2026-05-01,4,▲9 △1 ×4 注2 ◎7 ○8,,,,,7,小川 勇介  福,岡,41,90,S1,追,3.92,109.18,注,2,11.1,33.3,51.8,0,0,,,,,,
3520260501010004,hiratsuka,2026-05-01,4,▲9 △1 ×4 注2 ◎7 ○8,,,,,8,田中 勇二  岡,山,38,95,S1,追,3.92,103.59,,0,13.3,33.3,43.3,0,0,,,,,,
3520260501010004,hiratsuka,2026-05-01,4,▲9 △1 ×4 注2 ◎7 ○8,,,,,9,佐藤 一伸  福,島,38,94,S1,両,3.92,107.68,▲,3,40.0,48.0,72.0,1,8,,,,,,
3520260501010005,hiratsuka,2026-05-01,5,△1 ▲9 ×2 注7 ◎4 ○5,,,,,1,山田 諒  岐,阜,27,113,S1,両,3.86,108.05,△,4,36.8,57.8,57.8,3,3,,,,,,
3520260501010005,hiratsuka,2026-05-01,5,△1 ▲9 ×2 注7 ◎4 ○5,,,,,2,取鳥 雄吾  岡,山,31,107,S1,逃,3.92,109.23,×,1,23.8,47.6,61.9,7,1,,,,,,
3520260501010005,hiratsuka,2026-05-01,5,△1 ▲9 ×2 注7 ◎4 ○5,,,,,3,鈴木 玄人  東,京,29,117,S1,両,3.93,113.0,○,5,21.4,28.5,50.0,0,0,,,,,,
3520260501010005,hiratsuka,2026-05-01,5,△1 ▲9 ×2 注7 ◎4 ○5,,,,,4,渡部 哲男  愛,媛,46,84,S1,追,3.92,104.5,,0,25.0,41.6,54.1,0,0,,,,,,
3520260501010005,hiratsuka,2026-05-01,5,△1 ▲9 ×2 注7 ◎4 ○5,,,,,5,森田 優弥  埼,玉,27,113,S1,逃,3.92,110.13,◎,6,37.5,56.2,62.5,2,6,,,,,,
3520260501010005,hiratsuka,2026-05-01,5,△1 ▲9 ×2 注7 ◎4 ○5,,,,,6,菅原 大也,神奈川,35,107,S2,両,3.92,101.47,,0,9.5,19.0,33.3,1,3,,,,,,
3520260501010005,hiratsuka,2026-05-01,5,△1 ▲9 ×2 注7 ◎4 ○5,,,,,7,桑原 大志  山,口,50,80,S1,追,3.92,107.73,注,2,4.7,28.5,52.3,0,1,,,,,,
3520260501010005,hiratsuka,2026-05-01,5,△1 ▲9 ×2 注7 ◎4 ○5,,,,,8,山賀 雅仁  千,葉,44,87,S1,両,3.92,101.92,,0,11.1,14.8,37.0,0,1,,,,,,
3520260501010005,hiratsuka,2026-05-01,5,△1 ▲9 ×2 注7 ◎4 ○5,,,,,9,川口 公太朗  岐,阜,36,98,S1,追,3.92,106.5,▲,3,21.4,32.1,42.8,0,0,,,,,,
3520260501010006,hiratsuka,2026-05-01,6,◎2 ○7 ×8 注9 ▲5 △1,,,,,1,香川 雄介  香,川,51,76,S1,追,3.93,105.21,▲,3,21.4,28.5,35.7,0,0,,,,,,
3520260501010006,hiratsuka,2026-05-01,6,◎2 ○7 ×8 注9 ▲5 △1,,,,,2,小林 泰正  群,馬,31,113,S1,逃,3.92,110.58,◎,6,29.4,52.9,64.7,0,5,,,,,,
3520260501010006,hiratsuka,2026-05-01,6,◎2 ○7 ×8 注9 ▲5 △1,,,,,3,道場 晃規  静,岡,28,117,S1,逃,3.92,106.0,△,4,28.5,38.0,52.3,0,5,,,,,,
3520260501010006,hiratsuka,2026-05-01,6,◎2 ○7 ×8 注9 ▲5 △1,,,,,4,近藤 保  千,葉,43,95,S1,追,3.92,104.13,,0,17.3,30.4,56.5,0,0,,,,,,
3520260501010006,hiratsuka,2026-05-01,6,◎2 ○7 ×8 注9 ▲5 △1,,,,,5,大川 龍二  広,島,41,91,S1,両,3.92,108.05,注,2,9.5,28.5,52.3,0,1,,,,,,
3520260501010006,hiratsuka,2026-05-01,6,◎2 ○7 ×8 注9 ▲5 △1,,,,,6,海老根 恵太  千,葉,48,86,S2,追,3.92,102.4,,0,13.0,34.7,39.1,0,0,,,,,,
3520260501010006,hiratsuka,2026-05-01,6,◎2 ○7 ×8 注9 ▲5 △1,,,,,7,芦澤 大輔  茨,城,44,90,S1,追,3.92,109.78,○,5,20.8,45.8,54.1,0,0,,,,,,
3520260501010006,hiratsuka,2026-05-01,6,◎2 ○7 ×8 注9 ▲5 △1,,,,,8,武田 豊樹  茨,城,52,88,S2,追,3.92,102.55,,0,14.2,23.8,47.6,0,0,,,,,,
3520260501010006,hiratsuka,2026-05-01,6,◎2 ○7 ×8 注9 ▲5 △1,,,,,9,町田 太我  広,島,25,117,S1,逃,3.92,111.06,×,1,20.0,46.6,46.6,5,2,,,,,,
3520260501010007,hiratsuka,2026-05-01,7,×5 注1 ○6 ◎7 △2 ▲9,,,,,1,宿口 陽一  埼,玉,42,91,S1,両,3.92,109.9,注,2,13.6,40.9,54.5,0,0,,,,,,
3520260501010007,hiratsuka,2026-05-01,7,×5 注1 ○6 ◎7 △2 ▲9,,,,,2,和田 健太郎  千,葉,44,87,S1,追,3.93,111.33,◎,6,13.6,31.8,40.9,0,1,,,,,,
3520260501010007,hiratsuka,2026-05-01,7,×5 注1 ○6 ◎7 △2 ▲9,,,,,3,吉本 卓仁  福,岡,42,89,S1,両,3.92,105.13,▲,3,30.4,47.8,56.5,0,1,,,,,,
3520260501010007,hiratsuka,2026-05-01,7,×5 注1 ○6 ◎7 △2 ▲9,,,,,4,坂本 健太郎  福,岡,45,86,S1,両,3.93,104.82,,0,17.2,37.9,55.1,0,0,,,,,,
3520260501010007,hiratsuka,2026-05-01,7,×5 注1 ○6 ◎7 △2 ▲9,,,,,5,鈴木 竜士  東,京,32,107,S1,両,3.92,113.09,×,1,38.0,71.4,76.1,2,6,,,,,,
3520260501010007,hiratsuka,2026-05-01,7,×5 注1 ○6 ◎7 △2 ▲9,,,,,6,佐々木 雄一  福,島,46,83,S1,追,3.92,102.88,,0,24.0,28.0,52.0,0,1,,,,,,
3520260501010007,hiratsuka,2026-05-01,7,×5 注1 ○6 ◎7 △2 ▲9,,,,,7,根田 空史  千,葉,37,94,S1,逃,3.92,109.69,○,5,43.4,56.5,60.8,11,2,,,,,,
3520260501010007,hiratsuka,2026-05-01,7,×5 注1 ○6 ◎7 △2 ▲9,,,,,8,青柳 靖起  佐,賀,26,117,S2,逃,3.92,103.57,,0,14.2,28.5,42.8,3,1,,,,,,
3520260501010007,hiratsuka,2026-05-01,7,×5 注1 ○6 ◎7 △2 ▲9,,,,,9,松坂 洋平,神奈川,43,89,S1,両,3.92,106.68,△,4,5.2,26.3,52.6,0,0,,,,,,
3520260501010008,hiratsuka,2026-05-01,8,◎2 ○7 ▲4 △9 注1 ×3,,,,,1,村田 雅一  兵,庫,41,90,S1,追,3.92,109.68,△,4,13.6,36.3,45.4,0,0,,,,,,
3520260501010008,hiratsuka,2026-05-01,8,◎2 ○7 ▲4 △9 注1 ×3,,,,,2,石原 颯  香,川,26,117,S1,逃,3.92,112.47,◎,6,29.4,64.7,64.7,9,2,,,,,,
3520260501010008,hiratsuka,2026-05-01,8,◎2 ○7 ▲4 △9 注1 ×3,,,,,3,金子 幸央  栃,木,33,101,S2,両,3.92,111.61,注,2,44.4,61.1,77.7,1,3,,,,,,
3520260501010008,hiratsuka,2026-05-01,8,◎2 ○7 ▲4 △9 注1 ×3,,,,,4,片岡 迪之  岡,山,39,93,S1,両,3.92,106.88,,0,21.0,36.8,57.8,0,3,,,,,,
3520260501010008,hiratsuka,2026-05-01,8,◎2 ○7 ▲4 △9 注1 ×3,,,,,5,長島 大介  栃,木,36,96,S1,両,3.92,109.25,×,1,12.5,41.6,54.1,0,2,,,,,,
3520260501010008,hiratsuka,2026-05-01,8,◎2 ○7 ▲4 △9 注1 ×3,,,,,6,伊藤 颯馬  沖,縄,27,115,S1,逃,3.92,102.84,,0,11.5,19.2,34.6,1,3,,,,,,
3520260501010008,hiratsuka,2026-05-01,8,◎2 ○7 ▲4 △9 注1 ×3,,,,,7,小倉 竜二  徳,島,50,77,S1,追,3.92,110.47,○,5,19.0,38.0,47.6,0,0,,,,,,
3520260501010008,hiratsuka,2026-05-01,8,◎2 ○7 ▲4 △9 注1 ×3,,,,,8,松川 高大  熊,本,37,94,S1,両,3.92,104.85,,0,9.5,23.8,38.0,0,1,,,,,,
3520260501010008,hiratsuka,2026-05-01,8,◎2 ○7 ▲4 △9 注1 ×3,,,,,9,中井 太祐  奈,良,36,97,S1,両,3.92,107.22,▲,3,25.9,37.0,51.8,0,4,,,,,,
3520260501010009,hiratsuka,2026-05-01,9,×7 注9 ◎1 ○2 ▲5 △6,,,,,1,井上 昌己  長,崎,46,86,S1,追,3.92,106.63,,0,47.3,52.6,57.8,0,1,,,,,,
3520260501010009,hiratsuka,2026-05-01,9,×7 注9 ◎1 ○2 ▲5 △6,,,,,2,佐々木 悠葵  群,馬,30,115,S1,両,3.92,109.95,◎,6,36.3,45.4,45.4,3,5,,,,,,
3520260501010009,hiratsuka,2026-05-01,9,×7 注9 ◎1 ○2 ▲5 △6,,,,,3,守澤 太志  秋,田,40,96,S1,追,3.92,110.33,△,4,15.0,45.0,60.0,0,0,,,,,,
3520260501010009,hiratsuka,2026-05-01,9,×7 注9 ◎1 ○2 ▲5 △6,,,,,4,櫻井 祐太郎  宮,城,26,117,S1,逃,3.92,106.04,▲,3,27.2,36.3,45.4,5,1,,,,,,
3520260501010009,hiratsuka,2026-05-01,9,×7 注9 ◎1 ○2 ▲5 △6,,,,,5,高橋 築  東,京,33,109,S1,両,3.93,109.26,○,5,46.6,53.3,60.0,0,0,,,,,,
3520260501010009,hiratsuka,2026-05-01,9,×7 注9 ◎1 ○2 ▲5 △6,,,,,6,山下 渡  茨,城,42,91,S2,追,3.92,101.9,,0,20.0,25.0,40.0,0,0,,,,,,
3520260501010009,hiratsuka,2026-05-01,9,×7 注9 ◎1 ○2 ▲5 △6,,,,,7,阿部 将大  大,分,29,117,S1,逃,3.93,112.0,×,1,61.5,69.2,69.2,1,7,,,,,,
3520260501010009,hiratsuka,2026-05-01,9,×7 注9 ◎1 ○2 ▲5 △6,,,,,8,星野 洋輝  福,島,26,115,S2,追,3.92,106.04,,0,13.0,34.7,52.1,0,0,,,,,,
3520260501010009,hiratsuka,2026-05-01,9,×7 注9 ◎1 ○2 ▲5 △6,,,,,9,園田 匠  福,岡,44,87,S1,追,3.92,110.04,注,2,11.5,23.0,46.1,0,0,,,,,,
3520260501010010,hiratsuka,2026-05-01,10,注8 ◎2 ○5 △9 ×1 ▲6,,,,,1,和田 圭  宮,城,40,92,S1,追,3.92,109.34,,0,26.0,43.4,60.8,0,0,,,,,,
3520260501010010,hiratsuka,2026-05-01,10,注8 ◎2 ○5 △9 ×1 ▲6,,,,,2,田尾 駿介  高,知,34,111,S1,追,3.92,106.71,,0,20.0,33.3,33.3,0,0,,,,,,
3520260501010010,hiratsuka,2026-05-01,10,注8 ◎2 ○5 △9 ×1 ▲6,,,,,3,佐藤 礼文  茨,城,34,115,S1,追,3.92,108.31,△,4,18.7,37.5,50.0,0,0,,,,,,
3520260501010010,hiratsuka,2026-05-01,10,注8 ◎2 ○5 △9 ×1 ▲6,,,,,4,松岡 辰泰  熊,本,29,117,S1,逃,3.92,106.52,▲,3,9.5,19.0,33.3,0,1,,,,,,
3520260501010010,hiratsuka,2026-05-01,10,注8 ◎2 ○5 △9 ×1 ▲6,,,,,5,中野 慎詞  岩,手,26,121,S1,逃,3.92,113.5,◎,6,0.0,25.0,25.0,1,0,,,,,,
3520260501010010,hiratsuka,2026-05-01,10,注8 ◎2 ○5 △9 ×1 ▲6,,,,,6,橋本 瑠偉  栃,木,31,113,S1,逃,3.92,99.76,,0,20.0,32.0,32.0,2,4,,,,,,
3520260501010010,hiratsuka,2026-05-01,10,注8 ◎2 ○5 △9 ×1 ▲6,,,,,7,伊藤 旭  熊,本,25,117,S1,両,3.92,107.66,×,1,5.2,15.7,42.1,0,2,,,,,,
3520260501010010,hiratsuka,2026-05-01,10,注8 ◎2 ○5 △9 ×1 ▲6,,,,,8,久米 康平  徳,島,34,100,S1,両,3.92,106.28,注,2,4.7,23.8,42.8,0,3,,,,,,
3520260501010010,hiratsuka,2026-05-01,10,注8 ◎2 ○5 △9 ×1 ▲6,,,,,9,佐藤 慎太郎  福,島,49,78,S1,追,3.92,114.08,○,5,16.0,40.0,72.0,0,0,,,,,,
3520260501010011,hiratsuka,2026-05-01,11,◎1 ○6 ×8 注2 △7 ▲9,,,,,1,郡司 浩平,神奈川,35,99,SS,両,3.92,117.56,◎,6,31.2,62.5,62.5,0,4,,,,,,
3520260501010011,hiratsuka,2026-05-01,11,◎1 ○6 ×8 注2 △7 ▲9,,,,,2,犬伏 湧也  徳,島,30,119,S1,逃,3.92,114.0,×,1,55.0,65.0,75.0,6,7,,,,,,
3520260501010011,hiratsuka,2026-05-01,11,◎1 ○6 ×8 注2 △7 ▲9,,,,,3,阿部 拓真  宮,城,35,107,SS,両,3.92,112.84,,0,10.0,25.0,30.0,0,0,,,,,,
3520260501010011,hiratsuka,2026-05-01,11,◎1 ○6 ×8 注2 △7 ▲9,,,,,4,浅井 康太  三,重,41,90,S1,両,3.92,111.03,,0,37.0,37.0,51.8,0,0,,,,,,
3520260501010011,hiratsuka,2026-05-01,11,◎1 ○6 ×8 注2 △7 ▲9,,,,,5,新山 響平  青,森,32,107,S1,逃,3.92,113.59,▲,3,54.5,72.7,77.2,8,7,,,,,,
3520260501010011,hiratsuka,2026-05-01,11,◎1 ○6 ×8 注2 △7 ▲9,,,,,6,和田 真久留,神奈川,35,99,S1,両,3.92,108.44,○,5,15.7,26.3,42.1,0,0,,,,,,
3520260501010011,hiratsuka,2026-05-01,11,◎1 ○6 ×8 注2 △7 ▲9,,,,,7,松本 貴治  愛,媛,32,111,S1,両,3.92,114.75,注,2,41.1,70.5,70.5,1,5,,,,,,
3520260501010011,hiratsuka,2026-05-01,11,◎1 ○6 ×8 注2 △7 ▲9,,,,,8,岩本 俊介  千,葉,42,94,S1,両,3.92,109.05,,0,30.0,45.0,50.0,5,1,,,,,,
3520260501010011,hiratsuka,2026-05-01,11,◎1 ○6 ×8 注2 △7 ▲9,,,,,9,山口 拳矢  岐,阜,30,117,S1,両,3.92,114.27,△,4,40.9,40.9,68.1,0,6,,,,,,
4620260430020001,toyama,2026-04-30,1,◎5 ○2 ▲1 注4 ×6 △3,"4-2  1,480円(5)","4-2-5  4,900円(16)",2=4=5  590円(3),2=4  250円(3)  2=5  220円(2)  4=5  300円(4) / 2=4  250円(3)  2=5  220円(2)  4=5  300円(4),1,関谷 哲平  奈,良,43,92,A3,逃,3.92,69.72,▲,3,22.7,31.8,50.0,4,3,7,11.0,,１車身１/２,,
4620260430020001,toyama,2026-04-30,1,◎5 ○2 ▲1 注4 ×6 △3,"4-2  1,480円(5)","4-2-5  4,900円(16)",2=4=5  590円(3),2=4  250円(3)  2=5  220円(2)  4=5  300円(4) / 2=4  250円(3)  2=5  220円(2)  4=5  300円(4),2,大林 亮介  香,川,45,86,A3,追,3.92,72.41,○,5,7.6,38.4,53.8,0,0,2,10.1,差,３/４車輪,,
4620260430020001,toyama,2026-04-30,1,◎5 ○2 ▲1 注4 ×6 △3,"4-2  1,480円(5)","4-2-5  4,900円(16)",2=4=5  590円(3),2=4  250円(3)  2=5  220円(2)  4=5  300円(4) / 2=4  250円(3)  2=5  220円(2)  4=5  300円(4),3,永田 秀佑  長,崎,34,103,A3,両,3.92,67.82,×,1,17.6,23.5,23.5,3,0,5,9.8,,１車身,,
4620260430020001,toyama,2026-04-30,1,◎5 ○2 ▲1 注4 ×6 △3,"4-2  1,480円(5)","4-2-5  4,900円(16)",2=4=5  590円(3),2=4  250円(3)  2=5  220円(2)  4=5  300円(4) / 2=4  250円(3)  2=5  220円(2)  4=5  300円(4),4,井上 将志  兵,庫,41,100,A3,両,3.92,71.66,注,2,4.1,29.1,45.8,1,0,1,10.0,差,,,
4620260430020001,toyama,2026-04-30,1,◎5 ○2 ▲1 注4 ×6 △3,"4-2  1,480円(5)","4-2-5  4,900円(16)",2=4=5  590円(3),2=4  250円(3)  2=5  220円(2)  4=5  300円(4) / 2=4  250円(3)  2=5  220円(2)  4=5  300円(4),5,松本 充生  愛,媛,47,94,A3,両,3.93,69.0,◎,6,20.8,37.5,45.8,2,2,3,10.3,,３/４車輪,,
4620260430020001,toyama,2026-04-30,1,◎5 ○2 ▲1 注4 ×6 △3,"4-2  1,480円(5)","4-2-5  4,900円(16)",2=4=5  590円(3),2=4  250円(3)  2=5  220円(2)  4=5  300円(4) / 2=4  250円(3)  2=5  220円(2)  4=5  300円(4),6,平川 公一  大,阪,48,86,A3,両,3.86,66.4,,0,0.0,18.5,33.3,1,1,4,9.9,,３/４車身,,
4620260430020001,toyama,2026-04-30,1,◎5 ○2 ▲1 注4 ×6 △3,"4-2  1,480円(5)","4-2-5  4,900円(16)",2=4=5  590円(3),2=4  250円(3)  2=5  220円(2)  4=5  300円(4) / 2=4  250円(3)  2=5  220円(2)  4=5  300円(4),7,倉岡 慎太郎  熊,本,58,59,A3,追,3.92,69.84,△,4,9.5,28.5,47.6,1,1,6,10.1,,７車身,,
4620260430020002,toyama,2026-04-30,2,×7 △2 注1 ◎3 ○4 ▲6,"7-3  2,330円(8)","7-3-5  13,920円(48)","3=5=7  1,360円(6)",3=5  270円(2)  3=7  360円(3)  5=7  770円(13) / 3=5  270円(2)  3=7  360円(3)  5=7  770円(13),1,田村 光昭  広,島,54,67,A3,追,3.92,69.23,注,2,9.5,19.0,42.8,0,0,4,10.2,,１/４車輪,,
4620260430020002,toyama,2026-04-30,2,×7 △2 注1 ◎3 ○4 ▲6,"7-3  2,330円(8)","7-3-5  13,920円(48)","3=5=7  1,360円(6)",3=5  270円(2)  3=7  360円(3)  5=7  770円(13) / 3=5  270円(2)  3=7  360円(3)  5=7  770円(13),2,元砂 海人  奈,良,36,113,A3,両,3.92,69.0,△,4,9.0,9.0,18.1,0,0,5,10.4,,１/２車身,,
4620260430020002,toyama,2026-04-30,2,×7 △2 注1 ◎3 ○4 ▲6,"7-3  2,330円(8)","7-3-5  13,920円(48)","3=5=7  1,360円(6)",3=5  270円(2)  3=7  360円(3)  5=7  770円(13) / 3=5  270円(2)  3=7  360円(3)  5=7  770円(13),3,篠田 樹  大,分,29,113,A3,逃,3.92,70.7,◎,6,16.6,54.1,54.1,7,3,2,10.5,逃,２車身,,
4620260430020002,toyama,2026-04-30,2,×7 △2 注1 ◎3 ○4 ▲6,"7-3  2,330円(8)","7-3-5  13,920円(48)","3=5=7  1,360円(6)",3=5  270円(2)  3=7  360円(3)  5=7  770円(13) / 3=5  270円(2)  3=7  360円(3)  5=7  770円(13),4,赤星 俊光  熊,本,47,86,A3,追,3.92,69.3,○,5,0.0,16.6,25.0,0,0,7,11.6,,大差,,
4620260430020002,toyama,2026-04-30,2,×7 △2 注1 ◎3 ○4 ▲6,"7-3  2,330円(8)","7-3-5  13,920円(48)","3=5=7  1,360円(6)",3=5  270円(2)  3=7  360円(3)  5=7  770円(13) / 3=5  270円(2)  3=7  360円(3)  5=7  770円(13),5,武市 和人  高,知,52,74,A3,追,3.79,68.8,▲,3,25.0,25.0,35.0,0,0,3,10.1,,１/２車輪,,
4620260430020002,toyama,2026-04-30,2,×7 △2 注1 ◎3 ○4 ▲6,"7-3  2,330円(8)","7-3-5  13,920円(48)","3=5=7  1,360円(6)",3=5  270円(2)  3=7  360円(3)  5=7  770円(13) / 3=5  270円(2)  3=7  360円(3)  5=7  770円(13),6,澤亀 浩司  福,岡,58,60,A3,追,3.92,66.48,,0,3.7,7.4,29.6,0,0,6,10.4,,６車身,,
4620260430020002,toyama,2026-04-30,2,×7 △2 注1 ◎3 ○4 ▲6,"7-3  2,330円(8)","7-3-5  13,920円(48)","3=5=7  1,360円(6)",3=5  270円(2)  3=7  360円(3)  5=7  770円(13) / 3=5  270円(2)  3=7  360円(3)  5=7  770円(13),7,浜田 翔平  大,阪,37,111,A3,逃,3.93,69.91,×,1,12.5,37.5,37.5,3,0,1,10.3,捲,,,
4620260430020003,toyama,2026-04-30,3,◎4 ○1 注7 △3 ×2 ▲5,,,,,1,谷本 奨輝  岐,阜,31,107,A3,両,3.86,76.87,○,5,37.5,70.8,79.1,3,2,,,,,,
4620260430020003,toyama,2026-04-30,3,◎4 ○1 注7 △3 ×2 ▲5,,,,,2,足達 重満  長,崎,50,80,A3,追,3.92,76.83,×,1,55.5,66.6,77.7,0,0,,,,,,
4620260430020003,toyama,2026-04-30,3,◎4 ○1 注7 △3 ×2 ▲5,,,,,3,川本 琢也  岡,山,38,100,A3,両,3.93,73.96,△,4,26.9,57.6,69.2,11,4,,,,,,
4620260430020003,toyama,2026-04-30,3,◎4 ○1 注7 △3 ×2 ▲5,,,,,4,真木 寛斗  愛,知,23,127,A3,逃,3.92,77.88,◎,6,51.8,74.0,92.5,14,4,,,,,,
4620260430020003,toyama,2026-04-30,3,◎4 ○1 注7 △3 ×2 ▲5,,,,,5,加藤 大輔  大,分,46,87,A3,追,3.93,73.41,▲,3,12.5,37.5,62.5,0,0,,,,,,
4620260430020003,toyama,2026-04-30,3,◎4 ○1 注7 △3 ×2 ▲5,,,,,6,徳吉 正治  福,岡,42,89,A3,両,3.92,70.62,,0,8.3,37.5,41.6,0,0,,,,,,
4620260430020003,toyama,2026-04-30,3,◎4 ○1 注7 △3 ×2 ▲5,,,,,7,太田 雅之  三,重,48,86,A3,追,3.92,71.79,注,2,8.3,25.0,45.8,0,0,,,,,,
4620260430020004,toyama,2026-04-30,4,◎1 ○5 ×7 ▲3 注4 △2,,,,,1,下山 聖斗,鹿児島,24,127,A3,逃,3.92,78.25,◎,6,66.6,83.3,87.5,9,11,,,,,,
4620260430020004,toyama,2026-04-30,4,◎1 ○5 ×7 ▲3 注4 △2,,,,,2,細田 純平  広,島,36,99,A3,両,3.85,71.43,△,4,18.7,37.5,50.0,0,0,,,,,,
4620260430020004,toyama,2026-04-30,4,◎1 ○5 ×7 ▲3 注4 △2,,,,,3,別所 英幸  福,岡,46,83,A3,追,3.93,73.55,▲,3,44.4,55.5,66.6,0,2,,,,,,
4620260430020004,toyama,2026-04-30,4,◎1 ○5 ×7 ▲3 注4 △2,,,,,4,玉村 元気  香,川,36,101,A3,両,3.92,68.41,注,2,8.3,29.1,41.6,3,3,,,,,,
4620260430020004,toyama,2026-04-30,4,◎1 ○5 ×7 ▲3 注4 △2,,,,,5,渡邉 満  福,岡,53,73,A3,追,3.92,73.85,○,5,14.2,42.8,57.1,0,0,,,,,,
4620260430020004,toyama,2026-04-30,4,◎1 ○5 ×7 ▲3 注4 △2,,,,,6,岡嶋 登  大,阪,41,99,A3,両,3.93,66.3,,0,0.0,10.0,10.0,1,0,,,,,,
4620260430020004,toyama,2026-04-30,4,◎1 ○5 ×7 ▲3 注4 △2,,,,,7,丸林 一孝  福,岡,48,81,A3,追,3.85,73.08,×,1,8.0,36.0,52.0,0,0,,,,,,
4620260430020005,toyama,2026-04-30,5,△1 ▲5 ×7 ◎2 注3 ○4,,,,,1,篠崎 新純  千,葉,41,102,L1,両,3.79,49.8,△,4,9.5,23.8,38.0,0,1,,,,,,
4620260430020005,toyama,2026-04-30,5,△1 ▲5 ×7 ◎2 注3 ○4,,,,,2,岡田 優歩,和歌山,22,128,L1,両,3.79,54.0,◎,6,21.4,57.1,85.7,2,3,,,,,,
4620260430020005,toyama,2026-04-30,5,△1 ▲5 ×7 ◎2 注3 ○4,,,,,3,宮西 令奈  石,川,24,124,L1,両,3.69,45.96,注,2,0.0,0.0,4.0,0,0,,,,,,
4620260430020005,toyama,2026-04-30,5,△1 ▲5 ×7 ◎2 注3 ○4,,,,,4,増田 夕華  岐,阜,26,118,L1,両,3.77,52.28,○,5,16.0,36.0,60.0,1,2,,,,,,
4620260430020005,toyama,2026-04-30,5,△1 ▲5 ×7 ◎2 注3 ○4,,,,,5,藤原 亜衣里  新,潟,45,102,L1,追,3.77,45.09,▲,3,0.0,8.3,8.3,0,0,,,,,,
4620260430020005,toyama,2026-04-30,5,△1 ▲5 ×7 ◎2 注3 ○4,,,,,6,高本 美穂  熊,本,23,124,L1,追,3.77,47.08,,0,4.0,4.0,12.0,0,1,,,,,,
4620260430020005,toyama,2026-04-30,5,△1 ▲5 ×7 ◎2 注3 ○4,,,,,7,田中 月菜  佐,賀,25,118,L1,両,3.77,52.46,×,1,6.6,40.0,73.3,0,0,,,,,,
4620260430020006,toyama,2026-04-30,6,注3 ◎4 ×2 ○1 △5 ▲6,,,,,1,戸田 瑞姫  茨,城,23,122,L1,両,3.77,51.8,×,1,9.5,28.5,47.6,0,0,,,,,,
4620260430020006,toyama,2026-04-30,6,注3 ◎4 ×2 ○1 △5 ▲6,,,,,2,石井 寛子  東,京,40,104,L1,両,3.79,56.41,◎,6,62.5,91.6,100.0,1,11,,,,,,
4620260430020006,toyama,2026-04-30,6,注3 ◎4 ×2 ○1 △5 ▲6,,,,,3,齊藤 由莉,神奈川,28,128,L1,両,3.79,49.83,注,2,20.8,29.1,37.5,2,4,,,,,,
4620260430020006,toyama,2026-04-30,6,注3 ◎4 ×2 ○1 △5 ▲6,,,,,4,浜地 晴帆  三,重,24,122,L1,両,3.77,46.06,,0,0.0,0.0,0.0,0,0,,,,,,
4620260430020006,toyama,2026-04-30,6,注3 ◎4 ×2 ○1 △5 ▲6,,,,,5,吉岡 詩織  広,島,31,116,L1,両,3.77,53.29,○,5,17.6,58.8,70.5,1,7,,,,,,
4620260430020006,toyama,2026-04-30,6,注3 ◎4 ×2 ○1 △5 ▲6,,,,,6,是永 ゆうき  大,分,22,126,L1,追,3.71,50.77,△,4,4.5,13.6,54.5,0,0,,,,,,
4620260430020006,toyama,2026-04-30,6,注3 ◎4 ×2 ○1 △5 ▲6,,,,,7,菅原 ななこ  宮,城,25,120,L1,両,3.71,46.9,▲,3,4.7,4.7,14.2,0,0,,,,,,
4620260430020007,toyama,2026-04-30,7,○1 ◎7 注5 ×4 △2 ▲6,,,,,1,安藤 直希  京,都,28,117,A1,逃,3.92,83.38,○,5,4.7,23.8,47.6,2,2,,,,,,
4620260430020007,toyama,2026-04-30,7,○1 ◎7 注5 ×4 △2 ▲6,,,,,2,南部 亮太  長,崎,41,93,A2,追,3.92,83.33,△,4,13.3,26.6,26.6,0,0,,,,,,
4620260430020007,toyama,2026-04-30,7,○1 ◎7 注5 ×4 △2 ▲6,,,,,3,藤原 亮太  岡,山,37,97,A2,両,3.92,80.94,▲,3,5.5,11.1,27.7,1,0,,,,,,
4620260430020007,toyama,2026-04-30,7,○1 ◎7 注5 ×4 △2 ▲6,,,,,4,北川 大成  熊,本,25,119,A2,逃,3.92,83.88,×,1,22.2,38.8,38.8,3,1,,,,,,
4620260430020007,toyama,2026-04-30,7,○1 ◎7 注5 ×4 △2 ▲6,,,,,5,富安 保充  愛,知,43,91,A2,追,3.83,82.23,注,2,0.0,19.0,33.3,0,0,,,,,,
4620260430020007,toyama,2026-04-30,7,○1 ◎7 注5 ×4 △2 ▲6,,,,,6,城戸崎 隆史  福,岡,53,76,A2,両,3.92,80.9,,0,0.0,10.0,15.0,0,0,,,,,,
4620260430020007,toyama,2026-04-30,7,○1 ◎7 注5 ×4 △2 ▲6,,,,,7,西谷 岳文  京,都,47,93,A2,両,3.92,86.4,◎,6,10.0,30.0,50.0,0,0,,,,,,
4620260430020008,toyama,2026-04-30,8,注1 ○7 ▲2 △3 ◎5 ×6,,,,,1,下岡 将也  三,重,29,111,A1,逃,3.92,82.45,注,2,16.6,25.0,25.0,2,2,,,,,,
4620260430020008,toyama,2026-04-30,8,注1 ○7 ▲2 △3 ◎5 ×6,,,,,2,伊原 弘幸  福,井,41,90,A1,追,3.93,83.0,▲,3,4.7,19.0,38.0,0,0,,,,,,
4620260430020008,toyama,2026-04-30,8,注1 ○7 ▲2 △3 ◎5 ×6,,,,,3,吉永 和生  広,島,49,80,A2,追,3.92,82.95,△,4,13.6,22.7,27.2,0,1,,,,,,
4620260430020008,toyama,2026-04-30,8,注1 ○7 ▲2 △3 ◎5 ×6,,,,,4,鰐渕 正利  愛,知,56,65,A2,追,3.92,83.33,,0,0.0,0.0,50.0,0,0,,,,,,
4620260430020008,toyama,2026-04-30,8,注1 ○7 ▲2 △3 ◎5 ×6,,,,,5,木村 浩宣  香,川,39,97,A1,逃,3.93,86.25,◎,6,16.6,33.3,45.8,4,4,,,,,,
4620260430020008,toyama,2026-04-30,8,注1 ○7 ▲2 △3 ◎5 ×6,,,,,6,川上 修平  高,知,47,99,A2,追,3.92,81.73,×,1,5.2,10.5,26.3,0,0,,,,,,
4620260430020008,toyama,2026-04-30,8,注1 ○7 ▲2 △3 ◎5 ×6,,,,,7,乾 庄平  滋,賀,39,95,A2,追,3.92,85.95,○,5,0.0,47.6,61.9,0,0,,,,,,
4620260430020009,toyama,2026-04-30,9,△4 ×1 ▲7 注6 ◎2 ○5,,,,,1,坂上 忠克  石,川,52,71,A1,追,3.92,86.05,×,1,4.7,19.0,47.6,0,0,,,,,,
4620260430020009,toyama,2026-04-30,9,△4 ×1 ▲7 注6 ◎2 ○5,,,,,2,魚屋 周成  大,分,35,99,A1,逃,3.93,85.75,注,2,16.6,33.3,50.0,2,1,,,,,,
4620260430020009,toyama,2026-04-30,9,△4 ×1 ▲7 注6 ◎2 ○5,,,,,3,小林 卓人  大,阪,48,79,A1,追,3.92,88.35,○,5,0.0,14.2,42.8,0,0,,,,,,
4620260430020009,toyama,2026-04-30,9,△4 ×1 ▲7 注6 ◎2 ○5,,,,,4,岩元 叶馬  富,山,23,125,A2,逃,3.92,86.68,△,4,17.3,26.0,39.1,4,2,,,,,,
4620260430020009,toyama,2026-04-30,9,△4 ×1 ▲7 注6 ◎2 ○5,,,,,5,中村 一将  兵,庫,49,86,A1,両,3.92,90.76,◎,6,17.6,41.1,52.9,3,2,,,,,,
4620260430020009,toyama,2026-04-30,9,△4 ×1 ▲7 注6 ◎2 ○5,,,,,6,中西 勇  福,岡,34,125,A2,逃,3.93,82.23,▲,3,4.7,28.5,38.0,5,1,,,,,,
4620260430020009,toyama,2026-04-30,9,△4 ×1 ▲7 注6 ◎2 ○5,,,,,7,田中 雅史  愛,知,49,79,A1,追,3.92,86.28,,0,19.0,23.8,47.6,0,3,,,,,,
4620260430020010,toyama,2026-04-30,10,◎3 ×4 注6 ○5 △2 ▲1,,,,,1,石川 航大  宮,崎,26,123,A1,逃,3.92,88.19,△,4,23.8,33.3,52.3,2,4,,,,,,
4620260430020010,toyama,2026-04-30,10,◎3 ×4 注6 ○5 △2 ▲1,,,,,2,今藤 康裕  岐,阜,40,99,A1,追,3.92,94.66,○,5,55.5,61.1,72.2,0,0,,,,,,
4620260430020010,toyama,2026-04-30,10,◎3 ×4 注6 ○5 △2 ▲1,,,,,3,保田 浩輔  岡,山,26,123,A1,逃,3.93,92.71,◎,6,28.5,47.6,61.9,5,5,,,,,,
4620260430020010,toyama,2026-04-30,10,◎3 ×4 注6 ○5 △2 ▲1,,,,,4,中石 昌芳  広,島,50,81,A1,追,3.92,86.55,×,1,0.0,33.3,44.4,0,0,,,,,,
4620260430020010,toyama,2026-04-30,10,◎3 ×4 注6 ○5 △2 ▲1,,,,,5,下岡 優季  愛,知,36,105,A2,逃,3.92,84.92,注,2,11.1,29.6,48.1,6,0,,,,,,
4620260430020010,toyama,2026-04-30,10,◎3 ×4 注6 ○5 △2 ▲1,,,,,6,吉田 彰久  香,川,52,80,A2,追,3.92,81.9,,0,0.0,9.5,33.3,0,0,,,,,,
4620260430020010,toyama,2026-04-30,10,◎3 ×4 注6 ○5 △2 ▲1,,,,,7,中村 良二  福,岡,51,81,A1,追,3.92,91.17,▲,3,10.5,31.5,47.3,0,0,,,,,,
4620260430020011,toyama,2026-04-30,11,◎3 ×5 △6 ○7 ▲1 注4,,,,,1,坂田 章  高,知,40,93,A1,追,3.92,92.9,○,5,23.8,47.6,71.4,0,0,,,,,,
4620260430020011,toyama,2026-04-30,11,◎3 ×5 △6 ○7 ▲1 注4,,,,,2,堂村 知哉  福,井,43,88,A2,追,3.92,83.92,注,2,6.6,26.6,40.0,0,0,,,,,,
4620260430020011,toyama,2026-04-30,11,◎3 ×5 △6 ○7 ▲1 注4,,,,,3,中川 聖大  福,岡,27,121,A1,逃,3.92,94.14,◎,6,28.5,66.6,80.9,4,8,,,,,,
4620260430020011,toyama,2026-04-30,11,◎3 ×5 △6 ○7 ▲1 注4,,,,,4,藤田 真  兵,庫,45,89,A2,両,3.92,86.81,▲,3,27.2,36.3,50.0,2,2,,,,,,
4620260430020011,toyama,2026-04-30,11,◎3 ×5 △6 ○7 ▲1 注4,,,,,5,山口 龍也  長,崎,31,111,A1,追,3.92,87.5,×,1,22.2,33.3,50.0,0,2,,,,,,
4620260430020011,toyama,2026-04-30,11,◎3 ×5 △6 ○7 ▲1 注4,,,,,6,小川 大地  愛,知,35,98,A2,追,3.92,82.45,,0,12.5,29.1,33.3,0,0,,,,,,
4620260430020011,toyama,2026-04-30,11,◎3 ×5 △6 ○7 ▲1 注4,,,,,7,中田 拓也  広,島,29,127,A2,逃,3.92,89.4,△,4,22.7,40.9,54.5,5,4,,,,,,
5320260501010001,nara,2026-05-01,1,○7 ◎1 ×4 ▲2 注5 △3,,,,,1,春日 勇人  千,葉,50,82,A1,追,3.92,87.57,◎,6,5.0,25.0,50.0,0,0,,,,,,
5320260501010001,nara,2026-05-01,1,○7 ◎1 ×4 ▲2 注5 △3,,,,,2,中川 貴史  三,重,49,79,A2,追,3.92,83.66,▲,3,16.6,20.8,29.1,0,1,,,,,,
5320260501010001,nara,2026-05-01,1,○7 ◎1 ×4 ▲2 注5 △3,,,,,3,三宅 旬  岡,山,48,80,A2,追,3.93,81.57,△,4,9.5,14.2,33.3,0,0,,,,,,
5320260501010001,nara,2026-05-01,1,○7 ◎1 ×4 ▲2 注5 △3,,,,,4,松山 桂輔  愛,知,42,88,A1,追,3.92,85.65,×,1,9.5,23.8,42.8,0,0,,,,,,
5320260501010001,nara,2026-05-01,1,○7 ◎1 ×4 ▲2 注5 △3,,,,,5,吉岡 伸太郎  愛,媛,32,105,A2,逃,3.86,80.93,注,2,0.0,6.6,26.6,0,1,,,,,,
5320260501010001,nara,2026-05-01,1,○7 ◎1 ×4 ▲2 注5 △3,,,,,6,竹内 真一  福,岡,44,89,A2,追,3.92,80.16,,0,0.0,8.3,29.1,0,0,,,,,,
5320260501010001,nara,2026-05-01,1,○7 ◎1 ×4 ▲2 注5 △3,,,,,7,橋谷 成海  埼,玉,25,125,A2,逃,3.85,84.37,○,5,25.0,37.5,37.5,5,1,,,,,,
5320260501010002,nara,2026-05-01,2,△5 ◎7 ○1 ×2 ▲4 注6,,,,,1,坂上 樹大  石,川,48,80,A1,追,3.92,89.04,○,5,19.0,28.5,57.1,0,1,,,,,,
5320260501010002,nara,2026-05-01,2,△5 ◎7 ○1 ×2 ▲4 注6,,,,,2,佐藤 譲士郎  埼,玉,26,123,A1,逃,3.85,82.71,×,1,14.2,28.5,42.8,3,2,,,,,,
5320260501010002,nara,2026-05-01,2,△5 ◎7 ○1 ×2 ▲4 注6,,,,,3,杉山 剛  福,岡,48,86,A2,両,3.92,81.77,注,2,0.0,18.1,40.9,0,2,,,,,,
5320260501010002,nara,2026-05-01,2,△5 ◎7 ○1 ×2 ▲4 注6,,,,,4,渡邊 恭典  栃,木,52,75,A2,追,3.92,80.7,▲,3,0.0,8.3,25.0,0,0,,,,,,
5320260501010002,nara,2026-05-01,2,△5 ◎7 ○1 ×2 ▲4 注6,,,,,5,藤井 準也  岐,阜,32,105,A1,両,3.92,85.04,△,4,21.7,39.1,52.1,0,3,,,,,,
5320260501010002,nara,2026-05-01,2,△5 ◎7 ○1 ×2 ▲4 注6,,,,,6,久保 光司  佐,賀,29,119,A2,逃,3.92,79.7,,0,12.5,16.6,25.0,3,1,,,,,,
5320260501010002,nara,2026-05-01,2,△5 ◎7 ○1 ×2 ▲4 注6,,,,,7,山口 智弘  愛,知,36,99,A1,追,3.93,89.61,◎,6,28.5,38.0,57.1,0,0,,,,,,
5320260501010003,nara,2026-05-01,3,×4 注3 ○6 ◎5 △1 ▲7,,,,,1,志水 祐彦  大,阪,41,94,A1,追,3.92,85.39,◎,6,17.3,34.7,34.7,0,0,,,,,,
5320260501010003,nara,2026-05-01,3,×4 注3 ○6 ◎5 △1 ▲7,,,,,2,岡崎 昭次  愛,媛,54,67,A2,追,3.85,80.05,▲,3,0.0,5.5,22.2,0,0,,,,,,
5320260501010003,nara,2026-05-01,3,×4 注3 ○6 ◎5 △1 ▲7,,,,,3,宮倉 勇  千,葉,61,58,A2,追,3.93,85.06,注,2,0.0,0.0,29.4,0,0,,,,,,
5320260501010003,nara,2026-05-01,3,×4 注3 ○6 ◎5 △1 ▲7,,,,,4,菅田 謙仁  宮,城,33,109,A2,両,3.92,81.26,×,1,10.0,20.0,35.0,1,0,,,,,,
5320260501010003,nara,2026-05-01,3,×4 注3 ○6 ◎5 △1 ▲7,,,,,5,岸川 哲也  大,阪,40,105,A2,両,3.92,86.26,○,5,39.1,47.8,56.5,6,3,,,,,,
5320260501010003,nara,2026-05-01,3,×4 注3 ○6 ◎5 △1 ▲7,,,,,6,鈴木 宏章  栃,木,50,80,A2,追,3.93,77.95,,0,0.0,0.0,0.0,0,0,,,,,,
5320260501010003,nara,2026-05-01,3,×4 注3 ○6 ◎5 △1 ▲7,,,,,7,北川 紋部  福,井,51,78,A2,追,3.92,83.04,△,4,9.5,14.2,38.0,0,0,,,,,,
5320260501010004,nara,2026-05-01,4,○1 ◎3 △7 注5 ×2 ▲4,,,,,1,長松 大祐  大,分,28,121,A1,逃,3.92,85.57,○,5,9.5,23.8,47.6,3,2,,,,,,
5320260501010004,nara,2026-05-01,4,○1 ◎3 △7 注5 ×2 ▲4,,,,,2,松澤 敬輔,北海道,38,97,A2,両,3.92,87.0,×,1,27.7,44.4,44.4,1,0,,,,,,
5320260501010004,nara,2026-05-01,4,○1 ◎3 △7 注5 ×2 ▲4,,,,,3,西田 大志  福,岡,35,98,A1,追,3.92,88.2,◎,6,19.0,38.0,52.3,0,0,,,,,,
5320260501010004,nara,2026-05-01,4,○1 ◎3 △7 注5 ×2 ▲4,,,,,4,大西 健士,神奈川,45,88,A2,追,3.93,84.29,▲,3,0.0,16.6,41.6,0,0,,,,,,
5320260501010004,nara,2026-05-01,4,○1 ◎3 △7 注5 ×2 ▲4,,,,,5,竹山 慶太  宮,城,33,105,A1,逃,3.92,83.08,注,2,16.6,25.0,50.0,1,2,,,,,,
5320260501010004,nara,2026-05-01,4,○1 ◎3 △7 注5 ×2 ▲4,,,,,6,柴田 祐也  岐,阜,42,94,A2,追,3.92,79.52,,0,9.5,14.2,23.8,0,0,,,,,,
5320260501010004,nara,2026-05-01,4,○1 ◎3 △7 注5 ×2 ▲4,,,,,7,中園 朋亨  福,岡,39,93,A2,追,3.92,80.31,△,4,0.0,5.2,21.0,0,0,,,,,,
5320260501010005,nara,2026-05-01,5,注6 △1 ◎5 ○2 ×7 ▲3,,,,,1,前反 祐一郎  広,島,52,81,A1,追,3.92,92.33,△,4,19.0,47.6,66.6,0,0,,,,,,
5320260501010005,nara,2026-05-01,5,注6 △1 ◎5 ○2 ×7 ▲3,,,,,2,下井 竜  三,重,31,117,A1,逃,3.92,93.66,◎,6,16.6,50.0,83.3,2,4,,,,,,
5320260501010005,nara,2026-05-01,5,注6 △1 ◎5 ○2 ×7 ▲3,,,,,3,上川 直紀  栃,木,29,117,A1,両,3.92,92.0,×,1,33.3,54.1,75.0,2,9,,,,,,
5320260501010005,nara,2026-05-01,5,注6 △1 ◎5 ○2 ×7 ▲3,,,,,4,吉田 勇人  埼,玉,47,86,A1,追,3.92,92.0,▲,3,10.5,42.1,63.1,0,0,,,,,,
5320260501010005,nara,2026-05-01,5,注6 △1 ◎5 ○2 ×7 ▲3,,,,,5,藤原 浩  高,知,46,87,A1,追,3.92,90.53,,0,13.3,40.0,53.3,0,0,,,,,,
5320260501010005,nara,2026-05-01,5,注6 △1 ◎5 ○2 ×7 ▲3,,,,,6,高井 流星  岡,山,31,113,A1,逃,3.92,90.08,注,2,20.8,62.5,79.1,9,5,,,,,,
5320260501010005,nara,2026-05-01,5,注6 △1 ◎5 ○2 ×7 ▲3,,,,,7,佐藤 成人  奈,良,52,71,A1,追,3.92,91.19,○,5,9.5,28.5,42.8,0,0,,,,,,
5320260501010006,nara,2026-05-01,6,×1 ▲7 ○2 注5 ◎4 △3,,,,,1,高田 修汰  福,井,26,115,S2,逃,3.92,95.5,×,1,5.5,11.1,16.6,2,0,,,,,,
5320260501010006,nara,2026-05-01,6,×1 ▲7 ○2 注5 ◎4 △3,,,,,2,牧田 悠生  新,潟,26,123,S2,逃,3.92,98.43,○,5,13.0,21.7,34.7,2,2,,,,,,
5320260501010006,nara,2026-05-01,6,×1 ▲7 ○2 注5 ◎4 △3,,,,,3,堀内 俊介,神奈川,36,107,S2,両,3.93,100.92,◎,6,15.3,26.9,53.8,2,3,,,,,,
5320260501010006,nara,2026-05-01,6,×1 ▲7 ○2 注5 ◎4 △3,,,,,4,小玉 拓真  岡,山,36,98,S2,両,3.92,94.0,,0,0.0,10.0,20.0,0,0,,,,,,
5320260501010006,nara,2026-05-01,6,×1 ▲7 ○2 注5 ◎4 △3,,,,,5,松永 将  茨,城,45,89,S2,追,3.92,100.26,注,2,3.7,7.4,29.6,0,0,,,,,,
5320260501010006,nara,2026-05-01,6,×1 ▲7 ○2 注5 ◎4 △3,,,,,6,須藤 悟  千,葉,36,99,S2,追,3.92,93.38,△,4,0.0,3.8,11.5,0,0,,,,,,
5320260501010006,nara,2026-05-01,6,×1 ▲7 ○2 注5 ◎4 △3,,,,,7,鷲田 幸司  福,井,40,92,S2,追,3.93,98.39,▲,3,8.6,21.7,34.7,0,0,,,,,,
5320260501010007,nara,2026-05-01,7,×2 △4 ◎5 ○1 注6 ▲3,,,,,1,戸田 洋平  岡,山,43,92,S2,追,3.92,98.22,○,5,0.0,13.6,40.9,0,0,,,,,,
5320260501010007,nara,2026-05-01,7,×2 △4 ◎5 ○1 注6 ▲3,,,,,2,川越 勇星,神奈川,29,111,S2,両,3.92,100.08,×,1,12.5,20.8,45.8,4,1,,,,,,
5320260501010007,nara,2026-05-01,7,×2 △4 ◎5 ○1 注6 ▲3,,,,,3,疋田 力也  愛,知,25,119,S2,両,3.92,95.12,注,2,3.0,6.0,12.1,1,0,,,,,,
5320260501010007,nara,2026-05-01,7,×2 △4 ◎5 ○1 注6 ▲3,,,,,4,近藤 隆司  千,葉,42,90,S2,両,3.92,97.46,△,4,23.0,26.9,42.3,1,3,,,,,,
5320260501010007,nara,2026-05-01,7,×2 △4 ◎5 ○1 注6 ▲3,,,,,5,青木 瑞樹  岡,山,26,123,S2,逃,3.92,100.73,◎,6,13.0,34.7,39.1,6,2,,,,,,
5320260501010007,nara,2026-05-01,7,×2 △4 ◎5 ○1 注6 ▲3,,,,,6,吉川 嘉斗  徳,島,33,105,S2,追,3.93,93.38,,0,0.0,7.6,11.5,0,0,,,,,,
5320260501010007,nara,2026-05-01,7,×2 △4 ◎5 ○1 注6 ▲3,,,,,7,北野 武史  石,川,53,78,S2,追,3.93,97.13,▲,3,0.0,18.1,27.2,0,0,,,,,,
5320260501010008,nara,2026-05-01,8,◎1 ○5 ▲4 注2 ×6 △7,,,,,1,川口 聖二  岐,阜,32,103,S2,両,3.92,101.05,◎,6,20.0,30.0,45.0,2,2,,,,,,
5320260501010008,nara,2026-05-01,8,◎1 ○5 ▲4 注2 ×6 △7,,,,,2,村上 竜馬  広,島,30,115,S2,逃,3.92,97.05,注,2,5.0,10.0,25.0,0,1,,,,,,
5320260501010008,nara,2026-05-01,8,◎1 ○5 ▲4 注2 ×6 △7,,,,,3,志村 龍己  山,梨,39,98,S2,追,3.92,99.61,△,4,7.6,23.0,42.3,0,0,,,,,,
5320260501010008,nara,2026-05-01,8,◎1 ○5 ▲4 注2 ×6 △7,,,,,4,舘 泰守  愛,知,50,80,S2,追,3.92,96.45,▲,3,4.7,19.0,23.8,0,0,,,,,,
5320260501010008,nara,2026-05-01,8,◎1 ○5 ▲4 注2 ×6 △7,,,,,5,吉田 敏洋  愛,知,46,85,S2,両,3.92,101.79,○,5,20.8,33.3,50.0,0,0,,,,,,
5320260501010008,nara,2026-05-01,8,◎1 ○5 ▲4 注2 ×6 △7,,,,,6,和田 誠寿  広,島,35,103,S2,追,3.92,92.6,,0,0.0,4.3,13.0,0,0,,,,,,
5320260501010008,nara,2026-05-01,8,◎1 ○5 ▲4 注2 ×6 △7,,,,,7,藤田 周磨  埼,玉,28,117,S2,逃,3.92,96.79,×,1,4.1,12.5,33.3,1,0,,,,,,
5320260501010009,nara,2026-05-01,9,◎7 ○1 ▲4 ×2 注5 △6,,,,,1,清水 一幸  大,阪,39,109,S2,追,3.92,101.24,○,5,26.9,30.7,46.1,0,0,,,,,,
5320260501010009,nara,2026-05-01,9,◎7 ○1 ▲4 ×2 注5 △6,,,,,2,染谷 幸喜  千,葉,37,111,S2,逃,3.92,99.52,×,1,13.0,30.4,39.1,3,3,,,,,,
5320260501010009,nara,2026-05-01,9,◎7 ○1 ▲4 ×2 注5 △6,,,,,3,照井 拓成  岩,手,30,115,S2,逃,3.92,98.0,△,4,3.8,19.2,30.7,0,2,,,,,,
5320260501010009,nara,2026-05-01,9,◎7 ○1 ▲4 ×2 注5 △6,,,,,4,飯田 裕次  福,岡,40,97,S2,追,3.92,93.47,▲,3,0.0,0.0,10.5,0,0,,,,,,
5320260501010009,nara,2026-05-01,9,◎7 ○1 ▲4 ×2 注5 △6,,,,,5,武藤 篤弘  埼,玉,41,95,S2,追,3.92,96.76,注,2,0.0,19.2,34.6,0,0,,,,,,
5320260501010009,nara,2026-05-01,9,◎7 ○1 ▲4 ×2 注5 △6,,,,,6,上遠野 拓馬  宮,城,32,119,S2,逃,3.92,92.4,,0,0.0,5.0,15.0,0,1,,,,,,
5320260501010009,nara,2026-05-01,9,◎7 ○1 ▲4 ×2 注5 △6,,,,,7,貴志 修己,和歌山,30,117,S2,逃,3.92,101.52,◎,6,8.6,39.1,47.8,5,4,,,,,,
5320260501010010,nara,2026-05-01,10,△1 ×4 ▲5 ◎7 ○2 注6,,,,,1,橋本 宇宙  佐,賀,26,123,S2,逃,3.92,96.54,△,4,4.1,25.0,37.5,5,1,,,,,,
5320260501010010,nara,2026-05-01,10,△1 ×4 ▲5 ◎7 ○2 注6,,,,,2,佐藤 雅春  宮,城,38,94,S2,追,3.92,99.24,○,5,7.6,19.2,26.9,0,0,,,,,,
5320260501010010,nara,2026-05-01,10,△1 ×4 ▲5 ◎7 ○2 注6,,,,,3,西岡 正一,和歌山,49,84,S2,追,3.92,98.26,注,2,5.2,15.7,21.0,0,0,,,,,,
5320260501010010,nara,2026-05-01,10,△1 ×4 ▲5 ◎7 ○2 注6,,,,,4,宮崎 大空  熊,本,27,115,S2,両,3.92,100.54,×,1,4.1,16.6,37.5,0,0,,,,,,
5320260501010010,nara,2026-05-01,10,△1 ×4 ▲5 ◎7 ○2 注6,,,,,5,吉田 智哉  愛,媛,28,111,S2,逃,3.92,94.1,▲,3,0.0,5.0,20.0,0,0,,,,,,
5320260501010010,nara,2026-05-01,10,△1 ×4 ▲5 ◎7 ○2 注6,,,,,6,内藤 久文  愛,知,34,117,S2,逃,3.92,93.09,,0,0.0,0.0,9.0,0,0,,,,,,
5320260501010010,nara,2026-05-01,10,△1 ×4 ▲5 ◎7 ○2 注6,,,,,7,板垣 昴,北海道,33,115,S2,逃,3.92,104.34,◎,6,17.3,34.7,56.5,2,5,,,,,,
5320260501010011,nara,2026-05-01,11,▲6 ×2 注5 △3 ◎1 ○4,,,,,1,房州 輝也  福,島,39,91,S2,両,3.93,95.38,△,4,3.2,12.9,22.5,0,0,,,,,,
5320260501010011,nara,2026-05-01,11,▲6 ×2 注5 △3 ◎1 ○4,,,,,2,上吹越 直樹,鹿児島,44,86,S2,両,3.92,97.75,▲,3,0.0,12.0,24.0,0,1,,,,,,
5320260501010011,nara,2026-05-01,11,▲6 ×2 注5 △3 ◎1 ○4,,,,,3,中川 貴徳  栃,木,42,91,S2,追,3.92,100.22,注,2,18.1,36.3,45.4,0,1,,,,,,
5320260501010011,nara,2026-05-01,11,▲6 ×2 注5 △3 ◎1 ○4,,,,,4,北井 佑季,神奈川,36,119,S2,逃,3.92,102.09,◎,6,81.8,90.9,95.4,10,9,,,,,,
5320260501010011,nara,2026-05-01,11,▲6 ×2 注5 △3 ◎1 ○4,,,,,5,伊藤 慶太郎  埼,玉,32,107,S2,逃,3.92,97.79,×,1,12.5,29.1,29.1,3,0,,,,,,
5320260501010011,nara,2026-05-01,11,▲6 ×2 注5 △3 ◎1 ○4,,,,,6,堀川 敬太郎  福,岡,24,123,S2,逃,3.92,93.53,,0,3.3,6.6,23.3,0,0,,,,,,
5320260501010011,nara,2026-05-01,11,▲6 ×2 注5 △3 ◎1 ○4,,,,,7,望月 永悟  静,岡,49,77,S2,追,3.92,98.42,○,5,10.0,20.0,25.0,0,0,,,,,,
5320260501010012,nara,2026-05-01,12,◎1 ○6 ▲4 △2 注3 ×5,,,,,1,木村 皆斗  茨,城,24,119,S1,逃,3.92,108.67,◎,6,55.1,62.0,68.9,12,3,,,,,,
5320260501010012,nara,2026-05-01,12,◎1 ○6 ▲4 △2 注3 ×5,,,,,2,中井 俊亮  奈,良,33,103,S1,両,3.92,94.5,,0,6.6,6.6,13.3,0,0,,,,,,
5320260501010012,nara,2026-05-01,12,◎1 ○6 ▲4 △2 注3 ×5,,,,,3,林 慶次郎  福,岡,28,111,S1,逃,3.92,101.71,△,4,14.2,23.8,38.0,2,3,,,,,,
5320260501010012,nara,2026-05-01,12,◎1 ○6 ▲4 △2 注3 ×5,,,,,4,朝倉 佳弘  東,京,45,90,S1,追,3.93,99.18,▲,3,13.0,26.0,39.1,0,0,,,,,,
5320260501010012,nara,2026-05-01,12,◎1 ○6 ▲4 △2 注3 ×5,,,,,5,徳永 哲人  熊,本,43,100,S1,両,3.92,100.39,注,2,16.6,25.0,33.3,1,2,,,,,,
5320260501010012,nara,2026-05-01,12,◎1 ○6 ▲4 △2 注3 ×5,,,,,6,河村 雅章  東,京,43,92,S2,追,3.92,105.52,○,5,17.3,34.7,60.8,0,0,,,,,,
5320260501010012,nara,2026-05-01,12,◎1 ○6 ▲4 △2 注3 ×5,,,,,7,太田 竜馬  徳,島,30,109,S1,逃,3.92,104.61,×,1,5.5,38.8,55.5,1,6,,,,,,
6320260501010001,hofu,2026-05-01,1,◎1 ○7 ×5 注3 △4 ▲2,"1-4  1,590円(6)","1-4-7  4,010円(14)",1=4=7  700円(4),1=4  290円(5)  1=7  100円(1)  4=7  430円(8) / 1=4  290円(5)  1=7  100円(1)  4=7  430円(8),1,高橋 幸司  沖,縄,37,99,A2,逃,3.92,90.52,◎,6,33.3,52.3,66.6,7,3,1,10.0,差,,,
6320260501010001,hofu,2026-05-01,1,◎1 ○7 ×5 注3 △4 ▲2,"1-4  1,590円(6)","1-4-7  4,010円(14)",1=4=7  700円(4),1=4  290円(5)  1=7  100円(1)  4=7  430円(8) / 1=4  290円(5)  1=7  100円(1)  4=7  430円(8),2,山崎 晃  石,川,40,95,A2,両,3.92,80.33,△,4,9.5,19.0,28.5,3,0,4,10.4,,１/４車輪,,
6320260501010001,hofu,2026-05-01,1,◎1 ○7 ×5 注3 △4 ▲2,"1-4  1,590円(6)","1-4-7  4,010円(14)",1=4=7  700円(4),1=4  290円(5)  1=7  100円(1)  4=7  430円(8) / 1=4  290円(5)  1=7  100円(1)  4=7  430円(8),3,松下 綾馬  岡,山,29,121,A1,逃,3.92,83.54,×,1,16.6,33.3,33.3,2,6,7,10.4,,１/４車輪,,
6320260501010001,hofu,2026-05-01,1,◎1 ○7 ×5 注3 △4 ▲2,"1-4  1,590円(6)","1-4-7  4,010円(14)",1=4=7  700円(4),1=4  290円(5)  1=7  100円(1)  4=7  430円(8) / 1=4  290円(5)  1=7  100円(1)  4=7  430円(8),4,高比良 豪  福,岡,46,84,A1,追,3.92,82.57,注,2,5.2,21.0,26.3,0,1,2,10.1,捲,１車身,,
6320260501010001,hofu,2026-05-01,1,◎1 ○7 ×5 注3 △4 ▲2,"1-4  1,590円(6)","1-4-7  4,010円(14)",1=4=7  700円(4),1=4  290円(5)  1=7  100円(1)  4=7  430円(8) / 1=4  290円(5)  1=7  100円(1)  4=7  430円(8),5,船倉 卓郎  長,崎,41,99,A2,追,3.92,79.66,,0,0.0,5.5,5.5,0,1,5,10.0,,１車身,,
6320260501010001,hofu,2026-05-01,1,◎1 ○7 ×5 注3 △4 ▲2,"1-4  1,590円(6)","1-4-7  4,010円(14)",1=4=7  700円(4),1=4  290円(5)  1=7  100円(1)  4=7  430円(8) / 1=4  290円(5)  1=7  100円(1)  4=7  430円(8),6,佐野 洋継  京,都,38,97,A2,両,3.92,79.52,▲,3,4.7,4.7,19.0,0,0,6,10.5,,１/２車輪,,
6320260501010001,hofu,2026-05-01,1,◎1 ○7 ×5 注3 △4 ▲2,"1-4  1,590円(6)","1-4-7  4,010円(14)",1=4=7  700円(4),1=4  290円(5)  1=7  100円(1)  4=7  430円(8) / 1=4  290円(5)  1=7  100円(1)  4=7  430円(8),7,安東 英博  大,分,45,87,A1,追,3.92,85.04,○,5,0.0,8.3,33.3,0,0,3,10.0,,１/４車輪,,
6320260501010002,hofu,2026-05-01,2,◎4 ○1 △7 注5 ×2 ▲3,4-1  220円(1),"4-1-2  1,660円(4)",1=2=4  970円(4),1=2  520円(8)  1=4  100円(1)  2=4  540円(10) / 1=2  520円(8)  1=4  100円(1)  2=4  540円(10),1,山本 隼人  大,阪,28,111,A1,追,3.92,86.25,○,5,8.3,8.3,16.6,0,0,2,9.6,ク,３/４車身,,
6320260501010002,hofu,2026-05-01,2,◎4 ○1 △7 注5 ×2 ▲3,4-1  220円(1),"4-1-2  1,660円(4)",1=2=4  970円(4),1=2  520円(8)  1=4  100円(1)  2=4  540円(10) / 1=2  520円(8)  1=4  100円(1)  2=4  540円(10),2,仲松 勝太  沖,縄,48,96,A2,追,3.92,81.94,注,2,0.0,11.1,44.4,0,0,3,10.1,,５車身,,
6320260501010002,hofu,2026-05-01,2,◎4 ○1 △7 注5 ×2 ▲3,4-1  220円(1),"4-1-2  1,660円(4)",1=2=4  970円(4),1=2  520円(8)  1=4  100円(1)  2=4  540円(10) / 1=2  520円(8)  1=4  100円(1)  2=4  540円(10),3,天野 純平  佐,賀,27,115,A2,逃,3.92,83.45,×,1,30.0,40.0,45.0,4,2,4,10.0,,３/４車輪,,
6320260501010002,hofu,2026-05-01,2,◎4 ○1 △7 注5 ×2 ▲3,4-1  220円(1),"4-1-2  1,660円(4)",1=2=4  970円(4),1=2  520円(8)  1=4  100円(1)  2=4  540円(10) / 1=2  520円(8)  1=4  100円(1)  2=4  540円(10),4,石田 拓真  愛,知,24,119,A1,逃,3.92,89.66,◎,6,22.2,27.7,44.4,4,1,1,9.7,捲,,,
6320260501010002,hofu,2026-05-01,2,◎4 ○1 △7 注5 ×2 ▲3,4-1  220円(1),"4-1-2  1,660円(4)",1=2=4  970円(4),1=2  520円(8)  1=4  100円(1)  2=4  540円(10) / 1=2  520円(8)  1=4  100円(1)  2=4  540円(10),5,松本 昂大  長,崎,21,125,A2,逃,3.92,81.86,△,4,26.6,33.3,40.0,5,0,5,10.3,,１/２車身,,
6320260501010002,hofu,2026-05-01,2,◎4 ○1 △7 注5 ×2 ▲3,4-1  220円(1),"4-1-2  1,660円(4)",1=2=4  970円(4),1=2  520円(8)  1=4  100円(1)  2=4  540円(10) / 1=2  520円(8)  1=4  100円(1)  2=4  540円(10),6,山崎 翼  大,分,37,95,A2,逃,3.92,78.0,▲,3,16.6,16.6,16.6,0,1,6,9.8,,１車身,,
6320260501010002,hofu,2026-05-01,2,◎4 ○1 △7 注5 ×2 ▲3,4-1  220円(1),"4-1-2  1,660円(4)",1=2=4  970円(4),1=2  520円(8)  1=4  100円(1)  2=4  540円(10) / 1=2  520円(8)  1=4  100円(1)  2=4  540円(10),7,金田 健一郎  大,阪,59,60,A2,追,3.92,79.42,,0,0.0,4.7,19.0,0,0,7,10.1,,１車身１/２,,
6320260501010003,hofu,2026-05-01,3,◎1 ○6 △4 ×2 注5 ▲3,"4-2  7,490円(14)","4-2-5  20,060円(40)","2=4=5  6,020円(15)","2=4  690円(7)  2=5  1,820円(15)  4=5  2,600円(18) / 2=4  690円(7)  2=5  1,820円(15)  4=5  2,600円(18)",1,細中 翔太  岡,山,26,125,A2,逃,3.92,92.0,◎,6,52.3,66.6,76.1,11,1,4,10.4,,１車身１/２,,
6320260501010003,hofu,2026-05-01,3,◎1 ○6 △4 ×2 注5 ▲3,"4-2  7,490円(14)","4-2-5  20,060円(40)","2=4=5  6,020円(15)","2=4  690円(7)  2=5  1,820円(15)  4=5  2,600円(18) / 2=4  690円(7)  2=5  1,820円(15)  4=5  2,600円(18)",2,楢原 由将  福,岡,38,94,A2,両,3.92,82.89,×,1,0.0,5.2,21.0,0,0,2,9.9,ク,１車身,,
6320260501010003,hofu,2026-05-01,3,◎1 ○6 △4 ×2 注5 ▲3,"4-2  7,490円(14)","4-2-5  20,060円(40)","2=4=5  6,020円(15)","2=4  690円(7)  2=5  1,820円(15)  4=5  2,600円(18) / 2=4  690円(7)  2=5  1,820円(15)  4=5  2,600円(18)",3,小林 史也,和歌山,40,107,A1,逃,3.92,83.26,注,2,5.0,25.0,30.0,5,0,6,10.6,,１車身１/２,,
6320260501010003,hofu,2026-05-01,3,◎1 ○6 △4 ×2 注5 ▲3,"4-2  7,490円(14)","4-2-5  20,060円(40)","2=4=5  6,020円(15)","2=4  690円(7)  2=5  1,820円(15)  4=5  2,600円(18) / 2=4  690円(7)  2=5  1,820円(15)  4=5  2,600円(18)",4,中山 遼太郎  熊,本,23,121,A1,逃,3.92,82.95,△,4,5.0,25.0,40.0,2,3,1,10.0,捲,,,
6320260501010003,hofu,2026-05-01,3,◎1 ○6 △4 ×2 注5 ▲3,"4-2  7,490円(14)","4-2-5  20,060円(40)","2=4=5  6,020円(15)","2=4  690円(7)  2=5  1,820円(15)  4=5  2,600円(18) / 2=4  690円(7)  2=5  1,820円(15)  4=5  2,600円(18)",5,飯塚 直人  佐,賀,35,98,A2,両,3.92,81.09,,0,0.0,5.0,30.0,0,0,3,9.9,,３/４車身,,
6320260501010003,hofu,2026-05-01,3,◎1 ○6 △4 ×2 注5 ▲3,"4-2  7,490円(14)","4-2-5  20,060円(40)","2=4=5  6,020円(15)","2=4  690円(7)  2=5  1,820円(15)  4=5  2,600円(18) / 2=4  690円(7)  2=5  1,820円(15)  4=5  2,600円(18)",6,山中 崇弘  高,知,30,113,A2,追,3.92,80.5,○,5,4.5,9.0,27.2,0,0,5,10.2,,１/４車輪,,
6320260501010003,hofu,2026-05-01,3,◎1 ○6 △4 ×2 注5 ▲3,"4-2  7,490円(14)","4-2-5  20,060円(40)","2=4=5  6,020円(15)","2=4  690円(7)  2=5  1,820円(15)  4=5  2,600円(18) / 2=4  690円(7)  2=5  1,820円(15)  4=5  2,600円(18)",7,堺 文人,和歌山,47,85,A2,追,3.92,83.4,▲,3,9.5,28.5,42.8,0,0,7,10.4,,３/４車輪,,
6320260501010004,hofu,2026-05-01,4,注7 ×1 ▲5 △2 ◎6 ○4,4-3  200円(1),4-3-1  370円(1),1=3=4  240円(1),1=3  190円(3)  1=4  130円(2)  3=4  100円(1) / 1=3  190円(3)  1=4  130円(2)  3=4  100円(1),1,林 明宏  高,知,49,79,A1,追,3.93,86.83,×,1,12.5,25.0,50.0,0,0,3,10.2,,３/４車身,,
6320260501010004,hofu,2026-05-01,4,注7 ×1 ▲5 △2 ◎6 ○4,4-3  200円(1),4-3-1  370円(1),1=3=4  240円(1),1=3  190円(3)  1=4  130円(2)  3=4  100円(1) / 1=3  190円(3)  1=4  130円(2)  3=4  100円(1),2,勝谷 勝治  三,重,35,115,A2,両,3.92,82.61,△,4,9.5,23.8,42.8,0,0,4,10.3,,１/２車身,,
6320260501010004,hofu,2026-05-01,4,注7 ×1 ▲5 △2 ◎6 ○4,4-3  200円(1),4-3-1  370円(1),1=3=4  240円(1),1=3  190円(3)  1=4  130円(2)  3=4  100円(1) / 1=3  190円(3)  1=4  130円(2)  3=4  100円(1),3,好永 晃  佐,賀,35,98,A1,追,3.92,86.16,○,5,0.0,25.0,33.3,0,0,2,10.2,ク,１車身１/２,,
6320260501010004,hofu,2026-05-01,4,注7 ×1 ▲5 △2 ◎6 ○4,4-3  200円(1),4-3-1  370円(1),1=3=4  240円(1),1=3  190円(3)  1=4  130円(2)  3=4  100円(1) / 1=3  190円(3)  1=4  130円(2)  3=4  100円(1),4,林 昴  福,岡,24,119,A1,逃,3.92,88.92,◎,6,38.4,53.8,61.5,4,3,1,10.2,逃,,,
6320260501010004,hofu,2026-05-01,4,注7 ×1 ▲5 △2 ◎6 ○4,4-3  200円(1),4-3-1  370円(1),1=3=4  240円(1),1=3  190円(3)  1=4  130円(2)  3=4  100円(1) / 1=3  190円(3)  1=4  130円(2)  3=4  100円(1),5,米澤 大輔  徳,島,51,73,A2,追,3.92,79.38,▲,3,0.0,9.5,14.2,0,0,落,,,,,
6320260501010004,hofu,2026-05-01,4,注7 ×1 ▲5 △2 ◎6 ○4,4-3  200円(1),4-3-1  370円(1),1=3=4  240円(1),1=3  190円(3)  1=4  130円(2)  3=4  100円(1) / 1=3  190円(3)  1=4  130円(2)  3=4  100円(1),6,小川 将人  愛,知,50,75,A2,追,3.92,79.25,,0,0.0,0.0,5.0,0,0,6,10.2,,１車身１/２,,
6320260501010004,hofu,2026-05-01,4,注7 ×1 ▲5 △2 ◎6 ○4,4-3  200円(1),4-3-1  370円(1),1=3=4  240円(1),1=3  190円(3)  1=4  130円(2)  3=4  100円(1) / 1=3  190円(3)  1=4  130円(2)  3=4  100円(1),7,原田 峻治  山,口,31,125,A2,逃,3.92,83.38,注,2,4.7,19.0,33.3,2,2,5,10.3,,１/４車輪,,
6320260501010005,hofu,2026-05-01,5,×6 ▲5 △1 ○7 ◎4 注2,"2-5  1,390円(7)","2-5-3  7,390円(36)","2=3=5  1,180円(7)",2=3  260円(3)  2=5  210円(2)  3=5  440円(8) / 2=3  260円(3)  2=5  210円(2)  3=5  440円(8),1,舛井 幹雄  三,重,54,71,A1,追,3.93,91.0,▲,3,19.0,42.8,52.3,0,0,4,9.9,,３/４車身,,
6320260501010005,hofu,2026-05-01,5,×6 ▲5 △1 ○7 ◎4 注2,"2-5  1,390円(7)","2-5-3  7,390円(36)","2=3=5  1,180円(7)",2=3  260円(3)  2=5  210円(2)  3=5  440円(8) / 2=3  260円(3)  2=5  210円(2)  3=5  440円(8),2,小原 周祐  高,知,35,99,A1,両,3.92,96.53,◎,6,60.0,86.6,100.0,0,0,1,10.1,差,,,
6320260501010005,hofu,2026-05-01,5,×6 ▲5 △1 ○7 ◎4 注2,"2-5  1,390円(7)","2-5-3  7,390円(36)","2=3=5  1,180円(7)",2=3  260円(3)  2=5  210円(2)  3=5  440円(8) / 2=3  260円(3)  2=5  210円(2)  3=5  440円(8),3,松本 憲斗  熊,本,29,119,A1,逃,3.92,93.73,注,2,33.3,40.0,80.0,1,4,3,9.7,,１/２車輪,,
6320260501010005,hofu,2026-05-01,5,×6 ▲5 △1 ○7 ◎4 注2,"2-5  1,390円(7)","2-5-3  7,390円(36)","2=3=5  1,180円(7)",2=3  260円(3)  2=5  210円(2)  3=5  440円(8) / 2=3  260円(3)  2=5  210円(2)  3=5  440円(8),4,中野 光太郎  徳,島,26,121,A1,逃,3.93,95.0,○,5,25.0,50.0,50.0,0,0,7,10.4,,１/２車輪,,
6320260501010005,hofu,2026-05-01,5,×6 ▲5 △1 ○7 ◎4 注2,"2-5  1,390円(7)","2-5-3  7,390円(36)","2=3=5  1,180円(7)",2=3  260円(3)  2=5  210円(2)  3=5  440円(8) / 2=3  260円(3)  2=5  210円(2)  3=5  440円(8),5,吉川 起也  富,山,42,92,A1,両,3.92,93.65,×,1,33.3,61.9,66.6,0,6,2,10.0,ク,３/４車輪,,
6320260501010005,hofu,2026-05-01,5,×6 ▲5 △1 ○7 ◎4 注2,"2-5  1,390円(7)","2-5-3  7,390円(36)","2=3=5  1,180円(7)",2=3  260円(3)  2=5  210円(2)  3=5  440円(8) / 2=3  260円(3)  2=5  210円(2)  3=5  440円(8),6,中野 雄喜  京,都,32,111,A1,両,3.92,90.14,,0,13.3,26.6,60.0,1,1,6,10.3,,１/２車輪,,
6320260501010005,hofu,2026-05-01,5,×6 ▲5 △1 ○7 ◎4 注2,"2-5  1,390円(7)","2-5-3  7,390円(36)","2=3=5  1,180円(7)",2=3  260円(3)  2=5  210円(2)  3=5  440円(8) / 2=3  260円(3)  2=5  210円(2)  3=5  440円(8),7,富 武大  山,口,28,121,A1,逃,3.92,93.21,△,4,35.7,57.1,64.2,3,4,5,9.6,,１/２車輪,,
6320260501010006,hofu,2026-05-01,6,注3 ×2 ◎1 △4 ○5 ▲6,"4-1  3,600円(6)","4-1-2  16,180円(20)",1=2=4  570円(3),1=2  300円(3)  1=4  260円(2)  2=4  950円(7) / 1=2  300円(3)  1=4  260円(2)  2=4  950円(7),1,半田 水晶  茨,城,28,128,L1,両,3.79,56.18,◎,6,68.1,81.8,86.3,13,5,2,10.4,逃,２車身,,
6320260501010006,hofu,2026-05-01,6,注3 ×2 ◎1 △4 ○5 ▲6,"4-1  3,600円(6)","4-1-2  16,180円(20)",1=2=4  570円(3),1=2  300円(3)  1=4  260円(2)  2=4  950円(7) / 1=2  300円(3)  1=4  260円(2)  2=4  950円(7),2,中野 咲  愛,知,29,110,L1,両,3.79,51.47,×,1,4.3,21.7,39.1,0,0,3,10.4,,１車身,,
6320260501010006,hofu,2026-05-01,6,注3 ×2 ◎1 △4 ○5 ▲6,"4-1  3,600円(6)","4-1-2  16,180円(20)",1=2=4  570円(3),1=2  300円(3)  1=4  260円(2)  2=4  950円(7) / 1=2  300円(3)  1=4  260円(2)  2=4  950円(7),3,野寺 楓  静,岡,27,122,L1,追,3.79,50.61,注,2,0.0,16.6,33.3,0,0,4,10.4,,１車身,,
6320260501010006,hofu,2026-05-01,6,注3 ×2 ◎1 △4 ○5 ▲6,"4-1  3,600円(6)","4-1-2  16,180円(20)",1=2=4  570円(3),1=2  300円(3)  1=4  260円(2)  2=4  950円(7) / 1=2  300円(3)  1=4  260円(2)  2=4  950円(7),4,村田 奈穂  熊,本,34,116,L1,両,3.77,51.54,△,4,4.1,29.1,41.6,0,2,1,10.1,捲,,,
6320260501010006,hofu,2026-05-01,6,注3 ×2 ◎1 △4 ○5 ▲6,"4-1  3,600円(6)","4-1-2  16,180円(20)",1=2=4  570円(3),1=2  300円(3)  1=4  260円(2)  2=4  950円(7) / 1=2  300円(3)  1=4  260円(2)  2=4  950円(7),5,永禮 美瑠  愛,知,26,118,L1,両,3.77,52.95,○,5,20.8,37.5,66.6,1,3,5,10.6,,１/２車身,,
6320260501010006,hofu,2026-05-01,6,注3 ×2 ◎1 △4 ○5 ▲6,"4-1  3,600円(6)","4-1-2  16,180円(20)",1=2=4  570円(3),1=2  300円(3)  1=4  260円(2)  2=4  950円(7) / 1=2  300円(3)  1=4  260円(2)  2=4  950円(7),6,中原 恭恵  広,島,39,126,L1,両,3.71,46.6,▲,3,0.0,4.1,20.8,0,0,6,10.3,,１車身１/２,,
6320260501010006,hofu,2026-05-01,6,注3 ×2 ◎1 △4 ○5 ▲6,"4-1  3,600円(6)","4-1-2  16,180円(20)",1=2=4  570円(3),1=2  300円(3)  1=4  260円(2)  2=4  950円(7) / 1=2  300円(3)  1=4  260円(2)  2=4  950円(7),7,渡辺 ゆかり  山,梨,45,102,L1,追,3.71,44.73,,0,0.0,0.0,4.3,0,0,7,10.6,,４車身,,
6320260501010007,hofu,2026-05-01,7,注4 ▲5 △1 ×2 ○3 ◎7,6-7  180円(1),6-7-1  370円(1),1=6=7  210円(1),1=6  120円(2)  1=7  240円(6)  6=7  100円(1) / 1=6  120円(2)  1=7  240円(6)  6=7  100円(1),1,東 美月  兵,庫,24,124,L1,両,3.77,52.0,△,4,4.1,37.5,62.5,0,2,3,10.2,,３/４車身,,
6320260501010007,hofu,2026-05-01,7,注4 ▲5 △1 ×2 ○3 ◎7,6-7  180円(1),6-7-1  370円(1),1=6=7  210円(1),1=6  120円(2)  1=7  240円(6)  6=7  100円(1) / 1=6  120円(2)  1=7  240円(6)  6=7  100円(1),2,佐々木 綾  東,京,26,116,L1,両,3.79,49.77,,0,3.7,18.5,37.0,0,0,7,10.8,,３/４車身,,
6320260501010007,hofu,2026-05-01,7,注4 ▲5 △1 ×2 ○3 ◎7,6-7  180円(1),6-7-1  370円(1),1=6=7  210円(1),1=6  120円(2)  1=7  240円(6)  6=7  100円(1) / 1=6  120円(2)  1=7  240円(6)  6=7  100円(1),3,杉浦 菜留  愛,知,25,118,L1,両,3.79,49.94,×,1,5.8,17.6,29.4,0,0,5,10.3,,４車身,,
6320260501010007,hofu,2026-05-01,7,注4 ▲5 △1 ×2 ○3 ◎7,6-7  180円(1),6-7-1  370円(1),1=6=7  210円(1),1=6  120円(2)  1=7  240円(6)  6=7  100円(1) / 1=6  120円(2)  1=7  240円(6)  6=7  100円(1),4,加藤 恵  青,森,40,112,L1,両,3.79,50.62,注,2,11.1,29.6,55.5,6,1,4,10.2,,１/２車輪,,
6320260501010007,hofu,2026-05-01,7,注4 ▲5 △1 ×2 ○3 ◎7,6-7  180円(1),6-7-1  370円(1),1=6=7  210円(1),1=6  120円(2)  1=7  240円(6)  6=7  100円(1) / 1=6  120円(2)  1=7  240円(6)  6=7  100円(1),5,成海 綾香  沖,縄,25,128,L1,両,3.77,46.57,▲,3,0.0,0.0,0.0,0,0,6,10.8,,８車身,,
6320260501010007,hofu,2026-05-01,7,注4 ▲5 △1 ×2 ○3 ◎7,6-7  180円(1),6-7-1  370円(1),1=6=7  210円(1),1=6  120円(2)  1=7  240円(6)  6=7  100円(1) / 1=6  120円(2)  1=7  240円(6)  6=7  100円(1),6,山原 さくら  山,口,33,104,L1,両,3.77,57.5,◎,6,83.3,91.6,95.8,7,13,1,10.3,逃,,,
6320260501010007,hofu,2026-05-01,7,注4 ▲5 △1 ×2 ○3 ◎7,6-7  180円(1),6-7-1  370円(1),1=6=7  210円(1),1=6  120円(2)  1=7  240円(6)  6=7  100円(1) / 1=6  120円(2)  1=7  240円(6)  6=7  100円(1),7,細田 愛未  埼,玉,30,108,L1,両,3.79,53.71,○,5,21.4,64.2,71.4,2,1,2,10.2,ク,１/２車身,,
7520260501010001,matsuyama,2026-05-01,1,×1 △3 ▲5 ○4 ◎2 注7,,,,,1,里見 恒平  千,葉,49,99,A3,逃,3.92,72.25,×,1,25.0,50.0,50.0,1,6,,,,,,
7520260501010001,matsuyama,2026-05-01,1,×1 △3 ▲5 ○4 ◎2 注7,,,,,2,龍門 慎太郎  岡,山,40,96,A3,追,3.92,69.86,◎,6,13.7,31.0,37.9,1,2,,,,,,
7520260501010001,matsuyama,2026-05-01,1,×1 △3 ▲5 ○4 ◎2 注7,,,,,3,志村 正洋,神奈川,51,77,A3,追,3.85,69.59,△,4,7.6,26.9,34.6,0,0,,,,,,
7520260501010001,matsuyama,2026-05-01,1,×1 △3 ▲5 ○4 ◎2 注7,,,,,4,中岡 海  愛,媛,23,123,A3,逃,3.92,67.69,○,5,17.3,34.7,39.1,5,3,,,,,,
7520260501010001,matsuyama,2026-05-01,1,×1 △3 ▲5 ○4 ◎2 注7,,,,,5,長岡 豪  群,馬,42,91,A3,追,3.92,67.5,▲,3,0.0,0.0,25.0,0,0,,,,,,
7520260501010001,matsuyama,2026-05-01,1,×1 △3 ▲5 ○4 ◎2 注7,,,,,6,村上 順規  新,潟,49,80,A3,追,3.85,67.11,注,2,0.0,0.0,22.2,0,0,,,,,,
7520260501010001,matsuyama,2026-05-01,1,×1 △3 ▲5 ○4 ◎2 注7,,,,,7,屋宜 浩二  沖,縄,40,97,A3,追,3.92,63.94,,0,0.0,0.0,22.2,0,0,,,,,,
7520260501010002,matsuyama,2026-05-01,2,◎2 ○1 ▲6 △4 ×3 注5,,,,,1,田中 孝法  福,岡,44,91,A3,追,3.92,72.84,○,5,21.0,47.3,57.8,0,0,,,,,,
7520260501010002,matsuyama,2026-05-01,2,◎2 ○1 ▲6 △4 ×3 注5,,,,,2,高鍋 邦彰  福,岡,39,95,A3,両,3.92,72.55,◎,6,29.6,51.8,59.2,6,2,,,,,,
7520260501010002,matsuyama,2026-05-01,2,◎2 ○1 ▲6 △4 ×3 注5,,,,,3,齋藤 昌太  栃,木,39,93,A3,追,3.92,70.96,×,1,11.1,29.6,48.1,0,0,,,,,,
7520260501010002,matsuyama,2026-05-01,2,◎2 ○1 ▲6 △4 ×3 注5,,,,,4,相川 巧  埼,玉,36,98,A3,両,3.92,69.51,△,4,13.7,27.5,44.8,5,2,,,,,,
7520260501010002,matsuyama,2026-05-01,2,◎2 ○1 ▲6 △4 ×3 注5,,,,,5,石川 英昭  静,岡,54,75,A3,追,3.93,68.29,注,2,8.3,25.0,37.5,0,0,,,,,,
7520260501010002,matsuyama,2026-05-01,2,◎2 ○1 ▲6 △4 ×3 注5,,,,,6,大山 泰伸  香,川,54,68,A3,追,3.85,65.93,▲,3,0.0,0.0,13.3,0,0,,,,,,
7520260501010002,matsuyama,2026-05-01,2,◎2 ○1 ▲6 △4 ×3 注5,,,,,7,吉竹 雄城  千,葉,36,99,A3,追,3.92,61.92,,0,0.0,0.0,4.0,0,0,,,,,,
7520260501010003,matsuyama,2026-05-01,3,○5 ◎1 注2 △3 ×4 ▲7,,,,,1,旭 啓介,神奈川,47,86,A3,追,3.92,73.44,◎,6,22.2,33.3,44.4,0,0,,,,,,
7520260501010003,matsuyama,2026-05-01,3,○5 ◎1 注2 △3 ×4 ▲7,,,,,2,鈴木 規純  福,島,51,75,A3,追,3.93,69.48,注,2,12.0,24.0,32.0,0,1,,,,,,
7520260501010003,matsuyama,2026-05-01,3,○5 ◎1 注2 △3 ×4 ▲7,,,,,3,菅原 洋輔  岩,手,44,98,A3,両,3.92,69.44,△,4,7.6,26.9,46.1,3,2,,,,,,
7520260501010003,matsuyama,2026-05-01,3,○5 ◎1 注2 △3 ×4 ▲7,,,,,4,岡田 哲夫  福,島,43,92,A3,追,3.92,69.04,,0,4.7,14.2,38.0,0,0,,,,,,
7520260501010003,matsuyama,2026-05-01,3,○5 ◎1 注2 △3 ×4 ▲7,,,,,5,野口 修平,神奈川,37,105,A3,逃,3.85,68.0,○,5,22.7,22.7,31.8,5,0,,,,,,
7520260501010003,matsuyama,2026-05-01,3,○5 ◎1 注2 △3 ×4 ▲7,,,,,6,小野 祐作  岡,山,53,72,A3,追,3.93,66.58,▲,3,0.0,5.5,16.6,0,0,,,,,,
7520260501010003,matsuyama,2026-05-01,3,○5 ◎1 注2 △3 ×4 ▲7,,,,,7,柏野 健吾  岡,山,23,127,A3,逃,3.92,64.9,×,1,0.0,0.0,0.0,0,0,,,,,,
7520260501010004,matsuyama,2026-05-01,4,◎2 ○1 △3 ×4 注5 ▲7,,,,,1,高嶋 一朗  岡,山,58,62,A3,追,3.86,75.33,○,5,33.3,61.1,66.6,0,0,,,,,,
7520260501010004,matsuyama,2026-05-01,4,◎2 ○1 △3 ×4 注5 ▲7,,,,,2,右近 陸人  山,口,26,127,A3,逃,3.92,71.7,◎,6,8.3,33.3,45.8,5,1,,,,,,
7520260501010004,matsuyama,2026-05-01,4,◎2 ○1 △3 ×4 注5 ▲7,,,,,3,松木 竜也  愛,媛,56,65,A3,追,3.93,69.52,△,4,5.2,10.5,31.5,0,0,,,,,,
7520260501010004,matsuyama,2026-05-01,4,◎2 ○1 △3 ×4 注5 ▲7,,,,,4,吉川 誠,神奈川,44,86,A3,両,3.93,68.88,×,1,0.0,16.6,27.7,1,1,,,,,,
7520260501010004,matsuyama,2026-05-01,4,◎2 ○1 △3 ×4 注5 ▲7,,,,,5,戸ノ下 太郎  千,葉,50,76,A3,追,3.85,68.69,注,2,8.6,21.7,34.7,0,0,,,,,,
7520260501010004,matsuyama,2026-05-01,4,◎2 ○1 △3 ×4 注5 ▲7,,,,,6,橋本 祐司  青,森,41,95,A3,追,3.92,66.57,▲,3,4.7,14.2,28.5,0,0,,,,,,
7520260501010004,matsuyama,2026-05-01,4,◎2 ○1 △3 ×4 注5 ▲7,,,,,7,三浦 平志郎  秋,田,37,100,A3,逃,3.85,63.5,,0,4.7,4.7,14.2,1,0,,,,,,
7520260501010005,matsuyama,2026-05-01,5,◎1 ○2 注5 ▲6 △3 ×4,,,,,1,畑崎 大輝  青,森,24,127,A3,逃,3.85,78.14,◎,6,61.9,80.9,85.7,13,4,,,,,,
7520260501010005,matsuyama,2026-05-01,5,◎1 ○2 注5 ▲6 △3 ×4,,,,,2,榊枝 輝文  福,島,49,79,A3,追,3.93,70.11,○,5,11.5,34.6,46.1,0,2,,,,,,
7520260501010005,matsuyama,2026-05-01,5,◎1 ○2 注5 ▲6 △3 ×4,,,,,3,吉田 悟  熊,本,32,119,A3,逃,3.92,69.5,△,4,11.1,33.3,44.4,4,2,,,,,,
7520260501010005,matsuyama,2026-05-01,5,◎1 ○2 注5 ▲6 △3 ×4,,,,,4,仙石 淳  沖,縄,53,73,A3,追,3.85,69.0,×,1,7.6,15.3,30.7,0,0,,,,,,
7520260501010005,matsuyama,2026-05-01,5,◎1 ○2 注5 ▲6 △3 ×4,,,,,5,水野 悟志  静,岡,42,94,A3,追,3.92,68.95,注,2,9.5,23.8,33.3,0,0,,,,,,
7520260501010005,matsuyama,2026-05-01,5,◎1 ○2 注5 ▲6 △3 ×4,,,,,6,黒瀬 浩一  静,岡,60,57,A3,追,3.92,65.11,▲,3,0.0,11.1,14.8,0,0,,,,,,
7520260501010005,matsuyama,2026-05-01,5,◎1 ○2 注5 ▲6 △3 ×4,,,,,7,鈴木 龍之介  栃,木,48,81,A3,追,3.92,61.58,,0,0.0,0.0,0.0,0,0,,,,,,
7520260501010006,matsuyama,2026-05-01,6,◎1 ○2 ×7 △4 注3 ▲6,,,,,1,木村 優駿  埼,玉,20,127,A3,逃,3.77,78.33,◎,6,58.3,87.5,87.5,19,0,,,,,,
7520260501010006,matsuyama,2026-05-01,6,◎1 ○2 ×7 △4 注3 ▲6,,,,,2,伊藤 一貴  栃,木,54,72,A3,追,3.83,75.55,○,5,11.1,59.2,77.7,0,0,,,,,,
7520260501010006,matsuyama,2026-05-01,6,◎1 ○2 ×7 △4 注3 ▲6,,,,,3,杉浦 康一,北海道,61,58,A3,追,3.92,69.4,△,4,14.8,29.6,48.1,0,0,,,,,,
7520260501010006,matsuyama,2026-05-01,6,◎1 ○2 ×7 △4 注3 ▲6,,,,,4,佐藤 康恭  福,島,40,94,A3,両,3.85,68.2,×,1,12.5,16.6,37.5,0,2,,,,,,
7520260501010006,matsuyama,2026-05-01,6,◎1 ○2 ×7 △4 注3 ▲6,,,,,5,穴井 利久  福,岡,55,65,A3,追,3.92,67.75,▲,3,0.0,0.0,33.3,0,0,,,,,,
7520260501010006,matsuyama,2026-05-01,6,◎1 ○2 ×7 △4 注3 ▲6,,,,,6,真崎 章徳  佐,賀,30,113,A3,逃,3.92,67.08,注,2,8.0,24.0,24.0,2,3,,,,,,
7520260501010006,matsuyama,2026-05-01,6,◎1 ○2 ×7 △4 注3 ▲6,,,,,7,中山 善仁  新,潟,52,73,A3,追,3.85,64.46,,0,0.0,7.1,10.7,0,0,,,,,,
7520260501010007,matsuyama,2026-05-01,7,◎1 ○2 ×6 △3 ▲4 注7,,,,,1,邊見 竜馬  福,島,24,127,A3,逃,3.92,79.66,◎,6,100.0,100.0,100.0,4,1,,,,,,
7520260501010007,matsuyama,2026-05-01,7,◎1 ○2 ×6 △3 ▲4 注7,,,,,2,大澤 哉太,北海道,37,95,A3,両,3.92,71.91,○,5,16.6,37.5,54.1,1,0,,,,,,
7520260501010007,matsuyama,2026-05-01,7,◎1 ○2 ×6 △3 ▲4 注7,,,,,3,今村 俊雄  山,梨,46,99,A3,追,3.92,68.83,△,4,11.1,16.6,38.8,0,0,,,,,,
7520260501010007,matsuyama,2026-05-01,7,◎1 ○2 ×6 △3 ▲4 注7,,,,,4,高橋 由記  群,馬,46,88,A3,追,3.92,68.58,▲,3,16.6,20.8,29.1,0,0,,,,,,
7520260501010007,matsuyama,2026-05-01,7,◎1 ○2 ×6 △3 ▲4 注7,,,,,5,横瀬 聡  福,岡,54,69,A3,追,3.92,67.07,注,2,11.5,11.5,26.9,0,0,,,,,,
7520260501010007,matsuyama,2026-05-01,7,◎1 ○2 ×6 △3 ▲4 注7,,,,,6,藤本 龍也  長,野,42,98,A3,両,3.92,66.75,×,1,12.5,18.7,37.5,3,0,,,,,,
7520260501010007,matsuyama,2026-05-01,7,◎1 ○2 ×6 △3 ▲4 注7,,,,,7,ラモス レオ  沖,縄,28,113,A3,逃,3.92,64.2,,0,0.0,8.3,8.3,0,0,,,,,,
8320260501010001,kurume,2026-05-01,1,◎1 ○3 ×4 ▲2 △5 注7,,,,,1,加藤 駿  愛,知,28,127,A3,逃,3.92,75.4,◎,6,29.6,51.8,66.6,9,3,,,,,,
8320260501010001,kurume,2026-05-01,1,◎1 ○3 ×4 ▲2 △5 注7,,,,,2,安谷屋 将志  沖,縄,37,96,A3,両,3.93,74.84,×,1,42.1,42.1,57.8,0,0,,,,,,
8320260501010001,kurume,2026-05-01,1,◎1 ○3 ×4 ▲2 △5 注7,,,,,3,小塚 潤  愛,知,46,86,A3,追,3.92,69.79,○,5,6.8,20.6,34.4,0,1,,,,,,
8320260501010001,kurume,2026-05-01,1,◎1 ○3 ×4 ▲2 △5 注7,,,,,4,梶原 秀庸  大,阪,52,77,A3,追,3.92,69.68,,0,5.2,26.3,36.8,0,0,,,,,,
8320260501010001,kurume,2026-05-01,1,◎1 ○3 ×4 ▲2 △5 注7,,,,,5,松丸 裕紀  福,岡,45,86,A3,追,3.92,68.95,▲,3,4.5,18.1,31.8,0,0,,,,,,
8320260501010001,kurume,2026-05-01,1,◎1 ○3 ×4 ▲2 △5 注7,,,,,6,青木 亮太  群,馬,42,89,A3,追,3.85,68.86,注,2,0.0,6.6,26.6,0,0,,,,,,
8320260501010001,kurume,2026-05-01,1,◎1 ○3 ×4 ▲2 △5 注7,,,,,7,星野 京旺  新,潟,26,127,A3,逃,3.92,66.83,△,4,5.5,16.6,33.3,3,0,,,,,,
8320260501010002,kurume,2026-05-01,2,×2 △3 ▲5 ◎1 ○4 注6,,,,,1,大本 隆也,神奈川,27,127,A3,逃,3.92,75.58,◎,6,41.6,58.3,66.6,12,1,,,,,,
8320260501010002,kurume,2026-05-01,2,×2 △3 ▲5 ◎1 ○4 注6,,,,,2,布居 翼,和歌山,29,109,A3,逃,3.92,74.09,×,1,28.5,38.0,76.1,0,3,,,,,,
8320260501010002,kurume,2026-05-01,2,×2 △3 ▲5 ◎1 ○4 注6,,,,,3,大川 栄二,和歌山,53,70,A3,追,3.86,73.92,△,4,11.1,40.7,70.3,0,0,,,,,,
8320260501010002,kurume,2026-05-01,2,×2 △3 ▲5 ◎1 ○4 注6,,,,,4,安坂 洋一,神奈川,50,79,A3,追,3.92,69.87,○,5,0.0,12.0,36.0,0,0,,,,,,
8320260501010002,kurume,2026-05-01,2,×2 △3 ▲5 ◎1 ○4 注6,,,,,5,柴田 昌樹  愛,知,50,79,A3,追,3.92,69.77,▲,3,8.6,21.7,34.7,0,0,,,,,,
8320260501010002,kurume,2026-05-01,2,×2 △3 ▲5 ◎1 ○4 注6,,,,,6,丸山 勝也  静,岡,46,85,A3,追,3.92,68.0,注,2,0.0,19.0,38.0,0,0,,,,,,
8320260501010002,kurume,2026-05-01,2,×2 △3 ▲5 ◎1 ○4 注6,,,,,7,藤原 義晴  岩,手,45,88,A3,追,3.92,65.0,,0,0.0,8.6,13.0,0,0,,,,,,
8320260501010003,kurume,2026-05-01,3,◎1 ○3 注4 △5 ×2 ▲6,,,,,1,田村 純一  福,島,39,92,A3,両,3.92,76.23,◎,6,42.8,57.1,71.4,1,8,,,,,,
8320260501010003,kurume,2026-05-01,3,◎1 ○3 注4 △5 ×2 ▲6,,,,,2,米原 大輔  沖,縄,45,86,A3,追,3.86,73.79,×,1,16.6,45.8,62.5,0,0,,,,,,
8320260501010003,kurume,2026-05-01,3,◎1 ○3 注4 △5 ×2 ▲6,,,,,3,亀井 道佳  宮,城,48,83,A3,追,3.92,71.87,○,5,0.0,12.5,45.8,0,0,,,,,,
8320260501010003,kurume,2026-05-01,3,◎1 ○3 注4 △5 ×2 ▲6,,,,,4,前川 裕希,北海道,49,95,A3,追,3.92,69.25,注,2,0.0,16.6,33.3,0,0,,,,,,
8320260501010003,kurume,2026-05-01,3,◎1 ○3 注4 △5 ×2 ▲6,,,,,5,楠本 政明  福,岡,30,123,A3,逃,3.92,68.42,△,4,11.5,34.6,46.1,7,1,,,,,,
8320260501010003,kurume,2026-05-01,3,◎1 ○3 注4 △5 ×2 ▲6,,,,,6,森下 忠夫  高,知,53,69,A3,追,3.92,67.95,▲,3,0.0,8.6,34.7,0,0,,,,,,
8320260501010003,kurume,2026-05-01,3,◎1 ○3 注4 △5 ×2 ▲6,,,,,7,山内 大作  静,岡,50,75,A3,追,3.85,65.77,,0,0.0,0.0,3.7,0,0,,,,,,
8320260501010004,kurume,2026-05-01,4,◎1 ○2 注4 ×3 △5 ▲7,,,,,1,土生 智徳  大,阪,29,127,A3,逃,3.92,76.93,◎,6,46.6,80.0,83.3,12,10,,,,,,
8320260501010004,kurume,2026-05-01,4,◎1 ○2 注4 ×3 △5 ▲7,,,,,2,吉川 悟  大,阪,49,79,A3,追,3.92,74.41,○,5,16.6,41.6,66.6,0,0,,,,,,
8320260501010004,kurume,2026-05-01,4,◎1 ○2 注4 ×3 △5 ▲7,,,,,3,山口 直樹,神奈川,30,123,A3,逃,3.85,70.38,×,1,22.2,38.8,50.0,6,1,,,,,,
8320260501010004,kurume,2026-05-01,4,◎1 ○2 注4 ×3 △5 ▲7,,,,,4,川本 恵二  兵,庫,50,78,A3,追,3.92,69.82,注,2,8.6,17.3,30.4,0,0,,,,,,
8320260501010004,kurume,2026-05-01,4,◎1 ○2 注4 ×3 △5 ▲7,,,,,5,石川 一浩  静,岡,59,57,A3,追,3.92,68.72,△,4,0.0,13.0,26.0,0,0,,,,,,
8320260501010004,kurume,2026-05-01,4,◎1 ○2 注4 ×3 △5 ▲7,,,,,6,吉田 英二  東,京,52,76,A3,追,3.92,66.62,▲,3,12.5,20.8,20.8,0,0,,,,,,
8320260501010004,kurume,2026-05-01,4,◎1 ○2 注4 ×3 △5 ▲7,,,,,7,小林 高志  東,京,52,79,A3,追,3.92,66.57,,0,0.0,0.0,14.2,0,0,,,,,,
8320260501010005,kurume,2026-05-01,5,×3 △2 注5 ◎1 ○4 ▲6,,,,,1,関口 朗斗  群,馬,22,127,A3,逃,3.92,77.33,◎,6,33.3,50.0,100.0,1,1,,,,,,
8320260501010005,kurume,2026-05-01,5,×3 △2 注5 ◎1 ○4 ▲6,,,,,2,藤縄 洋介  兵,庫,45,89,A3,両,3.92,73.12,△,4,8.0,44.0,60.0,0,0,,,,,,
8320260501010005,kurume,2026-05-01,5,×3 △2 注5 ◎1 ○4 ▲6,,,,,3,大中 拓磨  兵,庫,37,111,A3,逃,3.93,71.92,×,1,25.9,51.8,59.2,7,2,,,,,,
8320260501010005,kurume,2026-05-01,5,×3 △2 注5 ◎1 ○4 ▲6,,,,,4,飯田 威文  埼,玉,54,67,A3,追,3.92,69.59,○,5,3.7,14.8,44.4,0,0,,,,,,
8320260501010005,kurume,2026-05-01,5,×3 △2 注5 ◎1 ○4 ▲6,,,,,5,南 蓮,和歌山,26,115,A3,追,3.93,69.41,注,2,11.1,16.6,33.3,0,0,,,,,,
8320260501010005,kurume,2026-05-01,5,×3 △2 注5 ◎1 ○4 ▲6,,,,,6,桂馬 将人  福,島,44,89,A3,両,3.92,68.85,▲,3,9.5,23.8,33.3,0,0,,,,,,
8320260501010005,kurume,2026-05-01,5,×3 △2 注5 ◎1 ○4 ▲6,,,,,7,清水 広幸  愛,知,59,57,A3,追,3.85,62.0,,0,0.0,0.0,0.0,0,0,,,,,,
8320260501010006,kurume,2026-05-01,6,◎1 ○2 △4 ▲7 ×6 注5,,,,,1,邊見 祐太  新,潟,29,119,A3,逃,3.92,77.7,◎,6,57.1,76.1,80.9,13,2,,,,,,
8320260501010006,kurume,2026-05-01,6,◎1 ○2 △4 ▲7 ×6 注5,,,,,2,中村 淳  栃,木,54,69,A3,追,3.85,71.92,○,5,18.5,44.4,55.5,0,0,,,,,,
8320260501010006,kurume,2026-05-01,6,◎1 ○2 △4 ▲7 ×6 注5,,,,,3,高田 大輔  岡,山,36,97,A3,追,3.93,68.86,注,2,13.3,26.6,40.0,0,1,,,,,,
8320260501010006,kurume,2026-05-01,6,◎1 ○2 △4 ▲7 ×6 注5,,,,,4,佐川 拓也  福,島,36,99,A3,両,3.86,68.84,△,4,7.1,14.2,28.5,0,0,,,,,,
8320260501010006,kurume,2026-05-01,6,◎1 ○2 △4 ▲7 ×6 注5,,,,,5,三登 誉哲  広,島,39,100,A3,両,3.83,65.66,×,1,0.0,0.0,11.1,0,0,,,,,,
8320260501010006,kurume,2026-05-01,6,◎1 ○2 △4 ▲7 ×6 注5,,,,,6,田村 裕也  徳,島,30,113,A3,逃,3.92,65.64,▲,3,10.7,21.4,32.1,3,1,,,,,,
8320260501010006,kurume,2026-05-01,6,◎1 ○2 △4 ▲7 ×6 注5,,,,,7,齋藤 明,北海道,58,61,A3,追,3.92,63.71,,0,0.0,0.0,4.7,0,0,,,,,,
8320260501010007,kurume,2026-05-01,7,◎1 ○2 ×4 ▲7 △6 注3,,,,,1,吉野 太晟  岡,山,24,127,A3,逃,3.92,78.66,◎,6,66.6,83.3,87.5,18,2,,,,,,
8320260501010007,kurume,2026-05-01,7,◎1 ○2 ×4 ▲7 △6 注3,,,,,2,山原 利秀  高,知,57,63,A3,追,3.92,74.33,○,5,8.3,41.6,58.3,0,0,,,,,,
8320260501010007,kurume,2026-05-01,7,◎1 ○2 ×4 ▲7 △6 注3,,,,,3,鈴木 広人,神奈川,42,99,A3,両,3.93,70.95,△,4,20.8,45.8,50.0,0,4,,,,,,
8320260501010007,kurume,2026-05-01,7,◎1 ○2 ×4 ▲7 △6 注3,,,,,4,近藤 直幹  徳,島,52,75,A3,追,3.92,70.83,×,1,10.0,30.0,60.0,0,0,,,,,,
8320260501010007,kurume,2026-05-01,7,◎1 ○2 ×4 ▲7 △6 注3,,,,,5,石井 孝  千,葉,54,68,A3,追,3.85,68.75,注,2,4.1,12.5,33.3,0,0,,,,,,
8320260501010007,kurume,2026-05-01,7,◎1 ○2 ×4 ▲7 △6 注3,,,,,6,高森 圭介  栃,木,48,83,A3,追,3.92,68.14,,0,14.8,22.2,33.3,0,0,,,,,,
8320260501010007,kurume,2026-05-01,7,◎1 ○2 ×4 ▲7 △6 注3,,,,,7,駒井 大輔  東,京,51,98,A3,両,3.93,63.1,▲,3,0.0,0.0,0.0,0,0,,,,,,
1120260430030001,hakodate,2026-05-02,1,◎6 ○5 △1 注2 ▲7 ×3,6-1  330円(2),6-1-5  860円(2),1=5=6  300円(1),1=5  210円(4)  1=6  130円(1)  5=6  130円(2) / 1=5  210円(4)  1=6  130円(1)  5=6  130円(2),1,平石 浩之  茨,城,48,87,A1,追,3.92,88.57,△,4,5.2,36.8,57.8,0,0,2,13.0,ク,３/４車身,,
1120260430030001,hakodate,2026-05-02,1,◎6 ○5 △1 注2 ▲7 ×3,6-1  330円(2),6-1-5  860円(2),1=5=6  300円(1),1=5  210円(4)  1=6  130円(1)  5=6  130円(2) / 1=5  210円(4)  1=6  130円(1)  5=6  130円(2),2,光畑 政志  岡,山,46,84,A2,追,3.92,77.86,注,2,0.0,0.0,9.0,0,0,6,13.5,,６車身,,
1120260430030001,hakodate,2026-05-02,1,◎6 ○5 △1 注2 ▲7 ×3,6-1  330円(2),6-1-5  860円(2),1=5=6  300円(1),1=5  210円(4)  1=6  130円(1)  5=6  130円(2) / 1=5  210円(4)  1=6  130円(1)  5=6  130円(2),3,森川 剛,神奈川,46,89,A2,追,3.92,77.8,,0,0.0,4.7,14.2,0,0,7,15.8,,大差,,
1120260430030001,hakodate,2026-05-02,1,◎6 ○5 △1 注2 ▲7 ×3,6-1  330円(2),6-1-5  860円(2),1=5=6  300円(1),1=5  210円(4)  1=6  130円(1)  5=6  130円(2) / 1=5  210円(4)  1=6  130円(1)  5=6  130円(2),4,寺林 正秋  宮,城,41,93,A1,追,3.85,82.15,×,1,0.0,10.0,30.0,0,0,4,12.9,,１車身１/２,,
1120260430030001,hakodate,2026-05-02,1,◎6 ○5 △1 注2 ▲7 ×3,6-1  330円(2),6-1-5  860円(2),1=5=6  300円(1),1=5  210円(4)  1=6  130円(1)  5=6  130円(2) / 1=5  210円(4)  1=6  130円(1)  5=6  130円(2),5,伊藤 大彦  徳,島,42,89,A1,追,3.92,83.36,○,5,15.3,30.7,38.4,0,0,3,12.9,,１/２車身,,
1120260430030001,hakodate,2026-05-02,1,◎6 ○5 △1 注2 ▲7 ×3,6-1  330円(2),6-1-5  860円(2),1=5=6  300円(1),1=5  210円(4)  1=6  130円(1)  5=6  130円(2) / 1=5  210円(4)  1=6  130円(1)  5=6  130円(2),6,山根 慶太  岡,山,26,123,A1,逃,3.85,0.0,◎,6,0.0,0.0,0.0,0,0,1,13.0,逃,,,
1120260430030001,hakodate,2026-05-02,1,◎6 ○5 △1 注2 ▲7 ×3,6-1  330円(2),6-1-5  860円(2),1=5=6  300円(1),1=5  210円(4)  1=6  130円(1)  5=6  130円(2) / 1=5  210円(4)  1=6  130円(1)  5=6  130円(2),7,黒崎 直行  栃,木,59,57,A2,追,3.93,78.83,▲,3,0.0,0.0,12.5,0,0,5,13.2,,４車身,,
1120260430030002,hakodate,2026-05-02,2,◎2 ○7 注4 ×3 △1 ▲5,"1-3  2,680円(12)","1-3-2  6,410円(22)",1=2=3  610円(3),1=2  240円(3)  1=3  390円(5)  2=3  130円(1) / 1=2  240円(3)  1=3  390円(5)  2=3  130円(1),1,佐藤 正吾  宮,城,43,88,A2,追,3.92,84.1,△,4,14.2,28.5,38.0,0,1,1,11.8,捲,,,
1120260430030002,hakodate,2026-05-02,2,◎2 ○7 注4 ×3 △1 ▲5,"1-3  2,680円(12)","1-3-2  6,410円(22)",1=2=3  610円(3),1=2  240円(3)  1=3  390円(5)  2=3  130円(1) / 1=2  240円(3)  1=3  390円(5)  2=3  130円(1),2,松崎 貴久  富,山,51,82,A1,追,3.92,86.91,◎,6,25.0,33.3,58.3,0,2,3,12.0,,１/２車身,,
1120260430030002,hakodate,2026-05-02,2,◎2 ○7 注4 ×3 △1 ▲5,"1-3  2,680円(12)","1-3-2  6,410円(22)",1=2=3  610円(3),1=2  240円(3)  1=3  390円(5)  2=3  130円(1) / 1=2  240円(3)  1=3  390円(5)  2=3  130円(1),3,土屋 仁  茨,城,51,84,A2,追,3.92,86.66,×,1,14.2,23.8,47.6,0,0,2,12.1,差,２車身,,
1120260430030002,hakodate,2026-05-02,2,◎2 ○7 注4 ×3 △1 ▲5,"1-3  2,680円(12)","1-3-2  6,410円(22)",1=2=3  610円(3),1=2  240円(3)  1=3  390円(5)  2=3  130円(1) / 1=2  240円(3)  1=3  390円(5)  2=3  130円(1),4,河村 章憲  京,都,49,83,A2,追,3.92,82.0,注,2,0.0,5.2,26.3,0,0,4,11.9,,１/４車輪,,
1120260430030002,hakodate,2026-05-02,2,◎2 ○7 注4 ×3 △1 ▲5,"1-3  2,680円(12)","1-3-2  6,410円(22)",1=2=3  610円(3),1=2  240円(3)  1=3  390円(5)  2=3  130円(1) / 1=2  240円(3)  1=3  390円(5)  2=3  130円(1),5,金子 兼久  宮,城,48,81,A2,追,3.92,81.09,▲,3,0.0,9.5,19.0,0,0,5,12.1,,１/２車輪,,
1120260430030002,hakodate,2026-05-02,2,◎2 ○7 注4 ×3 △1 ▲5,"1-3  2,680円(12)","1-3-2  6,410円(22)",1=2=3  610円(3),1=2  240円(3)  1=3  390円(5)  2=3  130円(1) / 1=2  240円(3)  1=3  390円(5)  2=3  130円(1),6,天沼 雅貴  埼,玉,42,96,A2,追,3.92,79.5,,0,0.0,7.1,17.8,0,0,6,12.3,,１/４車輪,,
1120260430030002,hakodate,2026-05-02,2,◎2 ○7 注4 ×3 △1 ▲5,"1-3  2,680円(12)","1-3-2  6,410円(22)",1=2=3  610円(3),1=2  240円(3)  1=3  390円(5)  2=3  130円(1) / 1=2  240円(3)  1=3  390円(5)  2=3  130円(1),7,倉野 隆太郎  三,重,41,91,A2,追,3.92,81.41,○,5,0.0,10.5,15.7,0,0,7,12.0,,１車身１/２,,
1120260430030003,hakodate,2026-05-02,3,◎4 ○1 注6 ×2 ▲7 △5,7-3  500円(1),"7-3-1  3,350円(6)","1=3=7  1,300円(5)",1=3  620円(11)  1=7  370円(5)  3=7  190円(1) / 1=3  620円(11)  1=7  370円(5)  3=7  190円(1),1,竹内 一暢  滋,賀,49,84,A1,追,3.92,85.04,○,5,14.2,28.5,47.6,0,1,3,12.1,,３/４車身,,
1120260430030003,hakodate,2026-05-02,3,◎4 ○1 注6 ×2 ▲7 △5,7-3  500円(1),"7-3-1  3,350円(6)","1=3=7  1,300円(5)",1=3  620円(11)  1=7  370円(5)  3=7  190円(1) / 1=3  620円(11)  1=7  370円(5)  3=7  190円(1),2,竹内 優也,北海道,45,89,A2,両,3.77,83.61,,0,4.7,28.5,47.6,1,2,5,12.2,,１車身１/２,,
1120260430030003,hakodate,2026-05-02,3,◎4 ○1 注6 ×2 ▲7 △5,7-3  500円(1),"7-3-1  3,350円(6)","1=3=7  1,300円(5)",1=3  620円(11)  1=7  370円(5)  3=7  190円(1) / 1=3  620円(11)  1=7  370円(5)  3=7  190円(1),3,谷津田 将吾  福,島,46,83,A1,追,3.92,90.06,△,4,13.3,46.6,60.0,0,0,2,12.3,差,４車身,,
1120260430030003,hakodate,2026-05-02,3,◎4 ○1 注6 ×2 ▲7 △5,7-3  500円(1),"7-3-1  3,350円(6)","1=3=7  1,300円(5)",1=3  620円(11)  1=7  370円(5)  3=7  190円(1) / 1=3  620円(11)  1=7  370円(5)  3=7  190円(1),4,山口 聖矢  岐,阜,32,115,A1,両,3.92,87.5,◎,6,40.0,60.0,70.0,0,2,6,12.6,,３/４車身,,
1120260430030003,hakodate,2026-05-02,3,◎4 ○1 注6 ×2 ▲7 △5,7-3  500円(1),"7-3-1  3,350円(6)","1=3=7  1,300円(5)",1=3  620円(11)  1=7  370円(5)  3=7  190円(1) / 1=3  620円(11)  1=7  370円(5)  3=7  190円(1),5,井上 公利  宮,城,44,93,A2,逃,3.92,84.78,▲,3,30.4,34.7,34.7,4,4,4,12.5,,１車輪,,
1120260430030003,hakodate,2026-05-02,3,◎4 ○1 注6 ×2 ▲7 △5,7-3  500円(1),"7-3-1  3,350円(6)","1=3=7  1,300円(5)",1=3  620円(11)  1=7  370円(5)  3=7  190円(1) / 1=3  620円(11)  1=7  370円(5)  3=7  190円(1),6,大森 光明,北海道,27,117,A2,両,3.92,81.47,注,2,17.6,17.6,23.5,0,3,7,12.3,,１/２車輪,,
1120260430030003,hakodate,2026-05-02,3,◎4 ○1 注6 ×2 ▲7 △5,7-3  500円(1),"7-3-1  3,350円(6)","1=3=7  1,300円(5)",1=3  620円(11)  1=7  370円(5)  3=7  190円(1) / 1=3  620円(11)  1=7  370円(5)  3=7  190円(1),7,福田 拓也  栃,木,34,100,A1,追,3.92,90.77,×,1,40.9,59.0,59.0,0,5,1,12.1,捲,,,
1120260430030004,hakodate,2026-05-02,4,◎5 ○2 ▲6 注1 ×7 △4,2-5  350円(1),"2-5-1  1,140円(2)",1=2=5  450円(2),1=2  180円(2)  1=5  300円(6)  2=5  140円(1) / 1=2  180円(2)  1=5  300円(6)  2=5  140円(1),1,小野 裕次  千,葉,37,95,A1,追,3.92,88.61,注,2,23.8,42.8,61.9,0,0,3,11.6,,１/２車身,,
1120260430030004,hakodate,2026-05-02,4,◎5 ○2 ▲6 注1 ×7 △4,2-5  350円(1),"2-5-1  1,140円(2)",1=2=5  450円(2),1=2  180円(2)  1=5  300円(6)  2=5  140円(1) / 1=2  180円(2)  1=5  300円(6)  2=5  140円(1),2,森田 康嗣,北海道,44,89,A1,両,3.92,86.77,○,5,18.5,40.7,55.5,1,5,1,11.8,差,,,
1120260430030004,hakodate,2026-05-02,4,◎5 ○2 ▲6 注1 ×7 △4,2-5  350円(1),"2-5-1  1,140円(2)",1=2=5  450円(2),1=2  180円(2)  1=5  300円(6)  2=5  140円(1) / 1=2  180円(2)  1=5  300円(6)  2=5  140円(1),3,萱島 大介  大,分,46,99,A1,追,3.93,82.4,,0,6.2,25.0,25.0,0,0,5,11.6,,１車身１/２,,
1120260430030004,hakodate,2026-05-02,4,◎5 ○2 ▲6 注1 ×7 △4,2-5  350円(1),"2-5-1  1,140円(2)",1=2=5  450円(2),1=2  180円(2)  1=5  300円(6)  2=5  140円(1) / 1=2  180円(2)  1=5  300円(6)  2=5  140円(1),4,西 徹  石,川,48,79,A2,追,3.92,84.72,△,4,5.5,33.3,50.0,0,1,6,12.0,,１車身１/２,,
1120260430030004,hakodate,2026-05-02,4,◎5 ○2 ▲6 注1 ×7 △4,2-5  350円(1),"2-5-1  1,140円(2)",1=2=5  450円(2),1=2  180円(2)  1=5  300円(6)  2=5  140円(1) / 1=2  180円(2)  1=5  300円(6)  2=5  140円(1),5,大高 彰馬  福,島,27,119,A1,逃,3.92,91.77,◎,6,27.7,61.1,77.7,3,7,2,11.9,差,３/４車輪,,
1120260430030004,hakodate,2026-05-02,4,◎5 ○2 ▲6 注1 ×7 △4,2-5  350円(1),"2-5-1  1,140円(2)",1=2=5  450円(2),1=2  180円(2)  1=5  300円(6)  2=5  140円(1) / 1=2  180円(2)  1=5  300円(6)  2=5  140円(1),6,平山 優太  福,島,26,119,A2,両,3.92,81.05,▲,3,5.5,5.5,16.6,1,0,7,12.4,,５車身,,
1120260430030004,hakodate,2026-05-02,4,◎5 ○2 ▲6 注1 ×7 △4,2-5  350円(1),"2-5-1  1,140円(2)",1=2=5  450円(2),1=2  180円(2)  1=5  300円(6)  2=5  140円(1) / 1=2  180円(2)  1=5  300円(6)  2=5  140円(1),7,佐藤 大地  三,重,26,125,A2,逃,3.92,87.81,×,1,43.7,56.2,56.2,2,5,4,12.2,,１/２車輪,,
1120260430030005,hakodate,2026-05-02,5,○4 ◎2 注6 △1 ×3 ▲5,"2-1  2,100円(9)","2-1-5  15,360円(58)","1=2=5  3,650円(14)",1=2  230円(2)  1=5  600円(10)  2=5  730円(12) / 1=2  230円(2)  1=5  600円(10)  2=5  730円(12),1,平原 啓多  埼,玉,41,97,S2,追,3.92,95.96,△,4,0.0,4.0,24.0,0,0,2,12.0,差,３/４車輪,,
1120260430030005,hakodate,2026-05-02,5,○4 ◎2 注6 △1 ×3 ▲5,"2-1  2,100円(9)","2-1-5  15,360円(58)","1=2=5  3,650円(14)",1=2  230円(2)  1=5  600円(10)  2=5  730円(12) / 1=2  230円(2)  1=5  600円(10)  2=5  730円(12),2,桑原 亮  福,岡,41,91,S2,追,3.92,96.13,◎,6,0.0,10.0,23.3,0,0,1,11.9,差,,,
1120260430030005,hakodate,2026-05-02,5,○4 ◎2 注6 △1 ×3 ▲5,"2-1  2,100円(9)","2-1-5  15,360円(58)","1=2=5  3,650円(14)",1=2  230円(2)  1=5  600円(10)  2=5  730円(12) / 1=2  230円(2)  1=5  600円(10)  2=5  730円(12),3,中村 弘之輔,北海道,34,109,S2,両,3.93,94.22,×,1,4.3,4.3,34.7,0,0,6,12.3,,１車輪,,
1120260430030005,hakodate,2026-05-02,5,○4 ◎2 注6 △1 ×3 ▲5,"2-1  2,100円(9)","2-1-5  15,360円(58)","1=2=5  3,650円(14)",1=2  230円(2)  1=5  600円(10)  2=5  730円(12) / 1=2  230円(2)  1=5  600円(10)  2=5  730円(12),4,薦田 将伍  愛,媛,28,113,S2,逃,3.92,94.58,○,5,5.5,5.5,16.6,0,1,5,12.3,,１/４車輪,,
1120260430030005,hakodate,2026-05-02,5,○4 ◎2 注6 △1 ×3 ▲5,"2-1  2,100円(9)","2-1-5  15,360円(58)","1=2=5  3,650円(14)",1=2  230円(2)  1=5  600円(10)  2=5  730円(12) / 1=2  230円(2)  1=5  600円(10)  2=5  730円(12),5,齋藤 登志信  宮,城,53,80,S2,追,3.92,92.68,▲,3,0.0,5.0,15.0,0,0,3,11.7,,１/４車輪,,
1120260430030005,hakodate,2026-05-02,5,○4 ◎2 注6 △1 ×3 ▲5,"2-1  2,100円(9)","2-1-5  15,360円(58)","1=2=5  3,650円(14)",1=2  230円(2)  1=5  600円(10)  2=5  730円(12) / 1=2  230円(2)  1=5  600円(10)  2=5  730円(12),6,松尾 勇吾  熊,本,27,115,S2,追,3.92,92.23,注,2,0.0,0.0,3.8,0,0,4,11.8,,１車身１/２,,
1120260430030006,hakodate,2026-05-02,6,◎4 ○1 注3 △6 ×2 ▲5,4-1  350円(2),4-1-3  540円(2),1=3=4  130円(1),1=3  120円(2)  1=4  100円(1)  3=4  130円(3) / 1=3  120円(2)  1=4  100円(1)  3=4  130円(3),1,竹山 陵太  宮,城,40,91,S2,追,3.92,97.71,○,5,13.6,22.7,40.9,0,0,2,12.1,ク,１/８車輪,,
1120260430030006,hakodate,2026-05-02,6,◎4 ○1 注3 △6 ×2 ▲5,4-1  350円(2),4-1-3  540円(2),1=3=4  130円(1),1=3  120円(2)  1=4  100円(1)  3=4  130円(3) / 1=3  120円(2)  1=4  100円(1)  3=4  130円(3),2,棚橋 勉  岡,山,45,96,S2,追,3.93,96.96,×,1,3.4,10.3,20.6,0,0,4,11.9,,１車身,,
1120260430030006,hakodate,2026-05-02,6,◎4 ○1 注3 △6 ×2 ▲5,4-1  350円(2),4-1-3  540円(2),1=3=4  130円(1),1=3  120円(2)  1=4  100円(1)  3=4  130円(3) / 1=3  120円(2)  1=4  100円(1)  3=4  130円(3),3,渡邉 晴智  静,岡,52,73,S2,追,3.92,99.6,注,2,4.3,21.7,30.4,0,0,3,12.0,,３/４車身,,
1120260430030006,hakodate,2026-05-02,6,◎4 ○1 注3 △6 ×2 ▲5,4-1  350円(2),4-1-3  540円(2),1=3=4  130円(1),1=3  120円(2)  1=4  100円(1)  3=4  130円(3) / 1=3  120円(2)  1=4  100円(1)  3=4  130円(3),4,磯島 成介  青,森,26,115,S2,逃,3.92,101.91,◎,6,8.6,39.1,47.8,3,4,1,12.3,逃,,,
1120260430030006,hakodate,2026-05-02,6,◎4 ○1 注3 △6 ×2 ▲5,4-1  350円(2),4-1-3  540円(2),1=3=4  130円(1),1=3  120円(2)  1=4  100円(1)  3=4  130円(3) / 1=3  120円(2)  1=4  100円(1)  3=4  130円(3),5,笹倉 慎也  富,山,40,91,S2,追,3.92,94.48,▲,3,4.0,4.0,12.0,0,0,5,11.9,,３/４車身,,
1120260430030006,hakodate,2026-05-02,6,◎4 ○1 注3 △6 ×2 ▲5,4-1  350円(2),4-1-3  540円(2),1=3=4  130円(1),1=3  120円(2)  1=4  100円(1)  3=4  130円(3) / 1=3  120円(2)  1=4  100円(1)  3=4  130円(3),6,津村 洸次郎  福,岡,34,101,S2,両,3.93,94.18,△,4,4.3,8.6,21.7,1,1,6,12.9,,８車身,,
1120260430030007,hakodate,2026-05-02,7,×3 △6 ▲1 ○2 ◎4 注5,"6-2  1,990円(8)","6-2-4  13,950円(49)","2=4=6  3,650円(14)",2=4  310円(3)  2=6  450円(8)  4=6  590円(9) / 2=4  310円(3)  2=6  450円(8)  4=6  590円(9),1,花田 将司  千,葉,39,99,S2,両,3.92,93.0,,0,0.0,0.0,10.5,0,0,6,12.2,,１/２車身,,
1120260430030007,hakodate,2026-05-02,7,×3 △6 ▲1 ○2 ◎4 注5,"6-2  1,990円(8)","6-2-4  13,950円(49)","2=4=6  3,650円(14)",2=4  310円(3)  2=6  450円(8)  4=6  590円(9) / 2=4  310円(3)  2=6  450円(8)  4=6  590円(9),2,東矢 昇太  熊,本,39,98,S2,追,3.92,98.46,▲,3,0.0,26.6,40.0,0,1,2,11.9,差,１車身１/２,,
1120260430030007,hakodate,2026-05-02,7,×3 △6 ▲1 ○2 ◎4 注5,"6-2  1,990円(8)","6-2-4  13,950円(49)","2=4=6  3,650円(14)",2=4  310円(3)  2=6  450円(8)  4=6  590円(9) / 2=4  310円(3)  2=6  450円(8)  4=6  590円(9),3,鈴木 涼介  福,島,28,115,S2,逃,3.92,94.54,×,1,4.3,13.0,26.0,0,2,7,12.8,,３車身,,
1120260430030007,hakodate,2026-05-02,7,×3 △6 ▲1 ○2 ◎4 注5,"6-2  1,990円(8)","6-2-4  13,950円(49)","2=4=6  3,650円(14)",2=4  310円(3)  2=6  450円(8)  4=6  590円(9) / 2=4  310円(3)  2=6  450円(8)  4=6  590円(9),4,太田 龍希  埼,玉,25,117,S2,逃,3.92,98.75,○,5,5.0,15.0,30.0,1,1,3,12.0,,３/４車身,,
1120260430030007,hakodate,2026-05-02,7,×3 △6 ▲1 ○2 ◎4 注5,"6-2  1,990円(8)","6-2-4  13,950円(49)","2=4=6  3,650円(14)",2=4  310円(3)  2=6  450円(8)  4=6  590円(9) / 2=4  310円(3)  2=6  450円(8)  4=6  590円(9),5,古川 尚耶  栃,木,40,92,S2,追,3.92,101.46,◎,6,7.6,38.4,42.3,0,0,4,11.9,,３/４車輪,,
1120260430030007,hakodate,2026-05-02,7,×3 △6 ▲1 ○2 ◎4 注5,"6-2  1,990円(8)","6-2-4  13,950円(49)","2=4=6  3,650円(14)",2=4  310円(3)  2=6  450円(8)  4=6  590円(9) / 2=4  310円(3)  2=6  450円(8)  4=6  590円(9),6,金澤 竜二  福,島,40,91,S2,両,3.92,91.62,△,4,0.0,3.4,3.4,0,1,1,12.0,差,,,
1120260430030007,hakodate,2026-05-02,7,×3 △6 ▲1 ○2 ◎4 注5,"6-2  1,990円(8)","6-2-4  13,950円(49)","2=4=6  3,650円(14)",2=4  310円(3)  2=6  450円(8)  4=6  590円(9) / 2=4  310円(3)  2=6  450円(8)  4=6  590円(9),7,那須 久幸  福,岡,53,71,S2,追,3.92,93.61,注,2,5.2,5.2,10.5,0,0,5,11.9,,３/４車身,,
1120260430030008,hakodate,2026-05-02,8,×2 △4 ○7 ◎5 注1 ▲3,"1-3  3,260円(12)","1-3-7  40,560円(110)","1=3=7  10,690円(30)","1=3  510円(7)  1=7  1,120円(15)  3=7  3,250円(21) / 1=3  510円(7)  1=7  1,120円(15)  3=7  3,250円(21)",1,池野 健太  兵,庫,34,109,S1,逃,3.92,100.96,◎,6,25.0,32.1,39.2,1,2,1,11.8,差,,,
1120260430030008,hakodate,2026-05-02,8,×2 △4 ○7 ◎5 注1 ▲3,"1-3  3,260円(12)","1-3-7  40,560円(110)","1=3=7  10,690円(30)","1=3  510円(7)  1=7  1,120円(15)  3=7  3,250円(21) / 1=3  510円(7)  1=7  1,120円(15)  3=7  3,250円(21)",2,山本 勝利  東,京,27,117,S2,逃,3.92,100.05,×,1,14.2,33.3,47.6,2,5,6,11.8,,１/２車輪,,
1120260430030008,hakodate,2026-05-02,8,×2 △4 ○7 ◎5 注1 ▲3,"1-3  3,260円(12)","1-3-7  40,560円(110)","1=3=7  10,690円(30)","1=3  510円(7)  1=7  1,120円(15)  3=7  3,250円(21) / 1=3  510円(7)  1=7  1,120円(15)  3=7  3,250円(21)",3,佐伯 亮輔  岡,山,31,113,S2,逃,3.92,99.11,注,2,27.7,33.3,44.4,3,3,2,12.0,逃,タイヤ差,,
1120260430030008,hakodate,2026-05-02,8,×2 △4 ○7 ◎5 注1 ▲3,"1-3  3,260円(12)","1-3-7  40,560円(110)","1=3=7  10,690円(30)","1=3  510円(7)  1=7  1,120円(15)  3=7  3,250円(21) / 1=3  510円(7)  1=7  1,120円(15)  3=7  3,250円(21)",4,秋本 耀太郎  栃,木,28,117,S2,逃,3.92,98.81,△,4,12.5,31.2,37.5,1,1,5,11.6,,３/４車輪,,
1120260430030008,hakodate,2026-05-02,8,×2 △4 ○7 ◎5 注1 ▲3,"1-3  3,260円(12)","1-3-7  40,560円(110)","1=3=7  10,690円(30)","1=3  510円(7)  1=7  1,120円(15)  3=7  3,250円(21) / 1=3  510円(7)  1=7  1,120円(15)  3=7  3,250円(21)",5,南部 翔大  大,阪,25,125,S2,逃,3.92,102.73,○,5,30.4,39.1,47.8,4,4,4,11.9,,１/８車輪,,
1120260430030008,hakodate,2026-05-02,8,×2 △4 ○7 ◎5 注1 ▲3,"1-3  3,260円(12)","1-3-7  40,560円(110)","1=3=7  10,690円(30)","1=3  510円(7)  1=7  1,120円(15)  3=7  3,250円(21) / 1=3  510円(7)  1=7  1,120円(15)  3=7  3,250円(21)",6,守谷 陽介  岡,山,45,87,S2,両,3.92,97.0,▲,3,8.5,14.2,25.7,0,0,7,11.9,,１/８車輪,,
1120260430030008,hakodate,2026-05-02,8,×2 △4 ○7 ◎5 注1 ▲3,"1-3  3,260円(12)","1-3-7  40,560円(110)","1=3=7  10,690円(30)","1=3  510円(7)  1=7  1,120円(15)  3=7  3,250円(21) / 1=3  510円(7)  1=7  1,120円(15)  3=7  3,250円(21)",7,高塩 讓次  栃,木,42,90,S2,追,3.92,98.29,,0,0.0,11.1,33.3,0,0,3,11.4,,１/２車身,,
1120260430030009,hakodate,2026-05-02,9,△1 ×4 ○2 ◎5 注3 ▲7,4-5  770円(2),"4-5-2  2,310円(3)",2=4=5  470円(1),2=4  350円(6)  2=5  190円(2)  4=5  170円(1) / 2=4  350円(6)  2=5  190円(2)  4=5  170円(1),1,松本 秀之慎  熊,本,23,121,S2,逃,3.92,99.8,△,4,10.0,26.6,43.3,1,6,4,12.1,,３/４車身,,
1120260430030009,hakodate,2026-05-02,9,△1 ×4 ○2 ◎5 注3 ▲7,4-5  770円(2),"4-5-2  2,310円(3)",2=4=5  470円(1),2=4  350円(6)  2=5  190円(2)  4=5  170円(1) / 2=4  350円(6)  2=5  190円(2)  4=5  170円(1),2,朝倉 智仁  茨,城,26,115,S2,逃,3.92,102.38,○,5,22.7,31.8,40.9,2,5,3,12.3,,１/２車身,,
1120260430030009,hakodate,2026-05-02,9,△1 ×4 ○2 ◎5 注3 ▲7,4-5  770円(2),"4-5-2  2,310円(3)",2=4=5  470円(1),2=4  350円(6)  2=5  190円(2)  4=5  170円(1) / 2=4  350円(6)  2=5  190円(2)  4=5  170円(1),3,原田 亮太  千,葉,29,115,S2,逃,3.92,100.6,注,2,13.0,34.7,43.4,6,2,7,12.5,,３車身,,
1120260430030009,hakodate,2026-05-02,9,△1 ×4 ○2 ◎5 注3 ▲7,4-5  770円(2),"4-5-2  2,310円(3)",2=4=5  470円(1),2=4  350円(6)  2=5  190円(2)  4=5  170円(1) / 2=4  350円(6)  2=5  190円(2)  4=5  170円(1),4,岩谷 拓磨  福,岡,29,115,S1,逃,3.92,104.56,×,1,20.0,30.0,43.3,0,5,1,11.9,差,,,
1120260430030009,hakodate,2026-05-02,9,△1 ×4 ○2 ◎5 注3 ▲7,4-5  770円(2),"4-5-2  2,310円(3)",2=4=5  470円(1),2=4  350円(6)  2=5  190円(2)  4=5  170円(1) / 2=4  350円(6)  2=5  190円(2)  4=5  170円(1),5,桑名 僚也  埼,玉,28,119,S2,追,3.92,106.71,◎,6,28.5,42.8,50.0,0,0,2,12.1,差,１/４車輪,,
1120260430030009,hakodate,2026-05-02,9,△1 ×4 ○2 ◎5 注3 ▲7,4-5  770円(2),"4-5-2  2,310円(3)",2=4=5  470円(1),2=4  350円(6)  2=5  190円(2)  4=5  170円(1) / 2=4  350円(6)  2=5  190円(2)  4=5  170円(1),6,石口 慶多  兵,庫,37,103,S2,両,3.93,91.34,,0,0.0,0.0,0.0,0,0,6,12.3,,１/２車身,,
1120260430030009,hakodate,2026-05-02,9,△1 ×4 ○2 ◎5 注3 ▲7,4-5  770円(2),"4-5-2  2,310円(3)",2=4=5  470円(1),2=4  350円(6)  2=5  190円(2)  4=5  170円(1) / 2=4  350円(6)  2=5  190円(2)  4=5  170円(1),7,加賀山 淳  千,葉,42,94,S2,逃,3.92,98.0,▲,3,8.3,20.8,33.3,2,1,5,11.9,,１/２車身,,
1120260430030010,hakodate,2026-05-02,10,○4 ◎1 注7 ×5 ▲2 △6,"4-7  4,810円(13)","4-7-6  106,950円(141)","4=6=7  22,160円(32)","4=6  2,710円(19)  4=7  350円(4)  6=7  3,660円(21) / 4=6  2,710円(19)  4=7  350円(4)  6=7  3,660円(21)",1,箱田 優樹  青,森,35,98,S2,追,3.92,104.14,◎,6,4.5,27.2,50.0,0,0,5,,,,,
1120260430030010,hakodate,2026-05-02,10,○4 ◎1 注7 ×5 ▲2 △6,"4-7  4,810円(13)","4-7-6  106,950円(141)","4=6=7  22,160円(32)","4=6  2,710円(19)  4=7  350円(4)  6=7  3,660円(21) / 4=6  2,710円(19)  4=7  350円(4)  6=7  3,660円(21)",2,森安 崇之  香,川,48,84,S2,追,3.92,95.33,▲,3,0.0,6.6,16.6,0,0,4,13.5,,大差,,
1120260430030010,hakodate,2026-05-02,10,○4 ◎1 注7 ×5 ▲2 △6,"4-7  4,810円(13)","4-7-6  106,950円(141)","4=6=7  22,160円(32)","4=6  2,710円(19)  4=7  350円(4)  6=7  3,660円(21) / 4=6  2,710円(19)  4=7  350円(4)  6=7  3,660円(21)",3,大洞 翔平  岐,阜,34,100,S2,追,3.92,102.0,△,4,14.2,23.8,38.0,0,1,失,,,,,
1120260430030010,hakodate,2026-05-02,10,○4 ◎1 注7 ×5 ▲2 △6,"4-7  4,810円(13)","4-7-6  106,950円(141)","4=6=7  22,160円(32)","4=6  2,710円(19)  4=7  350円(4)  6=7  3,660円(21) / 4=6  2,710円(19)  4=7  350円(4)  6=7  3,660円(21)",4,木村 佑来  宮,城,24,119,S2,逃,3.92,101.6,○,5,17.3,39.1,52.1,6,3,1,12.0,差,,,
1120260430030010,hakodate,2026-05-02,10,○4 ◎1 注7 ×5 ▲2 △6,"4-7  4,810円(13)","4-7-6  106,950円(141)","4=6=7  22,160円(32)","4=6  2,710円(19)  4=7  350円(4)  6=7  3,660円(21) / 4=6  2,710円(19)  4=7  350円(4)  6=7  3,660円(21)",5,小川 丈太  徳,島,30,111,S1,逃,3.92,102.26,×,1,10.5,31.5,31.5,3,3,落,,,,,
1120260430030010,hakodate,2026-05-02,10,○4 ◎1 注7 ×5 ▲2 △6,"4-7  4,810円(13)","4-7-6  106,950円(141)","4=6=7  22,160円(32)","4=6  2,710円(19)  4=7  350円(4)  6=7  3,660円(21) / 4=6  2,710円(19)  4=7  350円(4)  6=7  3,660円(21)",6,南儀 拓海  富,山,27,121,S2,逃,3.92,91.77,,0,3.2,6.4,6.4,2,0,3,12.7,,１車輪,,
1120260430030010,hakodate,2026-05-02,10,○4 ◎1 注7 ×5 ▲2 △6,"4-7  4,810円(13)","4-7-6  106,950円(141)","4=6=7  22,160円(32)","4=6  2,710円(19)  4=7  350円(4)  6=7  3,660円(21) / 4=6  2,710円(19)  4=7  350円(4)  6=7  3,660円(21)",7,山田 敦也,北海道,42,88,S2,追,3.92,97.63,注,2,4.5,13.6,31.8,0,0,2,12.2,差,３/４車輪,,
1120260430030011,hakodate,2026-05-02,11,◎1 ○4 注7 ×2 △5 ▲3,1-4  550円(3),1-4-7  950円(3),1=4=7  200円(1),1=4  120円(1)  1=7  170円(3)  4=7  160円(2) / 1=4  120円(1)  1=7  170円(3)  4=7  160円(2),1,畝木 聖  岡,山,29,117,A1,逃,3.92,93.04,◎,6,33.3,57.1,71.4,3,7,1,11.7,捲,,,
1120260430030011,hakodate,2026-05-02,11,◎1 ○4 注7 ×2 △5 ▲3,1-4  550円(3),1-4-7  950円(3),1=4=7  200円(1),1=4  120円(1)  1=7  170円(3)  4=7  160円(2) / 1=4  120円(1)  1=7  170円(3)  4=7  160円(2),2,高本 和也,神奈川,29,121,A1,逃,3.92,91.0,×,1,19.0,38.0,57.1,0,6,4,12.3,,２車身,,
1120260430030011,hakodate,2026-05-02,11,◎1 ○4 注7 ×2 △5 ▲3,1-4  550円(3),1-4-7  950円(3),1=4=7  200円(1),1=4  120円(1)  1=7  170円(3)  4=7  160円(2) / 1=4  120円(1)  1=7  170円(3)  4=7  160円(2),3,川野 深  福,岡,28,119,A2,逃,3.92,88.33,▲,3,23.8,47.6,61.9,4,4,7,12.2,,１/４車輪,,
1120260430030011,hakodate,2026-05-02,11,◎1 ○4 注7 ×2 △5 ▲3,1-4  550円(3),1-4-7  950円(3),1=4=7  200円(1),1=4  120円(1)  1=7  170円(3)  4=7  160円(2) / 1=4  120円(1)  1=7  170円(3)  4=7  160円(2),4,田中 和磨  岡,山,29,113,A2,逃,3.93,91.59,○,5,34.7,47.8,82.6,3,6,2,11.6,ク,１/４車輪,,
1120260430030011,hakodate,2026-05-02,11,◎1 ○4 注7 ×2 △5 ▲3,1-4  550円(3),1-4-7  950円(3),1=4=7  200円(1),1=4  120円(1)  1=7  170円(3)  4=7  160円(2) / 1=4  120円(1)  1=7  170円(3)  4=7  160円(2),5,金野 俊秋  千,葉,42,92,A2,両,3.92,88.4,△,4,28.5,38.0,66.6,2,3,5,12.2,,３/４車身,,
1120260430030011,hakodate,2026-05-02,11,◎1 ○4 注7 ×2 △5 ▲3,1-4  550円(3),1-4-7  950円(3),1=4=7  200円(1),1=4  120円(1)  1=7  170円(3)  4=7  160円(2) / 1=4  120円(1)  1=7  170円(3)  4=7  160円(2),6,伊藤 亮  埼,玉,43,92,A1,追,3.92,88.26,,0,15.0,20.0,40.0,0,0,6,12.2,,１車輪,,
1120260430030011,hakodate,2026-05-02,11,◎1 ○4 注7 ×2 △5 ▲3,1-4  550円(3),1-4-7  950円(3),1=4=7  200円(1),1=4  120円(1)  1=7  170円(3)  4=7  160円(2) / 1=4  120円(1)  1=7  170円(3)  4=7  160円(2),7,大崎 飛雄馬  愛,媛,47,88,A1,追,3.92,92.22,注,2,22.2,33.3,66.6,0,0,3,11.6,,１車身,,
1120260430030012,hakodate,2026-05-02,12,○2 ◎5 注6 △4 ×7 ▲1,"5-4  1,100円(3)","5-4-1  7,750円(25)","1=4=5  1,930円(9)",1=4  300円(4)  1=5  480円(9)  4=5  290円(3) / 1=4  300円(4)  1=5  480円(9)  4=5  290円(3),1,佐藤 博紀  岩,手,40,96,S1,両,3.92,103.3,×,1,20.0,40.0,45.0,1,4,3,11.6,,３/４車輪,,
1120260430030012,hakodate,2026-05-02,12,○2 ◎5 注6 △4 ×7 ▲1,"5-4  1,100円(3)","5-4-1  7,750円(25)","1=4=5  1,930円(9)",1=4  300円(4)  1=5  480円(9)  4=5  290円(3) / 1=4  300円(4)  1=5  480円(9)  4=5  290円(3),2,村田 祐樹  富,山,27,121,S1,逃,3.93,103.12,○,5,12.5,33.3,50.0,7,1,6,11.8,,３/４車身,,
1120260430030012,hakodate,2026-05-02,12,○2 ◎5 注6 △4 ×7 ▲1,"5-4  1,100円(3)","5-4-1  7,750円(25)","1=4=5  1,930円(9)",1=4  300円(4)  1=5  480円(9)  4=5  290円(3) / 1=4  300円(4)  1=5  480円(9)  4=5  290円(3),3,小松崎 大地  福,島,43,99,S1,両,3.92,105.8,▲,3,35.0,45.0,60.0,1,3,5,11.6,,１車輪,,
1120260430030012,hakodate,2026-05-02,12,○2 ◎5 注6 △4 ×7 ▲1,"5-4  1,100円(3)","5-4-1  7,750円(25)","1=4=5  1,930円(9)",1=4  300円(4)  1=5  480円(9)  4=5  290円(3) / 1=4  300円(4)  1=5  480円(9)  4=5  290円(3),4,上野 優太  熊,本,29,113,S1,追,3.92,108.77,,0,22.7,50.0,59.0,0,0,2,11.4,差,１車身,,
1120260430030012,hakodate,2026-05-02,12,○2 ◎5 注6 △4 ×7 ▲1,"5-4  1,100円(3)","5-4-1  7,750円(25)","1=4=5  1,930円(9)",1=4  300円(4)  1=5  480円(9)  4=5  290円(3) / 1=4  300円(4)  1=5  480円(9)  4=5  290円(3),5,栗山 和樹  岐,阜,28,125,S2,逃,3.92,102.77,◎,6,26.3,31.5,36.8,1,4,1,11.5,差,,,
1120260430030012,hakodate,2026-05-02,12,○2 ◎5 注6 △4 ×7 ▲1,"5-4  1,100円(3)","5-4-1  7,750円(25)","1=4=5  1,930円(9)",1=4  300円(4)  1=5  480円(9)  4=5  290円(3) / 1=4  300円(4)  1=5  480円(9)  4=5  290円(3),6,尾方 祐仁  岐,阜,22,123,S2,逃,3.92,101.05,注,2,20.0,30.0,40.0,2,3,4,11.4,,１/２車輪,,
1120260430030012,hakodate,2026-05-02,12,○2 ◎5 注6 △4 ×7 ▲1,"5-4  1,100円(3)","5-4-1  7,750円(25)","1=4=5  1,930円(9)",1=4  300円(4)  1=5  480円(9)  4=5  290円(3) / 1=4  300円(4)  1=5  480円(9)  4=5  290円(3),7,大石 剣士  静,岡,30,109,S2,逃,3.92,107.52,△,4,43.4,52.1,78.2,3,8,7,12.6,,９車身,,
2320260430030001,toride,2026-05-02,1,×4 ▲1 注6 ○3 ◎2 △7,"4-2  1,030円(6)","4-2-1  1,620円(4)",1=2=4  590円(3),1=2  480円(7)  1=4  240円(4)  2=4  170円(2) / 1=2  480円(7)  1=4  240円(4)  2=4  170円(2),1,渡邊 政幸  埼,玉,43,90,A2,追,3.92,79.55,▲,3,0.0,10.0,25.0,0,0,3,12.4,,１/２車身,,
2320260430030001,toride,2026-05-02,1,×4 ▲1 注6 ○3 ◎2 △7,"4-2  1,030円(6)","4-2-1  1,620円(4)",1=2=4  590円(3),1=2  480円(7)  1=4  240円(4)  2=4  170円(2) / 1=2  480円(7)  1=4  240円(4)  2=4  170円(2),2,坂木田 雄介  千,葉,52,78,A2,逃,3.92,80.62,○,5,8.3,25.0,29.1,5,0,2,12.6,逃,３/４車輪,,
2320260430030001,toride,2026-05-02,1,×4 ▲1 注6 ○3 ◎2 △7,"4-2  1,030円(6)","4-2-1  1,620円(4)",1=2=4  590円(3),1=2  480円(7)  1=4  240円(4)  2=4  170円(2) / 1=2  480円(7)  1=4  240円(4)  2=4  170円(2),3,小磯 知也  徳,島,52,76,A2,追,3.85,80.55,注,2,5.0,25.0,25.0,0,0,6,12.4,,１車身１/２,,
2320260430030001,toride,2026-05-02,1,×4 ▲1 注6 ○3 ◎2 △7,"4-2  1,030円(6)","4-2-1  1,620円(4)",1=2=4  590円(3),1=2  480円(7)  1=4  240円(4)  2=4  170円(2) / 1=2  480円(7)  1=4  240円(4)  2=4  170円(2),4,寺沼 将彦  東,京,33,111,A1,追,3.92,84.4,×,1,14.2,33.3,42.8,0,0,1,12.4,差,,,
2320260430030001,toride,2026-05-02,1,×4 ▲1 注6 ○3 ◎2 △7,"4-2  1,030円(6)","4-2-1  1,620円(4)",1=2=4  590円(3),1=2  480円(7)  1=4  240円(4)  2=4  170円(2) / 1=2  480円(7)  1=4  240円(4)  2=4  170円(2),5,伊藤 彰規,神奈川,36,96,A2,両,3.92,80.9,△,4,9.0,9.0,18.1,0,0,5,12.0,,１/２車身,,
2320260430030001,toride,2026-05-02,1,×4 ▲1 注6 ○3 ◎2 △7,"4-2  1,030円(6)","4-2-1  1,620円(4)",1=2=4  590円(3),1=2  480円(7)  1=4  240円(4)  2=4  170円(2) / 1=2  480円(7)  1=4  240円(4)  2=4  170円(2),6,西巻 秀太  新,潟,41,97,A2,追,3.92,78.22,,0,0.0,4.5,13.6,0,0,4,12.3,,１/２車輪,,
2320260430030001,toride,2026-05-02,1,×4 ▲1 注6 ○3 ◎2 △7,"4-2  1,030円(6)","4-2-1  1,620円(4)",1=2=4  590円(3),1=2  480円(7)  1=4  240円(4)  2=4  170円(2) / 1=2  480円(7)  1=4  240円(4)  2=4  170円(2),7,田中 孝彦  静,岡,39,91,A1,追,3.92,86.12,◎,6,20.8,37.5,45.8,0,1,7,13.9,,大差,,
2320260430030002,toride,2026-05-02,2,◎2 ○7 ×1 ▲5 △4 注6,"2-3  2,950円(12)","2-3-7  9,650円(34)","2=3=7  1,680円(6)",2=3  490円(9)  2=7  160円(1)  3=7  910円(12) / 2=3  490円(9)  2=7  160円(1)  3=7  910円(12),1,立花 成泰  岡,山,47,82,A1,追,3.92,87.08,×,1,16.6,33.3,33.3,0,0,7,14.3,,大差,,
2320260430030002,toride,2026-05-02,2,◎2 ○7 ×1 ▲5 △4 注6,"2-3  2,950円(12)","2-3-7  9,650円(34)","2=3=7  1,680円(6)",2=3  490円(9)  2=7  160円(1)  3=7  910円(12) / 2=3  490円(9)  2=7  160円(1)  3=7  910円(12),2,菊池 翔  福,島,31,119,A1,逃,3.92,83.0,◎,6,12.5,20.8,33.3,0,1,1,12.1,逃,,,
2320260430030002,toride,2026-05-02,2,◎2 ○7 ×1 ▲5 △4 注6,"2-3  2,950円(12)","2-3-7  9,650円(34)","2=3=7  1,680円(6)",2=3  490円(9)  2=7  160円(1)  3=7  910円(12) / 2=3  490円(9)  2=7  160円(1)  3=7  910円(12),3,相樂 修  千,葉,52,78,A2,両,3.92,80.94,注,2,5.5,11.1,27.7,0,0,2,11.6,差,３/４車輪,,
2320260430030002,toride,2026-05-02,2,◎2 ○7 ×1 ▲5 △4 注6,"2-3  2,950円(12)","2-3-7  9,650円(34)","2=3=7  1,680円(6)",2=3  490円(9)  2=7  160円(1)  3=7  910円(12) / 2=3  490円(9)  2=7  160円(1)  3=7  910円(12),4,佐藤 謙  栃,木,40,90,A2,追,3.93,83.26,△,4,6.6,26.6,40.0,0,0,4,11.7,,２車身,,
2320260430030002,toride,2026-05-02,2,◎2 ○7 ×1 ▲5 △4 注6,"2-3  2,950円(12)","2-3-7  9,650円(34)","2=3=7  1,680円(6)",2=3  490円(9)  2=7  160円(1)  3=7  910円(12) / 2=3  490円(9)  2=7  160円(1)  3=7  910円(12),5,水本 博行  岡,山,50,78,A2,追,3.92,80.0,▲,3,0.0,0.0,0.0,0,0,6,11.7,,６車身,,
2320260430030002,toride,2026-05-02,2,◎2 ○7 ×1 ▲5 △4 注6,"2-3  2,950円(12)","2-3-7  9,650円(34)","2=3=7  1,680円(6)",2=3  490円(9)  2=7  160円(1)  3=7  910円(12) / 2=3  490円(9)  2=7  160円(1)  3=7  910円(12),6,櫻井 利之,神奈川,39,101,A2,両,3.92,79.04,,0,0.0,4.1,20.8,1,0,5,12.1,,３/４車身,,
2320260430030002,toride,2026-05-02,2,◎2 ○7 ×1 ▲5 △4 注6,"2-3  2,950円(12)","2-3-7  9,650円(34)","2=3=7  1,680円(6)",2=3  490円(9)  2=7  160円(1)  3=7  910円(12) / 2=3  490円(9)  2=7  160円(1)  3=7  910円(12),7,坂本 昌宏  青,森,41,91,A2,追,3.92,80.42,○,5,4.7,9.5,23.8,0,0,3,12.0,,１/２車輪,,
2320260430030003,toride,2026-05-02,3,◎1 ○4 △2 注6 ×7 ▲3,"1-7  2,880円(10)","1-7-3  8,110円(27)","1=3=7  1,140円(4)",1=3  180円(2)  1=7  650円(9)  3=7  560円(6) / 1=3  180円(2)  1=7  650円(9)  3=7  560円(6),1,深瀬 泰我  静,岡,33,119,A1,逃,3.92,86.47,◎,6,9.5,47.6,66.6,3,4,1,12.1,逃,,,
2320260430030003,toride,2026-05-02,3,◎1 ○4 △2 注6 ×7 ▲3,"1-7  2,880円(10)","1-7-3  8,110円(27)","1=3=7  1,140円(4)",1=3  180円(2)  1=7  650円(9)  3=7  560円(6) / 1=3  180円(2)  1=7  650円(9)  3=7  560円(6),2,山口 茂  福,島,46,98,A2,追,3.92,80.41,△,4,0.0,0.0,7.6,0,0,5,12.0,,１/２車輪,,
2320260430030003,toride,2026-05-02,3,◎1 ○4 △2 注6 ×7 ▲3,"1-7  2,880円(10)","1-7-3  8,110円(27)","1=3=7  1,140円(4)",1=3  180円(2)  1=7  650円(9)  3=7  560円(6) / 1=3  180円(2)  1=7  650円(9)  3=7  560円(6),3,藤田 剣次  福,岡,48,85,A2,追,3.92,81.0,×,1,8.3,20.8,33.3,0,0,3,11.6,,３/４車身,,
2320260430030003,toride,2026-05-02,3,◎1 ○4 △2 注6 ×7 ▲3,"1-7  2,880円(10)","1-7-3  8,110円(27)","1=3=7  1,140円(4)",1=3  180円(2)  1=7  650円(9)  3=7  560円(6) / 1=3  180円(2)  1=7  650円(9)  3=7  560円(6),4,山崎 悟  茨,城,41,92,A2,追,3.92,82.66,○,5,0.0,19.0,33.3,0,0,4,12.0,,３/４車輪,,
2320260430030003,toride,2026-05-02,3,◎1 ○4 △2 注6 ×7 ▲3,"1-7  2,880円(10)","1-7-3  8,110円(27)","1=3=7  1,140円(4)",1=3  180円(2)  1=7  650円(9)  3=7  560円(6) / 1=3  180円(2)  1=7  650円(9)  3=7  560円(6),5,梶山 裕次郎  福,岡,45,87,A2,追,3.93,80.81,▲,3,0.0,9.0,18.1,0,0,6,11.5,,３/４車輪,,
2320260430030003,toride,2026-05-02,3,◎1 ○4 △2 注6 ×7 ▲3,"1-7  2,880円(10)","1-7-3  8,110円(27)","1=3=7  1,140円(4)",1=3  180円(2)  1=7  650円(9)  3=7  560円(6) / 1=3  180円(2)  1=7  650円(9)  3=7  560円(6),6,宗景 祐樹  栃,木,50,84,A2,追,3.92,79.83,,0,0.0,10.5,15.7,0,0,7,12.1,,３車身,,
2320260430030003,toride,2026-05-02,3,◎1 ○4 △2 注6 ×7 ▲3,"1-7  2,880円(10)","1-7-3  8,110円(27)","1=3=7  1,140円(4)",1=3  180円(2)  1=7  650円(9)  3=7  560円(6) / 1=3  180円(2)  1=7  650円(9)  3=7  560円(6),7,飯塚 隼人  佐,賀,38,95,A2,両,3.92,79.95,注,2,10.0,15.0,15.0,1,2,2,11.6,捲,微差,,
2320260430030004,toride,2026-05-02,4,◎2 ○7 △6 ×5 注3 ▲4,"2-5  1,300円(7)","2-5-7  5,260円(19)",2=5=7  810円(3),2=5  180円(1)  2=7  230円(4)  5=7  510円(9) / 2=5  180円(1)  2=7  230円(4)  5=7  510円(9),1,長野 和弘  福,岡,49,82,A2,追,3.92,83.09,▲,3,4.5,13.6,40.9,0,0,7,11.8,,３車身,,
2320260430030004,toride,2026-05-02,4,◎2 ○7 △6 ×5 注3 ▲4,"2-5  1,300円(7)","2-5-7  5,260円(19)",2=5=7  810円(3),2=5  180円(1)  2=7  230円(4)  5=7  510円(9) / 2=5  180円(1)  2=7  230円(4)  5=7  510円(9),2,矢口 大樹  千,葉,37,95,A1,両,3.92,90.41,◎,6,11.7,35.2,52.9,2,4,1,11.5,捲,,,
2320260430030004,toride,2026-05-02,4,◎2 ○7 △6 ×5 注3 ▲4,"2-5  1,300円(7)","2-5-7  5,260円(19)",2=5=7  810円(3),2=5  180円(1)  2=7  230円(4)  5=7  510円(9) / 2=5  180円(1)  2=7  230円(4)  5=7  510円(9),3,近藤 寛央  東,京,39,97,A1,追,3.85,84.72,×,1,0.0,11.1,27.7,0,0,5,11.8,,３/４車身,,
2320260430030004,toride,2026-05-02,4,◎2 ○7 △6 ×5 注3 ▲4,"2-5  1,300円(7)","2-5-7  5,260円(19)",2=5=7  810円(3),2=5  180円(1)  2=7  230円(4)  5=7  510円(9) / 2=5  180円(1)  2=7  230円(4)  5=7  510円(9),4,徳吉 広紀  福,岡,49,84,A2,追,3.92,85.04,注,2,9.5,14.2,52.3,0,0,4,11.7,,１車身,,
2320260430030004,toride,2026-05-02,4,◎2 ○7 △6 ×5 注3 ▲4,"2-5  1,300円(7)","2-5-7  5,260円(19)",2=5=7  810円(3),2=5  180円(1)  2=7  230円(4)  5=7  510円(9) / 2=5  180円(1)  2=7  230円(4)  5=7  510円(9),5,西村 剛  新,潟,26,125,A2,逃,3.92,86.56,△,4,31.2,43.7,50.0,4,3,2,11.7,逃,３/４車身,,
2320260430030004,toride,2026-05-02,4,◎2 ○7 △6 ×5 注3 ▲4,"2-5  1,300円(7)","2-5-7  5,260円(19)",2=5=7  810円(3),2=5  180円(1)  2=7  230円(4)  5=7  510円(9) / 2=5  180円(1)  2=7  230円(4)  5=7  510円(9),6,小川 巧  岡,山,59,57,A2,追,3.92,82.31,,0,4.3,30.4,34.7,0,0,6,11.5,,３/４車輪,,
2320260430030004,toride,2026-05-02,4,◎2 ○7 △6 ×5 注3 ▲4,"2-5  1,300円(7)","2-5-7  5,260円(19)",2=5=7  810円(3),2=5  180円(1)  2=7  230円(4)  5=7  510円(9) / 2=5  180円(1)  2=7  230円(4)  5=7  510円(9),7,川崎 健次,神奈川,46,88,A1,追,3.92,89.14,○,5,6.6,20.0,20.0,0,0,3,11.6,,１/２車輪,,
2320260430030005,toride,2026-05-02,5,×3 △5 注1 ◎6 ○4 ▲2,"4-6  8,280円(26)","4-6-7  53,470円(135)","4=6=7  9,490円(28)","4=6  810円(13)  4=7  480円(5)  6=7  1,770円(19) / 4=6  810円(13)  4=7  480円(5)  6=7  1,770円(19)",1,谷口 幸司  高,知,32,111,A1,追,3.92,86.52,注,2,11.1,38.8,55.5,0,0,5,11.9,,３/４車身,,
2320260430030005,toride,2026-05-02,5,×3 △5 注1 ◎6 ○4 ▲2,"4-6  8,280円(26)","4-6-7  53,470円(135)","4=6=7  9,490円(28)","4=6  810円(13)  4=7  480円(5)  6=7  1,770円(19) / 4=6  810円(13)  4=7  480円(5)  6=7  1,770円(19)",2,舘 真成  茨,城,38,98,A2,両,3.86,80.33,○,5,19.0,19.0,19.0,0,2,7,12.2,,１/２車身,,
2320260430030005,toride,2026-05-02,5,×3 △5 注1 ◎6 ○4 ▲2,"4-6  8,280円(26)","4-6-7  53,470円(135)","4=6=7  9,490円(28)","4=6  810円(13)  4=7  480円(5)  6=7  1,770円(19) / 4=6  810円(13)  4=7  480円(5)  6=7  1,770円(19)",3,野上 竜太  岡,山,30,115,A1,逃,3.92,82.39,×,1,14.2,28.5,32.1,8,0,4,11.9,,３/４車身,,
2320260430030005,toride,2026-05-02,5,×3 △5 注1 ◎6 ○4 ▲2,"4-6  8,280円(26)","4-6-7  53,470円(135)","4=6=7  9,490円(28)","4=6  810円(13)  4=7  480円(5)  6=7  1,770円(19) / 4=6  810円(13)  4=7  480円(5)  6=7  1,770円(19)",4,土田 武志  茨,城,27,115,A1,逃,3.92,86.0,◎,6,6.6,26.6,40.0,2,0,1,12.0,逃,,,
2320260430030005,toride,2026-05-02,5,×3 △5 注1 ◎6 ○4 ▲2,"4-6  8,280円(26)","4-6-7  53,470円(135)","4=6=7  9,490円(28)","4=6  810円(13)  4=7  480円(5)  6=7  1,770円(19) / 4=6  810円(13)  4=7  480円(5)  6=7  1,770円(19)",5,佐竹 和也  徳,島,46,83,A1,追,3.92,90.25,△,4,6.2,37.5,43.7,0,0,6,11.8,,３/４車身,,
2320260430030005,toride,2026-05-02,5,×3 △5 注1 ◎6 ○4 ▲2,"4-6  8,280円(26)","4-6-7  53,470円(135)","4=6=7  9,490円(28)","4=6  810円(13)  4=7  480円(5)  6=7  1,770円(19) / 4=6  810円(13)  4=7  480円(5)  6=7  1,770円(19)",6,須永 勝太  福,島,35,98,A2,両,3.92,80.18,,0,4.5,13.6,27.2,0,1,2,11.9,捲,１/２車身,,
2320260430030005,toride,2026-05-02,5,×3 △5 注1 ◎6 ○4 ▲2,"4-6  8,280円(26)","4-6-7  53,470円(135)","4=6=7  9,490円(28)","4=6  810円(13)  4=7  480円(5)  6=7  1,770円(19) / 4=6  810円(13)  4=7  480円(5)  6=7  1,770円(19)",7,小林 和彦  群,馬,49,82,A2,両,3.77,82.46,▲,3,0.0,26.6,40.0,0,0,3,11.8,,１/４車輪,,
2320260430030006,toride,2026-05-02,6,×4 注5 ▲1 ○6 ◎7 △2,"7-5  2,260円(8)","7-5-4  9,270円(23)","4=5=7  1,680円(4)",4=5  450円(4)  4=7  610円(7)  5=7  450円(5) / 4=5  450円(4)  4=7  610円(7)  5=7  450円(5),1,川又 裕樹,鹿児島,40,97,A1,追,3.93,85.47,,0,14.2,19.0,47.6,0,0,5,12.3,,１/８車輪,,
2320260430030006,toride,2026-05-02,6,×4 注5 ▲1 ○6 ◎7 △2,"7-5  2,260円(8)","7-5-4  9,270円(23)","4=5=7  1,680円(4)",4=5  450円(4)  4=7  610円(7)  5=7  450円(5) / 4=5  450円(4)  4=7  610円(7)  5=7  450円(5),2,矢島 一弥  群,馬,40,92,A1,追,3.92,87.04,◎,6,16.6,29.1,50.0,0,0,6,12.1,,１/８車輪,,
2320260430030006,toride,2026-05-02,6,×4 注5 ▲1 ○6 ◎7 △2,"7-5  2,260円(8)","7-5-4  9,270円(23)","4=5=7  1,680円(4)",4=5  450円(4)  4=7  610円(7)  5=7  450円(5) / 4=5  450円(4)  4=7  610円(7)  5=7  450円(5),3,飯田 辰哉  千,葉,53,72,A1,追,3.92,90.37,△,4,20.8,33.3,50.0,0,0,7,12.0,,３/４車身,,
2320260430030006,toride,2026-05-02,6,×4 注5 ▲1 ○6 ◎7 △2,"7-5  2,260円(8)","7-5-4  9,270円(23)","4=5=7  1,680円(4)",4=5  450円(4)  4=7  610円(7)  5=7  450円(5) / 4=5  450円(4)  4=7  610円(7)  5=7  450円(5),4,利根 正明  大,分,36,97,A1,逃,3.92,87.28,×,1,28.5,33.3,42.8,1,6,3,12.5,,１/４車輪,,
2320260430030006,toride,2026-05-02,6,×4 注5 ▲1 ○6 ◎7 △2,"7-5  2,260円(8)","7-5-4  9,270円(23)","4=5=7  1,680円(4)",4=5  450円(4)  4=7  610円(7)  5=7  450円(5) / 4=5  450円(4)  4=7  610円(7)  5=7  450円(5),5,小原 将通  大,分,38,92,A1,追,3.92,86.78,注,2,15.7,31.5,47.3,0,0,2,12.3,差,１車身１/２,,
2320260430030006,toride,2026-05-02,6,×4 注5 ▲1 ○6 ◎7 △2,"7-5  2,260円(8)","7-5-4  9,270円(23)","4=5=7  1,680円(4)",4=5  450円(4)  4=7  610円(7)  5=7  450円(5) / 4=5  450円(4)  4=7  610円(7)  5=7  450円(5),6,三ッ井 武,神奈川,40,96,A1,追,3.93,83.12,▲,3,18.7,25.0,43.7,0,0,4,12.2,,３/４車身,,
2320260430030006,toride,2026-05-02,6,×4 注5 ▲1 ○6 ◎7 △2,"7-5  2,260円(8)","7-5-4  9,270円(23)","4=5=7  1,680円(4)",4=5  450円(4)  4=7  610円(7)  5=7  450円(5) / 4=5  450円(4)  4=7  610円(7)  5=7  450円(5),7,片桐 善也  新,潟,32,117,A1,逃,3.92,92.27,○,5,27.7,55.5,66.6,6,3,1,12.0,捲,,,
2320260430030007,toride,2026-05-02,7,◎7 ○2 ▲5 ×1 注6 △3,"3-4  1,570円(4)","3-4-7  4,570円(10)","3=4=7  1,290円(4)",3=4  610円(11)  3=7  370円(3)  4=7  400円(4) / 3=4  610円(11)  3=7  370円(3)  4=7  400円(4),1,山崎 輝夫  埼,玉,35,99,A1,追,3.92,91.0,×,1,0.0,41.6,41.6,0,1,5,11.6,,１車身１/２,,
2320260430030007,toride,2026-05-02,7,◎7 ○2 ▲5 ×1 注6 △3,"3-4  1,570円(4)","3-4-7  4,570円(10)","3=4=7  1,290円(4)",3=4  610円(11)  3=7  370円(3)  4=7  400円(4) / 3=4  610円(11)  3=7  370円(3)  4=7  400円(4),2,神開 一輝  福,岡,32,119,A1,逃,3.92,90.05,○,5,20.0,30.0,40.0,0,1,4,11.7,,３/４車身,,
2320260430030007,toride,2026-05-02,7,◎7 ○2 ▲5 ×1 注6 △3,"3-4  1,570円(4)","3-4-7  4,570円(10)","3=4=7  1,290円(4)",3=4  610円(11)  3=7  370円(3)  4=7  400円(4) / 3=4  610円(11)  3=7  370円(3)  4=7  400円(4),3,諸隈 健太郎  高,知,25,127,A2,逃,3.92,90.3,注,2,40.0,65.0,70.0,13,0,1,11.9,逃,,,
2320260430030007,toride,2026-05-02,7,◎7 ○2 ▲5 ×1 注6 △3,"3-4  1,570円(4)","3-4-7  4,570円(10)","3=4=7  1,290円(4)",3=4  610円(11)  3=7  370円(3)  4=7  400円(4) / 3=4  610円(11)  3=7  370円(3)  4=7  400円(4),4,成田 直喜  青,森,50,81,A1,追,3.92,90.66,△,4,22.2,38.8,50.0,0,1,2,11.9,ク,３/４車輪,,
2320260430030007,toride,2026-05-02,7,◎7 ○2 ▲5 ×1 注6 △3,"3-4  1,570円(4)","3-4-7  4,570円(10)","3=4=7  1,290円(4)",3=4  610円(11)  3=7  370円(3)  4=7  400円(4) / 3=4  610円(11)  3=7  370円(3)  4=7  400円(4),5,中島 竜誠  山,梨,26,125,A2,逃,3.92,90.13,▲,3,33.3,40.0,80.0,3,2,落,,,,,
2320260430030007,toride,2026-05-02,7,◎7 ○2 ▲5 ×1 注6 △3,"3-4  1,570円(4)","3-4-7  4,570円(10)","3=4=7  1,290円(4)",3=4  610円(11)  3=7  370円(3)  4=7  400円(4) / 3=4  610円(11)  3=7  370円(3)  4=7  400円(4),6,星野 辰也  栃,木,40,95,A1,追,3.92,87.52,,0,14.2,33.3,52.3,0,1,6,11.8,,３車身,,
2320260430030007,toride,2026-05-02,7,◎7 ○2 ▲5 ×1 注6 △3,"3-4  1,570円(4)","3-4-7  4,570円(10)","3=4=7  1,290円(4)",3=4  610円(11)  3=7  370円(3)  4=7  400円(4) / 3=4  610円(11)  3=7  370円(3)  4=7  400円(4),7,山本 浩成  福,岡,27,119,A1,逃,3.92,93.76,◎,6,42.8,57.1,66.6,1,8,3,11.7,,１/２車輪,,
2620260501020001,seibuen,2026-05-02,1,◎1 ○3 注5 ×2 △4 ▲6,1-3  220円(1),"1-3-4  1,180円(4)",1=3=4  700円(4),1=3  110円(1)  1=4  210円(4)  3=4  310円(8) / 1=3  110円(1)  1=4  210円(4)  3=4  310円(8),1,福森 慎太郎  千,葉,49,84,A3,逃,3.92,73.05,◎,6,21.0,31.5,57.8,2,3,1,12.1,逃,,,
2620260501020001,seibuen,2026-05-02,1,◎1 ○3 注5 ×2 △4 ▲6,1-3  220円(1),"1-3-4  1,180円(4)",1=3=4  700円(4),1=3  110円(1)  1=4  210円(4)  3=4  310円(8) / 1=3  110円(1)  1=4  210円(4)  3=4  310円(8),2,松本 一成  新,潟,50,77,A3,逃,3.85,68.64,×,1,9.6,32.2,45.1,4,1,5,11.8,,１車身１/２,,
2620260501020001,seibuen,2026-05-02,1,◎1 ○3 注5 ×2 △4 ▲6,1-3  220円(1),"1-3-4  1,180円(4)",1=3=4  700円(4),1=3  110円(1)  1=4  210円(4)  3=4  310円(8) / 1=3  110円(1)  1=4  210円(4)  3=4  310円(8),3,小林 大能  千,葉,46,87,A3,追,3.79 3.92,67.81,○,5,0.0,18.5,25.9,0,0,2,12.0,ク,１/４車輪,,
2620260501020001,seibuen,2026-05-02,1,◎1 ○3 注5 ×2 △4 ▲6,1-3  220円(1),"1-3-4  1,180円(4)",1=3=4  700円(4),1=3  110円(1)  1=4  210円(4)  3=4  310円(8) / 1=3  110円(1)  1=4  210円(4)  3=4  310円(8),4,長谷川 辰徳  埼,玉,45,89,A3,追,3.86,66.19,△,4,4.7,9.5,23.8,0,0,3,11.5,,１/４車輪,,
2620260501020001,seibuen,2026-05-02,1,◎1 ○3 注5 ×2 △4 ▲6,1-3  220円(1),"1-3-4  1,180円(4)",1=3=4  700円(4),1=3  110円(1)  1=4  210円(4)  3=4  310円(8) / 1=3  110円(1)  1=4  210円(4)  3=4  310円(8),5,井上 典善  千,葉,57,66,A3,追,3.92,65.82,注,2,5.8,5.8,11.7,0,0,4,12.0,,３/４車身,,
2620260501020001,seibuen,2026-05-02,1,◎1 ○3 注5 ×2 △4 ▲6,1-3  220円(1),"1-3-4  1,180円(4)",1=3=4  700円(4),1=3  110円(1)  1=4  210円(4)  3=4  310円(8) / 1=3  110円(1)  1=4  210円(4)  3=4  310円(8),6,久保 将史,神奈川,41,95,A3,両,3.93,63.43,▲,3,0.0,0.0,0.0,0,0,6,13.4,,大差,,
2620260501020002,seibuen,2026-05-02,2,◎1 ○3 ×2 △4 注6,"6-4  7,690円(15)","6-4-3  32,810円(49)","3=4=6  3,130円(9)","3=4  500円(6)  3=6  1,020円(10)  4=6  520円(7) / 3=4  500円(6)  3=6  1,020円(10)  4=6  520円(7)",1,吉原 友彦,神奈川,48,83,A3,両,3.92,71.41,◎,6,17.2,31.0,51.7,3,4,4,11.9,,３/４車輪,,
2620260501020002,seibuen,2026-05-02,2,◎1 ○3 ×2 △4 注6,"6-4  7,690円(15)","6-4-3  32,810円(49)","3=4=6  3,130円(9)","3=4  500円(6)  3=6  1,020円(10)  4=6  520円(7) / 3=4  500円(6)  3=6  1,020円(10)  4=6  520円(7)",2,牧田 賢也  福,島,29,111,A3,逃,3.92,71.4,×,1,13.3,20.0,40.0,0,2,5,11.7,,１車輪,,
2620260501020002,seibuen,2026-05-02,2,◎1 ○3 ×2 △4 注6,"6-4  7,690円(15)","6-4-3  32,810円(49)","3=4=6  3,130円(9)","3=4  500円(6)  3=6  1,020円(10)  4=6  520円(7) / 3=4  500円(6)  3=6  1,020円(10)  4=6  520円(7)",3,市川 博章  静,岡,49,80,A3,追,3.93,71.23,○,5,0.0,19.0,42.8,0,0,3,11.8,,１/２車輪,,
2620260501020002,seibuen,2026-05-02,2,◎1 ○3 ×2 △4 注6,"6-4  7,690円(15)","6-4-3  32,810円(49)","3=4=6  3,130円(9)","3=4  500円(6)  3=6  1,020円(10)  4=6  520円(7) / 3=4  500円(6)  3=6  1,020円(10)  4=6  520円(7)",4,中嶋 樹  大,阪,24,119,A3,逃,3.92,69.21,△,4,8.6,30.4,34.7,6,1,2,12.2,逃,１/４車輪,,
2620260501020002,seibuen,2026-05-02,2,◎1 ○3 ×2 △4 注6,"6-4  7,690円(15)","6-4-3  32,810円(49)","3=4=6  3,130円(9)","3=4  500円(6)  3=6  1,020円(10)  4=6  520円(7) / 3=4  500円(6)  3=6  1,020円(10)  4=6  520円(7)",5,町田 勝志  静,岡,50,76,A3,追,3.92,68.38,,0,11.1,16.6,38.8,0,0,欠,,,,,
2620260501020002,seibuen,2026-05-02,2,◎1 ○3 ×2 △4 注6,"6-4  7,690円(15)","6-4-3  32,810円(49)","3=4=6  3,130円(9)","3=4  500円(6)  3=6  1,020円(10)  4=6  520円(7) / 3=4  500円(6)  3=6  1,020円(10)  4=6  520円(7)",6,高野 輝彰  愛,知,50,83,A3,追,3.86,66.37,注,2,0.0,0.0,16.6,0,0,1,12.0,差,,,
2620260501020003,seibuen,2026-05-02,3,△5 ×2 ▲1 ◎7 ○3 注6,"5-2  4,470円(18)","5-2-3  15,400円(63)","2=3=5  2,150円(9)",2=3  290円(4)  2=5  700円(10)  3=5  720円(11) / 2=3  290円(4)  2=5  700円(10)  3=5  720円(11),1,中井 修  滋,賀,56,75,A3,両,3.92,72.9,×,1,14.2,23.8,52.3,1,1,7,13.2,,６車身,,
2620260501020003,seibuen,2026-05-02,3,△5 ×2 ▲1 ◎7 ○3 注6,"5-2  4,470円(18)","5-2-3  15,400円(63)","2=3=5  2,150円(9)",2=3  290円(4)  2=5  700円(10)  3=5  720円(11) / 2=3  290円(4)  2=5  700円(10)  3=5  720円(11),2,加美山 隆行  宮,城,39,92,A3,追,3.92,71.5,△,4,21.0,47.3,52.6,0,0,2,12.4,ク,３/４車身,,
2620260501020003,seibuen,2026-05-02,3,△5 ×2 ▲1 ◎7 ○3 注6,"5-2  4,470円(18)","5-2-3  15,400円(63)","2=3=5  2,150円(9)",2=3  290円(4)  2=5  700円(10)  3=5  720円(11) / 2=3  290円(4)  2=5  700円(10)  3=5  720円(11),3,前島 恭平  長,野,37,98,A3,逃,3.92,68.36,◎,6,13.6,22.7,36.3,3,2,3,12.7,,３/４車身,,
2620260501020003,seibuen,2026-05-02,3,△5 ×2 ▲1 ◎7 ○3 注6,"5-2  4,470円(18)","5-2-3  15,400円(63)","2=3=5  2,150円(9)",2=3  290円(4)  2=5  700円(10)  3=5  720円(11) / 2=3  290円(4)  2=5  700円(10)  3=5  720円(11),4,渡邊 秀明,神奈川,54,68,A3,追,3.92,67.62,注,2,3.1,21.8,34.3,0,0,6,12.3,,４車身,,
2620260501020003,seibuen,2026-05-02,3,△5 ×2 ▲1 ◎7 ○3 注6,"5-2  4,470円(18)","5-2-3  15,400円(63)","2=3=5  2,150円(9)",2=3  290円(4)  2=5  700円(10)  3=5  720円(11) / 2=3  290円(4)  2=5  700円(10)  3=5  720円(11),5,渡邉 正人  福,島,35,100,A3,逃,3.86,67.46,,0,0.0,6.6,20.0,0,0,1,12.4,差,,,
2620260501020003,seibuen,2026-05-02,3,△5 ×2 ▲1 ◎7 ○3 注6,"5-2  4,470円(18)","5-2-3  15,400円(63)","2=3=5  2,150円(9)",2=3  290円(4)  2=5  700円(10)  3=5  720円(11) / 2=3  290円(4)  2=5  700円(10)  3=5  720円(11),6,佐野 多喜男  新,潟,47,85,A3,追,3.92,66.66,○,5,11.1,27.7,33.3,0,1,5,12.3,,１/２車輪,,
2620260501020003,seibuen,2026-05-02,3,△5 ×2 ▲1 ◎7 ○3 注6,"5-2  4,470円(18)","5-2-3  15,400円(63)","2=3=5  2,150円(9)",2=3  290円(4)  2=5  700円(10)  3=5  720円(11) / 2=3  290円(4)  2=5  700円(10)  3=5  720円(11),7,中川 博文  福,井,58,61,A3,追,3.93,65.47,▲,3,4.7,9.5,23.8,0,0,4,12.3,,１/２車輪,,
2620260501020004,seibuen,2026-05-02,4,×2 △1 注5 ◎3 ○4 ▲6,"3-2  1,130円(4)","3-2-1  1,450円(1)",1=2=3  350円(1),1=2  130円(1)  1=3  260円(5)  2=3  240円(4) / 1=2  130円(1)  1=3  260円(5)  2=3  240円(4),1,竜門 孝宗  兵,庫,40,95,A3,追,3.92,72.66,△,4,9.5,14.2,57.1,0,0,3,12.6,,１/４車輪,,
2620260501020004,seibuen,2026-05-02,4,×2 △1 注5 ◎3 ○4 ▲6,"3-2  1,130円(4)","3-2-1  1,450円(1)",1=2=3  350円(1),1=2  130円(1)  1=3  260円(5)  2=3  240円(4) / 1=2  130円(1)  1=3  260円(5)  2=3  240円(4),2,武田 和也  奈,良,38,92,A3,両,3.92,71.42,×,1,28.5,47.6,52.3,4,0,2,12.7,ク,１車身,,
2620260501020004,seibuen,2026-05-02,4,×2 △1 注5 ◎3 ○4 ▲6,"3-2  1,130円(4)","3-2-1  1,450円(1)",1=2=3  350円(1),1=2  130円(1)  1=3  260円(5)  2=3  240円(4) / 1=2  130円(1)  1=3  260円(5)  2=3  240円(4),3,吉松 賢二  群,馬,40,90,A3,両,3.93,70.59,◎,6,8.0,40.0,60.0,7,1,1,12.7,逃,,,
2620260501020004,seibuen,2026-05-02,4,×2 △1 注5 ◎3 ○4 ▲6,"3-2  1,130円(4)","3-2-1  1,450円(1)",1=2=3  350円(1),1=2  130円(1)  1=3  260円(5)  2=3  240円(4) / 1=2  130円(1)  1=3  260円(5)  2=3  240円(4),4,羽石 国臣  栃,木,51,93,A3,追,3.92,70.13,○,5,13.6,22.7,45.4,0,0,7,13.3,,７車身,,
2620260501020004,seibuen,2026-05-02,4,×2 △1 注5 ◎3 ○4 ▲6,"3-2  1,130円(4)","3-2-1  1,450円(1)",1=2=3  350円(1),1=2  130円(1)  1=3  260円(5)  2=3  240円(4) / 1=2  130円(1)  1=3  260円(5)  2=3  240円(4),5,吉野 猛  愛,知,52,74,A3,追,3.92,69.45,注,2,0.0,22.7,27.2,0,0,4,12.5,,１/４車輪,,
2620260501020004,seibuen,2026-05-02,4,×2 △1 注5 ◎3 ○4 ▲6,"3-2  1,130円(4)","3-2-1  1,450円(1)",1=2=3  350円(1),1=2  130円(1)  1=3  260円(5)  2=3  240円(4) / 1=2  130円(1)  1=3  260円(5)  2=3  240円(4),6,野崎 修一  栃,木,63,57,A3,追,3.92,69.41,▲,3,12.5,20.8,45.8,0,0,6,12.6,,２車身,,
2620260501020004,seibuen,2026-05-02,4,×2 △1 注5 ◎3 ○4 ▲6,"3-2  1,130円(4)","3-2-1  1,450円(1)",1=2=3  350円(1),1=2  130円(1)  1=3  260円(5)  2=3  240円(4) / 1=2  130円(1)  1=3  260円(5)  2=3  240円(4),7,塚本 諭  福,島,49,85,A3,追,3.85 3.92,67.0,,0,9.5,14.2,19.0,1,0,5,12.4,,１車身１/２,,
2620260501020005,seibuen,2026-05-02,5,◎3 ○4 ▲6 ×7 △1 注2,3-4  330円(1),"3-4-5  2,260円(4)","3=4=5  1,050円(4)",3=4  150円(1)  3=5  330円(5)  4=5  650円(13) / 3=4  150円(1)  3=5  330円(5)  4=5  650円(13),1,中野 良,北海道,50,83,A3,追,3.92,74.59,×,1,7.4,48.1,70.3,0,0,7,11.7,,２車身,,
2620260501020005,seibuen,2026-05-02,5,◎3 ○4 ▲6 ×7 △1 注2,3-4  330円(1),"3-4-5  2,260円(4)","3=4=5  1,050円(4)",3=4  150円(1)  3=5  330円(5)  4=5  650円(13) / 3=4  150円(1)  3=5  330円(5)  4=5  650円(13),2,石井 毅,神奈川,52,74,A3,追,3.77,74.0,△,4,8.3,45.8,62.5,0,1,5,11.7,,１/２車身,,
2620260501020005,seibuen,2026-05-02,5,◎3 ○4 ▲6 ×7 △1 注2,3-4  330円(1),"3-4-5  2,260円(4)","3=4=5  1,050円(4)",3=4  150円(1)  3=5  330円(5)  4=5  650円(13) / 3=4  150円(1)  3=5  330円(5)  4=5  650円(13),3,林 佳宗依  富,山,24,127,A3,逃,3.92,73.23,◎,6,31.8,45.4,54.5,8,2,1,12.1,逃,,,
2620260501020005,seibuen,2026-05-02,5,◎3 ○4 ▲6 ×7 △1 注2,3-4  330円(1),"3-4-5  2,260円(4)","3=4=5  1,050円(4)",3=4  150円(1)  3=5  330円(5)  4=5  650円(13) / 3=4  150円(1)  3=5  330円(5)  4=5  650円(13),4,杉山 正和  三,重,59,59,A3,追,3.85,72.06,○,5,13.3,46.6,53.3,0,0,2,12.1,ク,１/２車輪,,
2620260501020005,seibuen,2026-05-02,5,◎3 ○4 ▲6 ×7 △1 注2,3-4  330円(1),"3-4-5  2,260円(4)","3=4=5  1,050円(4)",3=4  150円(1)  3=5  330円(5)  4=5  650円(13) / 3=4  150円(1)  3=5  330円(5)  4=5  650円(13),5,堀内 昇  茨,城,37,95,A3,両,3.93,71.94,注,2,5.8,29.4,52.9,1,0,3,11.8,,３/４車身,,
2620260501020005,seibuen,2026-05-02,5,◎3 ○4 ▲6 ×7 △1 注2,3-4  330円(1),"3-4-5  2,260円(4)","3=4=5  1,050円(4)",3=4  150円(1)  3=5  330円(5)  4=5  650円(13) / 3=4  150円(1)  3=5  330円(5)  4=5  650円(13),6,服部 竜二  愛,知,54,76,A3,追,3.92,70.45,▲,3,4.1,16.6,37.5,0,0,4,12.0,,１車輪,,
2620260501020005,seibuen,2026-05-02,5,◎3 ○4 ▲6 ×7 △1 注2,3-4  330円(1),"3-4-5  2,260円(4)","3=4=5  1,050円(4)",3=4  150円(1)  3=5  330円(5)  4=5  650円(13) / 3=4  150円(1)  3=5  330円(5)  4=5  650円(13),7,高橋 海月  青,森,25,123,A3,逃,3.85,67.07,,0,7.6,15.3,30.7,1,1,6,11.7,,３/４車身,,
2620260501020006,seibuen,2026-05-02,6,◎1 ○2 ×7 △4 ▲3 注5,1-2  150円(1),1-2-3  550円(1),1=2=3  380円(1),1=2  110円(1)  1=3  190円(3)  2=3  260円(4) / 1=2  110円(1)  1=3  190円(3)  2=3  260円(4),1,西本 健三郎  茨,城,23,127,A3,逃,3.92,77.66,◎,6,50.0,83.3,83.3,3,2,1,12.2,捲,,,
2620260501020006,seibuen,2026-05-02,6,◎1 ○2 ×7 △4 ▲3 注5,1-2  150円(1),1-2-3  550円(1),1=2=3  380円(1),1=2  110円(1)  1=3  190円(3)  2=3  260円(4) / 1=2  110円(1)  1=3  190円(3)  2=3  260円(4),2,齋藤 昌弘  群,馬,44,90,A3,追,3.85,74.33,○,5,0.0,33.3,66.6,0,0,2,12.2,ク,３/４車身,,
2620260501020006,seibuen,2026-05-02,6,◎1 ○2 ×7 △4 ▲3 注5,1-2  150円(1),1-2-3  550円(1),1=2=3  380円(1),1=2  110円(1)  1=3  190円(3)  2=3  260円(4) / 1=2  110円(1)  1=3  190円(3)  2=3  260円(4),3,薮 謙治  京,都,48,83,A3,追,3.92,73.88,△,4,20.0,50.0,60.0,0,0,3,12.4,,１車身１/２,,
2620260501020006,seibuen,2026-05-02,6,◎1 ○2 ×7 △4 ▲3 注5,1-2  150円(1),1-2-3  550円(1),1=2=3  380円(1),1=2  110円(1)  1=3  190円(3)  2=3  260円(4) / 1=2  110円(1)  1=3  190円(3)  2=3  260円(4),4,辻田 祥大  三,重,23,127,A3,逃,3.92,73.5,×,1,16.6,33.3,66.6,2,0,4,12.7,,２車身,,
2620260501020006,seibuen,2026-05-02,6,◎1 ○2 ×7 △4 ▲3 注5,1-2  150円(1),1-2-3  550円(1),1=2=3  380円(1),1=2  110円(1)  1=3  190円(3)  2=3  260円(4) / 1=2  110円(1)  1=3  190円(3)  2=3  260円(4),5,南 大輔  京,都,51,76,A3,追,3.92,70.88,▲,3,5.2,26.3,47.3,0,0,7,15.7,,大差,,
2620260501020006,seibuen,2026-05-02,6,◎1 ○2 ×7 △4 ▲3 注5,1-2  150円(1),1-2-3  550円(1),1=2=3  380円(1),1=2  110円(1)  1=3  190円(3)  2=3  260円(4) / 1=2  110円(1)  1=3  190円(3)  2=3  260円(4),6,長崎 達也,神奈川,44,89,A3,両,3.93,69.5,注,2,8.3,25.0,33.3,0,0,6,12.3,,１/２車輪,,
2620260501020006,seibuen,2026-05-02,6,◎1 ○2 ×7 △4 ▲3 注5,1-2  150円(1),1-2-3  550円(1),1=2=3  380円(1),1=2  110円(1)  1=3  190円(3)  2=3  260円(4) / 1=2  110円(1)  1=3  190円(3)  2=3  260円(4),7,笹川 竜治  新,潟,53,71,A3,追,3.92,66.83,,0,0.0,0.0,7.1,0,0,5,12.5,,１/４車輪,,
2620260501020007,seibuen,2026-05-02,7,○2 ◎1 注5 ×4 △3 ▲6,1-5  870円(3),"1-5-4  10,180円(18)","1=4=5  5,300円(9)","1=4  540円(6)  1=5  230円(3)  4=5  2,040円(14) / 1=4  540円(6)  1=5  230円(3)  4=5  2,040円(14)",1,楠野 史尭  埼,玉,37,105,A3,両,3.92,78.61,◎,6,42.8,90.4,100.0,8,1,1,12.6,差,,,
2620260501020007,seibuen,2026-05-02,7,○2 ◎1 注5 ×4 △3 ▲6,1-5  870円(3),"1-5-4  10,180円(18)","1=4=5  5,300円(9)","1=4  540円(6)  1=5  230円(3)  4=5  2,040円(14) / 1=4  540円(6)  1=5  230円(3)  4=5  2,040円(14)",2,中川 飛隆  新,潟,27,127,A3,逃,3.75,77.38,○,5,52.3,71.4,90.4,6,6,4,13.0,,１/４車輪,,
2620260501020007,seibuen,2026-05-02,7,○2 ◎1 注5 ×4 △3 ▲6,1-5  870円(3),"1-5-4  10,180円(18)","1=4=5  5,300円(9)","1=4  540円(6)  1=5  230円(3)  4=5  2,040円(14) / 1=4  540円(6)  1=5  230円(3)  4=5  2,040円(14)",3,村本 慎吾  静,岡,44,94,A3,追,3.92,74.5,△,4,8.3,33.3,62.5,0,0,5,12.1,,３/４車輪,,
2620260501020007,seibuen,2026-05-02,7,○2 ◎1 注5 ×4 △3 ▲6,1-5  870円(3),"1-5-4  10,180円(18)","1=4=5  5,300円(9)","1=4  540円(6)  1=5  230円(3)  4=5  2,040円(14) / 1=4  540円(6)  1=5  230円(3)  4=5  2,040円(14)",4,國井 裕樹,神奈川,42,113,A3,逃,3.92,73.77,×,1,22.2,55.5,66.6,5,2,3,12.2,,１/２車輪,,
2620260501020007,seibuen,2026-05-02,7,○2 ◎1 注5 ×4 △3 ▲6,1-5  870円(3),"1-5-4  10,180円(18)","1=4=5  5,300円(9)","1=4  540円(6)  1=5  230円(3)  4=5  2,040円(14) / 1=4  540円(6)  1=5  230円(3)  4=5  2,040円(14)",5,早坂 道義  栃,木,46,88,A3,追,3.85,72.62,注,2,12.5,16.6,54.1,0,0,2,12.6,ク,１車身,,
2620260501020007,seibuen,2026-05-02,7,○2 ◎1 注5 ×4 △3 ▲6,1-5  870円(3),"1-5-4  10,180円(18)","1=4=5  5,300円(9)","1=4  540円(6)  1=5  230円(3)  4=5  2,040円(14) / 1=4  540円(6)  1=5  230円(3)  4=5  2,040円(14)",6,田中 智也  静,岡,53,74,A3,追,3.92,69.37,▲,3,6.2,12.5,31.2,0,0,6,12.1,,１車身１/２,,
2620260501020007,seibuen,2026-05-02,7,○2 ◎1 注5 ×4 △3 ▲6,1-5  870円(3),"1-5-4  10,180円(18)","1=4=5  5,300円(9)","1=4  540円(6)  1=5  230円(3)  4=5  2,040円(14) / 1=4  540円(6)  1=5  230円(3)  4=5  2,040円(14)",7,千澤 大輔  青,森,38,95,A3,追,3.85,66.04,,0,12.5,20.8,20.8,0,0,7,14.7,,大差,,
3520260501020001,hiratsuka,2026-05-02,1,◎3 ○1 ×9 注5 ▲2 △7,1-3  420円(1),1-3-9  640円(1),1=3=9  260円(1),1=3  130円(1)  1=9  190円(2)  3=9  260円(4) / 1=3  130円(1)  1=9  190円(2)  3=9  260円(4),1,山崎 芳仁  福,島,46,88,S1,両,3.92,109.57,○,5,7.1,21.4,50.0,0,0,1,11.3,差,,立直し交す,10:40
3520260501020001,hiratsuka,2026-05-02,1,◎3 ○1 ×9 注5 ▲2 △7,1-3  420円(1),1-3-9  640円(1),1=3=9  260円(1),1=3  130円(1)  1=9  190円(2)  3=9  260円(4) / 1=3  130円(1)  1=9  190円(2)  3=9  260円(4),2,香川 雄介  香,川,51,76,S1,追,3.93,105.21,注,2,21.4,28.5,35.7,0,0,5,11.2,,１/２車輪,久米マーク,10:40
3520260501020001,hiratsuka,2026-05-02,1,◎3 ○1 ×9 注5 ▲2 △7,1-3  420円(1),1-3-9  640円(1),1=3=9  260円(1),1=3  130円(1)  1=9  190円(2)  3=9  260円(4) / 1=3  130円(1)  1=9  190円(2)  3=9  260円(4),3,根田 空史  千,葉,37,94,S1,逃,3.92,109.69,◎,6,43.4,56.5,60.8,11,2,2,11.5,捲,タイヤ差,鐘過カマシ,10:40
3520260501020001,hiratsuka,2026-05-02,1,◎3 ○1 ×9 注5 ▲2 △7,1-3  420円(1),1-3-9  640円(1),1=3=9  260円(1),1=3  130円(1)  1=9  190円(2)  3=9  260円(4) / 1=3  130円(1)  1=9  190円(2)  3=9  260円(4),4,伊藤 信  大,阪,42,92,S2,逃,3.93,103.08,△,4,25.0,45.8,50.0,2,8,7,11.1,,１車輪,後方で不発,10:40
3520260501020001,hiratsuka,2026-05-02,1,◎3 ○1 ×9 注5 ▲2 △7,1-3  420円(1),1-3-9  640円(1),1=3=9  260円(1),1=3  130円(1)  1=9  190円(2)  3=9  260円(4) / 1=3  130円(1)  1=9  190円(2)  3=9  260円(4),5,久米 康平  徳,島,34,100,S1,両,3.92,106.28,×,1,4.7,23.8,42.8,0,3,6,11.3,,１/２車輪,星野絡中団,10:40
3520260501020001,hiratsuka,2026-05-02,1,◎3 ○1 ×9 注5 ▲2 △7,1-3  420円(1),1-3-9  640円(1),1=3=9  260円(1),1=3  130円(1)  1=9  190円(2)  3=9  260円(4) / 1=3  130円(1)  1=9  190円(2)  3=9  260円(4),6,橋本 瑠偉  栃,木,31,113,S1,逃,3.92,99.76,,0,20.0,32.0,32.0,2,4,9,12.7,,大差,叩かれ後退,10:40
3520260501020001,hiratsuka,2026-05-02,1,◎3 ○1 ×9 注5 ▲2 △7,1-3  420円(1),1-3-9  640円(1),1=3=9  260円(1),1=3  130円(1)  1=9  190円(2)  3=9  260円(4) / 1=3  130円(1)  1=9  190円(2)  3=9  260円(4),7,川口 公太朗  岐,阜,36,98,S1,追,3.92,106.5,▲,3,21.4,32.1,42.8,0,0,8,11.0,,３/４車輪,伊藤と共倒,10:40
3520260501020001,hiratsuka,2026-05-02,1,◎3 ○1 ×9 注5 ▲2 △7,1-3  420円(1),1-3-9  640円(1),1=3=9  260円(1),1=3  130円(1)  1=9  190円(2)  3=9  260円(4) / 1=3  130円(1)  1=9  190円(2)  3=9  260円(4),8,山下 渡  茨,城,42,91,S2,追,3.92,101.9,,0,20.0,25.0,40.0,0,0,4,11.2,,１/２車身,橋本付切替,10:40
3520260501020001,hiratsuka,2026-05-02,1,◎3 ○1 ×9 注5 ▲2 △7,1-3  420円(1),1-3-9  640円(1),1=3=9  260円(1),1=3  130円(1)  1=9  190円(2)  3=9  260円(4) / 1=3  130円(1)  1=9  190円(2)  3=9  260円(4),9,星野 洋輝  福,島,26,115,S2,追,3.92,106.04,,0,13.0,34.7,52.1,0,0,3,11.3,,３/４車身,本線３番手,10:40
3520260501020002,hiratsuka,2026-05-02,2,×1 注7 ▲4 ○8 ◎3 △9,"9-6  6,130円(18)","9-6-3  31,780円(75)","3=6=9  3,750円(12)","3=6  1,940円(24)  3=9  230円(2)  6=9  990円(14) / 3=6  1,940円(24)  3=9  230円(2)  6=9  990円(14)",1,小森 貴大  福,井,36,111,S1,両,3.92,105.21,×,1,7.1,28.5,35.7,0,2,5,11.7,,３/４車輪,３番手飛付,11:13
3520260501020002,hiratsuka,2026-05-02,2,×1 注7 ▲4 ○8 ◎3 △9,"9-6  6,130円(18)","9-6-3  31,780円(75)","3=6=9  3,750円(12)","3=6  1,940円(24)  3=9  230円(2)  6=9  990円(14) / 3=6  1,940円(24)  3=9  230円(2)  6=9  990円(14)",2,坂本 健太郎  福,岡,45,86,S1,両,3.93,104.82,,0,17.2,37.9,55.1,0,0,8,11.9,,２車身,吉本連結外,11:13
3520260501020002,hiratsuka,2026-05-02,2,×1 注7 ▲4 ○8 ◎3 △9,"9-6  6,130円(18)","9-6-3  31,780円(75)","3=6=9  3,750円(12)","3=6  1,940円(24)  3=9  230円(2)  6=9  990円(14) / 3=6  1,940円(24)  3=9  230円(2)  6=9  990円(14)",3,橋本 壮史  茨,城,31,119,S2,逃,3.92,105.33,○,5,14.2,33.3,57.1,5,2,3,11.9,,３/４車身,打鐘過叩く,11:13
3520260501020002,hiratsuka,2026-05-02,2,×1 注7 ▲4 ○8 ◎3 △9,"9-6  6,130円(18)","9-6-3  31,780円(75)","3=6=9  3,750円(12)","3=6  1,940円(24)  3=9  230円(2)  6=9  990円(14) / 3=6  1,940円(24)  3=9  230円(2)  6=9  990円(14)",4,渡部 哲男  愛,媛,46,84,S1,追,3.92,104.5,▲,3,25.0,41.6,54.1,0,0,6,11.6,,１車身１/２,神田を追う,11:13
3520260501020002,hiratsuka,2026-05-02,2,×1 注7 ▲4 ○8 ◎3 △9,"9-6  6,130円(18)","9-6-3  31,780円(75)","3=6=9  3,750円(12)","3=6  1,940円(24)  3=9  230円(2)  6=9  990円(14) / 3=6  1,940円(24)  3=9  230円(2)  6=9  990円(14)",5,吉本 卓仁  福,岡,42,89,S1,両,3.92,105.13,△,4,30.4,47.8,56.5,0,1,9,12.2,,１/２車身,小森絡まれ,11:13
3520260501020002,hiratsuka,2026-05-02,2,×1 注7 ▲4 ○8 ◎3 △9,"9-6  6,130円(18)","9-6-3  31,780円(75)","3=6=9  3,750円(12)","3=6  1,940円(24)  3=9  230円(2)  6=9  990円(14) / 3=6  1,940円(24)  3=9  230円(2)  6=9  990円(14)",6,山賀 雅仁  千,葉,44,87,S1,両,3.92,101.92,,0,11.1,14.8,37.0,0,1,2,11.4,捲,３/４車輪,バック捲る,11:13
3520260501020002,hiratsuka,2026-05-02,2,×1 注7 ▲4 ○8 ◎3 △9,"9-6  6,130円(18)","9-6-3  31,780円(75)","3=6=9  3,750円(12)","3=6  1,940円(24)  3=9  230円(2)  6=9  990円(14) / 3=6  1,940円(24)  3=9  230円(2)  6=9  990円(14)",7,神田 紘輔  大,阪,39,100,S1,追,3.92,104.79,注,2,8.3,16.6,37.5,0,0,4,11.6,,１/８車輪,小森マーク,11:13
3520260501020002,hiratsuka,2026-05-02,2,×1 注7 ▲4 ○8 ◎3 △9,"9-6  6,130円(18)","9-6-3  31,780円(75)","3=6=9  3,750円(12)","3=6  1,940円(24)  3=9  230円(2)  6=9  990円(14) / 3=6  1,940円(24)  3=9  230円(2)  6=9  990円(14)",8,三宅 達也  岡,山,48,79,S1,追,3.92,104.26,,0,11.5,34.6,46.1,0,1,7,11.5,,１/２車身,位置無後方,11:13
3520260501020002,hiratsuka,2026-05-02,2,×1 注7 ▲4 ○8 ◎3 △9,"9-6  6,130円(18)","9-6-3  31,780円(75)","3=6=9  3,750円(12)","3=6  1,940円(24)  3=9  230円(2)  6=9  990円(14) / 3=6  1,940円(24)  3=9  230円(2)  6=9  990円(14)",9,佐藤 礼文  茨,城,34,115,S1,追,3.92,108.31,◎,6,18.7,37.5,50.0,0,0,1,11.7,差,,橋本付抜出,11:13
3520260501020003,hiratsuka,2026-05-02,3,△8 注5 ×1 ◎9 ○2 ▲4,3-7  630円(2),"3-7-4  4,630円(10)","3=4=7  2,230円(6)","3=4  1,150円(18)  3=7  170円(1)  4=7  1,280円(22) / 3=4  1,150円(18)  3=7  170円(1)  4=7  1,280円(22)",1,中村 圭志  熊,本,45,86,S1,追,3.93,107.43,,0,4.3,39.1,60.8,0,0,5,11.5,,１車身,後方のまま,11:46
3520260501020003,hiratsuka,2026-05-02,3,△8 注5 ×1 ◎9 ○2 ▲4,3-7  630円(2),"3-7-4  4,630円(10)","3=4=7  2,230円(6)","3=4  1,150円(18)  3=7  170円(1)  4=7  1,280円(22) / 3=4  1,150円(18)  3=7  170円(1)  4=7  1,280円(22)",2,五日市 誠  青,森,41,89,S1,追,3.92,105.36,×,1,20.0,32.0,52.0,0,1,4,11.8,,１/２車身,櫻井付捲れ,11:46
3520260501020003,hiratsuka,2026-05-02,3,△8 注5 ×1 ◎9 ○2 ▲4,3-7  630円(2),"3-7-4  4,630円(10)","3=4=7  2,230円(6)","3=4  1,150円(18)  3=7  170円(1)  4=7  1,280円(22) / 3=4  1,150円(18)  3=7  170円(1)  4=7  1,280円(22)",3,長島 大介  栃,木,36,96,S1,両,3.92,109.25,○,5,12.5,41.6,54.1,0,2,1,11.8,差,,小林交わす,11:46
3520260501020003,hiratsuka,2026-05-02,3,△8 注5 ×1 ◎9 ○2 ▲4,3-7  630円(2),"3-7-4  4,630円(10)","3=4=7  2,230円(6)","3=4  1,150円(18)  3=7  170円(1)  4=7  1,280円(22) / 3=4  1,150円(18)  3=7  170円(1)  4=7  1,280円(22)",4,田中 勇二  岡,山,38,95,S1,追,3.92,103.59,,0,13.3,33.3,43.3,0,0,3,11.7,,１/８車輪,関東勢追走,11:46
3520260501020003,hiratsuka,2026-05-02,3,△8 注5 ×1 ◎9 ○2 ▲4,3-7  630円(2),"3-7-4  4,630円(10)","3=4=7  2,230円(6)","3=4  1,150円(18)  3=7  170円(1)  4=7  1,280円(22) / 3=4  1,150円(18)  3=7  170円(1)  4=7  1,280円(22)",5,井上 昌己  長,崎,46,86,S1,追,3.92,106.63,△,4,47.3,52.6,57.8,0,1,8,11.8,,１/４車輪,伊藤と共倒,11:46
3520260501020003,hiratsuka,2026-05-02,3,△8 注5 ×1 ◎9 ○2 ▲4,3-7  630円(2),"3-7-4  4,630円(10)","3=4=7  2,230円(6)","3=4  1,150円(18)  3=7  170円(1)  4=7  1,280円(22) / 3=4  1,150円(18)  3=7  170円(1)  4=7  1,280円(22)",6,菅原 大也,神奈川,35,107,S2,両,3.92,101.47,▲,3,9.5,19.0,33.3,1,3,6,11.9,,１/２車身,北勢追走も,11:46
3520260501020003,hiratsuka,2026-05-02,3,△8 注5 ×1 ◎9 ○2 ▲4,3-7  630円(2),"3-7-4  4,630円(10)","3=4=7  2,230円(6)","3=4  1,150円(18)  3=7  170円(1)  4=7  1,280円(22) / 3=4  1,150円(18)  3=7  170円(1)  4=7  1,280円(22)",7,小林 泰正  群,馬,31,113,S1,逃,3.92,110.58,◎,6,29.4,52.9,64.7,0,5,2,11.9,捲,３/４車輪,ホーム仕掛,11:46
3520260501020003,hiratsuka,2026-05-02,3,△8 注5 ×1 ◎9 ○2 ▲4,3-7  630円(2),"3-7-4  4,630円(10)","3=4=7  2,230円(6)","3=4  1,150円(18)  3=7  170円(1)  4=7  1,280円(22) / 3=4  1,150円(18)  3=7  170円(1)  4=7  1,280円(22)",8,伊藤 颯馬  沖,縄,27,115,S1,逃,3.92,102.84,,0,11.5,19.2,34.6,1,3,9,12.5,,６車身,叩かれ後退,11:46
3520260501020003,hiratsuka,2026-05-02,3,△8 注5 ×1 ◎9 ○2 ▲4,3-7  630円(2),"3-7-4  4,630円(10)","3=4=7  2,230円(6)","3=4  1,150円(18)  3=7  170円(1)  4=7  1,280円(22) / 3=4  1,150円(18)  3=7  170円(1)  4=7  1,280円(22)",9,櫻井 祐太郎  宮,城,26,117,S1,逃,3.92,106.04,注,2,27.2,36.3,45.4,5,1,7,12.2,,１車身１/２,叩き捲られ,11:46
3520260501020004,hiratsuka,2026-05-02,4,△6 ◎1 ○9 ▲7 ×2 注4,"4-3  52,070円(58)","4-3-2  286,320円(289)","2=3=4  10,480円(29)","2=3  470円(4)  2=4  490円(5)  3=4  2,160円(20) / 2=3  470円(4)  2=4  490円(5)  3=4  2,160円(20)",1,橋本 強  愛,媛,41,89,S1,追,3.92,108.38,△,4,14.2,23.8,47.6,0,0,7,11.7,,２車身,切替内突き,12:19
3520260501020004,hiratsuka,2026-05-02,4,△6 ◎1 ○9 ▲7 ×2 注4,"4-3  52,070円(58)","4-3-2  286,320円(289)","2=3=4  10,480円(29)","2=3  470円(4)  2=4  490円(5)  3=4  2,160円(20) / 2=3  470円(4)  2=4  490円(5)  3=4  2,160円(20)",2,芦澤 大輔  茨,城,44,90,S1,追,3.92,109.78,○,5,20.8,45.8,54.1,0,0,3,11.7,,１/２車輪,先手の番手,12:19
3520260501020004,hiratsuka,2026-05-02,4,△6 ◎1 ○9 ▲7 ×2 注4,"4-3  52,070円(58)","4-3-2  286,320円(289)","2=3=4  10,480円(29)","2=3  470円(4)  2=4  490円(5)  3=4  2,160円(20) / 2=3  470円(4)  2=4  490円(5)  3=4  2,160円(20)",3,小川 勇介  福,岡,41,90,S1,追,3.92,109.18,×,1,11.1,33.3,51.8,0,0,2,11.3,差,３/４車輪,青柳マーク,12:19
3520260501020004,hiratsuka,2026-05-02,4,△6 ◎1 ○9 ▲7 ×2 注4,"4-3  52,070円(58)","4-3-2  286,320円(289)","2=3=4  10,480円(29)","2=3  470円(4)  2=4  490円(5)  3=4  2,160円(20) / 2=3  470円(4)  2=4  490円(5)  3=4  2,160円(20)",4,竹内 智彦  宮,城,49,84,S1,追,3.92,104.11,,0,0.0,16.6,33.3,0,0,1,11.5,差,,芦澤追内伸,12:19
3520260501020004,hiratsuka,2026-05-02,4,△6 ◎1 ○9 ▲7 ×2 注4,"4-3  52,070円(58)","4-3-2  286,320円(289)","2=3=4  10,480円(29)","2=3  470円(4)  2=4  490円(5)  3=4  2,160円(20) / 2=3  470円(4)  2=4  490円(5)  3=4  2,160円(20)",5,松川 高大  熊,本,37,94,S1,両,3.92,104.85,注,2,9.5,23.8,38.0,0,1,6,11.5,,２車身,橋本と絡む,12:19
3520260501020004,hiratsuka,2026-05-02,4,△6 ◎1 ○9 ▲7 ×2 注4,"4-3  52,070円(58)","4-3-2  286,320円(289)","2=3=4  10,480円(29)","2=3  470円(4)  2=4  490円(5)  3=4  2,160円(20) / 2=3  470円(4)  2=4  490円(5)  3=4  2,160円(20)",6,島川 将貴  徳,島,31,109,S1,逃,3.92,99.25,,0,13.7,27.5,34.4,1,2,9,11.9,,６車身,不発で後退,12:19
3520260501020004,hiratsuka,2026-05-02,4,△6 ◎1 ○9 ▲7 ×2 注4,"4-3  52,070円(58)","4-3-2  286,320円(289)","2=3=4  10,480円(29)","2=3  470円(4)  2=4  490円(5)  3=4  2,160円(20) / 2=3  470円(4)  2=4  490円(5)  3=4  2,160円(20)",7,杉浦 侑吾  栃,木,31,115,S1,逃,3.92,111.48,◎,6,29.6,51.8,66.6,7,7,5,11.8,,１/４車輪,突張り先行,12:19
3520260501020004,hiratsuka,2026-05-02,4,△6 ◎1 ○9 ▲7 ×2 注4,"4-3  52,070円(58)","4-3-2  286,320円(289)","2=3=4  10,480円(29)","2=3  470円(4)  2=4  490円(5)  3=4  2,160円(20) / 2=3  470円(4)  2=4  490円(5)  3=4  2,160円(20)",8,青柳 靖起  佐,賀,26,117,S2,逃,3.92,103.57,▲,3,14.2,28.5,42.8,3,1,4,11.5,,微差,中団に入る,12:19
3520260501020004,hiratsuka,2026-05-02,4,△6 ◎1 ○9 ▲7 ×2 注4,"4-3  52,070円(58)","4-3-2  286,320円(289)","2=3=4  10,480円(29)","2=3  470円(4)  2=4  490円(5)  3=4  2,160円(20) / 2=3  470円(4)  2=4  490円(5)  3=4  2,160円(20)",9,田尾 駿介  高,知,34,111,S1,追,3.92,106.71,,0,20.0,33.3,33.3,0,0,8,11.6,,１/２車身,橋本を追走,12:19
3520260501020005,hiratsuka,2026-05-02,5,△1 ×5 ◎8 ○2 ▲9 注6,"1-5  1,060円(4)","1-5-2  5,700円(15)","1=2=5  1,010円(4)",1=2  350円(4)  1=5  300円(3)  2=5  280円(2) / 1=2  350円(4)  1=5  300円(3)  2=5  280円(2),1,菊池 岳仁  長,野,25,117,S1,逃,3.92,109.5,△,4,7.1,28.5,35.7,4,0,1,11.7,逃,,鐘過ぎ叩く,12:52
3520260501020005,hiratsuka,2026-05-02,5,△1 ×5 ◎8 ○2 ▲9 注6,"1-5  1,060円(4)","1-5-2  5,700円(15)","1=2=5  1,010円(4)",1=2  350円(4)  1=5  300円(3)  2=5  280円(2) / 1=2  350円(4)  1=5  300円(3)  2=5  280円(2),2,渡邉 雅也  静,岡,25,117,S1,両,3.92,111.18,◎,6,33.3,55.5,66.6,0,5,3,11.6,,１/２車身,３番手追上,12:52
3520260501020005,hiratsuka,2026-05-02,5,△1 ×5 ◎8 ○2 ▲9 注6,"1-5  1,060円(4)","1-5-2  5,700円(15)","1=2=5  1,010円(4)",1=2  350円(4)  1=5  300円(3)  2=5  280円(2) / 1=2  350円(4)  1=5  300円(3)  2=5  280円(2),3,山本 伸一  奈,良,43,101,S1,両,3.92,107.13,,0,26.0,39.1,47.8,0,0,6,11.5,,３/４車身,落車避けて,12:52
3520260501020005,hiratsuka,2026-05-02,5,△1 ×5 ◎8 ○2 ▲9 注6,"1-5  1,060円(4)","1-5-2  5,700円(15)","1=2=5  1,010円(4)",1=2  350円(4)  1=5  300円(3)  2=5  280円(2) / 1=2  350円(4)  1=5  300円(3)  2=5  280円(2),4,脇本 勇希  福,井,27,115,S1,逃,3.92,106.63,▲,3,15.7,26.3,47.3,1,3,7,11.7,,１車身１/２,叩かれ不発,12:52
3520260501020005,hiratsuka,2026-05-02,5,△1 ×5 ◎8 ○2 ▲9 注6,"1-5  1,060円(4)","1-5-2  5,700円(15)","1=2=5  1,010円(4)",1=2  350円(4)  1=5  300円(3)  2=5  280円(2) / 1=2  350円(4)  1=5  300円(3)  2=5  280円(2),5,恩田 淳平  群,馬,35,100,S1,追,3.92,108.55,×,1,10.3,31.0,48.2,0,0,2,11.6,ク,１/４車輪,菊池マーク,12:52
3520260501020005,hiratsuka,2026-05-02,5,△1 ×5 ◎8 ○2 ▲9 注6,"1-5  1,060円(4)","1-5-2  5,700円(15)","1=2=5  1,010円(4)",1=2  350円(4)  1=5  300円(3)  2=5  280円(2) / 1=2  350円(4)  1=5  300円(3)  2=5  280円(2),6,大塚 玲,神奈川,44,89,S1,追,3.92,100.95,,0,13.0,30.4,39.1,0,1,8,,,大差,落車し再乗,12:52
3520260501020005,hiratsuka,2026-05-02,5,△1 ×5 ◎8 ○2 ▲9 注6,"1-5  1,060円(4)","1-5-2  5,700円(15)","1=2=5  1,010円(4)",1=2  350円(4)  1=5  300円(3)  2=5  280円(2) / 1=2  350円(4)  1=5  300円(3)  2=5  280円(2),7,東口 善朋,和歌山,46,85,S1,追,3.92,110.55,注,2,9.5,19.0,42.8,0,0,落,,,,落車し棄権,12:52
3520260501020005,hiratsuka,2026-05-02,5,△1 ×5 ◎8 ○2 ▲9 注6,"1-5  1,060円(4)","1-5-2  5,700円(15)","1=2=5  1,010円(4)",1=2  350円(4)  1=5  300円(3)  2=5  280円(2) / 1=2  350円(4)  1=5  300円(3)  2=5  280円(2),8,伏見 俊昭  福,島,50,75,S1,追,3.92,104.54,,0,13.6,22.7,31.8,0,0,4,11.6,,１/４車輪,渡邉と絡む,12:52
3520260501020005,hiratsuka,2026-05-02,5,△1 ×5 ◎8 ○2 ▲9 注6,"1-5  1,060円(4)","1-5-2  5,700円(15)","1=2=5  1,010円(4)",1=2  350円(4)  1=5  300円(3)  2=5  280円(2) / 1=2  350円(4)  1=5  300円(3)  2=5  280円(2),9,簗田 一輝  静,岡,30,107,S1,両,3.92,109.6,○,5,6.6,33.3,46.6,0,0,5,11.6,,３/４車身,渡邉マーク,12:52
3520260501020006,hiratsuka,2026-05-02,6,◎9 ○1 △8 ×4 注7 ▲3,"4-7  1,290円(4)","4-7-2  13,190円(42)","2=4=7  4,730円(22)","2=4  1,730円(25)  2=7  2,210円(30)  4=7  400円(4) / 2=4  1,730円(25)  2=7  2,210円(30)  4=7  400円(4)",1,渡邉 豪大  福,岡,36,107,S2,追,3.92,108.61,○,5,16.6,33.3,50.0,0,1,6,11.9,,３/４車身,切り替えて,13:25
3520260501020006,hiratsuka,2026-05-02,6,◎9 ○1 △8 ×4 注7 ▲3,"4-7  1,290円(4)","4-7-2  13,190円(42)","2=4=7  4,730円(22)","2=4  1,730円(25)  2=7  2,210円(30)  4=7  400円(4) / 2=4  1,730円(25)  2=7  2,210円(30)  4=7  400円(4)",2,諸橋 愛  新,潟,48,79,S1,追,3.92,107.58,▲,3,5.5,22.2,33.3,0,0,3,11.7,,１/２車輪,離れも立直,13:25
3520260501020006,hiratsuka,2026-05-02,6,◎9 ○1 △8 ×4 注7 ▲3,"4-7  1,290円(4)","4-7-2  13,190円(42)","2=4=7  4,730円(22)","2=4  1,730円(25)  2=7  2,210円(30)  4=7  400円(4) / 2=4  1,730円(25)  2=7  2,210円(30)  4=7  400円(4)",3,三谷 竜生  奈,良,38,101,S1,両,3.92,107.68,×,1,11.7,35.2,35.2,0,2,4,11.9,,１/２車輪,捲り上げも,13:25
3520260501020006,hiratsuka,2026-05-02,6,◎9 ○1 △8 ×4 注7 ▲3,"4-7  1,290円(4)","4-7-2  13,190円(42)","2=4=7  4,730円(22)","2=4  1,730円(25)  2=7  2,210円(30)  4=7  400円(4) / 2=4  1,730円(25)  2=7  2,210円(30)  4=7  400円(4)",4,飯野 祐太  福,島,41,90,S1,両,3.92,106.84,△,4,19.2,42.3,61.5,0,0,1,12.0,捲,,番手捲りで,13:25
3520260501020006,hiratsuka,2026-05-02,6,◎9 ○1 △8 ×4 注7 ▲3,"4-7  1,290円(4)","4-7-2  13,190円(42)","2=4=7  4,730円(22)","2=4  1,730円(25)  2=7  2,210円(30)  4=7  400円(4) / 2=4  1,730円(25)  2=7  2,210円(30)  4=7  400円(4)",5,稲川 翔  大,阪,41,90,S2,両,3.93,111.86,注,2,4.5,59.0,68.1,0,0,5,11.9,,１/２車身,三谷マーク,13:25
3520260501020006,hiratsuka,2026-05-02,6,◎9 ○1 △8 ×4 注7 ▲3,"4-7  1,290円(4)","4-7-2  13,190円(42)","2=4=7  4,730円(22)","2=4  1,730円(25)  2=7  2,210円(30)  4=7  400円(4) / 2=4  1,730円(25)  2=7  2,210円(30)  4=7  400円(4)",6,末木 浩二  山,梨,34,109,S1,両,3.92,102.0,,0,20.8,25.0,33.3,0,6,7,12.2,,２車身,捲れず後退,13:25
3520260501020006,hiratsuka,2026-05-02,6,◎9 ○1 △8 ×4 注7 ▲3,"4-7  1,290円(4)","4-7-2  13,190円(42)","2=4=7  4,730円(22)","2=4  1,730円(25)  2=7  2,210円(30)  4=7  400円(4) / 2=4  1,730円(25)  2=7  2,210円(30)  4=7  400円(4)",7,佐藤 友和  岩,手,43,88,S1,両,3.92,110.05,,0,35.2,35.2,47.0,0,0,2,11.9,ク,１/２車輪,飯野に続く,13:25
3520260501020006,hiratsuka,2026-05-02,6,◎9 ○1 △8 ×4 注7 ▲3,"4-7  1,290円(4)","4-7-2  13,190円(42)","2=4=7  4,730円(22)","2=4  1,730円(25)  2=7  2,210円(30)  4=7  400円(4) / 2=4  1,730円(25)  2=7  2,210円(30)  4=7  400円(4)",8,小原 佑太  青,森,30,115,S1,逃,3.92,104.54,,0,16.6,29.1,37.5,4,2,9,12.8,,３車身,突張り先行,13:25
3520260501020006,hiratsuka,2026-05-02,6,◎9 ○1 △8 ×4 注7 ▲3,"4-7  1,290円(4)","4-7-2  13,190円(42)","2=4=7  4,730円(22)","2=4  1,730円(25)  2=7  2,210円(30)  4=7  400円(4) / 2=4  1,730円(25)  2=7  2,210円(30)  4=7  400円(4)",9,後藤 大輝  福,岡,25,121,S1,逃,3.92,107.57,◎,6,26.3,52.6,57.8,9,1,8,11.9,,１車身１/２,叩けず後退,13:25
3520260501020007,hiratsuka,2026-05-02,7,◎2 ○9 ▲5 注8 ×1 △6,3-7  920円(4),"3-7-2  3,330円(9)",2=3=7  850円(4),2=3  270円(2)  2=7  370円(4)  3=7  290円(3) / 2=3  270円(2)  2=7  370円(4)  3=7  290円(3),1,柏野 智典  岡,山,47,88,S1,追,3.92,107.22,注,2,18.5,29.6,48.1,0,0,落,,,,落車し棄権,13:58
3520260501020007,hiratsuka,2026-05-02,7,◎2 ○9 ▲5 注8 ×1 △6,3-7  920円(4),"3-7-2  3,330円(9)",2=3=7  850円(4),2=3  270円(2)  2=7  370円(4)  3=7  290円(3) / 2=3  270円(2)  2=7  370円(4)  3=7  290円(3),2,新田 祐大  福,島,40,90,S1,両,3.92,113.47,◎,6,10.5,26.3,52.6,0,4,3,10.9,,１車身,後方捲上げ,13:58
3520260501020007,hiratsuka,2026-05-02,7,◎2 ○9 ▲5 注8 ×1 △6,3-7  920円(4),"3-7-2  3,330円(9)",2=3=7  850円(4),2=3  270円(2)  2=7  370円(4)  3=7  290円(3) / 2=3  270円(2)  2=7  370円(4)  3=7  290円(3),3,武藤 龍生  埼,玉,35,98,S1,追,3.92,109.8,△,4,17.6,35.2,35.2,0,0,1,11.4,差,,吉田交わす,13:58
3520260501020007,hiratsuka,2026-05-02,7,◎2 ○9 ▲5 注8 ×1 △6,3-7  920円(4),"3-7-2  3,330円(9)",2=3=7  850円(4),2=3  270円(2)  2=7  370円(4)  3=7  290円(3) / 2=3  270円(2)  2=7  370円(4)  3=7  290円(3),4,内藤 秀久,神奈川,44,89,S1,追,3.92,104.76,,0,14.2,33.3,52.3,0,1,5,11.4,,１/２車輪,関東勢追走,13:58
3520260501020007,hiratsuka,2026-05-02,7,◎2 ○9 ▲5 注8 ×1 △6,3-7  920円(4),"3-7-2  3,330円(9)",2=3=7  850円(4),2=3  270円(2)  2=7  370円(4)  3=7  290円(3) / 2=3  270円(2)  2=7  370円(4)  3=7  290円(3),5,須永 優太  福,島,37,94,S1,追,3.92,105.72,,0,28.0,40.0,60.0,0,0,6,10.7,,３/４車輪,成田追って,13:58
3520260501020007,hiratsuka,2026-05-02,7,◎2 ○9 ▲5 注8 ×1 △6,3-7  920円(4),"3-7-2  3,330円(9)",2=3=7  850円(4),2=3  270円(2)  2=7  370円(4)  3=7  290円(3) / 2=3  270円(2)  2=7  370円(4)  3=7  290円(3),6,隅田 洋介  岡,山,38,107,S1,両,3.92,0.0,,0,0.0,0.0,0.0,0,0,8,12.4,,大差,前団離れて,13:58
3520260501020007,hiratsuka,2026-05-02,7,◎2 ○9 ▲5 注8 ×1 △6,3-7  920円(4),"3-7-2  3,330円(9)",2=3=7  850円(4),2=3  270円(2)  2=7  370円(4)  3=7  290円(3) / 2=3  270円(2)  2=7  370円(4)  3=7  290円(3),7,吉田 有希  茨,城,24,119,S1,逃,3.92,110.25,×,1,33.3,45.8,54.1,5,1,2,11.5,逃,タイヤ差,打鐘過先行,13:58
3520260501020007,hiratsuka,2026-05-02,7,◎2 ○9 ▲5 注8 ×1 △6,3-7  920円(4),"3-7-2  3,330円(9)",2=3=7  850円(4),2=3  270円(2)  2=7  370円(4)  3=7  290円(3) / 2=3  270円(2)  2=7  370円(4)  3=7  290円(3),8,晝田 宗一郎  岡,山,27,115,S2,逃,3.92,104.0,▲,3,13.6,31.8,45.4,3,3,7,11.5,,１/４車輪,中団捲るも,13:58
3520260501020007,hiratsuka,2026-05-02,7,◎2 ○9 ▲5 注8 ×1 △6,3-7  920円(4),"3-7-2  3,330円(9)",2=3=7  850円(4),2=3  270円(2)  2=7  370円(4)  3=7  290円(3) / 2=3  270円(2)  2=7  370円(4)  3=7  290円(3),9,成田 和也  福,島,47,88,S1,追,3.92,112.28,○,5,13.3,46.6,46.6,0,1,4,10.8,,１/８車輪,新田マーク,13:58
3520260501020008,hiratsuka,2026-05-02,8,○7 ◎1 △5 ×2 ▲9 注6,"5-1  1,710円(6)","5-1-7  5,330円(14)",1=5=7  340円(1),1=5  140円(1)  1=7  190円(2)  5=7  340円(5) / 1=5  140円(1)  1=7  190円(2)  5=7  340円(5),1,小原 太樹,神奈川,37,95,S1,追,3.92,111.63,◎,6,21.7,30.4,52.1,0,0,2,11.8,差,１車輪,青野交すも,14:32
3520260501020008,hiratsuka,2026-05-02,8,○7 ◎1 △5 ×2 ▲9 注6,"5-1  1,710円(6)","5-1-7  5,330円(14)",1=5=7  340円(1),1=5  140円(1)  1=7  190円(2)  5=7  340円(5) / 1=5  140円(1)  1=7  190円(2)  5=7  340円(5),2,佐々木 豪  愛,媛,30,109,S1,逃,3.92,110.11,×,1,11.1,33.3,44.4,1,3,5,11.7,,３/４車身,中団取るも,14:32
3520260501020008,hiratsuka,2026-05-02,8,○7 ◎1 △5 ×2 ▲9 注6,"5-1  1,710円(6)","5-1-7  5,330円(14)",1=5=7  340円(1),1=5  140円(1)  1=7  190円(2)  5=7  340円(5) / 1=5  140円(1)  1=7  190円(2)  5=7  340円(5),3,谷口 遼平  三,重,32,103,S1,逃,3.92,107.25,注,2,41.6,50.0,58.3,5,4,6,11.3,,１/８車輪,叩けず後退,14:32
3520260501020008,hiratsuka,2026-05-02,8,○7 ◎1 △5 ×2 ▲9 注6,"5-1  1,710円(6)","5-1-7  5,330円(14)",1=5=7  340円(1),1=5  140円(1)  1=7  190円(2)  5=7  340円(5) / 1=5  140円(1)  1=7  190円(2)  5=7  340円(5),4,西村 光太  三,重,40,96,S1,追,3.92,103.58,,0,0.0,24.0,36.0,0,2,8,11.3,,１車身,谷口と共倒,14:32
3520260501020008,hiratsuka,2026-05-02,8,○7 ◎1 △5 ×2 ▲9 注6,"5-1  1,710円(6)","5-1-7  5,330円(14)",1=5=7  340円(1),1=5  140円(1)  1=7  190円(2)  5=7  340円(5) / 1=5  140円(1)  1=7  190円(2)  5=7  340円(5),5,佐々木 眞也,神奈川,31,117,S1,両,3.92,109.75,△,4,16.6,41.6,50.0,0,0,1,11.7,差,,３番手突抜,14:32
3520260501020008,hiratsuka,2026-05-02,8,○7 ◎1 △5 ×2 ▲9 注6,"5-1  1,710円(6)","5-1-7  5,330円(14)",1=5=7  340円(1),1=5  140円(1)  1=7  190円(2)  5=7  340円(5) / 1=5  140円(1)  1=7  190円(2)  5=7  340円(5),6,阿竹 智史  徳,島,44,90,S1,両,3.92,0.0,,0,0.0,0.0,0.0,0,0,7,11.5,,１/２車輪,山形を追う,14:32
3520260501020008,hiratsuka,2026-05-02,8,○7 ◎1 △5 ×2 ▲9 注6,"5-1  1,710円(6)","5-1-7  5,330円(14)",1=5=7  340円(1),1=5  140円(1)  1=7  190円(2)  5=7  340円(5) / 1=5  140円(1)  1=7  190円(2)  5=7  340円(5),7,青野 将大,神奈川,31,117,S1,逃,3.92,109.0,○,5,38.0,61.9,61.9,4,7,3,12.1,,３/４車輪,打鐘先行し,14:32
3520260501020008,hiratsuka,2026-05-02,8,○7 ◎1 △5 ×2 ▲9 注6,"5-1  1,710円(6)","5-1-7  5,330円(14)",1=5=7  340円(1),1=5  140円(1)  1=7  190円(2)  5=7  340円(5) / 1=5  140円(1)  1=7  190円(2)  5=7  340円(5),8,小堺 浩二  石,川,43,91,S2,両,3.92,102.38,,0,26.4,35.2,55.8,0,9,9,11.3,,３/４車輪,後方のまま,14:32
3520260501020008,hiratsuka,2026-05-02,8,○7 ◎1 △5 ×2 ▲9 注6,"5-1  1,710円(6)","5-1-7  5,330円(14)",1=5=7  340円(1),1=5  140円(1)  1=7  190円(2)  5=7  340円(5) / 1=5  140円(1)  1=7  190円(2)  5=7  340円(5),9,山形 一気  徳,島,37,96,S1,追,3.92,108.44,▲,3,5.0,35.0,55.0,0,0,4,11.5,,微差,佐々木豪追,14:32
3520260501020009,hiratsuka,2026-05-02,9,◎2 ○9 ×5 注1 △7 ▲8,"9-6  7,960円(16)","9-6-2  20,300円(43)","2=6=9  2,490円(6)","2=6  1,050円(13)  2=9  110円(1)  6=9  900円(11) / 2=6  1,050円(13)  2=9  110円(1)  6=9  900円(11)",1,皿屋 豊  三,重,43,111,S1,両,3.92,109.61,×,1,28.5,47.6,57.1,2,4,8,11.7,,１/２車身,叩き叩かれ,15:07
3520260501020009,hiratsuka,2026-05-02,9,◎2 ○9 ×5 注1 △7 ▲8,"9-6  7,960円(16)","9-6-2  20,300円(43)","2=6=9  2,490円(6)","2=6  1,050円(13)  2=9  110円(1)  6=9  900円(11) / 2=6  1,050円(13)  2=9  110円(1)  6=9  900円(11)",2,中石 湊,北海道,21,125,S2,逃,3.92,114.75,◎,6,25.0,50.0,75.0,1,0,3,11.9,,３/４車輪,ホーム叩く,15:07
3520260501020009,hiratsuka,2026-05-02,9,◎2 ○9 ×5 注1 △7 ▲8,"9-6  7,960円(16)","9-6-2  20,300円(43)","2=6=9  2,490円(6)","2=6  1,050円(13)  2=9  110円(1)  6=9  900円(11) / 2=6  1,050円(13)  2=9  110円(1)  6=9  900円(11)",3,杉森 輝大  茨,城,43,103,S1,両,3.92,106.6,△,4,14.2,28.5,42.8,0,1,9,11.6,,２車身,寺沼と共倒,15:07
3520260501020009,hiratsuka,2026-05-02,9,◎2 ○9 ×5 注1 △7 ▲8,"9-6  7,960円(16)","9-6-2  20,300円(43)","2=6=9  2,490円(6)","2=6  1,050円(13)  2=9  110円(1)  6=9  900円(11) / 2=6  1,050円(13)  2=9  110円(1)  6=9  900円(11)",4,松岡 貴久  熊,本,41,90,S1,追,3.92,104.34,▲,3,0.0,4.1,33.3,0,0,6,11.2,,３/４車身,松本付離れ,15:07
3520260501020009,hiratsuka,2026-05-02,9,◎2 ○9 ×5 注1 △7 ▲8,"9-6  7,960円(16)","9-6-2  20,300円(43)","2=6=9  2,490円(6)","2=6  1,050円(13)  2=9  110円(1)  6=9  900円(11) / 2=6  1,050円(13)  2=9  110円(1)  6=9  900円(11)",5,内藤 宣彦  秋,田,55,67,S1,追,3.92,107.39,,0,8.3,20.8,45.8,0,1,4,11.7,,１/２車輪,北の３番手,15:07
3520260501020009,hiratsuka,2026-05-02,9,◎2 ○9 ×5 注1 △7 ▲8,"9-6  7,960円(16)","9-6-2  20,300円(43)","2=6=9  2,490円(6)","2=6  1,050円(13)  2=9  110円(1)  6=9  900円(11) / 2=6  1,050円(13)  2=9  110円(1)  6=9  900円(11)",6,松本 秀之介  熊,本,25,117,S1,逃,3.92,102.18,,0,22.7,36.3,36.3,1,6,2,11.2,捲,１/２車輪,後方捲上げ,15:07
3520260501020009,hiratsuka,2026-05-02,9,◎2 ○9 ×5 注1 △7 ▲8,"9-6  7,960円(16)","9-6-2  20,300円(43)","2=6=9  2,490円(6)","2=6  1,050円(13)  2=9  110円(1)  6=9  900円(11) / 2=6  1,050円(13)  2=9  110円(1)  6=9  900円(11)",7,志智 俊夫  岐,阜,53,70,S1,追,3.92,107.4,注,2,13.0,39.1,56.5,0,1,5,11.5,,３/４車身,皿屋マーク,15:07
3520260501020009,hiratsuka,2026-05-02,9,◎2 ○9 ×5 注1 △7 ▲8,"9-6  7,960円(16)","9-6-2  20,300円(43)","2=6=9  2,490円(6)","2=6  1,050円(13)  2=9  110円(1)  6=9  900円(11) / 2=6  1,050円(13)  2=9  110円(1)  6=9  900円(11)",8,寺沼 拓摩  東,京,27,115,S2,両,3.93,102.8,,0,13.3,26.6,33.3,2,1,7,11.5,,１/２車輪,叩れ巻返ず,15:07
3520260501020009,hiratsuka,2026-05-02,9,◎2 ○9 ×5 注1 △7 ▲8,"9-6  7,960円(16)","9-6-2  20,300円(43)","2=6=9  2,490円(6)","2=6  1,050円(13)  2=9  110円(1)  6=9  900円(11) / 2=6  1,050円(13)  2=9  110円(1)  6=9  900円(11)",9,渡部 幸訓  福,島,42,89,S1,追,3.92,114.46,○,5,28.5,50.0,71.4,0,0,1,11.7,差,,番手差して,15:07
3520260501020010,hiratsuka,2026-05-02,10,◎1 ○9 注2 ×8 △4 ▲7,"1-2  3,030円(12)","1-2-3  22,070円(76)","1=2=3  5,980円(24)","1=2  840円(11)  1=3  540円(6)  2=3  2,050円(24) / 1=2  840円(11)  1=3  540円(6)  2=3  2,050円(24)",1,古性 優作  大,阪,35,100,SS,両,3.92,118.95,◎,6,35.0,60.0,70.0,1,6,1,11.6,差,,深谷後奪う,15:44
3520260501020010,hiratsuka,2026-05-02,10,◎1 ○9 注2 ×8 △4 ▲7,"1-2  3,030円(12)","1-2-3  22,070円(76)","1=2=3  5,980円(24)","1=2  840円(11)  1=3  540円(6)  2=3  2,050円(24) / 1=2  840円(11)  1=3  540円(6)  2=3  2,050円(24)",2,深谷 知広  静,岡,36,96,S1,逃,3.93,114.0,注,2,31.8,45.4,63.6,3,5,2,11.8,逃,１車身１/２,打鐘前先行,15:44
3520260501020010,hiratsuka,2026-05-02,10,◎1 ○9 注2 ×8 △4 ▲7,"1-2  3,030円(12)","1-2-3  22,070円(76)","1=2=3  5,980円(24)","1=2  840円(11)  1=3  540円(6)  2=3  2,050円(24) / 1=2  840円(11)  1=3  540円(6)  2=3  2,050円(24)",3,荒井 崇博  長,崎,48,82,S1,両,3.92,116.26,▲,3,20.0,40.0,73.3,0,0,3,11.4,,１/２車輪,嘉永乗伸び,15:44
3520260501020010,hiratsuka,2026-05-02,10,◎1 ○9 注2 ×8 △4 ▲7,"1-2  3,030円(12)","1-2-3  22,070円(76)","1=2=3  5,980円(24)","1=2  840円(11)  1=3  540円(6)  2=3  2,050円(24) / 1=2  840円(11)  1=3  540円(6)  2=3  2,050円(24)",4,松谷 秀幸,神奈川,43,96,S1,追,3.93,111.4,,0,23.5,35.2,47.0,0,0,6,11.5,,２車身,松井連結外,15:44
3520260501020010,hiratsuka,2026-05-02,10,◎1 ○9 注2 ×8 △4 ▲7,"1-2  3,030円(12)","1-2-3  22,070円(76)","1=2=3  5,980円(24)","1=2  840円(11)  1=3  540円(6)  2=3  2,050円(24) / 1=2  840円(11)  1=3  540円(6)  2=3  2,050円(24)",5,松浦 悠士  広,島,35,98,S1,両,3.92,115.22,,0,57.1,71.4,85.7,0,13,5,11.9,,１車身１/２,捲り上げも,15:44
3520260501020010,hiratsuka,2026-05-02,10,◎1 ○9 注2 ×8 △4 ▲7,"1-2  3,030円(12)","1-2-3  22,070円(76)","1=2=3  5,980円(24)","1=2  840円(11)  1=3  540円(6)  2=3  2,050円(24) / 1=2  840円(11)  1=3  540円(6)  2=3  2,050円(24)",6,岩津 裕介  岡,山,44,87,S1,追,3.92,106.79,,0,12.5,20.8,41.6,0,0,落,,,,落車し棄権,15:44
3520260501020010,hiratsuka,2026-05-02,10,◎1 ○9 注2 ×8 △4 ▲7,"1-2  3,030円(12)","1-2-3  22,070円(76)","1=2=3  5,980円(24)","1=2  840円(11)  1=3  540円(6)  2=3  2,050円(24) / 1=2  840円(11)  1=3  540円(6)  2=3  2,050円(24)",7,嘉永 泰斗  熊,本,28,113,SS,逃,3.92,115.3,△,4,33.3,46.6,53.3,0,7,4,11.5,,タイヤ差,叩かれ不発,15:44
3520260501020010,hiratsuka,2026-05-02,10,◎1 ○9 注2 ×8 △4 ▲7,"1-2  3,030円(12)","1-2-3  22,070円(76)","1=2=3  5,980円(24)","1=2  840円(11)  1=3  540円(6)  2=3  2,050円(24) / 1=2  840円(11)  1=3  540円(6)  2=3  2,050円(24)",8,松井 宏佑,神奈川,33,113,S1,逃,3.92,106.89,×,1,10.5,26.3,36.8,2,2,7,12.2,,８車身,古性捌かれ,15:44
3520260501020010,hiratsuka,2026-05-02,10,◎1 ○9 注2 ×8 △4 ▲7,"1-2  3,030円(12)","1-2-3  22,070円(76)","1=2=3  5,980円(24)","1=2  840円(11)  1=3  540円(6)  2=3  2,050円(24) / 1=2  840円(11)  1=3  540円(6)  2=3  2,050円(24)",9,南 修二  大,阪,44,88,SS,追,3.92,114.66,○,5,21.4,35.7,42.8,0,2,落,,,,落車し棄権,15:44
3520260501020011,hiratsuka,2026-05-02,11,○9 ◎1 △2 ×6 注4 ▲3,"7-1  1,560円(5)","7-1-8  22,360円(73)","1=7=8  5,340円(17)","1=7  290円(2)  1=8  880円(10)  7=8  1,460円(17) / 1=7  290円(2)  1=8  880円(10)  7=8  1,460円(17)",1,吉田 拓矢  茨,城,30,107,SS,両,3.92,118.25,◎,6,50.0,70.8,79.1,0,7,2,10.9,差,１/８車輪,眞杉乗鋭く,16:25
3520260501020011,hiratsuka,2026-05-02,11,○9 ◎1 △2 ×6 注4 ▲3,"7-1  1,560円(5)","7-1-8  22,360円(73)","1=7=8  5,340円(17)","1=7  290円(2)  1=8  880円(10)  7=8  1,460円(17) / 1=7  290円(2)  1=8  880円(10)  7=8  1,460円(17)",2,寺崎 浩平  福,井,32,117,SS,逃,3.92,117.08,△,4,25.0,50.0,58.3,1,5,4,11.3,,１/２車輪,叩れ捲れず,16:25
3520260501020011,hiratsuka,2026-05-02,11,○9 ◎1 △2 ×6 注4 ▲3,"7-1  1,560円(5)","7-1-8  22,360円(73)","1=7=8  5,340円(17)","1=7  290円(2)  1=8  880円(10)  7=8  1,460円(17) / 1=7  290円(2)  1=8  880円(10)  7=8  1,460円(17)",3,太田 海也  岡,山,26,121,S1,逃,3.92,120.5,×,1,25.0,25.0,50.0,0,1,5,11.6,,１/２車輪,打鐘過先行,16:25
3520260501020011,hiratsuka,2026-05-02,11,○9 ◎1 △2 ×6 注4 ▲3,"7-1  1,560円(5)","7-1-8  22,360円(73)","1=7=8  5,340円(17)","1=7  290円(2)  1=8  880円(10)  7=8  1,460円(17) / 1=7  290円(2)  1=8  880円(10)  7=8  1,460円(17)",4,三谷 将太  奈,良,40,92,S1,追,3.92,113.69,,0,7.1,35.7,57.1,0,0,6,11.2,,１/４車輪,山田マーク,16:25
3520260501020011,hiratsuka,2026-05-02,11,○9 ◎1 △2 ×6 注4 ▲3,"7-1  1,560円(5)","7-1-8  22,360円(73)","1=7=8  5,340円(17)","1=7  290円(2)  1=8  880円(10)  7=8  1,460円(17) / 1=7  290円(2)  1=8  880円(10)  7=8  1,460円(17)",5,菅田 壱道  宮,城,39,91,S1,両,3.92,114.68,▲,3,17.6,35.2,52.9,0,1,9,11.2,,４車身,位置無後退,16:25
3520260501020011,hiratsuka,2026-05-02,11,○9 ◎1 △2 ×6 注4 ▲3,"7-1  1,560円(5)","7-1-8  22,360円(73)","1=7=8  5,340円(17)","1=7  290円(2)  1=8  880円(10)  7=8  1,460円(17) / 1=7  290円(2)  1=8  880円(10)  7=8  1,460円(17)",6,山田 久徳  京,都,38,93,S1,両,3.92,110.5,,0,20.0,50.0,60.0,0,2,8,11.5,,１/２車身,寺崎マーク,16:25
3520260501020011,hiratsuka,2026-05-02,11,○9 ◎1 △2 ×6 注4 ▲3,"7-1  1,560円(5)","7-1-8  22,360円(73)","1=7=8  5,340円(17)","1=7  290円(2)  1=8  880円(10)  7=8  1,460円(17) / 1=7  290円(2)  1=8  880円(10)  7=8  1,460円(17)",7,清水 裕友  山,口,31,105,S1,両,3.92,115.33,注,2,38.8,55.5,72.2,2,5,1,11.4,差,,太田交わす,16:25
3520260501020011,hiratsuka,2026-05-02,11,○9 ◎1 △2 ×6 注4 ▲3,"7-1  1,560円(5)","7-1-8  22,360円(73)","1=7=8  5,340円(17)","1=7  290円(2)  1=8  880円(10)  7=8  1,460円(17) / 1=7  290円(2)  1=8  880円(10)  7=8  1,460円(17)",8,阿部 力也  宮,城,38,100,S1,追,3.92,111.23,,0,23.8,42.8,71.4,0,0,3,10.8,,３/４車輪,切替内伸び,16:25
3520260501020011,hiratsuka,2026-05-02,11,○9 ◎1 △2 ×6 注4 ▲3,"7-1  1,560円(5)","7-1-8  22,360円(73)","1=7=8  5,340円(17)","1=7  290円(2)  1=8  880円(10)  7=8  1,460円(17) / 1=7  290円(2)  1=8  880円(10)  7=8  1,460円(17)",9,眞杉 匠  栃,木,27,113,SS,逃,3.92,118.29,○,5,38.8,61.1,66.6,4,5,7,11.3,,１車身１/２,捲り上げも,16:25
4620260430030001,toyama,2026-05-02,1,×1 △3 ◎6 ○2 注5 ▲4,"3-7  5,970円(23)","3-7-2  77,320円(171)","2=3=7  5,930円(18)","2=3  230円(2)  2=7  1,080円(17)  3=7  790円(12) / 2=3  230円(2)  2=7  1,080円(17)  3=7  790円(12)",1,松本 充生  愛,媛,47,94,A3,両,3.93,69.0,×,1,20.8,37.5,45.8,2,2,5,10.2,,１車身１/２,,
4620260430030001,toyama,2026-05-02,1,×1 △3 ◎6 ○2 注5 ▲4,"3-7  5,970円(23)","3-7-2  77,320円(171)","2=3=7  5,930円(18)","2=3  230円(2)  2=7  1,080円(17)  3=7  790円(12) / 2=3  230円(2)  2=7  1,080円(17)  3=7  790円(12)",2,篠田 樹  大,分,29,113,A3,逃,3.92,70.7,◎,6,16.6,54.1,54.1,7,3,3,10.5,,１/４車輪,,
4620260430030001,toyama,2026-05-02,1,×1 △3 ◎6 ○2 注5 ▲4,"3-7  5,970円(23)","3-7-2  77,320円(171)","2=3=7  5,930円(18)","2=3  230円(2)  2=7  1,080円(17)  3=7  790円(12) / 2=3  230円(2)  2=7  1,080円(17)  3=7  790円(12)",3,大林 亮介  香,川,45,86,A3,追,3.92,72.41,△,4,7.6,38.4,53.8,0,0,1,9.8,差,,,
4620260430030001,toyama,2026-05-02,1,×1 △3 ◎6 ○2 注5 ▲4,"3-7  5,970円(23)","3-7-2  77,320円(171)","2=3=7  5,930円(18)","2=3  230円(2)  2=7  1,080円(17)  3=7  790円(12) / 2=3  230円(2)  2=7  1,080円(17)  3=7  790円(12)",4,関谷 哲平  奈,良,43,92,A3,逃,3.92,69.72,注,2,22.7,31.8,50.0,4,3,7,11.5,,大差,,
4620260430030001,toyama,2026-05-02,1,×1 △3 ◎6 ○2 注5 ▲4,"3-7  5,970円(23)","3-7-2  77,320円(171)","2=3=7  5,930円(18)","2=3  230円(2)  2=7  1,080円(17)  3=7  790円(12) / 2=3  230円(2)  2=7  1,080円(17)  3=7  790円(12)",5,徳吉 正治  福,岡,42,89,A3,両,3.92,70.62,○,5,8.3,37.5,41.6,0,0,4,10.4,,１/４車輪,,
4620260430030001,toyama,2026-05-02,1,×1 △3 ◎6 ○2 注5 ▲4,"3-7  5,970円(23)","3-7-2  77,320円(171)","2=3=7  5,930円(18)","2=3  230円(2)  2=7  1,080円(17)  3=7  790円(12) / 2=3  230円(2)  2=7  1,080円(17)  3=7  790円(12)",6,武市 和人  高,知,52,74,A3,追,3.79,68.8,,0,25.0,25.0,35.0,0,0,6,9.9,,１/２車身,,
4620260430030001,toyama,2026-05-02,1,×1 △3 ◎6 ○2 注5 ▲4,"3-7  5,970円(23)","3-7-2  77,320円(171)","2=3=7  5,930円(18)","2=3  230円(2)  2=7  1,080円(17)  3=7  790円(12) / 2=3  230円(2)  2=7  1,080円(17)  3=7  790円(12)",7,元砂 海人  奈,良,36,113,A3,両,3.92,69.0,▲,3,9.0,9.0,18.1,0,0,2,10.1,差,１/２車身,,
4620260430030002,toyama,2026-05-02,2,◎1 ○6 ×3 注4 ▲2 △5,"4-3  1,550円(7)","4-3-1  3,430円(6)",1=3=4  720円(2),1=3  280円(4)  1=4  390円(7)  3=4  180円(1) / 1=3  280円(4)  1=4  390円(7)  3=4  180円(1),1,上野 幸星  富,山,24,127,A3,逃,3.92,68.83,◎,6,0.0,20.8,33.3,3,1,3,10.4,,３車身,,
4620260430030002,toyama,2026-05-02,2,◎1 ○6 ×3 注4 ▲2 △5,"4-3  1,550円(7)","4-3-1  3,430円(6)",1=3=4  720円(2),1=3  280円(4)  1=4  390円(7)  3=4  180円(1) / 1=3  280円(4)  1=4  390円(7)  3=4  180円(1),2,永田 秀佑  長,崎,34,103,A3,両,3.92,67.82,▲,3,17.6,23.5,23.5,3,0,7,11.0,,８車身,,
4620260430030002,toyama,2026-05-02,2,◎1 ○6 ×3 注4 ▲2 △5,"4-3  1,550円(7)","4-3-1  3,430円(6)",1=3=4  720円(2),1=3  280円(4)  1=4  390円(7)  3=4  180円(1) / 1=3  280円(4)  1=4  390円(7)  3=4  180円(1),3,細田 純平  広,島,36,99,A3,両,3.85,71.43,×,1,18.7,37.5,50.0,0,0,2,10.3,捲,３/４車輪,,
4620260430030002,toyama,2026-05-02,2,◎1 ○6 ×3 注4 ▲2 △5,"4-3  1,550円(7)","4-3-1  3,430円(6)",1=3=4  720円(2),1=3  280円(4)  1=4  390円(7)  3=4  180円(1) / 1=3  280円(4)  1=4  390円(7)  3=4  180円(1),4,田村 光昭  広,島,54,67,A3,追,3.92,69.23,注,2,9.5,19.0,42.8,0,0,1,10.1,差,,,
4620260430030002,toyama,2026-05-02,2,◎1 ○6 ×3 注4 ▲2 △5,"4-3  1,550円(7)","4-3-1  3,430円(6)",1=3=4  720円(2),1=3  280円(4)  1=4  390円(7)  3=4  180円(1) / 1=3  280円(4)  1=4  390円(7)  3=4  180円(1),5,倉岡 慎太郎  熊,本,58,59,A3,追,3.92,69.84,△,4,9.5,28.5,47.6,1,1,5,10.1,,１車身,,
4620260430030002,toyama,2026-05-02,2,◎1 ○6 ×3 注4 ▲2 △5,"4-3  1,550円(7)","4-3-1  3,430円(6)",1=3=4  720円(2),1=3  280円(4)  1=4  390円(7)  3=4  180円(1) / 1=3  280円(4)  1=4  390円(7)  3=4  180円(1),6,平川 公一  大,阪,48,86,A3,両,3.86,66.4,○,5,0.0,18.5,33.3,1,1,4,10.2,,１/４車輪,,
4620260430030002,toyama,2026-05-02,2,◎1 ○6 ×3 注4 ▲2 △5,"4-3  1,550円(7)","4-3-1  3,430円(6)",1=3=4  720円(2),1=3  280円(4)  1=4  390円(7)  3=4  180円(1) / 1=3  280円(4)  1=4  390円(7)  3=4  180円(1),7,澤亀 浩司  福,岡,58,60,A3,追,3.92,66.48,,0,3.7,7.4,29.6,0,0,6,10.1,,３/４車身,,
4620260430030003,toyama,2026-05-02,3,○7 ◎1 ×4 △2 ▲6 注5,1-4  550円(2),1-4-7  810円(2),1=4=7  200円(1),1=4  140円(2)  1=7  100円(1)  4=7  210円(4) / 1=4  140円(2)  1=7  100円(1)  4=7  210円(4),1,足達 重満  長,崎,50,80,A3,追,3.92,76.83,◎,6,55.5,66.6,77.7,0,0,1,10.5,差,,,
4620260430030003,toyama,2026-05-02,3,○7 ◎1 ×4 △2 ▲6 注5,1-4  550円(2),1-4-7  810円(2),1=4=7  200円(1),1=4  140円(2)  1=7  100円(1)  4=7  210円(4) / 1=4  140円(2)  1=7  100円(1)  4=7  210円(4),2,浜田 翔平  大,阪,37,111,A3,逃,3.93,69.91,△,4,12.5,37.5,37.5,3,0,7,10.8,,３車身,,
4620260430030003,toyama,2026-05-02,3,○7 ◎1 ×4 △2 ▲6 注5,1-4  550円(2),1-4-7  810円(2),1=4=7  200円(1),1=4  140円(2)  1=7  100円(1)  4=7  210円(4) / 1=4  140円(2)  1=7  100円(1)  4=7  210円(4),3,玉村 元気  香,川,36,101,A3,両,3.92,68.41,注,2,8.3,29.1,41.6,3,3,5,10.4,,３/４車身,,
4620260430030003,toyama,2026-05-02,3,○7 ◎1 ×4 △2 ▲6 注5,1-4  550円(2),1-4-7  810円(2),1=4=7  200円(1),1=4  140円(2)  1=7  100円(1)  4=7  210円(4) / 1=4  140円(2)  1=7  100円(1)  4=7  210円(4),4,加藤 大輔  大,分,46,87,A3,追,3.93,73.41,×,1,12.5,37.5,62.5,0,0,2,10.4,ク,３/４車輪,,
4620260430030003,toyama,2026-05-02,3,○7 ◎1 ×4 △2 ▲6 注5,1-4  550円(2),1-4-7  810円(2),1=4=7  200円(1),1=4  140円(2)  1=7  100円(1)  4=7  210円(4) / 1=4  140円(2)  1=7  100円(1)  4=7  210円(4),5,井上 将志  兵,庫,41,100,A3,両,3.92,71.66,,0,4.1,29.1,45.8,1,0,6,10.2,,１車身,,
4620260430030003,toyama,2026-05-02,3,○7 ◎1 ×4 △2 ▲6 注5,1-4  550円(2),1-4-7  810円(2),1=4=7  200円(1),1=4  140円(2)  1=7  100円(1)  4=7  210円(4) / 1=4  140円(2)  1=7  100円(1)  4=7  210円(4),6,岡嶋 登  大,阪,41,99,A3,両,3.93,66.3,▲,3,0.0,10.0,10.0,1,0,4,10.2,,１車身,,
4620260430030003,toyama,2026-05-02,3,○7 ◎1 ×4 △2 ▲6 注5,1-4  550円(2),1-4-7  810円(2),1=4=7  200円(1),1=4  140円(2)  1=7  100円(1)  4=7  210円(4) / 1=4  140円(2)  1=7  100円(1)  4=7  210円(4),7,川本 琢也  岡,山,38,100,A3,両,3.93,73.96,○,5,26.9,57.6,69.2,11,4,3,10.7,,３/４車輪,,
4620260430030004,toyama,2026-05-02,4,○3 △1 注2 ◎6 ×4 ▲5,6-4  360円(1),"6-4-5  5,710円(17)","4=5=6  1,940円(7)","4=5  1,060円(11)  4=6  100円(1)  5=6  1,160円(12) / 4=5  1,060円(11)  4=6  100円(1)  5=6  1,160円(12)",1,高本 美穂  熊,本,23,124,L1,追,3.77,47.08,△,4,4.0,4.0,12.0,0,1,6,10.9,,１/２車身,,
4620260430030004,toyama,2026-05-02,4,○3 △1 注2 ◎6 ×4 ▲5,6-4  360円(1),"6-4-5  5,710円(17)","4=5=6  1,940円(7)","4=5  1,060円(11)  4=6  100円(1)  5=6  1,160円(12) / 4=5  1,060円(11)  4=6  100円(1)  5=6  1,160円(12)",2,菅原 ななこ  宮,城,25,120,L1,両,3.71,46.9,注,2,4.7,4.7,14.2,0,0,5,10.8,,微差,,
4620260430030004,toyama,2026-05-02,4,○3 △1 注2 ◎6 ×4 ▲5,6-4  360円(1),"6-4-5  5,710円(17)","4=5=6  1,940円(7)","4=5  1,060円(11)  4=6  100円(1)  5=6  1,160円(12) / 4=5  1,060円(11)  4=6  100円(1)  5=6  1,160円(12)",3,篠崎 新純  千,葉,41,102,L1,両,3.79,49.8,○,5,9.5,23.8,38.0,0,1,4,11.0,,３/４車輪,,
4620260430030004,toyama,2026-05-02,4,○3 △1 注2 ◎6 ×4 ▲5,6-4  360円(1),"6-4-5  5,710円(17)","4=5=6  1,940円(7)","4=5  1,060円(11)  4=6  100円(1)  5=6  1,160円(12) / 4=5  1,060円(11)  4=6  100円(1)  5=6  1,160円(12)",4,是永 ゆうき  大,分,22,126,L1,追,3.71,50.77,×,1,4.5,13.6,54.5,0,0,2,11.0,捲,１車輪,,
4620260430030004,toyama,2026-05-02,4,○3 △1 注2 ◎6 ×4 ▲5,6-4  360円(1),"6-4-5  5,710円(17)","4=5=6  1,940円(7)","4=5  1,060円(11)  4=6  100円(1)  5=6  1,160円(12) / 4=5  1,060円(11)  4=6  100円(1)  5=6  1,160円(12)",5,浜地 晴帆  三,重,24,122,L1,両,3.77,46.06,▲,3,0.0,0.0,0.0,0,0,3,10.9,,３/４車輪,,
4620260430030004,toyama,2026-05-02,4,○3 △1 注2 ◎6 ×4 ▲5,6-4  360円(1),"6-4-5  5,710円(17)","4=5=6  1,940円(7)","4=5  1,060円(11)  4=6  100円(1)  5=6  1,160円(12) / 4=5  1,060円(11)  4=6  100円(1)  5=6  1,160円(12)",6,齊藤 由莉,神奈川,28,128,L1,両,3.79,49.83,◎,6,20.8,29.1,37.5,2,4,1,11.0,逃,,,
4620260430030005,toyama,2026-05-02,5,注1 ×4 ○3 ◎2 △7 ▲5,"5-2  1,390円(5)","5-2-7  5,950円(15)","2=5=7  2,230円(10)",2=5  320円(3)  2=7  270円(2)  5=7  910円(16) / 2=5  320円(3)  2=7  270円(2)  5=7  910円(16),1,中西 勇  福,岡,34,125,A2,逃,3.93,82.23,注,2,4.7,28.5,38.0,5,1,6,10.9,,２車身,,
4620260430030005,toyama,2026-05-02,5,注1 ×4 ○3 ◎2 △7 ▲5,"5-2  1,390円(5)","5-2-7  5,950円(15)","2=5=7  2,230円(10)",2=5  320円(3)  2=7  270円(2)  5=7  910円(16) / 2=5  320円(3)  2=7  270円(2)  5=7  910円(16),2,乾 庄平  滋,賀,39,95,A2,追,3.92,85.95,◎,6,0.0,47.6,61.9,0,0,2,10.3,差,３車身,,
4620260430030005,toyama,2026-05-02,5,注1 ×4 ○3 ◎2 △7 ▲5,"5-2  1,390円(5)","5-2-7  5,950円(15)","2=5=7  2,230円(10)",2=5  320円(3)  2=7  270円(2)  5=7  910円(16) / 2=5  320円(3)  2=7  270円(2)  5=7  910円(16),3,安藤 直希  京,都,28,117,A1,逃,3.92,83.38,○,5,4.7,23.8,47.6,2,2,7,11.1,,３車身,,
4620260430030005,toyama,2026-05-02,5,注1 ×4 ○3 ◎2 △7 ▲5,"5-2  1,390円(5)","5-2-7  5,950円(15)","2=5=7  2,230円(10)",2=5  320円(3)  2=7  270円(2)  5=7  910円(16) / 2=5  320円(3)  2=7  270円(2)  5=7  910円(16),4,南部 亮太  長,崎,41,93,A2,追,3.92,83.33,×,1,13.3,26.6,26.6,0,0,5,10.4,,２車身,,
4620260430030005,toyama,2026-05-02,5,注1 ×4 ○3 ◎2 △7 ▲5,"5-2  1,390円(5)","5-2-7  5,950円(15)","2=5=7  2,230円(10)",2=5  320円(3)  2=7  270円(2)  5=7  910円(16) / 2=5  320円(3)  2=7  270円(2)  5=7  910円(16),5,下岡 将也  三,重,29,111,A1,逃,3.92,82.45,▲,3,16.6,25.0,25.0,2,2,1,9.9,捲,,,
4620260430030005,toyama,2026-05-02,5,注1 ×4 ○3 ◎2 △7 ▲5,"5-2  1,390円(5)","5-2-7  5,950円(15)","2=5=7  2,230円(10)",2=5  320円(3)  2=7  270円(2)  5=7  910円(16) / 2=5  320円(3)  2=7  270円(2)  5=7  910円(16),6,富安 保充  愛,知,43,91,A2,追,3.83,82.23,,0,0.0,19.0,33.3,0,0,4,10.1,,３/４車輪,,
4620260430030005,toyama,2026-05-02,5,注1 ×4 ○3 ◎2 △7 ▲5,"5-2  1,390円(5)","5-2-7  5,950円(15)","2=5=7  2,230円(10)",2=5  320円(3)  2=7  270円(2)  5=7  910円(16) / 2=5  320円(3)  2=7  270円(2)  5=7  910円(16),7,伊原 弘幸  福,井,41,90,A1,追,3.93,83.0,△,4,4.7,19.0,38.0,0,0,3,10.3,,タイヤ差,,
4620260430030006,toyama,2026-05-02,6,▲1 ◎4 ○7 △2 ×5 注3,7-2  380円(2),"7-2-1  3,600円(9)","1=2=7  1,110円(3)",1=2  810円(9)  1=7  700円(8)  2=7  110円(1) / 1=2  810円(9)  1=7  700円(8)  2=7  110円(1),1,藤原 亮太  岡,山,37,97,A2,両,3.92,80.94,▲,3,5.5,11.1,27.7,1,0,3,9.8,,２車身,,
4620260430030006,toyama,2026-05-02,6,▲1 ◎4 ○7 △2 ×5 注3,7-2  380円(2),"7-2-1  3,600円(9)","1=2=7  1,110円(3)",1=2  810円(9)  1=7  700円(8)  2=7  110円(1) / 1=2  810円(9)  1=7  700円(8)  2=7  110円(1),2,小川 大地  愛,知,35,98,A2,追,3.92,82.45,○,5,12.5,29.1,33.3,0,0,2,10.3,ク,３/４車身,,
4620260430030006,toyama,2026-05-02,6,▲1 ◎4 ○7 △2 ×5 注3,7-2  380円(2),"7-2-1  3,600円(9)","1=2=7  1,110円(3)",1=2  810円(9)  1=7  700円(8)  2=7  110円(1) / 1=2  810円(9)  1=7  700円(8)  2=7  110円(1),3,北川 大成  熊,本,25,119,A2,逃,3.92,83.88,×,1,22.2,38.8,38.8,3,1,7,10.7,,４車身,,
4620260430030006,toyama,2026-05-02,6,▲1 ◎4 ○7 △2 ×5 注3,7-2  380円(2),"7-2-1  3,600円(9)","1=2=7  1,110円(3)",1=2  810円(9)  1=7  700円(8)  2=7  110円(1) / 1=2  810円(9)  1=7  700円(8)  2=7  110円(1),4,川上 修平  高,知,47,99,A2,追,3.92,81.73,,0,5.2,10.5,26.3,0,0,5,10.4,,４車身,,
4620260430030006,toyama,2026-05-02,6,▲1 ◎4 ○7 △2 ×5 注3,7-2  380円(2),"7-2-1  3,600円(9)","1=2=7  1,110円(3)",1=2  810円(9)  1=7  700円(8)  2=7  110円(1) / 1=2  810円(9)  1=7  700円(8)  2=7  110円(1),5,鰐渕 正利  愛,知,56,65,A2,追,3.92,83.33,△,4,0.0,0.0,50.0,0,0,6,10.8,,２車身,,
4620260430030006,toyama,2026-05-02,6,▲1 ◎4 ○7 △2 ×5 注3,7-2  380円(2),"7-2-1  3,600円(9)","1=2=7  1,110円(3)",1=2  810円(9)  1=7  700円(8)  2=7  110円(1) / 1=2  810円(9)  1=7  700円(8)  2=7  110円(1),6,城戸崎 隆史  福,岡,53,76,A2,両,3.92,80.9,注,2,0.0,10.0,15.0,0,0,4,10.1,,４車身,,
4620260430030006,toyama,2026-05-02,6,▲1 ◎4 ○7 △2 ×5 注3,7-2  380円(2),"7-2-1  3,600円(9)","1=2=7  1,110円(3)",1=2  810円(9)  1=7  700円(8)  2=7  110円(1) / 1=2  810円(9)  1=7  700円(8)  2=7  110円(1),7,下岡 優季  愛,知,36,105,A2,逃,3.92,84.92,◎,6,11.1,29.6,48.1,6,0,1,10.4,逃,,,
4620260430030007,toyama,2026-05-02,7,△7 ×4 注2 ◎6 ○1 ▲5,"4-1  1,900円(6)","4-1-7  3,850円(11)",1=4=7  450円(2),1=4  210円(3)  1=7  290円(5)  4=7  160円(1) / 1=4  210円(3)  1=7  290円(5)  4=7  160円(1),1,中村 一将  兵,庫,49,86,A1,両,3.92,90.76,◎,6,17.6,41.1,52.9,3,2,2,10.1,逃,３/４車輪,,
4620260430030007,toyama,2026-05-02,7,△7 ×4 注2 ◎6 ○1 ▲5,"4-1  1,900円(6)","4-1-7  3,850円(11)",1=4=7  450円(2),1=4  210円(3)  1=7  290円(5)  4=7  160円(1) / 1=4  210円(3)  1=7  290円(5)  4=7  160円(1),2,山口 龍也  長,崎,31,111,A1,追,3.92,87.5,注,2,22.2,33.3,50.0,0,2,6,10.1,,３車身,,
4620260430030007,toyama,2026-05-02,7,△7 ×4 注2 ◎6 ○1 ▲5,"4-1  1,900円(6)","4-1-7  3,850円(11)",1=4=7  450円(2),1=4  210円(3)  1=7  290円(5)  4=7  160円(1) / 1=4  210円(3)  1=7  290円(5)  4=7  160円(1),3,堂村 知哉  福,井,43,88,A2,追,3.92,83.92,▲,3,6.6,26.6,40.0,0,0,4,9.9,,１/２車身,,
4620260430030007,toyama,2026-05-02,7,△7 ×4 注2 ◎6 ○1 ▲5,"4-1  1,900円(6)","4-1-7  3,850円(11)",1=4=7  450円(2),1=4  210円(3)  1=7  290円(5)  4=7  160円(1) / 1=4  210円(3)  1=7  290円(5)  4=7  160円(1),4,中村 良二  福,岡,51,81,A1,追,3.92,91.17,×,1,10.5,31.5,47.3,0,0,1,9.9,差,,,
4620260430030007,toyama,2026-05-02,7,△7 ×4 注2 ◎6 ○1 ▲5,"4-1  1,900円(6)","4-1-7  3,850円(11)",1=4=7  450円(2),1=4  210円(3)  1=7  290円(5)  4=7  160円(1) / 1=4  210円(3)  1=7  290円(5)  4=7  160円(1),5,西谷 岳文  京,都,47,93,A2,両,3.92,86.4,○,5,10.0,30.0,50.0,0,0,7,10.6,,３車身,,
4620260430030007,toyama,2026-05-02,7,△7 ×4 注2 ◎6 ○1 ▲5,"4-1  1,900円(6)","4-1-7  3,850円(11)",1=4=7  450円(2),1=4  210円(3)  1=7  290円(5)  4=7  160円(1) / 1=4  210円(3)  1=7  290円(5)  4=7  160円(1),6,吉田 彰久  香,川,52,80,A2,追,3.92,81.9,,0,0.0,9.5,33.3,0,0,5,9.8,,１/２車身,,
4620260430030007,toyama,2026-05-02,7,△7 ×4 注2 ◎6 ○1 ▲5,"4-1  1,900円(6)","4-1-7  3,850円(11)",1=4=7  450円(2),1=4  210円(3)  1=7  290円(5)  4=7  160円(1) / 1=4  210円(3)  1=7  290円(5)  4=7  160円(1),7,石川 航大  宮,崎,26,123,A1,逃,3.92,88.19,△,4,23.8,33.3,52.3,2,4,3,10.1,,微差,,
4620260430030008,toyama,2026-05-02,8,×2 ▲6 注3 △4 ◎5 ○1,1-7  250円(1),1-7-4  790円(1),1=4=7  450円(1),1=4  180円(2)  1=7  100円(1)  4=7  440円(7) / 1=4  180円(2)  1=7  100円(1)  4=7  440円(7),1,中川 聖大  福,岡,27,121,A1,逃,3.92,94.14,◎,6,28.5,66.6,80.9,4,8,1,10.2,逃,,,
4620260430030008,toyama,2026-05-02,8,×2 ▲6 注3 △4 ◎5 ○1,1-7  250円(1),1-7-4  790円(1),1=4=7  450円(1),1=4  180円(2)  1=7  100円(1)  4=7  440円(7) / 1=4  180円(2)  1=7  100円(1)  4=7  440円(7),2,木村 浩宣  香,川,39,97,A1,逃,3.93,86.25,×,1,16.6,33.3,45.8,4,4,5,9.9,,１車身,,
4620260430030008,toyama,2026-05-02,8,×2 ▲6 注3 △4 ◎5 ○1,1-7  250円(1),1-7-4  790円(1),1=4=7  450円(1),1=4  180円(2)  1=7  100円(1)  4=7  440円(7) / 1=4  180円(2)  1=7  100円(1)  4=7  440円(7),3,藤田 真  兵,庫,45,89,A2,両,3.92,86.81,注,2,27.2,36.3,50.0,2,2,4,10.1,,３/４車輪,,
4620260430030008,toyama,2026-05-02,8,×2 ▲6 注3 △4 ◎5 ○1,1-7  250円(1),1-7-4  790円(1),1=4=7  450円(1),1=4  180円(2)  1=7  100円(1)  4=7  440円(7) / 1=4  180円(2)  1=7  100円(1)  4=7  440円(7),4,小林 卓人  大,阪,48,79,A1,追,3.92,88.35,△,4,0.0,14.2,42.8,0,0,3,9.9,,３/４車身,,
4620260430030008,toyama,2026-05-02,8,×2 ▲6 注3 △4 ◎5 ○1,1-7  250円(1),1-7-4  790円(1),1=4=7  450円(1),1=4  180円(2)  1=7  100円(1)  4=7  440円(7) / 1=4  180円(2)  1=7  100円(1)  4=7  440円(7),5,田中 雅史  愛,知,49,79,A1,追,3.92,86.28,,0,19.0,23.8,47.6,0,3,6,10.0,,３/４車輪,,
4620260430030008,toyama,2026-05-02,8,×2 ▲6 注3 △4 ◎5 ○1,1-7  250円(1),1-7-4  790円(1),1=4=7  450円(1),1=4  180円(2)  1=7  100円(1)  4=7  440円(7) / 1=4  180円(2)  1=7  100円(1)  4=7  440円(7),6,吉永 和生  広,島,49,80,A2,追,3.92,82.95,▲,3,13.6,22.7,27.2,0,1,7,9.9,,１車身,,
4620260430030008,toyama,2026-05-02,8,×2 ▲6 注3 △4 ◎5 ○1,1-7  250円(1),1-7-4  790円(1),1=4=7  450円(1),1=4  180円(2)  1=7  100円(1)  4=7  440円(7) / 1=4  180円(2)  1=7  100円(1)  4=7  440円(7),7,魚屋 周成  大,分,35,99,A1,逃,3.93,85.75,○,5,16.6,33.3,50.0,2,1,2,10.2,ク,１車輪,,
4620260430030009,toyama,2026-05-02,9,○1 △4 ◎6 ×5 注3 ▲2,1-4  730円(3),"1-4-5  1,300円(3)",1=4=5  160円(1),1=4  140円(3)  1=5  110円(1)  4=5  110円(2) / 1=4  140円(3)  1=5  110円(1)  4=5  110円(2),1,真木 寛斗  愛,知,23,127,A3,逃,3.92,77.88,○,5,51.8,74.0,92.5,14,4,1,10.3,逃,,,
4620260430030009,toyama,2026-05-02,9,○1 △4 ◎6 ×5 注3 ▲2,1-4  730円(3),"1-4-5  1,300円(3)",1=4=5  160円(1),1=4  140円(3)  1=5  110円(1)  4=5  110円(2) / 1=4  140円(3)  1=5  110円(1)  4=5  110円(2),2,丸林 一孝  福,岡,48,81,A3,追,3.85,73.08,注,2,8.0,36.0,52.0,0,0,7,13.0,,大差,,
4620260430030009,toyama,2026-05-02,9,○1 △4 ◎6 ×5 注3 ▲2,1-4  730円(3),"1-4-5  1,300円(3)",1=4=5  160円(1),1=4  140円(3)  1=5  110円(1)  4=5  110円(2) / 1=4  140円(3)  1=5  110円(1)  4=5  110円(2),3,渡邉 満  福,岡,53,73,A3,追,3.92,73.85,×,1,14.2,42.8,57.1,0,0,4,10.1,,１車身１/２,,
4620260430030009,toyama,2026-05-02,9,○1 △4 ◎6 ×5 注3 ▲2,1-4  730円(3),"1-4-5  1,300円(3)",1=4=5  160円(1),1=4  140円(3)  1=5  110円(1)  4=5  110円(2) / 1=4  140円(3)  1=5  110円(1)  4=5  110円(2),4,谷本 奨輝  岐,阜,31,107,A3,両,3.86,76.87,△,4,37.5,70.8,79.1,3,2,2,10.1,ク,１/４車輪,,
4620260430030009,toyama,2026-05-02,9,○1 △4 ◎6 ×5 注3 ▲2,1-4  730円(3),"1-4-5  1,300円(3)",1=4=5  160円(1),1=4  140円(3)  1=5  110円(1)  4=5  110円(2) / 1=4  140円(3)  1=5  110円(1)  4=5  110円(2),5,下山 聖斗,鹿児島,24,127,A3,逃,3.92,78.25,◎,6,66.6,83.3,87.5,9,11,3,10.1,,１/２車身,,
4620260430030009,toyama,2026-05-02,9,○1 △4 ◎6 ×5 注3 ▲2,1-4  730円(3),"1-4-5  1,300円(3)",1=4=5  160円(1),1=4  140円(3)  1=5  110円(1)  4=5  110円(2) / 1=4  140円(3)  1=5  110円(1)  4=5  110円(2),6,太田 雅之  三,重,48,86,A3,追,3.92,71.79,,0,8.3,25.0,45.8,0,0,5,10.3,,１車身１/２,,
4620260430030009,toyama,2026-05-02,9,○1 △4 ◎6 ×5 注3 ▲2,1-4  730円(3),"1-4-5  1,300円(3)",1=4=5  160円(1),1=4  140円(3)  1=5  110円(1)  4=5  110円(2) / 1=4  140円(3)  1=5  110円(1)  4=5  110円(2),7,別所 英幸  福,岡,46,83,A3,追,3.93,73.55,▲,3,44.4,55.5,66.6,0,2,6,9.9,,１車身１/２,,
4620260430030010,toyama,2026-05-02,10,△2 ○1 注3 ◎4 ×5 ▲6,5-6  360円(2),"5-6-7  3,480円(13)","5=6=7  2,420円(8)","5=6  220円(2)  5=7  790円(8)  6=7  2,540円(15) / 5=6  220円(2)  5=7  790円(8)  6=7  2,540円(15)",1,宮西 令奈  石,川,24,124,L1,両,3.69,45.96,,0,0.0,0.0,4.0,0,0,7,10.8,,１/２車身,,
4620260430030010,toyama,2026-05-02,10,△2 ○1 注3 ◎4 ×5 ▲6,5-6  360円(2),"5-6-7  3,480円(13)","5=6=7  2,420円(8)","5=6  220円(2)  5=7  790円(8)  6=7  2,540円(15) / 5=6  220円(2)  5=7  790円(8)  6=7  2,540円(15)",2,増田 夕華  岐,阜,26,118,L1,両,3.77,52.28,△,4,16.0,36.0,60.0,1,2,6,10.6,,１/２車身,,
4620260430030010,toyama,2026-05-02,10,△2 ○1 注3 ◎4 ×5 ▲6,5-6  360円(2),"5-6-7  3,480円(13)","5=6=7  2,420円(8)","5=6  220円(2)  5=7  790円(8)  6=7  2,540円(15) / 5=6  220円(2)  5=7  790円(8)  6=7  2,540円(15)",3,岡田 優歩,和歌山,22,128,L1,両,3.79,54.0,○,5,21.4,57.1,85.7,2,3,5,10.3,,１車身,,
4620260430030010,toyama,2026-05-02,10,△2 ○1 注3 ◎4 ×5 ▲6,5-6  360円(2),"5-6-7  3,480円(13)","5=6=7  2,420円(8)","5=6  220円(2)  5=7  790円(8)  6=7  2,540円(15) / 5=6  220円(2)  5=7  790円(8)  6=7  2,540円(15)",4,田中 月菜  佐,賀,25,118,L1,両,3.77,52.46,注,2,6.6,40.0,73.3,0,0,4,10.6,,１/４車輪,,
4620260430030010,toyama,2026-05-02,10,△2 ○1 注3 ◎4 ×5 ▲6,5-6  360円(2),"5-6-7  3,480円(13)","5=6=7  2,420円(8)","5=6  220円(2)  5=7  790円(8)  6=7  2,540円(15) / 5=6  220円(2)  5=7  790円(8)  6=7  2,540円(15)",5,石井 寛子  東,京,40,104,L1,両,3.79,56.41,◎,6,62.5,91.6,100.0,1,11,1,10.5,差,,,
4620260430030010,toyama,2026-05-02,10,△2 ○1 注3 ◎4 ×5 ▲6,5-6  360円(2),"5-6-7  3,480円(13)","5=6=7  2,420円(8)","5=6  220円(2)  5=7  790円(8)  6=7  2,540円(15) / 5=6  220円(2)  5=7  790円(8)  6=7  2,540円(15)",6,吉岡 詩織  広,島,31,116,L1,両,3.77,53.29,×,1,17.6,58.8,70.5,1,7,2,10.8,逃,１車身,,
4620260430030010,toyama,2026-05-02,10,△2 ○1 注3 ◎4 ×5 ▲6,5-6  360円(2),"5-6-7  3,480円(13)","5=6=7  2,420円(8)","5=6  220円(2)  5=7  790円(8)  6=7  2,540円(15) / 5=6  220円(2)  5=7  790円(8)  6=7  2,540円(15)",7,戸田 瑞姫  茨,城,23,122,L1,両,3.77,51.8,▲,3,9.5,28.5,47.6,0,0,3,10.4,,１車輪,,
4620260430030011,toyama,2026-05-02,11,◎4 ×2 ○1 注7 △3 ▲5,"4-3  1,750円(8)","4-3-6  13,350円(48)","3=4=6  3,720円(13)","3=4  330円(5)  3=6  1,610円(17)  4=6  260円(4) / 3=4  330円(5)  3=6  1,610円(17)  4=6  260円(4)",1,今藤 康裕  岐,阜,40,99,A1,追,3.92,94.66,○,5,55.5,61.1,72.2,0,0,失,,,,,
4620260430030011,toyama,2026-05-02,11,◎4 ×2 ○1 注7 △3 ▲5,"4-3  1,750円(8)","4-3-6  13,350円(48)","3=4=6  3,720円(13)","3=4  330円(5)  3=6  1,610円(17)  4=6  260円(4) / 3=4  330円(5)  3=6  1,610円(17)  4=6  260円(4)",2,中田 拓也  広,島,29,127,A2,逃,3.92,89.4,×,1,22.7,40.9,54.5,5,4,落,,,,,
4620260430030011,toyama,2026-05-02,11,◎4 ×2 ○1 注7 △3 ▲5,"4-3  1,750円(8)","4-3-6  13,350円(48)","3=4=6  3,720円(13)","3=4  330円(5)  3=6  1,610円(17)  4=6  260円(4) / 3=4  330円(5)  3=6  1,610円(17)  4=6  260円(4)",3,坂田 章  高,知,40,93,A1,追,3.92,92.9,注,2,23.8,47.6,71.4,0,0,2,10.2,ク,１/２車身,,
4620260430030011,toyama,2026-05-02,11,◎4 ×2 ○1 注7 △3 ▲5,"4-3  1,750円(8)","4-3-6  13,350円(48)","3=4=6  3,720円(13)","3=4  330円(5)  3=6  1,610円(17)  4=6  260円(4) / 3=4  330円(5)  3=6  1,610円(17)  4=6  260円(4)",4,保田 浩輔  岡,山,26,123,A1,逃,3.93,92.71,◎,6,28.5,47.6,61.9,5,5,1,10.3,逃,,,
4620260430030011,toyama,2026-05-02,11,◎4 ×2 ○1 注7 △3 ▲5,"4-3  1,750円(8)","4-3-6  13,350円(48)","3=4=6  3,720円(13)","3=4  330円(5)  3=6  1,610円(17)  4=6  260円(4) / 3=4  330円(5)  3=6  1,610円(17)  4=6  260円(4)",5,岩元 叶馬  富,山,23,125,A2,逃,3.92,86.68,△,4,17.3,26.0,39.1,4,2,4,10.4,,２車身,,
4620260430030011,toyama,2026-05-02,11,◎4 ×2 ○1 注7 △3 ▲5,"4-3  1,750円(8)","4-3-6  13,350円(48)","3=4=6  3,720円(13)","3=4  330円(5)  3=6  1,610円(17)  4=6  260円(4) / 3=4  330円(5)  3=6  1,610円(17)  4=6  260円(4)",6,坂上 忠克  石,川,52,71,A1,追,3.92,86.05,▲,3,4.7,19.0,47.6,0,0,3,10.1,,３/４車身,,
4620260430030011,toyama,2026-05-02,11,◎4 ×2 ○1 注7 △3 ▲5,"4-3  1,750円(8)","4-3-6  13,350円(48)","3=4=6  3,720円(13)","3=4  330円(5)  3=6  1,610円(17)  4=6  260円(4) / 3=4  330円(5)  3=6  1,610円(17)  4=6  260円(4)",7,中石 昌芳  広,島,50,81,A1,追,3.92,86.55,,0,0.0,33.3,44.4,0,0,落,,,,,
5320260501020001,nara,2026-05-02,1,◎1 ○4 △3 注5 ×2 ▲7,1-4  310円(1),1-4-3  410円(1),1=3=4  140円(1),1=3  120円(2)  1=4  100円(1)  3=4  130円(3) / 1=3  120円(2)  1=4  100円(1)  3=4  130円(3),1,中川 繁樹  京,都,39,93,A1,逃,3.93,84.58,◎,6,25.0,41.6,50.0,6,2,1,10.3,逃,,,15:51
5320260501020001,nara,2026-05-02,1,◎1 ○4 △3 注5 ×2 ▲7,1-4  310円(1),1-4-3  410円(1),1=3=4  140円(1),1=3  120円(2)  1=4  100円(1)  3=4  130円(3) / 1=3  120円(2)  1=4  100円(1)  3=4  130円(3),2,中園 朋亨  福,岡,39,93,A2,追,3.92,80.31,×,1,0.0,5.2,21.0,0,0,7,10.0,,１/２車身,,15:51
5320260501020001,nara,2026-05-02,1,◎1 ○4 △3 注5 ×2 ▲7,1-4  310円(1),1-4-3  410円(1),1=3=4  140円(1),1=3  120円(2)  1=4  100円(1)  3=4  130円(3) / 1=3  120円(2)  1=4  100円(1)  3=4  130円(3),3,中川 貴史  三,重,49,79,A2,追,3.92,83.66,△,4,16.6,20.8,29.1,0,1,3,10.1,,３/４車輪,,15:51
5320260501020001,nara,2026-05-02,1,◎1 ○4 △3 注5 ×2 ▲7,1-4  310円(1),1-4-3  410円(1),1=3=4  140円(1),1=3  120円(2)  1=4  100円(1)  3=4  130円(3) / 1=3  120円(2)  1=4  100円(1)  3=4  130円(3),4,北川 紋部  福,井,51,78,A2,追,3.92,83.04,○,5,9.5,14.2,38.0,0,0,2,10.2,ク,１/２車身,,15:51
5320260501020001,nara,2026-05-02,1,◎1 ○4 △3 注5 ×2 ▲7,1-4  310円(1),1-4-3  410円(1),1=3=4  140円(1),1=3  120円(2)  1=4  100円(1)  3=4  130円(3) / 1=3  120円(2)  1=4  100円(1)  3=4  130円(3),5,久保 光司  佐,賀,29,119,A2,逃,3.92,79.7,注,2,12.5,16.6,25.0,3,1,5,10.0,,１/２車身,,15:51
5320260501020001,nara,2026-05-02,1,◎1 ○4 △3 注5 ×2 ▲7,1-4  310円(1),1-4-3  410円(1),1=3=4  140円(1),1=3  120円(2)  1=4  100円(1)  3=4  130円(3) / 1=3  120円(2)  1=4  100円(1)  3=4  130円(3),6,柴田 祐也  岐,阜,42,94,A2,追,3.92,79.52,,0,9.5,14.2,23.8,0,0,4,10.0,,３/４車身,,15:51
5320260501020001,nara,2026-05-02,1,◎1 ○4 △3 注5 ×2 ▲7,1-4  310円(1),1-4-3  410円(1),1=3=4  140円(1),1=3  120円(2)  1=4  100円(1)  3=4  130円(3) / 1=3  120円(2)  1=4  100円(1)  3=4  130円(3),7,竹内 真一  福,岡,44,89,A2,追,3.92,80.16,▲,3,0.0,8.3,29.1,0,0,6,9.8,,３/４車身,,15:51
5320260501020002,nara,2026-05-02,2,◎2 ○4 ▲7 △1 ×3 注5,"5-2  7,830円(20)","5-2-3  32,780円(74)","2=3=5  1,610円(6)",2=3  210円(2)  2=5  740円(10)  3=5  540円(8) / 2=3  210円(2)  2=5  740円(10)  3=5  540円(8),1,大西 健士,神奈川,45,88,A2,追,3.93,84.29,△,4,0.0,16.6,41.6,0,0,4,10.3,,１/２車身,,16:15
5320260501020002,nara,2026-05-02,2,◎2 ○4 ▲7 △1 ×3 注5,"5-2  7,830円(20)","5-2-3  32,780円(74)","2=3=5  1,610円(6)",2=3  210円(2)  2=5  740円(10)  3=5  540円(8) / 2=3  210円(2)  2=5  740円(10)  3=5  540円(8),2,長松 大祐  大,分,28,121,A1,逃,3.92,85.57,◎,6,9.5,23.8,47.6,3,2,2,10.4,逃,１/２車輪,,16:15
5320260501020002,nara,2026-05-02,2,◎2 ○4 ▲7 △1 ×3 注5,"5-2  7,830円(20)","5-2-3  32,780円(74)","2=3=5  1,610円(6)",2=3  210円(2)  2=5  740円(10)  3=5  540円(8) / 2=3  210円(2)  2=5  740円(10)  3=5  540円(8),3,佐藤 譲士郎  埼,玉,26,123,A1,逃,3.85,82.71,×,1,14.2,28.5,42.8,3,2,3,10.3,,１車身１/２,,16:15
5320260501020002,nara,2026-05-02,2,◎2 ○4 ▲7 △1 ×3 注5,"5-2  7,830円(20)","5-2-3  32,780円(74)","2=3=5  1,610円(6)",2=3  210円(2)  2=5  740円(10)  3=5  540円(8) / 2=3  210円(2)  2=5  740円(10)  3=5  540円(8),4,三宅 旬  岡,山,48,80,A2,追,3.93,81.57,○,5,9.5,14.2,33.3,0,0,7,10.9,,７車身,,16:15
5320260501020002,nara,2026-05-02,2,◎2 ○4 ▲7 △1 ×3 注5,"5-2  7,830円(20)","5-2-3  32,780円(74)","2=3=5  1,610円(6)",2=3  210円(2)  2=5  740円(10)  3=5  540円(8) / 2=3  210円(2)  2=5  740円(10)  3=5  540円(8),5,渡邊 恭典  栃,木,52,75,A2,追,3.92,80.7,注,2,0.0,8.3,25.0,0,0,1,10.3,差,,,16:15
5320260501020002,nara,2026-05-02,2,◎2 ○4 ▲7 △1 ×3 注5,"5-2  7,830円(20)","5-2-3  32,780円(74)","2=3=5  1,610円(6)",2=3  210円(2)  2=5  740円(10)  3=5  540円(8) / 2=3  210円(2)  2=5  740円(10)  3=5  540円(8),6,鈴木 宏章  栃,木,50,80,A2,追,3.93,77.95,,0,0.0,0.0,0.0,0,0,5,10.1,,タイヤ差,,16:15
5320260501020002,nara,2026-05-02,2,◎2 ○4 ▲7 △1 ×3 注5,"5-2  7,830円(20)","5-2-3  32,780円(74)","2=3=5  1,610円(6)",2=3  210円(2)  2=5  740円(10)  3=5  540円(8) / 2=3  210円(2)  2=5  740円(10)  3=5  540円(8),7,岡崎 昭次  愛,媛,54,67,A2,追,3.85,80.05,▲,3,0.0,5.5,22.2,0,0,6,10.2,,１車輪,,16:15
5320260501020003,nara,2026-05-02,3,◎1 ○4 注6 △2 ×3 ▲7,"1-7  5,160円(14)","1-7-2  34,440円(80)","1=2=7  5,760円(16)",1=2  850円(9)  1=7  480円(7)  2=7  940円(10) / 1=2  850円(9)  1=7  480円(7)  2=7  940円(10),1,高井 流星  岡,山,31,113,A1,逃,3.92,90.08,◎,6,20.8,62.5,79.1,9,5,1,10.0,逃,,,16:39
5320260501020003,nara,2026-05-02,3,◎1 ○4 注6 △2 ×3 ▲7,"1-7  5,160円(14)","1-7-2  34,440円(80)","1=2=7  5,760円(16)",1=2  850円(9)  1=7  480円(7)  2=7  940円(10) / 1=2  850円(9)  1=7  480円(7)  2=7  940円(10),2,春日 勇人  千,葉,50,82,A1,追,3.92,87.57,注,2,5.0,25.0,50.0,0,0,3,10.2,,１/２車身,,16:39
5320260501020003,nara,2026-05-02,3,◎1 ○4 注6 △2 ×3 ▲7,"1-7  5,160円(14)","1-7-2  34,440円(80)","1=2=7  5,760円(16)",1=2  850円(9)  1=7  480円(7)  2=7  940円(10) / 1=2  850円(9)  1=7  480円(7)  2=7  940円(10),3,藤井 準也  岐,阜,32,105,A1,両,3.92,85.04,△,4,21.7,39.1,52.1,0,3,7,10.3,,１/２車輪,,16:39
5320260501020003,nara,2026-05-02,3,◎1 ○4 注6 △2 ×3 ▲7,"1-7  5,160円(14)","1-7-2  34,440円(80)","1=2=7  5,760円(16)",1=2  850円(9)  1=7  480円(7)  2=7  940円(10) / 1=2  850円(9)  1=7  480円(7)  2=7  940円(10),4,前反 祐一郎  広,島,52,81,A1,追,3.92,92.33,○,5,19.0,47.6,66.6,0,0,6,10.4,,２車身,,16:39
5320260501020003,nara,2026-05-02,3,◎1 ○4 注6 △2 ×3 ▲7,"1-7  5,160円(14)","1-7-2  34,440円(80)","1=2=7  5,760円(16)",1=2  850円(9)  1=7  480円(7)  2=7  940円(10) / 1=2  850円(9)  1=7  480円(7)  2=7  940円(10),5,志水 祐彦  大,阪,41,94,A1,追,3.92,85.39,▲,3,17.3,34.7,34.7,0,0,5,10.0,,１/４車輪,,16:39
5320260501020003,nara,2026-05-02,3,◎1 ○4 注6 △2 ×3 ▲7,"1-7  5,160円(14)","1-7-2  34,440円(80)","1=2=7  5,760円(16)",1=2  850円(9)  1=7  480円(7)  2=7  940円(10) / 1=2  850円(9)  1=7  480円(7)  2=7  940円(10),6,竹山 慶太  宮,城,33,105,A1,逃,3.92,83.08,,0,16.6,25.0,50.0,1,2,4,10.4,,１/４車輪,,16:39
5320260501020003,nara,2026-05-02,3,◎1 ○4 注6 △2 ×3 ▲7,"1-7  5,160円(14)","1-7-2  34,440円(80)","1=2=7  5,760円(16)",1=2  850円(9)  1=7  480円(7)  2=7  940円(10) / 1=2  850円(9)  1=7  480円(7)  2=7  940円(10),7,坂上 樹大  石,川,48,80,A1,追,3.92,89.04,×,1,19.0,28.5,57.1,0,1,2,10.0,差,９車身,,16:39
5320260501020004,nara,2026-05-02,4,◎5 ○1 △3 ×4 ▲7 注2,1-5  450円(2),"1-5-3  4,280円(9)",1=3=5  900円(3),1=3  490円(10)  1=5  120円(1)  3=5  350円(8) / 1=3  490円(10)  1=5  120円(1)  3=5  350円(8),1,吉田 勇人  埼,玉,47,86,A1,追,3.92,92.0,○,5,10.5,42.1,63.1,0,0,1,10.0,差,,,17:03
5320260501020004,nara,2026-05-02,4,◎5 ○1 △3 ×4 ▲7 注2,1-5  450円(2),"1-5-3  4,280円(9)",1=3=5  900円(3),1=3  490円(10)  1=5  120円(1)  3=5  350円(8) / 1=3  490円(10)  1=5  120円(1)  3=5  350円(8),2,西田 大志  福,岡,35,98,A1,追,3.92,88.2,注,2,19.0,38.0,52.3,0,0,6,9.5,,１/２車身,,17:03
5320260501020004,nara,2026-05-02,4,◎5 ○1 △3 ×4 ▲7 注2,1-5  450円(2),"1-5-3  4,280円(9)",1=3=5  900円(3),1=3  490円(10)  1=5  120円(1)  3=5  350円(8) / 1=3  490円(10)  1=5  120円(1)  3=5  350円(8),3,岸川 哲也  大,阪,40,105,A2,両,3.92,86.26,△,4,39.1,47.8,56.5,6,3,3,9.6,,１/２車身,,17:03
5320260501020004,nara,2026-05-02,4,◎5 ○1 △3 ×4 ▲7 注2,1-5  450円(2),"1-5-3  4,280円(9)",1=3=5  900円(3),1=3  490円(10)  1=5  120円(1)  3=5  350円(8) / 1=3  490円(10)  1=5  120円(1)  3=5  350円(8),4,山口 智弘  愛,知,36,99,A1,追,3.93,89.61,×,1,28.5,38.0,57.1,0,0,5,9.6,,１/２車身,,17:03
5320260501020004,nara,2026-05-02,4,◎5 ○1 △3 ×4 ▲7 注2,1-5  450円(2),"1-5-3  4,280円(9)",1=3=5  900円(3),1=3  490円(10)  1=5  120円(1)  3=5  350円(8) / 1=3  490円(10)  1=5  120円(1)  3=5  350円(8),5,上川 直紀  栃,木,29,117,A1,両,3.92,92.0,◎,6,33.3,54.1,75.0,2,9,2,10.1,逃,１/４車輪,,17:03
5320260501020004,nara,2026-05-02,4,◎5 ○1 △3 ×4 ▲7 注2,1-5  450円(2),"1-5-3  4,280円(9)",1=3=5  900円(3),1=3  490円(10)  1=5  120円(1)  3=5  350円(8) / 1=3  490円(10)  1=5  120円(1)  3=5  350円(8),6,杉山 剛  福,岡,48,86,A2,両,3.92,81.77,,0,0.0,18.1,40.9,0,2,7,9.4,,１車輪,,17:03
5320260501020004,nara,2026-05-02,4,◎5 ○1 △3 ×4 ▲7 注2,1-5  450円(2),"1-5-3  4,280円(9)",1=3=5  900円(3),1=3  490円(10)  1=5  120円(1)  3=5  350円(8) / 1=3  490円(10)  1=5  120円(1)  3=5  350円(8),7,松山 桂輔  愛,知,42,88,A1,追,3.92,85.65,▲,3,9.5,23.8,42.8,0,0,4,9.4,,１/４車輪,,17:03
5320260501020005,nara,2026-05-02,5,×6 ◎3 ○1 △5 ▲7 注4,"3-5  6,550円(12)","3-5-7  35,710円(54)","3=5=7  5,190円(11)","3=5  750円(6)  3=7  2,870円(14)  5=7  420円(3) / 3=5  750円(6)  3=7  2,870円(14)  5=7  420円(3)",1,下井 竜  三,重,31,117,A1,逃,3.92,93.66,◎,6,16.6,50.0,83.3,2,4,4,10.7,,微差,,17:27
5320260501020005,nara,2026-05-02,5,×6 ◎3 ○1 △5 ▲7 注4,"3-5  6,550円(12)","3-5-7  35,710円(54)","3=5=7  5,190円(11)","3=5  750円(6)  3=7  2,870円(14)  5=7  420円(3) / 3=5  750円(6)  3=7  2,870円(14)  5=7  420円(3)",2,宮倉 勇  千,葉,61,58,A2,追,3.93,85.06,注,2,0.0,0.0,29.4,0,0,6,10.6,,３/４車身,,17:27
5320260501020005,nara,2026-05-02,5,×6 ◎3 ○1 △5 ▲7 注4,"3-5  6,550円(12)","3-5-7  35,710円(54)","3=5=7  5,190円(11)","3=5  750円(6)  3=7  2,870円(14)  5=7  420円(3) / 3=5  750円(6)  3=7  2,870円(14)  5=7  420円(3)",3,松澤 敬輔,北海道,38,97,A2,両,3.92,87.0,×,1,27.7,44.4,44.4,1,0,1,10.0,捲,,,17:27
5320260501020005,nara,2026-05-02,5,×6 ◎3 ○1 △5 ▲7 注4,"3-5  6,550円(12)","3-5-7  35,710円(54)","3=5=7  5,190円(11)","3=5  750円(6)  3=7  2,870円(14)  5=7  420円(3) / 3=5  750円(6)  3=7  2,870円(14)  5=7  420円(3)",4,橋谷 成海  埼,玉,25,125,A2,逃,3.85,84.37,▲,3,25.0,37.5,37.5,5,1,7,11.3,,７車身,,17:27
5320260501020005,nara,2026-05-02,5,×6 ◎3 ○1 △5 ▲7 注4,"3-5  6,550円(12)","3-5-7  35,710円(54)","3=5=7  5,190円(11)","3=5  750円(6)  3=7  2,870円(14)  5=7  420円(3) / 3=5  750円(6)  3=7  2,870円(14)  5=7  420円(3)",5,佐藤 成人  奈,良,52,71,A1,追,3.92,91.19,○,5,9.5,28.5,42.8,0,0,2,10.5,差,３車身,,17:27
5320260501020005,nara,2026-05-02,5,×6 ◎3 ○1 △5 ▲7 注4,"3-5  6,550円(12)","3-5-7  35,710円(54)","3=5=7  5,190円(11)","3=5  750円(6)  3=7  2,870円(14)  5=7  420円(3) / 3=5  750円(6)  3=7  2,870円(14)  5=7  420円(3)",6,菅田 謙仁  宮,城,33,109,A2,両,3.92,81.26,,0,10.0,20.0,35.0,1,0,5,10.4,,１車身１/２,,17:27
5320260501020005,nara,2026-05-02,5,×6 ◎3 ○1 △5 ▲7 注4,"3-5  6,550円(12)","3-5-7  35,710円(54)","3=5=7  5,190円(11)","3=5  750円(6)  3=7  2,870円(14)  5=7  420円(3) / 3=5  750円(6)  3=7  2,870円(14)  5=7  420円(3)",7,藤原 浩  高,知,46,87,A1,追,3.92,90.53,△,4,13.3,40.0,53.3,0,0,3,10.3,,１/２車身,,17:27
5320260501020006,nara,2026-05-02,6,×1 ○2 ◎7 ▲4 △5 注6,"4-7  5,850円(22)","4-7-5  23,730円(72)","4=5=7  1,270円(5)",4=5  390円(6)  4=7  510円(8)  5=7  190円(1) / 4=5  390円(6)  4=7  510円(8)  5=7  190円(1),1,小玉 拓真  岡,山,36,98,S2,両,3.92,94.0,×,1,0.0,10.0,20.0,0,0,4,10.0,,１/４車輪,,17:51
5320260501020006,nara,2026-05-02,6,×1 ○2 ◎7 ▲4 △5 注6,"4-7  5,850円(22)","4-7-5  23,730円(72)","4=5=7  1,270円(5)",4=5  390円(6)  4=7  510円(8)  5=7  190円(1) / 4=5  390円(6)  4=7  510円(8)  5=7  190円(1),2,内藤 久文  愛,知,34,117,S2,逃,3.92,93.09,○,5,0.0,0.0,9.0,0,0,7,9.8,,２車身,,17:51
5320260501020006,nara,2026-05-02,6,×1 ○2 ◎7 ▲4 △5 注6,"4-7  5,850円(22)","4-7-5  23,730円(72)","4=5=7  1,270円(5)",4=5  390円(6)  4=7  510円(8)  5=7  190円(1) / 4=5  390円(6)  4=7  510円(8)  5=7  190円(1),3,須藤 悟  千,葉,36,99,S2,追,3.92,93.38,注,2,0.0,3.8,11.5,0,0,6,10.2,,１/４車輪,,17:51
5320260501020006,nara,2026-05-02,6,×1 ○2 ◎7 ▲4 △5 注6,"4-7  5,850円(22)","4-7-5  23,730円(72)","4=5=7  1,270円(5)",4=5  390円(6)  4=7  510円(8)  5=7  190円(1) / 4=5  390円(6)  4=7  510円(8)  5=7  190円(1),4,和田 誠寿  広,島,35,103,S2,追,3.92,92.6,▲,3,0.0,4.3,13.0,0,0,1,10.1,捲,,,17:51
5320260501020006,nara,2026-05-02,6,×1 ○2 ◎7 ▲4 △5 注6,"4-7  5,850円(22)","4-7-5  23,730円(72)","4=5=7  1,270円(5)",4=5  390円(6)  4=7  510円(8)  5=7  190円(1) / 4=5  390円(6)  4=7  510円(8)  5=7  190円(1),5,上吹越 直樹,鹿児島,44,86,S2,両,3.92,97.75,△,4,0.0,12.0,24.0,0,1,3,10.0,,１車身,,17:51
5320260501020006,nara,2026-05-02,6,×1 ○2 ◎7 ▲4 △5 注6,"4-7  5,850円(22)","4-7-5  23,730円(72)","4=5=7  1,270円(5)",4=5  390円(6)  4=7  510円(8)  5=7  190円(1) / 4=5  390円(6)  4=7  510円(8)  5=7  190円(1),6,上遠野 拓馬  宮,城,32,119,S2,逃,3.92,92.4,,0,0.0,5.0,15.0,0,1,5,10.3,,１/４車輪,,17:51
5320260501020006,nara,2026-05-02,6,×1 ○2 ◎7 ▲4 △5 注6,"4-7  5,850円(22)","4-7-5  23,730円(72)","4=5=7  1,270円(5)",4=5  390円(6)  4=7  510円(8)  5=7  190円(1) / 4=5  390円(6)  4=7  510円(8)  5=7  190円(1),7,西岡 正一,和歌山,49,84,S2,追,3.92,98.26,◎,6,5.2,15.7,21.0,0,0,2,9.9,差,１/２車輪,,17:51
5320260501020007,nara,2026-05-02,7,◎1 ○7 ×2 ▲6 注3 △5,1-7  320円(1),"1-7-2  1,640円(4)",1=2=7  540円(2),1=2  410円(5)  1=7  120円(1)  2=7  380円(4) / 1=2  410円(5)  1=7  120円(1)  2=7  380円(4),1,染谷 幸喜  千,葉,37,111,S2,逃,3.92,99.52,◎,6,13.0,30.4,39.1,3,3,1,9.6,捲,,,18:15
5320260501020007,nara,2026-05-02,7,◎1 ○7 ×2 ▲6 注3 △5,1-7  320円(1),"1-7-2  1,640円(4)",1=2=7  540円(2),1=2  410円(5)  1=7  120円(1)  2=7  380円(4) / 1=2  410円(5)  1=7  120円(1)  2=7  380円(4),2,吉田 智哉  愛,媛,28,111,S2,逃,3.92,94.1,×,1,0.0,5.0,20.0,0,0,3,9.5,,１車身,,18:15
5320260501020007,nara,2026-05-02,7,◎1 ○7 ×2 ▲6 注3 △5,1-7  320円(1),"1-7-2  1,640円(4)",1=2=7  540円(2),1=2  410円(5)  1=7  120円(1)  2=7  380円(4) / 1=2  410円(5)  1=7  120円(1)  2=7  380円(4),3,堀川 敬太郎  福,岡,24,123,S2,逃,3.92,93.53,注,2,3.3,6.6,23.3,0,0,6,10.3,,１/２車身,,18:15
5320260501020007,nara,2026-05-02,7,◎1 ○7 ×2 ▲6 注3 △5,1-7  320円(1),"1-7-2  1,640円(4)",1=2=7  540円(2),1=2  410円(5)  1=7  120円(1)  2=7  380円(4) / 1=2  410円(5)  1=7  120円(1)  2=7  380円(4),4,疋田 力也  愛,知,25,119,S2,両,3.92,95.12,△,4,3.0,6.0,12.1,1,0,5,9.9,,１車身,,18:15
5320260501020007,nara,2026-05-02,7,◎1 ○7 ×2 ▲6 注3 △5,1-7  320円(1),"1-7-2  1,640円(4)",1=2=7  540円(2),1=2  410円(5)  1=7  120円(1)  2=7  380円(4) / 1=2  410円(5)  1=7  120円(1)  2=7  380円(4),5,飯田 裕次  福,岡,40,97,S2,追,3.92,93.47,,0,0.0,0.0,10.5,0,0,4,10.0,,２車身,,18:15
5320260501020007,nara,2026-05-02,7,◎1 ○7 ×2 ▲6 注3 △5,1-7  320円(1),"1-7-2  1,640円(4)",1=2=7  540円(2),1=2  410円(5)  1=7  120円(1)  2=7  380円(4) / 1=2  410円(5)  1=7  120円(1)  2=7  380円(4),6,吉川 嘉斗  徳,島,33,105,S2,追,3.93,93.38,▲,3,0.0,7.6,11.5,0,0,7,9.8,,１車身１/２,,18:15
5320260501020007,nara,2026-05-02,7,◎1 ○7 ×2 ▲6 注3 △5,1-7  320円(1),"1-7-2  1,640円(4)",1=2=7  540円(2),1=2  410円(5)  1=7  120円(1)  2=7  380円(4) / 1=2  410円(5)  1=7  120円(1)  2=7  380円(4),7,志村 龍己  山,梨,39,98,S2,追,3.92,99.61,○,5,7.6,23.0,42.3,0,0,2,9.5,ク,１/４車輪,,18:15
5320260501020008,nara,2026-05-02,8,○7 ◎3 △1 注4 ×2 ▲5,"4-2  1,860円(6)","4-2-5  2,760円(7)",2=4=5  760円(3),2=4  400円(7)  2=5  330円(5)  4=5  750円(12) / 2=4  400円(7)  2=5  330円(5)  4=5  750円(12),1,北野 武史  石,川,53,78,S2,追,3.93,97.13,△,4,0.0,18.1,27.2,0,0,落,,,,,18:39
5320260501020008,nara,2026-05-02,8,○7 ◎3 △1 注4 ×2 ▲5,"4-2  1,860円(6)","4-2-5  2,760円(7)",2=4=5  760円(3),2=4  400円(7)  2=5  330円(5)  4=5  750円(12) / 2=4  400円(7)  2=5  330円(5)  4=5  750円(12),2,松永 将  茨,城,45,89,S2,追,3.92,100.26,×,1,3.7,7.4,29.6,0,0,2,9.6,ク,１車輪,,18:39
5320260501020008,nara,2026-05-02,8,○7 ◎3 △1 注4 ×2 ▲5,"4-2  1,860円(6)","4-2-5  2,760円(7)",2=4=5  760円(3),2=4  400円(7)  2=5  330円(5)  4=5  750円(12) / 2=4  400円(7)  2=5  330円(5)  4=5  750円(12),3,戸田 洋平  岡,山,43,92,S2,追,3.92,98.22,◎,6,0.0,13.6,40.9,0,0,落,,,,,18:39
5320260501020008,nara,2026-05-02,8,○7 ◎3 △1 注4 ×2 ▲5,"4-2  1,860円(6)","4-2-5  2,760円(7)",2=4=5  760円(3),2=4  400円(7)  2=5  330円(5)  4=5  750円(12) / 2=4  400円(7)  2=5  330円(5)  4=5  750円(12),4,藤田 周磨  埼,玉,28,117,S2,逃,3.92,96.79,注,2,4.1,12.5,33.3,1,0,1,9.7,捲,,,18:39
5320260501020008,nara,2026-05-02,8,○7 ◎3 △1 注4 ×2 ▲5,"4-2  1,860円(6)","4-2-5  2,760円(7)",2=4=5  760円(3),2=4  400円(7)  2=5  330円(5)  4=5  750円(12) / 2=4  400円(7)  2=5  330円(5)  4=5  750円(12),5,望月 永悟  静,岡,49,77,S2,追,3.92,98.42,▲,3,10.0,20.0,25.0,0,0,3,9.6,,１/２車身,,18:39
5320260501020008,nara,2026-05-02,8,○7 ◎3 △1 注4 ×2 ▲5,"4-2  1,860円(6)","4-2-5  2,760円(7)",2=4=5  760円(3),2=4  400円(7)  2=5  330円(5)  4=5  750円(12) / 2=4  400円(7)  2=5  330円(5)  4=5  750円(12),6,舘 泰守  愛,知,50,80,S2,追,3.92,96.45,,0,4.7,19.0,23.8,0,0,4,9.7,,３車身,,18:39
5320260501020008,nara,2026-05-02,8,○7 ◎3 △1 注4 ×2 ▲5,"4-2  1,860円(6)","4-2-5  2,760円(7)",2=4=5  760円(3),2=4  400円(7)  2=5  330円(5)  4=5  750円(12) / 2=4  400円(7)  2=5  330円(5)  4=5  750円(12),7,橋本 宇宙  佐,賀,26,123,S2,逃,3.92,96.54,○,5,4.1,25.0,37.5,5,1,5,10.2,,１車身,,18:39
5320260501020009,nara,2026-05-02,9,×1 注7 ○4 ◎5 △2 ▲3,"3-2  5,300円(16)","3-2-4  28,830円(93)","2=3=4  4,370円(19)","2=3  1,100円(15)  2=4  480円(6)  3=4  440円(5) / 2=3  1,100円(15)  2=4  480円(6)  3=4  440円(5)",1,伊藤 慶太郎  埼,玉,32,107,S2,逃,3.92,97.79,×,1,12.5,29.1,29.1,3,0,6,10.0,,１車身,,19:04
5320260501020009,nara,2026-05-02,9,×1 注7 ○4 ◎5 △2 ▲3,"3-2  5,300円(16)","3-2-4  28,830円(93)","2=3=4  4,370円(19)","2=3  1,100円(15)  2=4  480円(6)  3=4  440円(5) / 2=3  1,100円(15)  2=4  480円(6)  3=4  440円(5)",2,鷲田 幸司  福,井,40,92,S2,追,3.93,98.39,△,4,8.6,21.7,34.7,0,0,2,10.0,差,３/４車身,,19:04
5320260501020009,nara,2026-05-02,9,×1 注7 ○4 ◎5 △2 ▲3,"3-2  5,300円(16)","3-2-4  28,830円(93)","2=3=4  4,370円(19)","2=3  1,100円(15)  2=4  480円(6)  3=4  440円(5) / 2=3  1,100円(15)  2=4  480円(6)  3=4  440円(5)",3,牧田 悠生  新,潟,26,123,S2,逃,3.92,98.43,▲,3,13.0,21.7,34.7,2,2,1,9.8,捲,,,19:04
5320260501020009,nara,2026-05-02,9,×1 注7 ○4 ◎5 △2 ▲3,"3-2  5,300円(16)","3-2-4  28,830円(93)","2=3=4  4,370円(19)","2=3  1,100円(15)  2=4  480円(6)  3=4  440円(5) / 2=3  1,100円(15)  2=4  480円(6)  3=4  440円(5)",4,川口 聖二  岐,阜,32,103,S2,両,3.92,101.05,○,5,20.0,30.0,45.0,2,2,3,10.3,,１/２車輪,,19:04
5320260501020009,nara,2026-05-02,9,×1 注7 ○4 ◎5 △2 ▲3,"3-2  5,300円(16)","3-2-4  28,830円(93)","2=3=4  4,370円(19)","2=3  1,100円(15)  2=4  480円(6)  3=4  440円(5) / 2=3  1,100円(15)  2=4  480円(6)  3=4  440円(5)",5,清水 一幸  大,阪,39,109,S2,追,3.92,101.24,◎,6,26.9,30.7,46.1,0,0,5,10.2,,１/８車輪,,19:04
5320260501020009,nara,2026-05-02,9,×1 注7 ○4 ◎5 △2 ▲3,"3-2  5,300円(16)","3-2-4  28,830円(93)","2=3=4  4,370円(19)","2=3  1,100円(15)  2=4  480円(6)  3=4  440円(5) / 2=3  1,100円(15)  2=4  480円(6)  3=4  440円(5)",6,房州 輝也  福,島,39,91,S2,両,3.93,95.38,,0,3.2,12.9,22.5,0,0,7,9.9,,１車身１/２,,19:04
5320260501020009,nara,2026-05-02,9,×1 注7 ○4 ◎5 △2 ▲3,"3-2  5,300円(16)","3-2-4  28,830円(93)","2=3=4  4,370円(19)","2=3  1,100円(15)  2=4  480円(6)  3=4  440円(5) / 2=3  1,100円(15)  2=4  480円(6)  3=4  440円(5)",7,武藤 篤弘  埼,玉,41,95,S2,追,3.92,96.76,注,2,0.0,19.2,34.6,0,0,4,9.8,,１/８車輪,,19:04
5320260501020010,nara,2026-05-02,10,△1 ▲7 ×5 注2 ◎4 ○3,2-5  750円(1),"2-5-3  4,110円(8)","2=3=5  2,150円(9)","2=3  500円(9)  2=5  240円(1)  3=5  1,090円(20) / 2=3  500円(9)  2=5  240円(1)  3=5  1,090円(20)",1,貴志 修己,和歌山,30,117,S2,逃,3.92,101.52,△,4,8.6,39.1,47.8,5,4,7,10.4,,２車身,,19:30
5320260501020010,nara,2026-05-02,10,△1 ▲7 ×5 注2 ◎4 ○3,2-5  750円(1),"2-5-3  4,110円(8)","2=3=5  2,150円(9)","2=3  500円(9)  2=5  240円(1)  3=5  1,090円(20) / 2=3  500円(9)  2=5  240円(1)  3=5  1,090円(20)",2,堀内 俊介,神奈川,36,107,S2,両,3.93,100.92,注,2,15.3,26.9,53.8,2,3,1,10.1,差,,,19:30
5320260501020010,nara,2026-05-02,10,△1 ▲7 ×5 注2 ◎4 ○3,2-5  750円(1),"2-5-3  4,110円(8)","2=3=5  2,150円(9)","2=3  500円(9)  2=5  240円(1)  3=5  1,090円(20) / 2=3  500円(9)  2=5  240円(1)  3=5  1,090円(20)",3,宮崎 大空  熊,本,27,115,S2,両,3.92,100.54,○,5,4.1,16.6,37.5,0,0,3,9.9,,１/２車身,,19:30
5320260501020010,nara,2026-05-02,10,△1 ▲7 ×5 注2 ◎4 ○3,2-5  750円(1),"2-5-3  4,110円(8)","2=3=5  2,150円(9)","2=3  500円(9)  2=5  240円(1)  3=5  1,090円(20) / 2=3  500円(9)  2=5  240円(1)  3=5  1,090円(20)",4,林 慶次郎  福,岡,28,111,S1,逃,3.92,101.71,◎,6,14.2,23.8,38.0,2,3,4,10.0,,微差,,19:30
5320260501020010,nara,2026-05-02,10,△1 ▲7 ×5 注2 ◎4 ○3,2-5  750円(1),"2-5-3  4,110円(8)","2=3=5  2,150円(9)","2=3  500円(9)  2=5  240円(1)  3=5  1,090円(20) / 2=3  500円(9)  2=5  240円(1)  3=5  1,090円(20)",5,川越 勇星,神奈川,29,111,S2,両,3.92,100.08,×,1,12.5,20.8,45.8,4,1,2,10.2,逃,３/４車輪,,19:30
5320260501020010,nara,2026-05-02,10,△1 ▲7 ×5 注2 ◎4 ○3,2-5  750円(1),"2-5-3  4,110円(8)","2=3=5  2,150円(9)","2=3  500円(9)  2=5  240円(1)  3=5  1,090円(20) / 2=3  500円(9)  2=5  240円(1)  3=5  1,090円(20)",6,照井 拓成  岩,手,30,115,S2,逃,3.92,98.0,,0,3.8,19.2,30.7,0,2,6,10.1,,１/２車身,,19:30
5320260501020010,nara,2026-05-02,10,△1 ▲7 ×5 注2 ◎4 ○3,2-5  750円(1),"2-5-3  4,110円(8)","2=3=5  2,150円(9)","2=3  500円(9)  2=5  240円(1)  3=5  1,090円(20) / 2=3  500円(9)  2=5  240円(1)  3=5  1,090円(20)",7,中井 俊亮  奈,良,33,103,S1,両,3.92,94.5,▲,3,6.6,6.6,13.3,0,0,5,10.2,,１/２車身,,19:30
5320260501020011,nara,2026-05-02,11,×4 △1 ◎5 ○2 ▲7 注6,"1-4  7,010円(12)","1-4-5  19,750円(35)","1=4=5  1,010円(5)",1=4  490円(7)  1=5  270円(4)  4=5  340円(6) / 1=4  490円(7)  1=5  270円(4)  4=5  340円(6),1,徳永 哲人  熊,本,43,100,S1,両,3.92,100.39,△,4,16.6,25.0,33.3,1,2,1,10.1,差,,,19:57
5320260501020011,nara,2026-05-02,11,×4 △1 ◎5 ○2 ▲7 注6,"1-4  7,010円(12)","1-4-5  19,750円(35)","1=4=5  1,010円(5)",1=4  490円(7)  1=5  270円(4)  4=5  340円(6) / 1=4  490円(7)  1=5  270円(4)  4=5  340円(6),2,朝倉 佳弘  東,京,45,90,S1,追,3.93,99.18,○,5,13.0,26.0,39.1,0,0,4,10.0,,１/２車身,,19:57
5320260501020011,nara,2026-05-02,11,×4 △1 ◎5 ○2 ▲7 注6,"1-4  7,010円(12)","1-4-5  19,750円(35)","1=4=5  1,010円(5)",1=4  490円(7)  1=5  270円(4)  4=5  340円(6) / 1=4  490円(7)  1=5  270円(4)  4=5  340円(6),3,吉田 敏洋  愛,知,46,85,S2,両,3.92,101.79,注,2,20.8,33.3,50.0,0,0,5,10.1,,３/４車輪,,19:57
5320260501020011,nara,2026-05-02,11,×4 △1 ◎5 ○2 ▲7 注6,"1-4  7,010円(12)","1-4-5  19,750円(35)","1=4=5  1,010円(5)",1=4  490円(7)  1=5  270円(4)  4=5  340円(6) / 1=4  490円(7)  1=5  270円(4)  4=5  340円(6),4,青木 瑞樹  岡,山,26,123,S2,逃,3.92,100.73,×,1,13.0,34.7,39.1,6,2,2,10.3,逃,３/４車輪,,19:57
5320260501020011,nara,2026-05-02,11,×4 △1 ◎5 ○2 ▲7 注6,"1-4  7,010円(12)","1-4-5  19,750円(35)","1=4=5  1,010円(5)",1=4  490円(7)  1=5  270円(4)  4=5  340円(6) / 1=4  490円(7)  1=5  270円(4)  4=5  340円(6),5,木村 皆斗  茨,城,24,119,S1,逃,3.92,108.67,◎,6,55.1,62.0,68.9,12,3,3,10.1,,１/４車輪,,19:57
5320260501020011,nara,2026-05-02,11,×4 △1 ◎5 ○2 ▲7 注6,"1-4  7,010円(12)","1-4-5  19,750円(35)","1=4=5  1,010円(5)",1=4  490円(7)  1=5  270円(4)  4=5  340円(6) / 1=4  490円(7)  1=5  270円(4)  4=5  340円(6),6,高田 修汰  福,井,26,115,S2,逃,3.92,95.5,,0,5.5,11.1,16.6,2,0,7,10.5,,２車身,,19:57
5320260501020011,nara,2026-05-02,11,×4 △1 ◎5 ○2 ▲7 注6,"1-4  7,010円(12)","1-4-5  19,750円(35)","1=4=5  1,010円(5)",1=4  490円(7)  1=5  270円(4)  4=5  340円(6) / 1=4  490円(7)  1=5  270円(4)  4=5  340円(6),7,佐藤 雅春  宮,城,38,94,S2,追,3.92,99.24,▲,3,7.6,19.2,26.9,0,0,6,10.1,,１車身,,19:57
5320260501020012,nara,2026-05-02,12,◎7 ○1 ×2 ▲6 注5 △3,"6-3  41,540円(33)","6-3-1  572,850円(193)","1=3=6  25,990円(29)","1=3  610円(7)  1=6  2,510円(18)  3=6  1,990円(16) / 1=3  610円(7)  1=6  2,510円(18)  3=6  1,990円(16)",1,近藤 隆司  千,葉,42,90,S2,両,3.92,97.46,○,5,23.0,26.9,42.3,1,3,3,10.0,,３/４車輪,,20:25
5320260501020012,nara,2026-05-02,12,◎7 ○1 ×2 ▲6 注5 △3,"6-3  41,540円(33)","6-3-1  572,850円(193)","1=3=6  25,990円(29)","1=3  610円(7)  1=6  2,510円(18)  3=6  1,990円(16) / 1=3  610円(7)  1=6  2,510円(18)  3=6  1,990円(16)",2,太田 竜馬  徳,島,30,109,S1,逃,3.92,104.61,×,1,5.5,38.8,55.5,1,6,4,10.5,,１車輪,,20:25
5320260501020012,nara,2026-05-02,12,◎7 ○1 ×2 ▲6 注5 △3,"6-3  41,540円(33)","6-3-1  572,850円(193)","1=3=6  25,990円(29)","1=3  610円(7)  1=6  2,510円(18)  3=6  1,990円(16) / 1=3  610円(7)  1=6  2,510円(18)  3=6  1,990円(16)",3,河村 雅章  東,京,43,92,S2,追,3.92,105.52,△,4,17.3,34.7,60.8,0,0,2,9.7,差,１/８車輪,,20:25
5320260501020012,nara,2026-05-02,12,◎7 ○1 ×2 ▲6 注5 △3,"6-3  41,540円(33)","6-3-1  572,850円(193)","1=3=6  25,990円(29)","1=3  610円(7)  1=6  2,510円(18)  3=6  1,990円(16) / 1=3  610円(7)  1=6  2,510円(18)  3=6  1,990円(16)",4,中川 貴徳  栃,木,42,91,S2,追,3.92,100.22,,0,18.1,36.3,45.4,0,1,6,9.7,,１/２車輪,,20:25
5320260501020012,nara,2026-05-02,12,◎7 ○1 ×2 ▲6 注5 △3,"6-3  41,540円(33)","6-3-1  572,850円(193)","1=3=6  25,990円(29)","1=3  610円(7)  1=6  2,510円(18)  3=6  1,990円(16) / 1=3  610円(7)  1=6  2,510円(18)  3=6  1,990円(16)",5,板垣 昴,北海道,34,115,S2,逃,3.92,104.34,注,2,17.3,34.7,56.5,2,5,7,10.1,,３車身,,20:25
5320260501020012,nara,2026-05-02,12,◎7 ○1 ×2 ▲6 注5 △3,"6-3  41,540円(33)","6-3-1  572,850円(193)","1=3=6  25,990円(29)","1=3  610円(7)  1=6  2,510円(18)  3=6  1,990円(16) / 1=3  610円(7)  1=6  2,510円(18)  3=6  1,990円(16)",6,村上 竜馬  広,島,30,115,S2,逃,3.92,97.05,▲,3,5.0,10.0,25.0,0,1,1,10.3,差,,,20:25
5320260501020012,nara,2026-05-02,12,◎7 ○1 ×2 ▲6 注5 △3,"6-3  41,540円(33)","6-3-1  572,850円(193)","1=3=6  25,990円(29)","1=3  610円(7)  1=6  2,510円(18)  3=6  1,990円(16) / 1=3  610円(7)  1=6  2,510円(18)  3=6  1,990円(16)",7,北井 佑季,神奈川,36,119,S2,逃,3.92,102.09,◎,6,81.8,90.9,95.4,10,9,5,10.2,,１/８車輪,,20:25
6320260501020001,hofu,2026-05-02,1,×2 ○6 ◎7 △1 注5 ▲3,"6-1  1,610円(7)","6-1-7  5,210円(18)","1=6=7  1,600円(7)",1=6  340円(6)  1=7  180円(1)  6=7  510円(10) / 1=6  340円(6)  1=7  180円(1)  6=7  510円(10),1,堺 文人,和歌山,47,85,A2,追,3.92,83.4,◎,6,9.5,28.5,42.8,0,0,2,10.2,ク,３/４車身,,08:25
6320260501020001,hofu,2026-05-02,1,×2 ○6 ◎7 △1 注5 ▲3,"6-1  1,610円(7)","6-1-7  5,210円(18)","1=6=7  1,600円(7)",1=6  340円(6)  1=7  180円(1)  6=7  510円(10) / 1=6  340円(6)  1=7  180円(1)  6=7  510円(10),2,松下 綾馬  岡,山,29,121,A1,逃,3.92,83.54,×,1,16.6,33.3,33.3,2,6,4,10.7,,３/４車身,,08:25
6320260501020001,hofu,2026-05-02,1,×2 ○6 ◎7 △1 注5 ▲3,"6-1  1,610円(7)","6-1-7  5,210円(18)","1=6=7  1,600円(7)",1=6  340円(6)  1=7  180円(1)  6=7  510円(10) / 1=6  340円(6)  1=7  180円(1)  6=7  510円(10),3,松本 昂大  長,崎,21,125,A2,逃,3.92,81.86,注,2,26.6,33.3,40.0,5,0,5,10.3,,１/２車身,,08:25
6320260501020001,hofu,2026-05-02,1,×2 ○6 ◎7 △1 注5 ▲3,"6-1  1,610円(7)","6-1-7  5,210円(18)","1=6=7  1,600円(7)",1=6  340円(6)  1=7  180円(1)  6=7  510円(10) / 1=6  340円(6)  1=7  180円(1)  6=7  510円(10),4,船倉 卓郎  長,崎,42,99,A2,追,3.92,79.66,▲,3,0.0,5.5,5.5,0,1,7,10.3,,２車身,,08:25
6320260501020001,hofu,2026-05-02,1,×2 ○6 ◎7 △1 注5 ▲3,"6-1  1,610円(7)","6-1-7  5,210円(18)","1=6=7  1,600円(7)",1=6  340円(6)  1=7  180円(1)  6=7  510円(10) / 1=6  340円(6)  1=7  180円(1)  6=7  510円(10),5,金田 健一郎  大,阪,59,60,A2,追,3.92,79.42,△,4,0.0,4.7,19.0,0,0,6,10.2,,１/４車輪,,08:25
6320260501020001,hofu,2026-05-02,1,×2 ○6 ◎7 △1 注5 ▲3,"6-1  1,610円(7)","6-1-7  5,210円(18)","1=6=7  1,600円(7)",1=6  340円(6)  1=7  180円(1)  6=7  510円(10) / 1=6  340円(6)  1=7  180円(1)  6=7  510円(10),6,山崎 翼  大,分,37,95,A2,逃,3.92,78.0,,0,16.6,16.6,16.6,0,1,1,10.2,捲,,,08:25
6320260501020001,hofu,2026-05-02,1,×2 ○6 ◎7 △1 注5 ▲3,"6-1  1,610円(7)","6-1-7  5,210円(18)","1=6=7  1,600円(7)",1=6  340円(6)  1=7  180円(1)  6=7  510円(10) / 1=6  340円(6)  1=7  180円(1)  6=7  510円(10),7,勝谷 勝治  三,重,35,115,A2,両,3.92,82.61,○,5,9.5,23.8,42.8,0,0,3,10.5,,２車身,,08:25
6320260501020002,hofu,2026-05-02,2,○5 ◎4 ×1 注7 ▲2 △3,"4-1  1,140円(4)","4-1-3  15,290円(42)","1=3=4  3,820円(14)","1=3  2,130円(16)  1=4  230円(2)  3=4  550円(8) / 1=3  2,130円(16)  1=4  230円(2)  3=4  550円(8)",1,山中 崇弘  高,知,30,113,A2,追,3.92,80.5,×,1,4.5,9.0,27.2,0,0,2,10.1,ク,１/２車身,,08:45
6320260501020002,hofu,2026-05-02,2,○5 ◎4 ×1 注7 ▲2 △3,"4-1  1,140円(4)","4-1-3  15,290円(42)","1=3=4  3,820円(14)","1=3  2,130円(16)  1=4  230円(2)  3=4  550円(8) / 1=3  2,130円(16)  1=4  230円(2)  3=4  550円(8)",2,佐野 洋継  京,都,38,97,A2,両,3.92,79.52,▲,3,4.7,4.7,19.0,0,0,5,10.4,,３/４車輪,,08:45
6320260501020002,hofu,2026-05-02,2,○5 ◎4 ×1 注7 ▲2 △3,"4-1  1,140円(4)","4-1-3  15,290円(42)","1=3=4  3,820円(14)","1=3  2,130円(16)  1=4  230円(2)  3=4  550円(8) / 1=3  2,130円(16)  1=4  230円(2)  3=4  550円(8)",3,山崎 晃  石,川,40,95,A2,両,3.92,80.33,△,4,9.5,19.0,28.5,3,0,3,10.1,,１/２車輪,,08:45
6320260501020002,hofu,2026-05-02,2,○5 ◎4 ×1 注7 ▲2 △3,"4-1  1,140円(4)","4-1-3  15,290円(42)","1=3=4  3,820円(14)","1=3  2,130円(16)  1=4  230円(2)  3=4  550円(8) / 1=3  2,130円(16)  1=4  230円(2)  3=4  550円(8)",4,内村 泰三  山,口,52,72,A2,追,3.92,83.04,◎,6,9.5,19.0,33.3,0,0,1,10.1,差,,,08:45
6320260501020002,hofu,2026-05-02,2,○5 ◎4 ×1 注7 ▲2 △3,"4-1  1,140円(4)","4-1-3  15,290円(42)","1=3=4  3,820円(14)","1=3  2,130円(16)  1=4  230円(2)  3=4  550円(8) / 1=3  2,130円(16)  1=4  230円(2)  3=4  550円(8)",5,原田 峻治  山,口,31,125,A2,逃,3.92,83.38,○,5,4.7,19.0,33.3,2,2,4,10.4,,１/４車輪,,08:45
6320260501020002,hofu,2026-05-02,2,○5 ◎4 ×1 注7 ▲2 △3,"4-1  1,140円(4)","4-1-3  15,290円(42)","1=3=4  3,820円(14)","1=3  2,130円(16)  1=4  230円(2)  3=4  550円(8) / 1=3  2,130円(16)  1=4  230円(2)  3=4  550円(8)",6,小川 将人  愛,知,50,75,A2,追,3.92,79.25,,0,0.0,0.0,5.0,0,0,7,10.0,,１車輪,,08:45
6320260501020002,hofu,2026-05-02,2,○5 ◎4 ×1 注7 ▲2 △3,"4-1  1,140円(4)","4-1-3  15,290円(42)","1=3=4  3,820円(14)","1=3  2,130円(16)  1=4  230円(2)  3=4  550円(8) / 1=3  2,130円(16)  1=4  230円(2)  3=4  550円(8)",7,小林 史也,和歌山,40,107,A1,逃,3.92,83.26,注,2,5.0,25.0,30.0,5,0,6,10.5,,１車輪,,08:45
6320260501020003,hofu,2026-05-02,3,×1 注7 △3 ▲4 ◎6 ○5,"1-7  1,120円(5)","1-7-6  34,380円(80)","1=6=7  15,380円(27)","1=6  3,170円(18)  1=7  370円(5)  6=7  4,550円(21) / 1=6  3,170円(18)  1=7  370円(5)  6=7  4,550円(21)",1,中野 雄喜  京,都,32,111,A1,両,3.92,90.14,×,1,13.3,26.6,60.0,1,1,1,9.9,逃,,,09:06
6320260501020003,hofu,2026-05-02,3,×1 注7 △3 ▲4 ◎6 ○5,"1-7  1,120円(5)","1-7-6  34,380円(80)","1=6=7  15,380円(27)","1=6  3,170円(18)  1=7  370円(5)  6=7  4,550円(21) / 1=6  3,170円(18)  1=7  370円(5)  6=7  4,550円(21)",2,好永 晃  佐,賀,35,98,A1,追,3.92,86.16,○,5,0.0,25.0,33.3,0,0,4,9.8,,１車輪,,09:06
6320260501020003,hofu,2026-05-02,3,×1 注7 △3 ▲4 ◎6 ○5,"1-7  1,120円(5)","1-7-6  34,380円(80)","1=6=7  15,380円(27)","1=6  3,170円(18)  1=7  370円(5)  6=7  4,550円(21) / 1=6  3,170円(18)  1=7  370円(5)  6=7  4,550円(21)",3,林 昴  福,岡,24,119,A1,逃,3.92,88.92,△,4,38.4,53.8,61.5,4,3,5,9.9,,１/２車輪,,09:06
6320260501020003,hofu,2026-05-02,3,×1 注7 △3 ▲4 ◎6 ○5,"1-7  1,120円(5)","1-7-6  34,380円(80)","1=6=7  15,380円(27)","1=6  3,170円(18)  1=7  370円(5)  6=7  4,550円(21) / 1=6  3,170円(18)  1=7  370円(5)  6=7  4,550円(21)",4,楢原 由将  福,岡,38,94,A2,両,3.92,82.89,▲,3,0.0,5.2,21.0,0,0,6,9.9,,２車身,,09:06
6320260501020003,hofu,2026-05-02,3,×1 注7 △3 ▲4 ◎6 ○5,"1-7  1,120円(5)","1-7-6  34,380円(80)","1=6=7  15,380円(27)","1=6  3,170円(18)  1=7  370円(5)  6=7  4,550円(21) / 1=6  3,170円(18)  1=7  370円(5)  6=7  4,550円(21)",5,松本 憲斗  熊,本,29,119,A1,逃,3.92,93.73,◎,6,33.3,40.0,80.0,1,4,失,,,,,09:06
6320260501020003,hofu,2026-05-02,3,×1 注7 △3 ▲4 ◎6 ○5,"1-7  1,120円(5)","1-7-6  34,380円(80)","1=6=7  15,380円(27)","1=6  3,170円(18)  1=7  370円(5)  6=7  4,550円(21) / 1=6  3,170円(18)  1=7  370円(5)  6=7  4,550円(21)",6,仲松 勝太  沖,縄,48,96,A2,追,3.92,81.94,,0,0.0,11.1,44.4,0,0,3,9.6,,１車身,,09:06
6320260501020003,hofu,2026-05-02,3,×1 注7 △3 ▲4 ◎6 ○5,"1-7  1,120円(5)","1-7-6  34,380円(80)","1=6=7  15,380円(27)","1=6  3,170円(18)  1=7  370円(5)  6=7  4,550円(21) / 1=6  3,170円(18)  1=7  370円(5)  6=7  4,550円(21)",7,舛井 幹雄  三,重,54,71,A1,追,3.93,91.0,注,2,19.0,42.8,52.3,0,0,2,9.8,ク,１/２車身,,09:06
6320260501020004,hofu,2026-05-02,4,○2 ◎7 △3 注4 ×6 ▲5,"5-4  12,240円(17)","5-4-1  57,300円(76)","1=4=5  6,770円(15)","1=4  6,040円(17)  1=5  680円(5)  4=5  2,050円(11) / 1=4  6,040円(17)  1=5  680円(5)  4=5  2,050円(11)",1,安東 英博  大,分,45,87,A1,追,3.92,85.04,▲,3,0.0,8.3,33.3,0,0,3,10.2,,３/４車輪,,09:27
6320260501020004,hofu,2026-05-02,4,○2 ◎7 △3 注4 ×6 ▲5,"5-4  12,240円(17)","5-4-1  57,300円(76)","1=4=5  6,770円(15)","1=4  6,040円(17)  1=5  680円(5)  4=5  2,050円(11) / 1=4  6,040円(17)  1=5  680円(5)  4=5  2,050円(11)",2,中野 光太郎  徳,島,26,121,A1,逃,3.93,95.0,○,5,25.0,50.0,50.0,0,0,落,,,,,09:27
6320260501020004,hofu,2026-05-02,4,○2 ◎7 △3 注4 ×6 ▲5,"5-4  12,240円(17)","5-4-1  57,300円(76)","1=4=5  6,770円(15)","1=4  6,040円(17)  1=5  680円(5)  4=5  2,050円(11) / 1=4  6,040円(17)  1=5  680円(5)  4=5  2,050円(11)",3,山本 隼人  大,阪,28,111,A1,追,3.92,86.25,△,4,8.3,8.3,16.6,0,0,4,9.8,,１/２車輪,,09:27
6320260501020004,hofu,2026-05-02,4,○2 ◎7 △3 注4 ×6 ▲5,"5-4  12,240円(17)","5-4-1  57,300円(76)","1=4=5  6,770円(15)","1=4  6,040円(17)  1=5  680円(5)  4=5  2,050円(11) / 1=4  6,040円(17)  1=5  680円(5)  4=5  2,050円(11)",4,天野 純平  佐,賀,27,115,A2,逃,3.92,83.45,注,2,30.0,40.0,45.0,4,2,2,10.2,捲,１/２車身,,09:27
6320260501020004,hofu,2026-05-02,4,○2 ◎7 △3 注4 ×6 ▲5,"5-4  12,240円(17)","5-4-1  57,300円(76)","1=4=5  6,770円(15)","1=4  6,040円(17)  1=5  680円(5)  4=5  2,050円(11) / 1=4  6,040円(17)  1=5  680円(5)  4=5  2,050円(11)",5,高橋 幸司  沖,縄,37,99,A2,逃,3.92,90.52,×,1,33.3,52.3,66.6,7,3,1,10.2,逃,,,09:27
6320260501020004,hofu,2026-05-02,4,○2 ◎7 △3 注4 ×6 ▲5,"5-4  12,240円(17)","5-4-1  57,300円(76)","1=4=5  6,770円(15)","1=4  6,040円(17)  1=5  680円(5)  4=5  2,050円(11) / 1=4  6,040円(17)  1=5  680円(5)  4=5  2,050円(11)",6,飯塚 直人  佐,賀,35,98,A2,両,3.92,81.09,,0,0.0,5.0,30.0,0,0,5,,,,,09:27
6320260501020004,hofu,2026-05-02,4,○2 ◎7 △3 注4 ×6 ▲5,"5-4  12,240円(17)","5-4-1  57,300円(76)","1=4=5  6,770円(15)","1=4  6,040円(17)  1=5  680円(5)  4=5  2,050円(11) / 1=4  6,040円(17)  1=5  680円(5)  4=5  2,050円(11)",7,小原 周祐  高,知,35,99,A1,両,3.92,96.53,◎,6,60.0,86.6,100.0,0,0,落,,,,,09:27
6320260501020005,hofu,2026-05-02,5,○7 ◎1 ×5 ▲2 △6 注3,"7-1  1,070円(4)","7-1-4  2,880円(8)",1=4=7  340円(1),1=4  160円(2)  1=7  110円(1)  4=7  230円(4) / 1=4  160円(2)  1=7  110円(1)  4=7  230円(4),1,富 武大  山,口,28,121,A1,逃,3.92,93.21,◎,6,35.7,57.1,64.2,3,4,2,10.2,ク,１/８車輪,,09:48
6320260501020005,hofu,2026-05-02,5,○7 ◎1 ×5 ▲2 △6 注3,"7-1  1,070円(4)","7-1-4  2,880円(8)",1=4=7  340円(1),1=4  160円(2)  1=7  110円(1)  4=7  230円(4) / 1=4  160円(2)  1=7  110円(1)  4=7  230円(4),2,中山 遼太郎  熊,本,23,121,A1,逃,3.92,82.95,▲,3,5.0,25.0,40.0,2,3,7,9.9,,１/２車身,,09:48
6320260501020005,hofu,2026-05-02,5,○7 ◎1 ×5 ▲2 △6 注3,"7-1  1,070円(4)","7-1-4  2,880円(8)",1=4=7  340円(1),1=4  160円(2)  1=7  110円(1)  4=7  230円(4) / 1=4  160円(2)  1=7  110円(1)  4=7  230円(4),3,石田 拓真  愛,知,24,119,A1,逃,3.92,89.66,△,4,22.2,27.7,44.4,4,1,5,10.2,,１/２車身,,09:48
6320260501020005,hofu,2026-05-02,5,○7 ◎1 ×5 ▲2 △6 注3,"7-1  1,070円(4)","7-1-4  2,880円(8)",1=4=7  340円(1),1=4  160円(2)  1=7  110円(1)  4=7  230円(4) / 1=4  160円(2)  1=7  110円(1)  4=7  230円(4),4,吉川 起也  富,山,42,92,A1,両,3.92,93.65,注,2,33.3,61.9,66.6,0,6,3,9.8,,１/２車輪,,09:48
6320260501020005,hofu,2026-05-02,5,○7 ◎1 ×5 ▲2 △6 注3,"7-1  1,070円(4)","7-1-4  2,880円(8)",1=4=7  340円(1),1=4  160円(2)  1=7  110円(1)  4=7  230円(4) / 1=4  160円(2)  1=7  110円(1)  4=7  230円(4),5,林 明宏  高,知,49,79,A1,追,3.93,86.83,×,1,12.5,25.0,50.0,0,0,4,10.3,,１車身１/２,,09:48
6320260501020005,hofu,2026-05-02,5,○7 ◎1 ×5 ▲2 △6 注3,"7-1  1,070円(4)","7-1-4  2,880円(8)",1=4=7  340円(1),1=4  160円(2)  1=7  110円(1)  4=7  230円(4) / 1=4  160円(2)  1=7  110円(1)  4=7  230円(4),6,高比良 豪  福,岡,46,84,A1,追,3.92,82.57,,0,5.2,21.0,26.3,0,1,6,9.7,,３/４車身,,09:48
6320260501020005,hofu,2026-05-02,5,○7 ◎1 ×5 ▲2 △6 注3,"7-1  1,070円(4)","7-1-4  2,880円(8)",1=4=7  340円(1),1=4  160円(2)  1=7  110円(1)  4=7  230円(4) / 1=4  160円(2)  1=7  110円(1)  4=7  230円(4),7,細中 翔太  岡,山,26,125,A2,逃,3.92,92.0,○,5,52.3,66.6,76.1,11,1,1,10.4,逃,,,09:48
6320260501020006,hofu,2026-05-02,6,▲2 ×1 △5 ◎3 ○4 注6,4-6  320円(2),4-6-7  870円(4),4=6=7  470円(3),4=6  150円(2)  4=7  150円(3)  6=7  510円(7) / 4=6  150円(2)  4=7  150円(3)  6=7  510円(7),1,永禮 美瑠  愛,知,26,118,L1,両,3.77,52.95,×,1,20.8,37.5,66.6,1,3,5,11.0,,１/４車輪,,10:09
6320260501020006,hofu,2026-05-02,6,▲2 ×1 △5 ◎3 ○4 注6,4-6  320円(2),4-6-7  870円(4),4=6=7  470円(3),4=6  150円(2)  4=7  150円(3)  6=7  510円(7) / 4=6  150円(2)  4=7  150円(3)  6=7  510円(7),2,成海 綾香  沖,縄,25,128,L1,両,3.77,46.57,▲,3,0.0,0.0,0.0,0,0,6,10.8,,１/２車身,,10:09
6320260501020006,hofu,2026-05-02,6,▲2 ×1 △5 ◎3 ○4 注6,4-6  320円(2),4-6-7  870円(4),4=6=7  470円(3),4=6  150円(2)  4=7  150円(3)  6=7  510円(7) / 4=6  150円(2)  4=7  150円(3)  6=7  510円(7),3,渡辺 ゆかり  山,梨,45,102,L1,追,3.71,44.73,,0,0.0,0.0,4.3,0,0,7,10.9,,１車身１/２,,10:09
6320260501020006,hofu,2026-05-02,6,▲2 ×1 △5 ◎3 ○4 注6,4-6  320円(2),4-6-7  870円(4),4=6=7  470円(3),4=6  150円(2)  4=7  150円(3)  6=7  510円(7) / 4=6  150円(2)  4=7  150円(3)  6=7  510円(7),4,半田 水晶  茨,城,28,128,L1,両,3.79,56.18,◎,6,68.1,81.8,86.3,13,5,1,10.8,逃,,,10:09
6320260501020006,hofu,2026-05-02,6,▲2 ×1 △5 ◎3 ○4 注6,4-6  320円(2),4-6-7  870円(4),4=6=7  470円(3),4=6  150円(2)  4=7  150円(3)  6=7  510円(7) / 4=6  150円(2)  4=7  150円(3)  6=7  510円(7),5,加藤 恵  青,森,40,112,L1,両,3.79,50.62,△,4,11.1,29.6,55.5,6,1,4,11.0,,１車輪,,10:09
6320260501020006,hofu,2026-05-02,6,▲2 ×1 △5 ◎3 ○4 注6,4-6  320円(2),4-6-7  870円(4),4=6=7  470円(3),4=6  150円(2)  4=7  150円(3)  6=7  510円(7) / 4=6  150円(2)  4=7  150円(3)  6=7  510円(7),6,村田 奈穂  熊,本,34,116,L1,両,3.77,51.54,○,5,4.1,29.1,41.6,0,2,2,10.5,捲,７車身,,10:09
6320260501020006,hofu,2026-05-02,6,▲2 ×1 △5 ◎3 ○4 注6,4-6  320円(2),4-6-7  870円(4),4=6=7  470円(3),4=6  150円(2)  4=7  150円(3)  6=7  510円(7) / 4=6  150円(2)  4=7  150円(3)  6=7  510円(7),7,東 美月  兵,庫,24,124,L1,両,3.77,52.0,注,2,4.1,37.5,62.5,0,2,3,10.9,,１車身,,10:09
6320260501020007,hofu,2026-05-02,7,△2 ×4 ○1 ◎3 ▲7 注5,3-1  160円(1),3-1-2  530円(2),1=2=3  340円(2),1=2  400円(7)  1=3  100円(1)  2=3  240円(4) / 1=2  400円(7)  1=3  100円(1)  2=3  240円(4),1,細田 愛未  埼,玉,30,108,L1,両,3.79,53.71,○,5,21.4,64.2,71.4,2,1,2,10.2,ク,３/４車身,,10:30
6320260501020007,hofu,2026-05-02,7,△2 ×4 ○1 ◎3 ▲7 注5,3-1  160円(1),3-1-2  530円(2),1=2=3  340円(2),1=2  400円(7)  1=3  100円(1)  2=3  240円(4) / 1=2  400円(7)  1=3  100円(1)  2=3  240円(4),2,野寺 楓  静,岡,27,122,L1,追,3.79,50.61,△,4,0.0,16.6,33.3,0,0,3,10.2,,１/２車身,,10:30
6320260501020007,hofu,2026-05-02,7,△2 ×4 ○1 ◎3 ▲7 注5,3-1  160円(1),3-1-2  530円(2),1=2=3  340円(2),1=2  400円(7)  1=3  100円(1)  2=3  240円(4) / 1=2  400円(7)  1=3  100円(1)  2=3  240円(4),3,山原 さくら  山,口,33,104,L1,両,3.77,57.5,◎,6,83.3,91.6,95.8,7,13,1,10.3,逃,,,10:30
6320260501020007,hofu,2026-05-02,7,△2 ×4 ○1 ◎3 ▲7 注5,3-1  160円(1),3-1-2  530円(2),1=2=3  340円(2),1=2  400円(7)  1=3  100円(1)  2=3  240円(4) / 1=2  400円(7)  1=3  100円(1)  2=3  240円(4),4,中野 咲  愛,知,29,110,L1,両,3.79,51.47,×,1,4.3,21.7,39.1,0,0,4,10.4,,３車身,,10:30
6320260501020007,hofu,2026-05-02,7,△2 ×4 ○1 ◎3 ▲7 注5,3-1  160円(1),3-1-2  530円(2),1=2=3  340円(2),1=2  400円(7)  1=3  100円(1)  2=3  240円(4) / 1=2  400円(7)  1=3  100円(1)  2=3  240円(4),5,中原 恭恵  広,島,39,126,L1,両,3.71 3.79,46.6,,0,0.0,4.1,20.8,0,0,7,10.8,,５車身,,10:30
6320260501020007,hofu,2026-05-02,7,△2 ×4 ○1 ◎3 ▲7 注5,3-1  160円(1),3-1-2  530円(2),1=2=3  340円(2),1=2  400円(7)  1=3  100円(1)  2=3  240円(4) / 1=2  400円(7)  1=3  100円(1)  2=3  240円(4),6,佐々木 綾  東,京,26,116,L1,両,3.79,49.77,注,2,3.7,18.5,37.0,0,0,5,10.3,,１/４車輪,,10:30
6320260501020007,hofu,2026-05-02,7,△2 ×4 ○1 ◎3 ▲7 注5,3-1  160円(1),3-1-2  530円(2),1=2=3  340円(2),1=2  400円(7)  1=3  100円(1)  2=3  240円(4) / 1=2  400円(7)  1=3  100円(1)  2=3  240円(4),7,杉浦 菜留  愛,知,25,118,L1,両,3.79,49.94,▲,3,5.8,17.6,29.4,0,0,6,10.4,,１車身,,10:30
7520260501020001,matsuyama,2026-05-02,1,○4 ◎1 ×2 ▲5 注6 △3,1-2  360円(2),1-2-4  380円(2),1=2=4  130円(1),1=2  100円(1)  1=4  100円(2)  2=4  140円(3) / 1=2  100円(1)  1=4  100円(2)  2=4  140円(3),1,齋藤 昌太  栃,木,39,93,A3,追,3.92,70.96,◎,6,11.1,29.6,48.1,0,0,1,12.8,差,,,
7520260501020001,matsuyama,2026-05-02,1,○4 ◎1 ×2 ▲5 注6 △3,1-2  360円(2),1-2-4  380円(2),1=2=4  130円(1),1=2  100円(1)  1=4  100円(2)  2=4  140円(3) / 1=2  100円(1)  1=4  100円(2)  2=4  140円(3),2,高橋 由記  群,馬,46,88,A3,追,3.92,68.58,×,1,16.6,20.8,29.1,0,0,2,12.7,ク,１/２車身,,
7520260501020001,matsuyama,2026-05-02,1,○4 ◎1 ×2 ▲5 注6 △3,1-2  360円(2),1-2-4  380円(2),1=2=4  130円(1),1=2  100円(1)  1=4  100円(2)  2=4  140円(3) / 1=2  100円(1)  1=4  100円(2)  2=4  140円(3),3,佐藤 康恭  福,島,40,94,A3,両,3.92,68.2,△,4,12.5,16.6,37.5,0,2,4,12.6,,３/４車身,,
7520260501020001,matsuyama,2026-05-02,1,○4 ◎1 ×2 ▲5 注6 △3,1-2  360円(2),1-2-4  380円(2),1=2=4  130円(1),1=2  100円(1)  1=4  100円(2)  2=4  140円(3) / 1=2  100円(1)  1=4  100円(2)  2=4  140円(3),4,野口 修平,神奈川,37,105,A3,逃,3.85,68.0,○,5,22.7,22.7,31.8,5,0,3,13.0,,１/４車輪,,
7520260501020001,matsuyama,2026-05-02,1,○4 ◎1 ×2 ▲5 注6 △3,1-2  360円(2),1-2-4  380円(2),1=2=4  130円(1),1=2  100円(1)  1=4  100円(2)  2=4  140円(3) / 1=2  100円(1)  1=4  100円(2)  2=4  140円(3),5,屋宜 浩二  沖,縄,40,97,A3,追,3.92,63.94,▲,3,0.0,0.0,22.2,0,0,5,13.0,,４車身,,
7520260501020001,matsuyama,2026-05-02,1,○4 ◎1 ×2 ▲5 注6 △3,1-2  360円(2),1-2-4  380円(2),1=2=4  130円(1),1=2  100円(1)  1=4  100円(2)  2=4  140円(3) / 1=2  100円(1)  1=4  100円(2)  2=4  140円(3),6,三浦 平志郎  秋,田,37,100,A3,逃,3.85,63.5,注,2,4.7,4.7,14.2,1,0,6,14.3,,大差,,
7520260501020001,matsuyama,2026-05-02,1,○4 ◎1 ×2 ▲5 注6 △3,1-2  360円(2),1-2-4  380円(2),1=2=4  130円(1),1=2  100円(1)  1=4  100円(2)  2=4  140円(3) / 1=2  100円(1)  1=4  100円(2)  2=4  140円(3),7,鈴木 龍之介  栃,木,48,81,A3,追,3.92,61.58,,0,0.0,0.0,0.0,0,0,7,,,大差,,
7520260501020002,matsuyama,2026-05-02,2,◎1 ○5 注4 ×7 △2 ▲3,"1-4  3,600円(14)","1-4-6  49,090円(88)","1=4=6  10,960円(21)","1=4  430円(8)  1=6  1,550円(13)  4=6  2,720円(17) / 1=4  430円(8)  1=6  1,550円(13)  4=6  2,720円(17)",1,吉田 悟  熊,本,32,119,A3,逃,3.92,69.5,◎,6,11.1,33.3,44.4,4,2,1,12.5,捲,,,
7520260501020002,matsuyama,2026-05-02,2,◎1 ○5 注4 ×7 △2 ▲3,"1-4  3,600円(14)","1-4-6  49,090円(88)","1=4=6  10,960円(21)","1=4  430円(8)  1=6  1,550円(13)  4=6  2,720円(17) / 1=4  430円(8)  1=6  1,550円(13)  4=6  2,720円(17)",2,菅原 洋輔  岩,手,44,98,A3,両,3.92,69.44,×,1,7.6,26.9,46.1,3,2,6,12.8,,１車輪,,
7520260501020002,matsuyama,2026-05-02,2,◎1 ○5 注4 ×7 △2 ▲3,"1-4  3,600円(14)","1-4-6  49,090円(88)","1=4=6  10,960円(21)","1=4  430円(8)  1=6  1,550円(13)  4=6  2,720円(17) / 1=4  430円(8)  1=6  1,550円(13)  4=6  2,720円(17)",3,杉浦 康一,北海道,61,58,A3,追,3.92,69.4,△,4,14.8,29.6,48.1,0,0,5,12.6,,１/４車輪,,
7520260501020002,matsuyama,2026-05-02,2,◎1 ○5 注4 ×7 △2 ▲3,"1-4  3,600円(14)","1-4-6  49,090円(88)","1=4=6  10,960円(21)","1=4  430円(8)  1=6  1,550円(13)  4=6  2,720円(17) / 1=4  430円(8)  1=6  1,550円(13)  4=6  2,720円(17)",4,村上 順規  新,潟,49,80,A3,追,3.85,67.11,注,2,0.0,0.0,22.2,0,0,2,12.2,捲,３/４車輪,,
7520260501020002,matsuyama,2026-05-02,2,◎1 ○5 注4 ×7 △2 ▲3,"1-4  3,600円(14)","1-4-6  49,090円(88)","1=4=6  10,960円(21)","1=4  430円(8)  1=6  1,550円(13)  4=6  2,720円(17) / 1=4  430円(8)  1=6  1,550円(13)  4=6  2,720円(17)",5,横瀬 聡  福,岡,54,69,A3,追,3.92,67.07,○,5,11.5,11.5,26.9,0,0,4,12.3,,３/４車輪,,
7520260501020002,matsuyama,2026-05-02,2,◎1 ○5 注4 ×7 △2 ▲3,"1-4  3,600円(14)","1-4-6  49,090円(88)","1=4=6  10,960円(21)","1=4  430円(8)  1=6  1,550円(13)  4=6  2,720円(17) / 1=4  430円(8)  1=6  1,550円(13)  4=6  2,720円(17)",6,橋本 祐司  青,森,41,95,A3,追,3.86,66.57,▲,3,4.7,14.2,28.5,0,0,3,12.5,,３/４車身,,
7520260501020002,matsuyama,2026-05-02,2,◎1 ○5 注4 ×7 △2 ▲3,"1-4  3,600円(14)","1-4-6  49,090円(88)","1=4=6  10,960円(21)","1=4  430円(8)  1=6  1,550円(13)  4=6  2,720円(17) / 1=4  430円(8)  1=6  1,550円(13)  4=6  2,720円(17)",7,吉竹 雄城  千,葉,36,99,A3,追,3.92,61.92,,0,0.0,0.0,4.0,0,0,7,12.6,,４車身,,
7520260501020003,matsuyama,2026-05-02,3,◎1 ○4 ×2 注5 ▲6 △7,"3-5  2,280円(17)  3-7  2,110円(12)","3-5-7  8,690円(46)  3-7-5  6,660円(30)","3=5=7  3,590円(12)","3=5  810円(10)  3=7  670円(8)  5=7  1,880円(17) / 3=5  810円(10)  3=7  670円(8)  5=7  1,880円(17)",1,相川 巧  埼,玉,36,98,A3,両,3.92,69.51,◎,6,13.7,27.5,44.8,5,2,5,13.0,,１車身,,
7520260501020003,matsuyama,2026-05-02,3,◎1 ○4 ×2 注5 ▲6 △7,"3-5  2,280円(17)  3-7  2,110円(12)","3-5-7  8,690円(46)  3-7-5  6,660円(30)","3=5=7  3,590円(12)","3=5  810円(10)  3=7  670円(8)  5=7  1,880円(17) / 3=5  810円(10)  3=7  670円(8)  5=7  1,880円(17)",2,岡田 哲夫  福,島,43,92,A3,追,3.92,69.04,×,1,4.7,14.2,38.0,0,0,6,12.8,,３/４車輪,,
7520260501020003,matsuyama,2026-05-02,3,◎1 ○4 ×2 注5 ▲6 △7,"3-5  2,280円(17)  3-7  2,110円(12)","3-5-7  8,690円(46)  3-7-5  6,660円(30)","3=5=7  3,590円(12)","3=5  810円(10)  3=7  670円(8)  5=7  1,880円(17) / 3=5  810円(10)  3=7  670円(8)  5=7  1,880円(17)",3,仙石 淳  沖,縄,53,73,A3,追,3.85,69.0,△,4,7.6,15.3,30.7,0,0,1,12.9,差,,,
7520260501020003,matsuyama,2026-05-02,3,◎1 ○4 ×2 注5 ▲6 △7,"3-5  2,280円(17)  3-7  2,110円(12)","3-5-7  8,690円(46)  3-7-5  6,660円(30)","3=5=7  3,590円(12)","3=5  810円(10)  3=7  670円(8)  5=7  1,880円(17) / 3=5  810円(10)  3=7  670円(8)  5=7  1,880円(17)",4,今村 俊雄  山,梨,46,99,A3,追,3.92,68.83,○,5,11.1,16.6,38.8,0,0,4,12.8,,１/２車身,,
7520260501020003,matsuyama,2026-05-02,3,◎1 ○4 ×2 注5 ▲6 △7,"3-5  2,280円(17)  3-7  2,110円(12)","3-5-7  8,690円(46)  3-7-5  6,660円(30)","3=5=7  3,590円(12)","3=5  810円(10)  3=7  670円(8)  5=7  1,880円(17) / 3=5  810円(10)  3=7  670円(8)  5=7  1,880円(17)",5,石川 英昭  静,岡,54,75,A3,追,3.93,68.29,注,2,8.3,25.0,37.5,0,0,2,12.8,ク,３/４車身,,
7520260501020003,matsuyama,2026-05-02,3,◎1 ○4 ×2 注5 ▲6 △7,"3-5  2,280円(17)  3-7  2,110円(12)","3-5-7  8,690円(46)  3-7-5  6,660円(30)","3=5=7  3,590円(12)","3=5  810円(10)  3=7  670円(8)  5=7  1,880円(17) / 3=5  810円(10)  3=7  670円(8)  5=7  1,880円(17)",6,黒瀬 浩一  静,岡,60,57,A3,追,3.92,65.11,,0,0.0,11.1,14.8,0,0,7,12.9,,１/２車輪,,
7520260501020003,matsuyama,2026-05-02,3,◎1 ○4 ×2 注5 ▲6 △7,"3-5  2,280円(17)  3-7  2,110円(12)","3-5-7  8,690円(46)  3-7-5  6,660円(30)","3=5=7  3,590円(12)","3=5  810円(10)  3=7  670円(8)  5=7  1,880円(17) / 3=5  810円(10)  3=7  670円(8)  5=7  1,880円(17)",7,ラモス レオ  沖,縄,28,113,A3,逃,3.92,64.2,▲,3,0.0,8.3,8.3,0,0,2,13.1,逃,３/４車身,,
7520260501020004,matsuyama,2026-05-02,4,◎2 ○3 注5 ×7 △1 ▲4,"2-1  1,060円(3)","2-1-4  2,220円(6)",1=2=4  960円(4),1=2  210円(2)  1=4  450円(7)  2=4  410円(6) / 1=2  210円(2)  1=4  450円(7)  2=4  410円(6),1,旭 啓介,神奈川,47,86,A3,追,3.92,73.44,×,1,22.2,33.3,44.4,0,0,2,12.0,差,１車輪,,
7520260501020004,matsuyama,2026-05-02,4,◎2 ○3 注5 ×7 △1 ▲4,"2-1  1,060円(3)","2-1-4  2,220円(6)",1=2=4  960円(4),1=2  210円(2)  1=4  450円(7)  2=4  410円(6) / 1=2  210円(2)  1=4  450円(7)  2=4  410円(6),2,右近 陸人  山,口,26,127,A3,逃,3.92,71.7,◎,6,8.3,33.3,45.8,5,1,1,12.2,逃,,,
7520260501020004,matsuyama,2026-05-02,4,◎2 ○3 注5 ×7 △1 ▲4,"2-1  1,060円(3)","2-1-4  2,220円(6)",1=2=4  960円(4),1=2  210円(2)  1=4  450円(7)  2=4  410円(6) / 1=2  210円(2)  1=4  450円(7)  2=4  410円(6),3,龍門 慎太郎  岡,山,40,96,A3,追,3.92,69.86,○,5,13.7,31.0,37.9,1,2,6,12.3,,３車身,,
7520260501020004,matsuyama,2026-05-02,4,◎2 ○3 注5 ×7 △1 ▲4,"2-1  1,060円(3)","2-1-4  2,220円(6)",1=2=4  960円(4),1=2  210円(2)  1=4  450円(7)  2=4  410円(6) / 1=2  210円(2)  1=4  450円(7)  2=4  410円(6),4,戸ノ下 太郎  千,葉,50,76,A3,追,3.85,68.69,△,4,8.6,21.7,34.7,0,0,3,12.0,,１車身,,
7520260501020004,matsuyama,2026-05-02,4,◎2 ○3 注5 ×7 △1 ▲4,"2-1  1,060円(3)","2-1-4  2,220円(6)",1=2=4  960円(4),1=2  210円(2)  1=4  450円(7)  2=4  410円(6) / 1=2  210円(2)  1=4  450円(7)  2=4  410円(6),5,穴井 利久  福,岡,55,65,A3,追,3.92,67.75,注,2,0.0,0.0,33.3,0,0,4,12.0,,１/２車輪,,
7520260501020004,matsuyama,2026-05-02,4,◎2 ○3 注5 ×7 △1 ▲4,"2-1  1,060円(3)","2-1-4  2,220円(6)",1=2=4  960円(4),1=2  210円(2)  1=4  450円(7)  2=4  410円(6) / 1=2  210円(2)  1=4  450円(7)  2=4  410円(6),6,長岡 豪  群,馬,42,91,A3,追,3.92,67.5,▲,3,0.0,0.0,25.0,0,0,5,12.3,,タイヤ差,,
7520260501020004,matsuyama,2026-05-02,4,◎2 ○3 注5 ×7 △1 ▲4,"2-1  1,060円(3)","2-1-4  2,220円(6)",1=2=4  960円(4),1=2  210円(2)  1=4  450円(7)  2=4  410円(6) / 1=2  210円(2)  1=4  450円(7)  2=4  410円(6),7,中山 善仁  新,潟,52,73,A3,追,3.85,64.46,,0,0.0,7.1,10.7,0,0,7,12.5,,１/２車身,,
7520260501020005,matsuyama,2026-05-02,5,◎1 ○3 ×4 注7 △6 ▲2,1-3  120円(1),1-3-4  190円(1),1=3=4  160円(1),1=3  100円(1)  1=4  140円(3)  3=4  140円(2) / 1=3  100円(1)  1=4  140円(3)  3=4  140円(2),1,畑崎 大輝  青,森,24,127,A3,逃,3.85,78.14,◎,6,61.9,80.9,85.7,13,4,1,12.2,逃,,,
7520260501020005,matsuyama,2026-05-02,5,◎1 ○3 ×4 注7 △6 ▲2,1-3  120円(1),1-3-4  190円(1),1=3=4  160円(1),1=3  100円(1)  1=4  140円(3)  3=4  140円(2) / 1=3  100円(1)  1=4  140円(3)  3=4  140円(2),2,田中 孝法  福,岡,44,91,A3,追,3.92,72.84,△,4,21.0,47.3,57.8,0,0,5,11.9,,１車身,,
7520260501020005,matsuyama,2026-05-02,5,◎1 ○3 ×4 注7 △6 ▲2,1-3  120円(1),1-3-4  190円(1),1=3=4  160円(1),1=3  100円(1)  1=4  140円(3)  3=4  140円(2) / 1=3  100円(1)  1=4  140円(3)  3=4  140円(2),3,大澤 哉太,北海道,37,95,A3,両,3.92,71.91,○,5,16.6,37.5,54.1,1,0,2,12.1,ク,３/４車身,,
7520260501020005,matsuyama,2026-05-02,5,◎1 ○3 ×4 注7 △6 ▲2,1-3  120円(1),1-3-4  190円(1),1=3=4  160円(1),1=3  100円(1)  1=4  140円(3)  3=4  140円(2) / 1=3  100円(1)  1=4  140円(3)  3=4  140円(2),4,鈴木 規純  福,島,51,75,A3,追,3.93,69.48,×,1,12.0,24.0,32.0,0,1,3,12.1,,１/２車身,,
7520260501020005,matsuyama,2026-05-02,5,◎1 ○3 ×4 注7 △6 ▲2,1-3  120円(1),1-3-4  190円(1),1=3=4  160円(1),1=3  100円(1)  1=4  140円(3)  3=4  140円(2) / 1=3  100円(1)  1=4  140円(3)  3=4  140円(2),5,中岡 海  愛,媛,23,123,A3,逃,3.92,67.69,▲,3,17.3,34.7,39.1,5,3,7,14.6,,大差,,
7520260501020005,matsuyama,2026-05-02,5,◎1 ○3 ×4 注7 △6 ▲2,1-3  120円(1),1-3-4  190円(1),1=3=4  160円(1),1=3  100円(1)  1=4  140円(3)  3=4  140円(2) / 1=3  100円(1)  1=4  140円(3)  3=4  140円(2),6,真崎 章徳  佐,賀,30,113,A3,逃,3.92,67.08,注,2,8.0,24.0,24.0,2,3,6,12.1,,２車身,,
7520260501020005,matsuyama,2026-05-02,5,◎1 ○3 ×4 注7 △6 ▲2,1-3  120円(1),1-3-4  190円(1),1=3=4  160円(1),1=3  100円(1)  1=4  140円(3)  3=4  140円(2) / 1=3  100円(1)  1=4  140円(3)  3=4  140円(2),7,大山 泰伸  香,川,54,68,A3,追,3.85,65.93,,0,0.0,0.0,13.3,0,0,4,12.0,,１/２車身,,
7520260501020006,matsuyama,2026-05-02,6,◎1 ○4 注5 ▲7 △3 ×2,1-4  140円(1),1-4-5  200円(1),1=4=5  170円(1),1=4  100円(1)  1=5  140円(2)  4=5  170円(3) / 1=4  100円(1)  1=5  140円(2)  4=5  170円(3),1,木村 優駿  埼,玉,20,127,A3,逃,3.77,78.33,◎,6,58.3,87.5,87.5,19,0,1,12.0,逃,,,
7520260501020006,matsuyama,2026-05-02,6,◎1 ○4 注5 ▲7 △3 ×2,1-4  140円(1),1-4-5  200円(1),1=4=5  170円(1),1=4  100円(1)  1=5  140円(2)  4=5  170円(3) / 1=4  100円(1)  1=5  140円(2)  4=5  170円(3),2,高嶋 一朗  岡,山,58,62,A3,追,3.86,75.33,×,1,33.3,61.1,66.6,0,0,4,11.9,,１車身１/２,,
7520260501020006,matsuyama,2026-05-02,6,◎1 ○4 注5 ▲7 △3 ×2,1-4  140円(1),1-4-5  200円(1),1=4=5  170円(1),1=4  100円(1)  1=5  140円(2)  4=5  170円(3) / 1=4  100円(1)  1=5  140円(2)  4=5  170円(3),3,高鍋 邦彰  福,岡,39,95,A3,両,3.92,72.55,△,4,29.6,51.8,59.2,6,2,6,12.2,,４車身,,
7520260501020006,matsuyama,2026-05-02,6,◎1 ○4 注5 ▲7 △3 ×2,1-4  140円(1),1-4-5  200円(1),1=4=5  170円(1),1=4  100円(1)  1=5  140円(2)  4=5  170円(3) / 1=4  100円(1)  1=5  140円(2)  4=5  170円(3),4,榊枝 輝文  福,島,49,79,A3,追,3.93,70.11,○,5,11.5,34.6,46.1,0,2,2,11.9,ク,３/４車身,,
7520260501020006,matsuyama,2026-05-02,6,◎1 ○4 注5 ▲7 △3 ×2,1-4  140円(1),1-4-5  200円(1),1=4=5  170円(1),1=4  100円(1)  1=5  140円(2)  4=5  170円(3) / 1=4  100円(1)  1=5  140円(2)  4=5  170円(3),5,志村 正洋,神奈川,51,77,A3,追,3.85,69.59,注,2,7.6,26.9,34.6,0,0,3,11.9,,３/４車身,,
7520260501020006,matsuyama,2026-05-02,6,◎1 ○4 注5 ▲7 △3 ×2,1-4  140円(1),1-4-5  200円(1),1=4=5  170円(1),1=4  100円(1)  1=5  140円(2)  4=5  170円(3) / 1=4  100円(1)  1=5  140円(2)  4=5  170円(3),6,松木 竜也  愛,媛,56,65,A3,追,3.93,69.52,,0,5.2,10.5,31.5,0,0,7,12.5,,４車身,,
7520260501020006,matsuyama,2026-05-02,6,◎1 ○4 注5 ▲7 △3 ×2,1-4  140円(1),1-4-5  200円(1),1=4=5  170円(1),1=4  100円(1)  1=5  140円(2)  4=5  170円(3) / 1=4  100円(1)  1=5  140円(2)  4=5  170円(3),7,吉川 誠,神奈川,44,86,A3,両,3.93,68.88,▲,3,0.0,16.6,27.7,1,1,5,12.2,,３車身,,
7520260501020007,matsuyama,2026-05-02,7,◎1 ○3 注4 ▲5 ×2 △7,1-3  120円(1),1-3-4  210円(1),1=3=4  160円(1),1=3  100円(1)  1=4  180円(4)  3=4  150円(2) / 1=3  100円(1)  1=4  180円(4)  3=4  150円(2),1,邊見 竜馬  福,島,24,127,A3,逃,3.92,79.66,◎,6,100.0,100.0,100.0,4,1,1,12.0,捲,,,
7520260501020007,matsuyama,2026-05-02,7,◎1 ○3 注4 ▲5 ×2 △7,1-3  120円(1),1-3-4  210円(1),1=3=4  160円(1),1=3  100円(1)  1=4  180円(4)  3=4  150円(2) / 1=3  100円(1)  1=4  180円(4)  3=4  150円(2),2,伊藤 一貴  栃,木,54,72,A3,追,3.83,75.55,×,1,11.1,59.2,77.7,0,0,4,11.9,,３/４車輪,,
7520260501020007,matsuyama,2026-05-02,7,◎1 ○3 注4 ▲5 ×2 △7,1-3  120円(1),1-3-4  210円(1),1=3=4  160円(1),1=3  100円(1)  1=4  180円(4)  3=4  150円(2) / 1=3  100円(1)  1=4  180円(4)  3=4  150円(2),3,里見 恒平  千,葉,49,99,A3,逃,3.92,72.25,○,5,25.0,50.0,50.0,1,6,2,12.1,ク,１車身１/２,,
7520260501020007,matsuyama,2026-05-02,7,◎1 ○3 注4 ▲5 ×2 △7,1-3  120円(1),1-3-4  210円(1),1=3=4  160円(1),1=3  100円(1)  1=4  180円(4)  3=4  150円(2) / 1=3  100円(1)  1=4  180円(4)  3=4  150円(2),4,水野 悟志  静,岡,42,94,A3,追,3.92,68.95,注,2,9.5,23.8,33.3,0,0,3,12.1,,１車身,,
7520260501020007,matsuyama,2026-05-02,7,◎1 ○3 注4 ▲5 ×2 △7,1-3  120円(1),1-3-4  210円(1),1=3=4  160円(1),1=3  100円(1)  1=4  180円(4)  3=4  150円(2) / 1=3  100円(1)  1=4  180円(4)  3=4  150円(2),5,藤本 龍也  長,野,42,98,A3,両,3.92,66.75,▲,3,12.5,18.7,37.5,3,0,5,12.3,,４車身,,
7520260501020007,matsuyama,2026-05-02,7,◎1 ○3 注4 ▲5 ×2 △7,1-3  120円(1),1-3-4  210円(1),1=3=4  160円(1),1=3  100円(1)  1=4  180円(4)  3=4  150円(2) / 1=3  100円(1)  1=4  180円(4)  3=4  150円(2),6,小野 祐作  岡,山,53,72,A3,追,3.93,66.58,,0,0.0,5.5,16.6,0,0,6,13.4,,９車身,,
7520260501020007,matsuyama,2026-05-02,7,◎1 ○3 注4 ▲5 ×2 △7,1-3  120円(1),1-3-4  210円(1),1=3=4  160円(1),1=3  100円(1)  1=4  180円(4)  3=4  150円(2) / 1=3  100円(1)  1=4  180円(4)  3=4  150円(2),7,柏野 健吾  岡,山,23,127,A3,逃,3.92,64.9,△,4,0.0,0.0,0.0,0,0,7,13.9,,３車身,,
8320260501020001,kurume,2026-05-02,1,◎1 ○4 △5 ×2 ▲7 注6,2-1  820円(5),"2-1-5  1,410円(6)",1=2=5  190円(1),1=2  100円(1)  1=5  110円(2)  2=5  140円(3) / 1=2  100円(1)  1=5  110円(2)  2=5  140円(3),1,鈴木 広人,神奈川,42,99,A3,両,3.93,70.95,◎,6,20.8,45.8,50.0,0,4,2,12.6,捲,１/２車身,,
8320260501020001,kurume,2026-05-02,1,◎1 ○4 △5 ×2 ▲7 注6,2-1  820円(5),"2-1-5  1,410円(6)",1=2=5  190円(1),1=2  100円(1)  1=5  110円(2)  2=5  140円(3) / 1=2  100円(1)  1=5  110円(2)  2=5  140円(3),2,小塚 潤  愛,知,46,86,A3,追,3.92,69.79,×,1,6.8,20.6,34.4,0,1,1,12.6,差,,,
8320260501020001,kurume,2026-05-02,1,◎1 ○4 △5 ×2 ▲7 注6,2-1  820円(5),"2-1-5  1,410円(6)",1=2=5  190円(1),1=2  100円(1)  1=5  110円(2)  2=5  140円(3) / 1=2  100円(1)  1=5  110円(2)  2=5  140円(3),3,高森 圭介  栃,木,48,83,A3,追,3.92,68.14,,0,14.8,22.2,33.3,0,0,欠,,,,,
8320260501020001,kurume,2026-05-02,1,◎1 ○4 △5 ×2 ▲7 注6,2-1  820円(5),"2-1-5  1,410円(6)",1=2=5  190円(1),1=2  100円(1)  1=5  110円(2)  2=5  140円(3) / 1=2  100円(1)  1=5  110円(2)  2=5  140円(3),4,山内 大作  静,岡,50,75,A3,追,3.85,65.77,○,5,0.0,0.0,3.7,0,0,6,12.6,,１車身１/２,,
8320260501020001,kurume,2026-05-02,1,◎1 ○4 △5 ×2 ▲7 注6,2-1  820円(5),"2-1-5  1,410円(6)",1=2=5  190円(1),1=2  100円(1)  1=5  110円(2)  2=5  140円(3) / 1=2  100円(1)  1=5  110円(2)  2=5  140円(3),5,田村 裕也  徳,島,30,113,A3,逃,3.92,65.64,△,4,10.7,21.4,32.1,3,1,3,12.8,,１/８車輪,,
8320260501020001,kurume,2026-05-02,1,◎1 ○4 △5 ×2 ▲7 注6,2-1  820円(5),"2-1-5  1,410円(6)",1=2=5  190円(1),1=2  100円(1)  1=5  110円(2)  2=5  140円(3) / 1=2  100円(1)  1=5  110円(2)  2=5  140円(3),6,齋藤 明,北海道,58,61,A3,追,3.92,63.71,注,2,0.0,0.0,4.7,0,0,5,12.5,,３/４車身,,
8320260501020001,kurume,2026-05-02,1,◎1 ○4 △5 ×2 ▲7 注6,2-1  820円(5),"2-1-5  1,410円(6)",1=2=5  190円(1),1=2  100円(1)  1=5  110円(2)  2=5  140円(3) / 1=2  100円(1)  1=5  110円(2)  2=5  140円(3),7,清水 広幸  愛,知,59,57,A3,追,3.85 3.92,62.0,▲,3,0.0,0.0,0.0,0,0,4,12.7,,１車身１/２,,
8320260501020002,kurume,2026-05-02,2,×1 △2 ○6 ◎4 注3 ▲5,4-1  420円(1),"4-1-5  6,800円(21)","1=4=5  2,060円(7)","1=4  160円(1)  1=5  1,080円(12)  4=5  400円(7) / 1=4  160円(1)  1=5  1,080円(12)  4=5  400円(7)",1,藤縄 洋介  兵,庫,45,89,A3,両,3.92,73.12,×,1,8.0,44.0,60.0,0,0,2,12.5,ク,３/４車身,,
8320260501020002,kurume,2026-05-02,2,×1 △2 ○6 ◎4 注3 ▲5,4-1  420円(1),"4-1-5  6,800円(21)","1=4=5  2,060円(7)","1=4  160円(1)  1=5  1,080円(12)  4=5  400円(7) / 1=4  160円(1)  1=5  1,080円(12)  4=5  400円(7)",2,柴田 昌樹  愛,知,50,79,A3,追,3.92,69.77,△,4,8.6,21.7,34.7,0,0,6,12.7,,３/４車輪,,
8320260501020002,kurume,2026-05-02,2,×1 △2 ○6 ◎4 注3 ▲5,4-1  420円(1),"4-1-5  6,800円(21)","1=4=5  2,060円(7)","1=4  160円(1)  1=5  1,080円(12)  4=5  400円(7) / 1=4  160円(1)  1=5  1,080円(12)  4=5  400円(7)",3,松丸 裕紀  福,岡,45,86,A3,追,3.92,68.95,◎,6,4.5,18.1,31.8,0,0,5,12.8,,２車身,,
8320260501020002,kurume,2026-05-02,2,×1 △2 ○6 ◎4 注3 ▲5,4-1  420円(1),"4-1-5  6,800円(21)","1=4=5  2,060円(7)","1=4  160円(1)  1=5  1,080円(12)  4=5  400円(7) / 1=4  160円(1)  1=5  1,080円(12)  4=5  400円(7)",4,楠本 政明  福,岡,30,123,A3,逃,3.92,68.42,○,5,11.5,34.6,46.1,7,1,1,12.5,逃,,,
8320260501020002,kurume,2026-05-02,2,×1 △2 ○6 ◎4 注3 ▲5,4-1  420円(1),"4-1-5  6,800円(21)","1=4=5  2,060円(7)","1=4  160円(1)  1=5  1,080円(12)  4=5  400円(7) / 1=4  160円(1)  1=5  1,080円(12)  4=5  400円(7)",5,吉田 英二  東,京,52,76,A3,追,3.92,66.62,注,2,12.5,20.8,20.8,0,0,3,12.4,,１車輪,,
8320260501020002,kurume,2026-05-02,2,×1 △2 ○6 ◎4 注3 ▲5,4-1  420円(1),"4-1-5  6,800円(21)","1=4=5  2,060円(7)","1=4  160円(1)  1=5  1,080円(12)  4=5  400円(7) / 1=4  160円(1)  1=5  1,080円(12)  4=5  400円(7)",6,小林 高志  東,京,52,79,A3,追,3.92,66.57,,0,0.0,0.0,14.2,0,0,4,12.3,,３/４車身,,
8320260501020002,kurume,2026-05-02,2,×1 △2 ○6 ◎4 注3 ▲5,4-1  420円(1),"4-1-5  6,800円(21)","1=4=5  2,060円(7)","1=4  160円(1)  1=5  1,080円(12)  4=5  400円(7) / 1=4  160円(1)  1=5  1,080円(12)  4=5  400円(7)",7,藤原 義晴  岩,手,45,88,A3,追,3.85,65.0,▲,3,0.0,8.6,13.0,0,0,7,12.5,,１車身１/２,,
8320260501020003,kurume,2026-05-02,3,◎1 ○2 注7 ×3 △4 ▲5,2-1  380円(2),"2-1-3  2,580円(5)",1=2=3  610円(3),1=2  140円(1)  1=3  290円(5)  2=3  590円(8) / 1=2  140円(1)  1=3  290円(5)  2=3  590円(8),1,大中 拓磨  兵,庫,37,111,A3,逃,3.93,71.92,◎,6,25.9,51.8,59.2,7,2,2,12.2,逃,１/４車輪,,
8320260501020003,kurume,2026-05-02,3,◎1 ○2 注7 ×3 △4 ▲5,2-1  380円(2),"2-1-3  2,580円(5)",1=2=3  610円(3),1=2  140円(1)  1=3  290円(5)  2=3  590円(8) / 1=2  140円(1)  1=3  290円(5)  2=3  590円(8),2,川本 恵二  兵,庫,50,78,A3,追,3.92,69.82,○,5,8.6,17.3,30.4,0,0,1,12.0,差,,,
8320260501020003,kurume,2026-05-02,3,◎1 ○2 注7 ×3 △4 ▲5,2-1  380円(2),"2-1-3  2,580円(5)",1=2=3  610円(3),1=2  140円(1)  1=3  290円(5)  2=3  590円(8) / 1=2  140円(1)  1=3  290円(5)  2=3  590円(8),3,前川 裕希,北海道,49,95,A3,追,3.92,69.25,×,1,0.0,16.6,33.3,0,0,3,11.9,,１/２車身,,
8320260501020003,kurume,2026-05-02,3,◎1 ○2 注7 ×3 △4 ▲5,2-1  380円(2),"2-1-3  2,580円(5)",1=2=3  610円(3),1=2  140円(1)  1=3  290円(5)  2=3  590円(8) / 1=2  140円(1)  1=3  290円(5)  2=3  590円(8),4,佐川 拓也  福,島,36,99,A3,両,3.86,68.84,△,4,7.1,14.2,28.5,0,0,7,14.6,,大差,,
8320260501020003,kurume,2026-05-02,3,◎1 ○2 注7 ×3 △4 ▲5,2-1  380円(2),"2-1-3  2,580円(5)",1=2=3  610円(3),1=2  140円(1)  1=3  290円(5)  2=3  590円(8) / 1=2  140円(1)  1=3  290円(5)  2=3  590円(8),5,石川 一浩  静,岡,59,57,A3,追,3.92,68.72,▲,3,0.0,13.0,26.0,0,0,5,12.0,,３/４車身,,
8320260501020003,kurume,2026-05-02,3,◎1 ○2 注7 ×3 △4 ▲5,2-1  380円(2),"2-1-3  2,580円(5)",1=2=3  610円(3),1=2  140円(1)  1=3  290円(5)  2=3  590円(8) / 1=2  140円(1)  1=3  290円(5)  2=3  590円(8),6,丸山 勝也  静,岡,46,85,A3,追,3.92,68.0,,0,0.0,19.0,38.0,0,0,4,12.0,,１車身１/２,,
8320260501020003,kurume,2026-05-02,3,◎1 ○2 注7 ×3 △4 ▲5,2-1  380円(2),"2-1-3  2,580円(5)",1=2=3  610円(3),1=2  140円(1)  1=3  290円(5)  2=3  590円(8) / 1=2  140円(1)  1=3  290円(5)  2=3  590円(8),7,森下 忠夫  高,知,53,69,A3,追,3.92,67.95,注,2,0.0,8.6,34.7,0,0,6,12.8,,９車身,,
8320260501020004,kurume,2026-05-02,4,○7 ◎1 △2 ×6 注4 ▲3,1-7  900円(4),"1-7-4  6,150円(24)","1=4=7  3,040円(13)","1=4  250円(4)  1=7  380円(6)  4=7  2,080円(19) / 1=4  250円(4)  1=7  380円(6)  4=7  2,080円(19)",1,安谷屋 将志  沖,縄,37,96,A3,両,3.93,74.84,◎,6,42.1,42.1,57.8,0,0,1,11.7,差,,,
8320260501020004,kurume,2026-05-02,4,○7 ◎1 △2 ×6 注4 ▲3,1-7  900円(4),"1-7-4  6,150円(24)","1=4=7  3,040円(13)","1=4  250円(4)  1=7  380円(6)  4=7  2,080円(19) / 1=4  250円(4)  1=7  380円(6)  4=7  2,080円(19)",2,安坂 洋一,神奈川,50,79,A3,追,3.92,69.87,△,4,0.0,12.0,36.0,0,0,6,11.9,,１車身１/２,,
8320260501020004,kurume,2026-05-02,4,○7 ◎1 △2 ×6 注4 ▲3,1-7  900円(4),"1-7-4  6,150円(24)","1=4=7  3,040円(13)","1=4  250円(4)  1=7  380円(6)  4=7  2,080円(19) / 1=4  250円(4)  1=7  380円(6)  4=7  2,080円(19)",3,梶原 秀庸  大,阪,52,77,A3,追,3.92,69.68,注,2,5.2,26.3,36.8,0,0,4,11.7,,３/４車身,,
8320260501020004,kurume,2026-05-02,4,○7 ◎1 △2 ×6 注4 ▲3,1-7  900円(4),"1-7-4  6,150円(24)","1=4=7  3,040円(13)","1=4  250円(4)  1=7  380円(6)  4=7  2,080円(19) / 1=4  250円(4)  1=7  380円(6)  4=7  2,080円(19)",4,南 蓮,和歌山,26,115,A3,追,3.93,69.41,×,1,11.1,16.6,33.3,0,0,3,11.7,,１車輪,,
8320260501020004,kurume,2026-05-02,4,○7 ◎1 △2 ×6 注4 ▲3,1-7  900円(4),"1-7-4  6,150円(24)","1=4=7  3,040円(13)","1=4  250円(4)  1=7  380円(6)  4=7  2,080円(19) / 1=4  250円(4)  1=7  380円(6)  4=7  2,080円(19)",5,高田 大輔  岡,山,36,97,A3,追,3.93,68.86,▲,3,13.3,26.6,40.0,0,1,5,11.8,,１車身１/２,,
8320260501020004,kurume,2026-05-02,4,○7 ◎1 △2 ×6 注4 ▲3,1-7  900円(4),"1-7-4  6,150円(24)","1=4=7  3,040円(13)","1=4  250円(4)  1=7  380円(6)  4=7  2,080円(19) / 1=4  250円(4)  1=7  380円(6)  4=7  2,080円(19)",6,石井 孝  千,葉,54,68,A3,追,3.85,68.75,,0,4.1,12.5,33.3,0,0,7,11.7,,１車輪,,
8320260501020004,kurume,2026-05-02,4,○7 ◎1 △2 ×6 注4 ▲3,1-7  900円(4),"1-7-4  6,150円(24)","1=4=7  3,040円(13)","1=4  250円(4)  1=7  380円(6)  4=7  2,080円(19) / 1=4  250円(4)  1=7  380円(6)  4=7  2,080円(19)",7,駒井 大輔  東,京,51,98,A3,両,3.93,63.1,○,5,0.0,0.0,0.0,0,0,2,12.0,逃,１/２車身,,
8320260501020005,kurume,2026-05-02,5,◎1 △5 ×2 ▲7 ○3 注4,"3-4  1,680円(8)","3-4-1  5,740円(25)",1=3=4  600円(2),1=3  190円(2)  1=4  230円(3)  3=4  300円(5) / 1=3  190円(2)  1=4  230円(3)  3=4  300円(5),1,関口 朗斗  群,馬,22,127,A3,逃,3.92,77.33,◎,6,33.3,50.0,100.0,1,1,3,11.9,,３/４車身,,
8320260501020005,kurume,2026-05-02,5,◎1 △5 ×2 ▲7 ○3 注4,"3-4  1,680円(8)","3-4-1  5,740円(25)",1=3=4  600円(2),1=3  190円(2)  1=4  230円(3)  3=4  300円(5) / 1=3  190円(2)  1=4  230円(3)  3=4  300円(5),2,田村 純一  福,島,39,92,A3,両,3.92,76.23,×,1,42.8,57.1,71.4,1,8,4,11.6,,３/４車輪,,
8320260501020005,kurume,2026-05-02,5,◎1 △5 ×2 ▲7 ○3 注4,"3-4  1,680円(8)","3-4-1  5,740円(25)",1=3=4  600円(2),1=3  190円(2)  1=4  230円(3)  3=4  300円(5) / 1=3  190円(2)  1=4  230円(3)  3=4  300円(5),3,加藤 駿  愛,知,28,127,A3,逃,3.92,75.4,○,5,29.6,51.8,66.6,9,3,1,11.8,逃,,,
8320260501020005,kurume,2026-05-02,5,◎1 △5 ×2 ▲7 ○3 注4,"3-4  1,680円(8)","3-4-1  5,740円(25)",1=3=4  600円(2),1=3  190円(2)  1=4  230円(3)  3=4  300円(5) / 1=3  190円(2)  1=4  230円(3)  3=4  300円(5),4,米原 大輔  沖,縄,45,86,A3,追,3.86,73.79,注,2,16.6,45.8,62.5,0,0,2,11.8,ク,１/２車身,,
8320260501020005,kurume,2026-05-02,5,◎1 △5 ×2 ▲7 ○3 注4,"3-4  1,680円(8)","3-4-1  5,740円(25)",1=3=4  600円(2),1=3  190円(2)  1=4  230円(3)  3=4  300円(5) / 1=3  190円(2)  1=4  230円(3)  3=4  300円(5),5,中村 淳  栃,木,54,69,A3,追,3.77,71.92,△,4,18.5,44.4,55.5,0,0,7,12.1,,４車身,,
8320260501020005,kurume,2026-05-02,5,◎1 △5 ×2 ▲7 ○3 注4,"3-4  1,680円(8)","3-4-1  5,740円(25)",1=3=4  600円(2),1=3  190円(2)  1=4  230円(3)  3=4  300円(5) / 1=3  190円(2)  1=4  230円(3)  3=4  300円(5),6,近藤 直幹  徳,島,52,75,A3,追,3.92,70.83,,0,10.0,30.0,60.0,0,0,5,11.7,,１車輪,,
8320260501020005,kurume,2026-05-02,5,◎1 △5 ×2 ▲7 ○3 注4,"3-4  1,680円(8)","3-4-1  5,740円(25)",1=3=4  600円(2),1=3  190円(2)  1=4  230円(3)  3=4  300円(5) / 1=3  190円(2)  1=4  230円(3)  3=4  300円(5),7,桂馬 将人  福,島,44,89,A3,両,3.92,68.85,▲,3,9.5,23.8,33.3,0,0,6,11.6,,１車身,,
8320260501020006,kurume,2026-05-02,6,◎1 △6 ○2 注4 ×3 ▲5,2-1  470円(2),"2-1-3  1,570円(5)",1=2=3  390円(2),1=2  140円(1)  1=3  240円(5)  2=3  220円(3) / 1=2  140円(1)  1=3  240円(5)  2=3  220円(3),1,邊見 祐太  新,潟,29,119,A3,逃,3.92,77.7,◎,6,57.1,76.1,80.9,13,2,2,12.2,逃,４車身,,
8320260501020006,kurume,2026-05-02,6,◎1 △6 ○2 注4 ×3 ▲5,2-1  470円(2),"2-1-3  1,570円(5)",1=2=3  390円(2),1=2  140円(1)  1=3  240円(5)  2=3  220円(3) / 1=2  140円(1)  1=3  240円(5)  2=3  220円(3),2,土生 智徳  大,阪,29,127,A3,逃,3.92,76.93,○,5,46.6,80.0,83.3,12,10,1,11.7,捲,,,
8320260501020006,kurume,2026-05-02,6,◎1 △6 ○2 注4 ×3 ▲5,2-1  470円(2),"2-1-3  1,570円(5)",1=2=3  390円(2),1=2  140円(1)  1=3  240円(5)  2=3  220円(3) / 1=2  140円(1)  1=3  240円(5)  2=3  220円(3),3,大本 隆也,神奈川,27,127,A3,逃,3.92,75.58,×,1,41.6,58.3,66.6,12,1,3,12.0,,１/８車輪,,
8320260501020006,kurume,2026-05-02,6,◎1 △6 ○2 注4 ×3 ▲5,2-1  470円(2),"2-1-3  1,570円(5)",1=2=3  390円(2),1=2  140円(1)  1=3  240円(5)  2=3  220円(3) / 1=2  140円(1)  1=3  240円(5)  2=3  220円(3),4,大川 栄二,和歌山,53,70,A3,追,3.86,73.92,注,2,11.1,40.7,70.3,0,0,6,12.0,,２車身,,
8320260501020006,kurume,2026-05-02,6,◎1 △6 ○2 注4 ×3 ▲5,2-1  470円(2),"2-1-3  1,570円(5)",1=2=3  390円(2),1=2  140円(1)  1=3  240円(5)  2=3  220円(3) / 1=2  140円(1)  1=3  240円(5)  2=3  220円(3),5,亀井 道佳  宮,城,48,83,A3,追,3.92,71.87,,0,0.0,12.5,45.8,0,0,4,12.0,,３/４車身,,
8320260501020006,kurume,2026-05-02,6,◎1 △6 ○2 注4 ×3 ▲5,2-1  470円(2),"2-1-3  1,570円(5)",1=2=3  390円(2),1=2  140円(1)  1=3  240円(5)  2=3  220円(3) / 1=2  140円(1)  1=3  240円(5)  2=3  220円(3),6,飯田 威文  埼,玉,54,67,A3,追,3.92,69.59,△,4,3.7,14.8,44.4,0,0,5,11.8,,１車輪,,
8320260501020006,kurume,2026-05-02,6,◎1 △6 ○2 注4 ×3 ▲5,2-1  470円(2),"2-1-3  1,570円(5)",1=2=3  390円(2),1=2  140円(1)  1=3  240円(5)  2=3  220円(3) / 1=2  140円(1)  1=3  240円(5)  2=3  220円(3),7,三登 誉哲  広,島,39,100,A3,両,3.83,65.66,▲,3,0.0,0.0,11.1,0,0,7,13.3,,大差,,
8320260501020007,kurume,2026-05-02,7,◎1 ○3 ×4 △2 注5 ▲7,1-5  600円(3),"1-5-2  1,980円(8)","1=2=5  1,060円(6)",1=2  190円(3)  1=5  260円(4)  2=5  560円(9) / 1=2  190円(3)  1=5  260円(4)  2=5  560円(9),1,吉野 太晟  岡,山,24,127,A3,逃,3.92,78.66,◎,6,66.6,83.3,87.5,18,2,1,12.0,逃,,,
8320260501020007,kurume,2026-05-02,7,◎1 ○3 ×4 △2 注5 ▲7,1-5  600円(3),"1-5-2  1,980円(8)","1=2=5  1,060円(6)",1=2  190円(3)  1=5  260円(4)  2=5  560円(9) / 1=2  190円(3)  1=5  260円(4)  2=5  560円(9),2,吉川 悟  大,阪,49,79,A3,追,3.92,74.41,△,4,16.6,41.6,66.6,0,0,3,12.2,,７車身,,
8320260501020007,kurume,2026-05-02,7,◎1 ○3 ×4 △2 注5 ▲7,1-5  600円(3),"1-5-2  1,980円(8)","1=2=5  1,060円(6)",1=2  190円(3)  1=5  260円(4)  2=5  560円(9) / 1=2  190円(3)  1=5  260円(4)  2=5  560円(9),3,山原 利秀  高,知,57,63,A3,追,3.92,74.33,○,5,8.3,41.6,58.3,0,0,4,12.1,,３/４車身,,
8320260501020007,kurume,2026-05-02,7,◎1 ○3 ×4 △2 注5 ▲7,1-5  600円(3),"1-5-2  1,980円(8)","1=2=5  1,060円(6)",1=2  190円(3)  1=5  260円(4)  2=5  560円(9) / 1=2  190円(3)  1=5  260円(4)  2=5  560円(9),4,布居 翼,和歌山,29,109,A3,逃,3.92,74.09,×,1,28.5,38.0,76.1,0,3,7,12.8,,１車身１/２,,
8320260501020007,kurume,2026-05-02,7,◎1 ○3 ×4 △2 注5 ▲7,1-5  600円(3),"1-5-2  1,980円(8)","1=2=5  1,060円(6)",1=2  190円(3)  1=5  260円(4)  2=5  560円(9) / 1=2  190円(3)  1=5  260円(4)  2=5  560円(9),5,山口 直樹,神奈川,30,123,A3,逃,3.85 3.92,70.38,注,2,22.2,38.8,50.0,6,1,2,12.0,捲,４車身,,
8320260501020007,kurume,2026-05-02,7,◎1 ○3 ×4 △2 注5 ▲7,1-5  600円(3),"1-5-2  1,980円(8)","1=2=5  1,060円(6)",1=2  190円(3)  1=5  260円(4)  2=5  560円(9) / 1=2  190円(3)  1=5  260円(4)  2=5  560円(9),6,青木 亮太  群,馬,42,89,A3,追,3.85,68.86,,0,0.0,6.6,26.6,0,0,6,12.1,,１車身,,
8320260501020007,kurume,2026-05-02,7,◎1 ○3 ×4 △2 注5 ▲7,1-5  600円(3),"1-5-2  1,980円(8)","1=2=5  1,060円(6)",1=2  190円(3)  1=5  260円(4)  2=5  560円(9) / 1=2  190円(3)  1=5  260円(4)  2=5  560円(9),7,星野 京旺  新,潟,26,127,A3,逃,3.92,66.83,▲,3,5.5,16.6,33.3,3,0,5,12.3,,１車身１/２,,
2620260501030001,seibuen,2026-05-03,1,×1 注5 ◎2 ○4 △3 ▲6,1-5  970円(5),"1-5-3  5,210円(17)","1=3=5  2,770円(8)","1=3  590円(8)  1=5  490円(6)  3=5  1,230円(12) / 1=3  590円(8)  1=5  490円(6)  3=5  1,230円(12)",1,中井 修  滋,賀,56,75,A3,両,3.92,72.9,×,1,14.2,23.8,52.3,1,1,1,12.1,捲,,,
2620260501030001,seibuen,2026-05-03,1,×1 注5 ◎2 ○4 △3 ▲6,1-5  970円(5),"1-5-3  5,210円(17)","1=3=5  2,770円(8)","1=3  590円(8)  1=5  490円(6)  3=5  1,230円(12) / 1=3  590円(8)  1=5  490円(6)  3=5  1,230円(12)",2,浦山 一栄  東,京,54,72,A3,両,3.86,69.0,◎,6,21.7,30.4,34.7,6,0,4,12.5,,１/４車輪,,
2620260501030001,seibuen,2026-05-03,1,×1 注5 ◎2 ○4 △3 ▲6,1-5  970円(5),"1-5-3  5,210円(17)","1=3=5  2,770円(8)","1=3  590円(8)  1=5  490円(6)  3=5  1,230円(12) / 1=3  590円(8)  1=5  490円(6)  3=5  1,230円(12)",3,佐野 多喜男  新,潟,47,85,A3,追,3.92,66.66,△,4,11.1,27.7,33.3,0,1,3,12.3,,１/４車輪,,
2620260501030001,seibuen,2026-05-03,1,×1 注5 ◎2 ○4 △3 ▲6,1-5  970円(5),"1-5-3  5,210円(17)","1=3=5  2,770円(8)","1=3  590円(8)  1=5  490円(6)  3=5  1,230円(12) / 1=3  590円(8)  1=5  490円(6)  3=5  1,230円(12)",4,長谷川 辰徳  埼,玉,45,89,A3,追,3.86,66.19,○,5,4.7,9.5,23.8,0,0,5,12.5,,１車身１/２,,
2620260501030001,seibuen,2026-05-03,1,×1 注5 ◎2 ○4 △3 ▲6,1-5  970円(5),"1-5-3  5,210円(17)","1=3=5  2,770円(8)","1=3  590円(8)  1=5  490円(6)  3=5  1,230円(12) / 1=3  590円(8)  1=5  490円(6)  3=5  1,230円(12)",5,中川 博文  福,井,58,61,A3,追,3.93,65.47,注,2,4.7,9.5,23.8,0,0,2,12.2,ク,３車身,,
2620260501030001,seibuen,2026-05-03,1,×1 注5 ◎2 ○4 △3 ▲6,1-5  970円(5),"1-5-3  5,210円(17)","1=3=5  2,770円(8)","1=3  590円(8)  1=5  490円(6)  3=5  1,230円(12) / 1=3  590円(8)  1=5  490円(6)  3=5  1,230円(12)",6,久保 将史,神奈川,41,95,A3,両,3.93,63.43,▲,3,0.0,0.0,0.0,0,0,6,12.1,,１/４車輪,,
2620260501030002,seibuen,2026-05-03,2,×2 △5 注6 ◎4 ○3 ▲1,3-1  530円(2),"3-1-7  1,570円(2)",1=3=7  640円(2),1=3  140円(1)  1=7  450円(8)  3=7  530円(12) / 1=3  140円(1)  1=7  450円(8)  3=7  530円(12),1,竜門 孝宗  兵,庫,40,95,A3,追,3.92,72.66,○,5,9.5,14.2,57.1,0,0,2,12.9,ク,１/４車輪,,
2620260501030002,seibuen,2026-05-03,2,×2 △5 注6 ◎4 ○3 ▲1,3-1  530円(2),"3-1-7  1,570円(2)",1=3=7  640円(2),1=3  140円(1)  1=7  450円(8)  3=7  530円(12) / 1=3  140円(1)  1=7  450円(8)  3=7  530円(12),2,牧田 賢也  福,島,29,111,A3,逃,3.92,71.4,×,1,13.3,20.0,40.0,0,2,7,15.0,,大差,,
2620260501030002,seibuen,2026-05-03,2,×2 △5 注6 ◎4 ○3 ▲1,3-1  530円(2),"3-1-7  1,570円(2)",1=3=7  640円(2),1=3  140円(1)  1=7  450円(8)  3=7  530円(12) / 1=3  140円(1)  1=7  450円(8)  3=7  530円(12),3,中嶋 樹  大,阪,24,119,A3,逃,3.92,69.21,◎,6,8.6,30.4,34.7,6,1,1,13.0,逃,,,
2620260501030002,seibuen,2026-05-03,2,×2 △5 注6 ◎4 ○3 ▲1,3-1  530円(2),"3-1-7  1,570円(2)",1=3=7  640円(2),1=3  140円(1)  1=7  450円(8)  3=7  530円(12) / 1=3  140円(1)  1=7  450円(8)  3=7  530円(12),4,渡邊 秀明,神奈川,54,68,A3,追,3.92,67.62,注,2,3.1,21.8,34.3,0,0,5,12.8,,１/４車輪,,
2620260501030002,seibuen,2026-05-03,2,×2 △5 注6 ◎4 ○3 ▲1,3-1  530円(2),"3-1-7  1,570円(2)",1=3=7  640円(2),1=3  140円(1)  1=7  450円(8)  3=7  530円(12) / 1=3  140円(1)  1=7  450円(8)  3=7  530円(12),5,塚本 諭  福,島,49,85,A3,追,3.92,67.0,△,4,9.5,14.2,19.0,1,0,6,12.8,,２車身,,
2620260501030002,seibuen,2026-05-03,2,×2 △5 注6 ◎4 ○3 ▲1,3-1  530円(2),"3-1-7  1,570円(2)",1=3=7  640円(2),1=3  140円(1)  1=7  450円(8)  3=7  530円(12) / 1=3  140円(1)  1=7  450円(8)  3=7  530円(12),6,三澤 勝成  宮,城,48,83,A3,追,3.93,66.87,,0,0.0,9.6,25.8,0,0,4,12.7,,３/４車身,,
2620260501030002,seibuen,2026-05-03,2,×2 △5 注6 ◎4 ○3 ▲1,3-1  530円(2),"3-1-7  1,570円(2)",1=3=7  640円(2),1=3  140円(1)  1=7  450円(8)  3=7  530円(12) / 1=3  140円(1)  1=7  450円(8)  3=7  530円(12),7,井上 典善  千,葉,57,66,A3,追,3.92,65.82,▲,3,5.8,5.8,11.7,0,0,3,12.9,,１車身,,
2620260501030003,seibuen,2026-05-03,3,◎1 ○2 ▲7 △4 ×6 注3,"6-1  1,580円(6)","6-1-2  2,100円(7)",1=2=6  570円(1),1=2  160円(1)  1=6  220円(2)  2=6  240円(3) / 1=2  160円(1)  1=6  220円(2)  2=6  240円(3),1,吉原 友彦,神奈川,48,83,A3,両,3.92,71.41,◎,6,17.2,31.0,51.7,3,4,2,12.8,逃,１車輪,,
2620260501030003,seibuen,2026-05-03,3,◎1 ○2 ▲7 △4 ×6 注3,"6-1  1,580円(6)","6-1-2  2,100円(7)",1=2=6  570円(1),1=2  160円(1)  1=6  220円(2)  2=6  240円(3) / 1=2  160円(1)  1=6  220円(2)  2=6  240円(3),2,市川 博章  静,岡,49,80,A3,追,3.93,71.23,○,5,0.0,19.0,42.8,0,0,3,12.8,,３/４車身,,
2620260501030003,seibuen,2026-05-03,3,◎1 ○2 ▲7 △4 ×6 注3,"6-1  1,580円(6)","6-1-2  2,100円(7)",1=2=6  570円(1),1=2  160円(1)  1=6  220円(2)  2=6  240円(3) / 1=2  160円(1)  1=6  220円(2)  2=6  240円(3),3,羽石 国臣  栃,木,51,93,A3,追,3.92,70.13,×,1,13.6,22.7,45.4,0,0,4,12.5,,１/４車輪,,
2620260501030003,seibuen,2026-05-03,3,◎1 ○2 ▲7 △4 ×6 注3,"6-1  1,580円(6)","6-1-2  2,100円(7)",1=2=6  570円(1),1=2  160円(1)  1=6  220円(2)  2=6  240円(3) / 1=2  160円(1)  1=6  220円(2)  2=6  240円(3),4,吉野 猛  愛,知,52,74,A3,追,3.92,69.45,▲,3,0.0,22.7,27.2,0,0,6,12.5,,１/２車輪,,
2620260501030003,seibuen,2026-05-03,3,◎1 ○2 ▲7 △4 ×6 注3,"6-1  1,580円(6)","6-1-2  2,100円(7)",1=2=6  570円(1),1=2  160円(1)  1=6  220円(2)  2=6  240円(3) / 1=2  160円(1)  1=6  220円(2)  2=6  240円(3),5,野崎 修一  栃,木,63,57,A3,追,3.92,69.41,注,2,12.5,20.8,45.8,0,0,7,12.5,,２車身,,
2620260501030003,seibuen,2026-05-03,3,◎1 ○2 ▲7 △4 ×6 注3,"6-1  1,580円(6)","6-1-2  2,100円(7)",1=2=6  570円(1),1=2  160円(1)  1=6  220円(2)  2=6  240円(3) / 1=2  160円(1)  1=6  220円(2)  2=6  240円(3),6,松本 一成  新,潟,50,77,A3,逃,3.92,68.64,△,4,9.6,32.2,45.1,4,1,1,12.6,捲,,,
2620260501030003,seibuen,2026-05-03,3,◎1 ○2 ▲7 △4 ×6 注3,"6-1  1,580円(6)","6-1-2  2,100円(7)",1=2=6  570円(1),1=2  160円(1)  1=6  220円(2)  2=6  240円(3) / 1=2  160円(1)  1=6  220円(2)  2=6  240円(3),7,小林 大能  千,葉,46,87,A3,追,3.92,67.81,,0,0.0,18.5,25.9,0,0,5,12.7,,微差,,
2620260501030004,seibuen,2026-05-03,4,×3 △2 注4 ◎5 ○1 ▲6,"2-3  1,000円(4)","2-3-1  3,260円(11)",1=2=3  710円(4),1=2  230円(2)  1=3  340円(6)  2=3  250円(3) / 1=2  230円(2)  1=3  340円(6)  2=3  250円(3),1,石井 毅,神奈川,52,74,A3,追,3.77,74.0,○,5,8.3,45.8,62.5,0,1,3,12.5,,３/４車身,,
2620260501030004,seibuen,2026-05-03,4,×3 △2 注4 ◎5 ○1 ▲6,"2-3  1,000円(4)","2-3-1  3,260円(11)",1=2=3  710円(4),1=2  230円(2)  1=3  340円(6)  2=3  250円(3) / 1=2  230円(2)  1=3  340円(6)  2=3  250円(3),2,薮 謙治  京,都,48,83,A3,追,3.92,73.88,△,4,20.0,50.0,60.0,0,0,1,12.7,差,,,
2620260501030004,seibuen,2026-05-03,4,×3 △2 注4 ◎5 ○1 ▲6,"2-3  1,000円(4)","2-3-1  3,260円(11)",1=2=3  710円(4),1=2  230円(2)  1=3  340円(6)  2=3  250円(3) / 1=2  230円(2)  1=3  340円(6)  2=3  250円(3),3,武田 和也  奈,良,38,92,A3,両,3.92,71.42,×,1,28.5,47.6,52.3,4,0,2,12.8,逃,１/２車身,,
2620260501030004,seibuen,2026-05-03,4,×3 △2 注4 ◎5 ○1 ▲6,"2-3  1,000円(4)","2-3-1  3,260円(11)",1=2=3  710円(4),1=2  230円(2)  1=3  340円(6)  2=3  250円(3) / 1=2  230円(2)  1=3  340円(6)  2=3  250円(3),4,南 大輔  京,都,51,76,A3,追,3.92,70.88,注,2,5.2,26.3,47.3,0,0,4,12.7,,１/４車輪,,
2620260501030004,seibuen,2026-05-03,4,×3 △2 注4 ◎5 ○1 ▲6,"2-3  1,000円(4)","2-3-1  3,260円(11)",1=2=3  710円(4),1=2  230円(2)  1=3  340円(6)  2=3  250円(3) / 1=2  230円(2)  1=3  340円(6)  2=3  250円(3),5,吉松 賢二  群,馬,40,90,A3,両,3.93,70.59,◎,6,8.0,40.0,60.0,7,1,6,13.2,,６車身,,
2620260501030004,seibuen,2026-05-03,4,×3 △2 注4 ◎5 ○1 ▲6,"2-3  1,000円(4)","2-3-1  3,260円(11)",1=2=3  710円(4),1=2  230円(2)  1=3  340円(6)  2=3  250円(3) / 1=2  230円(2)  1=3  340円(6)  2=3  250円(3),6,長崎 達也,神奈川,44,89,A3,両,3.93,69.5,▲,3,8.3,25.0,33.3,0,0,5,12.7,,３車身,,
2620260501030004,seibuen,2026-05-03,4,×3 △2 注4 ◎5 ○1 ▲6,"2-3  1,000円(4)","2-3-1  3,260円(11)",1=2=3  710円(4),1=2  230円(2)  1=3  340円(6)  2=3  250円(3) / 1=2  230円(2)  1=3  340円(6)  2=3  250円(3),7,千澤 大輔  青,森,38,95,A3,追,3.85,66.04,,0,12.5,20.8,20.8,0,0,7,15.2,,大差,,
2620260501030005,seibuen,2026-05-03,5,◎2 ○3 注7 ×5 △1 ▲4,"5-1  2,870円(9)","5-1-2  7,440円(21)","1=2=5  1,350円(4)",1=2  220円(2)  1=5  400円(7)  2=5  530円(9) / 1=2  220円(2)  1=5  400円(7)  2=5  530円(9),1,中野 良,北海道,50,83,A3,追,3.92,74.59,×,1,7.4,48.1,70.3,0,0,2,12.8,ク,１/２車輪,,
2620260501030005,seibuen,2026-05-03,5,◎2 ○3 注7 ×5 △1 ▲4,"5-1  2,870円(9)","5-1-2  7,440円(21)","1=2=5  1,350円(4)",1=2  220円(2)  1=5  400円(7)  2=5  530円(9) / 1=2  220円(2)  1=5  400円(7)  2=5  530円(9),2,辻田 祥大  三,重,23,127,A3,逃,3.92,73.5,◎,6,16.6,33.3,66.6,2,0,3,12.9,,３/４車身,,
2620260501030005,seibuen,2026-05-03,5,◎2 ○3 注7 ×5 △1 ▲4,"5-1  2,870円(9)","5-1-2  7,440円(21)","1=2=5  1,350円(4)",1=2  220円(2)  1=5  400円(7)  2=5  530円(9) / 1=2  220円(2)  1=5  400円(7)  2=5  530円(9),3,服部 竜二  愛,知,54,76,A3,追,3.92,70.45,○,5,4.1,16.6,37.5,0,0,7,18.6,,大差,,
2620260501030005,seibuen,2026-05-03,5,◎2 ○3 注7 ×5 △1 ▲4,"5-1  2,870円(9)","5-1-2  7,440円(21)","1=2=5  1,350円(4)",1=2  220円(2)  1=5  400円(7)  2=5  530円(9) / 1=2  220円(2)  1=5  400円(7)  2=5  530円(9),4,前島 恭平  長,野,37,98,A3,逃,3.92,68.36,△,4,13.6,22.7,36.3,3,2,4,13.0,,１車身１/２,,
2620260501030005,seibuen,2026-05-03,5,◎2 ○3 注7 ×5 △1 ▲4,"5-1  2,870円(9)","5-1-2  7,440円(21)","1=2=5  1,350円(4)",1=2  220円(2)  1=5  400円(7)  2=5  530円(9) / 1=2  220円(2)  1=5  400円(7)  2=5  530円(9),5,渡邉 正人  福,島,35,100,A3,逃,3.86,67.46,注,2,0.0,6.6,20.0,0,0,1,13.0,捲,,,
2620260501030005,seibuen,2026-05-03,5,◎2 ○3 注7 ×5 △1 ▲4,"5-1  2,870円(9)","5-1-2  7,440円(21)","1=2=5  1,350円(4)",1=2  220円(2)  1=5  400円(7)  2=5  530円(9) / 1=2  220円(2)  1=5  400円(7)  2=5  530円(9),6,笹川 竜治  新,潟,53,71,A3,追,3.92,66.83,▲,3,0.0,0.0,7.1,0,0,6,13.7,,９車身,,
2620260501030005,seibuen,2026-05-03,5,◎2 ○3 注7 ×5 △1 ▲4,"5-1  2,870円(9)","5-1-2  7,440円(21)","1=2=5  1,350円(4)",1=2  220円(2)  1=5  400円(7)  2=5  530円(9) / 1=2  220円(2)  1=5  400円(7)  2=5  530円(9),7,高野 輝彰  愛,知,50,83,A3,追,3.86,66.37,,0,0.0,0.0,16.6,0,0,5,13.0,,５車身,,
2620260501030006,seibuen,2026-05-03,6,◎1 ○4 ×3 △2 ▲6 注7,"4-3  4,780円(14)","4-3-1  5,550円(15)",1=3=4  350円(2),1=3  230円(3)  1=4  130円(1)  3=4  330円(7) / 1=3  230円(3)  1=4  130円(1)  3=4  330円(7),1,中川 飛隆  新,潟,27,127,A3,逃,3.75,77.38,◎,6,52.3,71.4,90.4,6,6,3,13.0,,３/４車身,,
2620260501030006,seibuen,2026-05-03,6,◎1 ○4 ×3 △2 ▲6 注7,"4-3  4,780円(14)","4-3-1  5,550円(15)",1=3=4  350円(2),1=3  230円(3)  1=4  130円(1)  3=4  330円(7) / 1=3  230円(3)  1=4  130円(1)  3=4  330円(7),2,村本 慎吾  静,岡,44,94,A3,追,3.92,74.5,△,4,8.3,33.3,62.5,0,0,5,13.3,,１車身１/２,,
2620260501030006,seibuen,2026-05-03,6,◎1 ○4 ×3 △2 ▲6 注7,"4-3  4,780円(14)","4-3-1  5,550円(15)",1=3=4  350円(2),1=3  230円(3)  1=4  130円(1)  3=4  330円(7) / 1=3  230円(3)  1=4  130円(1)  3=4  330円(7),3,福森 慎太郎  千,葉,49,84,A3,逃,3.92,73.05,×,1,21.0,31.5,57.8,2,3,2,13.2,逃,１/２車輪,,
2620260501030006,seibuen,2026-05-03,6,◎1 ○4 ×3 △2 ▲6 注7,"4-3  4,780円(14)","4-3-1  5,550円(15)",1=3=4  350円(2),1=3  230円(3)  1=4  130円(1)  3=4  330円(7) / 1=3  230円(3)  1=4  130円(1)  3=4  330円(7),4,堀内 昇  茨,城,37,95,A3,両,3.93,71.94,○,5,5.8,29.4,52.9,1,0,1,12.8,差,,,
2620260501030006,seibuen,2026-05-03,6,◎1 ○4 ×3 △2 ▲6 注7,"4-3  4,780円(14)","4-3-1  5,550円(15)",1=3=4  350円(2),1=3  230円(3)  1=4  130円(1)  3=4  330円(7) / 1=3  230円(3)  1=4  130円(1)  3=4  330円(7),5,加美山 隆行  宮,城,39,92,A3,追,3.92,71.5,注,2,21.0,47.3,52.6,0,0,7,13.0,,６車身,,
2620260501030006,seibuen,2026-05-03,6,◎1 ○4 ×3 △2 ▲6 注7,"4-3  4,780円(14)","4-3-1  5,550円(15)",1=3=4  350円(2),1=3  230円(3)  1=4  130円(1)  3=4  330円(7) / 1=3  230円(3)  1=4  130円(1)  3=4  330円(7),6,田中 智也  静,岡,53,74,A3,追,3.92,69.37,,0,6.2,12.5,31.2,0,0,6,12.9,,１/２車身,,
2620260501030006,seibuen,2026-05-03,6,◎1 ○4 ×3 △2 ▲6 注7,"4-3  4,780円(14)","4-3-1  5,550円(15)",1=3=4  350円(2),1=3  230円(3)  1=4  130円(1)  3=4  330円(7) / 1=3  230円(3)  1=4  130円(1)  3=4  330円(7),7,高橋 海月  青,森,25,123,A3,逃,3.85,67.07,▲,3,7.6,15.3,30.7,1,1,4,12.6,,１/２車輪,,
2620260501030007,seibuen,2026-05-03,7,○2 ◎1 △3 注6 ×4 ▲5,,,,,1,楠野 史尭  埼,玉,37,105,A3,両,3.92,78.61,◎,6,42.8,90.4,100.0,8,1,,,,,,23:16
2620260501030007,seibuen,2026-05-03,7,○2 ◎1 △3 注6 ×4 ▲5,,,,,2,西本 健三郎  茨,城,23,127,A3,逃,3.92,77.66,○,5,50.0,83.3,83.3,3,2,,,,,,23:16
2620260501030007,seibuen,2026-05-03,7,○2 ◎1 △3 注6 ×4 ▲5,,,,,3,齋藤 昌弘  群,馬,44,90,A3,追,3.85,74.33,△,4,0.0,33.3,66.6,0,0,,,,,,23:16
2620260501030007,seibuen,2026-05-03,7,○2 ◎1 △3 注6 ×4 ▲5,,,,,4,國井 裕樹,神奈川,42,113,A3,逃,3.92,73.77,注,2,22.2,55.5,66.6,5,2,,,,,,23:16
2620260501030007,seibuen,2026-05-03,7,○2 ◎1 △3 注6 ×4 ▲5,,,,,5,林 佳宗依  富,山,24,127,A3,逃,3.92,73.23,×,1,31.8,45.4,54.5,8,2,,,,,,23:16
2620260501030007,seibuen,2026-05-03,7,○2 ◎1 △3 注6 ×4 ▲5,,,,,6,早坂 道義  栃,木,46,88,A3,追,3.85,72.62,,0,12.5,16.6,54.1,0,0,,,,,,23:16
2620260501030007,seibuen,2026-05-03,7,○2 ◎1 △3 注6 ×4 ▲5,,,,,7,杉山 正和  三,重,59,59,A3,追,3.85,72.06,▲,3,13.3,46.6,53.3,0,0,,,,,,23:16
2720260503010001,keiokaku,2026-05-03,1,注6 △2 ◎4 ○1 ▲5 ×3,"6-4  4,780円(20)","6-4-1  48,130円(122)","1=4=6  6,750円(25)",1=4  580円(10)  1=6  690円(11)  4=6  580円(9) / 1=4  580円(10)  1=6  690円(11)  4=6  580円(9),1,宮崎 一彰  高,知,51,99,A3,両,3.92,71.5,◎,6,10.0,20.0,50.0,0,1,3,11.6,,１/２車輪,６番手捲り,16:00
2720260503010001,keiokaku,2026-05-03,1,注6 △2 ◎4 ○1 ▲5 ×3,"6-4  4,780円(20)","6-4-1  48,130円(122)","1=4=6  6,750円(25)",1=4  580円(10)  1=6  690円(11)  4=6  580円(9) / 1=4  580円(10)  1=6  690円(11)  4=6  580円(9),2,亀谷 隆一,神奈川,39,92,A3,追,3.92,72.12,△,4,16.6,37.5,54.1,0,0,7,12.0,,３/４車輪,前続き外浮,16:00
2720260503010001,keiokaku,2026-05-03,1,注6 △2 ◎4 ○1 ▲5 ×3,"6-4  4,780円(20)","6-4-1  48,130円(122)","1=4=6  6,750円(25)",1=4  580円(10)  1=6  690円(11)  4=6  580円(9) / 1=4  580円(10)  1=6  690円(11)  4=6  580円(9),3,三浦 綾  宮,城,34,105,A3,逃,3.92,69.5,▲,3,5.5,27.7,38.8,3,1,6,12.4,,１/２車身,先行保たず,16:00
2720260503010001,keiokaku,2026-05-03,1,注6 △2 ◎4 ○1 ▲5 ×3,"6-4  4,780円(20)","6-4-1  48,130円(122)","1=4=6  6,750円(25)",1=4  580円(10)  1=6  690円(11)  4=6  580円(9) / 1=4  580円(10)  1=6  690円(11)  4=6  580円(9),4,柴田 功一郎,神奈川,49,79,A3,追,3.92,71.81,,0,0.0,18.1,36.3,0,0,2,11.7,差,３/４車身,４角内突き,16:00
2720260503010001,keiokaku,2026-05-03,1,注6 △2 ◎4 ○1 ▲5 ×3,"6-4  4,780円(20)","6-4-1  48,130円(122)","1=4=6  6,750円(25)",1=4  580円(10)  1=6  690円(11)  4=6  580円(9) / 1=4  580円(10)  1=6  690円(11)  4=6  580円(9),5,鳥丸 晃順  岡,山,45,89,A3,追,3.92,68.88,○,5,5.2,21.0,36.8,0,0,4,11.4,,３/４車輪,離れ最後内,16:00
2720260503010001,keiokaku,2026-05-03,1,注6 △2 ◎4 ○1 ▲5 ×3,"6-4  4,780円(20)","6-4-1  48,130円(122)","1=4=6  6,750円(25)",1=4  580円(10)  1=6  690円(11)  4=6  580円(9) / 1=4  580円(10)  1=6  690円(11)  4=6  580円(9),6,小泉 俊也  静,岡,50,77,A3,両,3.93,68.0,注,2,8.6,30.4,47.8,5,0,1,11.8,捲,,張れ乍らも,16:00
2720260503010001,keiokaku,2026-05-03,1,注6 △2 ◎4 ○1 ▲5 ×3,"6-4  4,780円(20)","6-4-1  48,130円(122)","1=4=6  6,750円(25)",1=4  580円(10)  1=6  690円(11)  4=6  580円(9) / 1=4  580円(10)  1=6  690円(11)  4=6  580円(9),7,田崎 良太郎  福,島,46,87,A3,追,3.92,72.3,×,1,4.1,29.1,50.0,0,0,5,12.2,,３/４車身,外張掬われ,16:00
2720260503010002,keiokaku,2026-05-03,2,◎4 ○3 △5 ×1 ▲6 注2,"4-2  1,470円(3)","4-2-6  15,020円(27)","2=4=6  6,800円(12)","2=4  1,100円(4)  2=6  10,370円(17)  4=6  2,870円(8) / 2=4  1,100円(4)  2=6  10,370円(17)  4=6  2,870円(8)",1,矢田 晋  福,岡,48,94,A3,両,3.92,67.95,×,1,0.0,21.7,26.0,1,1,4,12.3,,３/４車輪,妨害受下げ,16:32
2720260503010002,keiokaku,2026-05-03,2,◎4 ○3 △5 ×1 ▲6 注2,"4-2  1,470円(3)","4-2-6  15,020円(27)","2=4=6  6,800円(12)","2=4  1,100円(4)  2=6  10,370円(17)  4=6  2,870円(8) / 2=4  1,100円(4)  2=6  10,370円(17)  4=6  2,870円(8)",2,吉橋 秀城  埼,玉,47,85,A3,追,3.93,69.46,注,2,3.8,23.0,34.6,0,0,2,12.1,差,５車身,立直し伸び,16:32
2720260503010002,keiokaku,2026-05-03,2,◎4 ○3 △5 ×1 ▲6 注2,"4-2  1,470円(3)","4-2-6  15,020円(27)","2=4=6  6,800円(12)","2=4  1,100円(4)  2=6  10,370円(17)  4=6  2,870円(8) / 2=4  1,100円(4)  2=6  10,370円(17)  4=6  2,870円(8)",3,上原 直樹  岡,山,52,75,A3,追,3.85,70.8,○,5,12.9,29.0,45.1,0,1,失,,,,押圧し１失,16:32
2720260503010002,keiokaku,2026-05-03,2,◎4 ○3 △5 ×1 ▲6 注2,"4-2  1,470円(3)","4-2-6  15,020円(27)","2=4=6  6,800円(12)","2=4  1,100円(4)  2=6  10,370円(17)  4=6  2,870円(8) / 2=4  1,100円(4)  2=6  10,370円(17)  4=6  2,870円(8)",4,利川 寛太  山,口,27,127,A3,逃,3.93,75.68,◎,6,32.0,64.0,68.0,13,3,1,12.3,逃,,後位もつれ,16:32
2720260503010002,keiokaku,2026-05-03,2,◎4 ○3 △5 ×1 ▲6 注2,"4-2  1,470円(3)","4-2-6  15,020円(27)","2=4=6  6,800円(12)","2=4  1,100円(4)  2=6  10,370円(17)  4=6  2,870円(8) / 2=4  1,100円(4)  2=6  10,370円(17)  4=6  2,870円(8)",5,岡田 浩太  岡,山,50,78,A3,追,3.92,70.0,△,4,14.2,14.2,42.8,0,0,6,12.6,,６車身,併走こぼれ,16:32
2720260503010002,keiokaku,2026-05-03,2,◎4 ○3 △5 ×1 ▲6 注2,"4-2  1,470円(3)","4-2-6  15,020円(27)","2=4=6  6,800円(12)","2=4  1,100円(4)  2=6  10,370円(17)  4=6  2,870円(8) / 2=4  1,100円(4)  2=6  10,370円(17)  4=6  2,870円(8)",6,五十嵐 博一  熊,本,52,79,A3,追,3.85,65.58,▲,3,0.0,4.1,16.6,0,0,3,12.0,,１/４車輪,割込れ前追,16:32
2720260503010002,keiokaku,2026-05-03,2,◎4 ○3 △5 ×1 ▲6 注2,"4-2  1,470円(3)","4-2-6  15,020円(27)","2=4=6  6,800円(12)","2=4  1,100円(4)  2=6  10,370円(17)  4=6  2,870円(8) / 2=4  1,100円(4)  2=6  10,370円(17)  4=6  2,870円(8)",7,木下 章  長,野,57,61,A3,両,3.79,66.22,,0,0.0,0.0,10.0,0,0,5,12.0,,１車身１/２,単騎最後方,16:32
2720260503010003,keiokaku,2026-05-03,3,◎5 ○7 ×1 ▲3 △2 注4,"5-2  1,150円(3)","5-2-1  3,030円(6)",1=2=5  790円(3),1=2  500円(7)  1=5  100円(1)  2=5  310円(4) / 1=2  500円(7)  1=5  100円(1)  2=5  310円(4),1,堀 勝政  群,馬,48,83,A3,追,3.92,73.86,×,1,12.5,33.3,58.3,0,0,3,12.1,,１車身,切替え流込,16:57
2720260503010003,keiokaku,2026-05-03,3,◎5 ○7 ×1 ▲3 △2 注4,"5-2  1,150円(3)","5-2-1  3,030円(6)",1=2=5  790円(3),1=2  500円(7)  1=5  100円(1)  2=5  310円(4) / 1=2  500円(7)  1=5  100円(1)  2=5  310円(4),2,邊見 斎  福,島,40,92,A3,追,3.92,71.13,△,4,0.0,6.6,33.3,0,0,2,12.2,ク,３/４車身,追上げ番手,16:57
2720260503010003,keiokaku,2026-05-03,3,◎5 ○7 ×1 ▲3 △2 注4,"5-2  1,150円(3)","5-2-1  3,030円(6)",1=2=5  790円(3),1=2  500円(7)  1=5  100円(1)  2=5  310円(4) / 1=2  500円(7)  1=5  100円(1)  2=5  310円(4),3,行成 大祐  香,川,50,80,A3,追,3.92,70.11,▲,3,0.0,0.0,44.4,0,0,4,12.2,,１/２車身,前を追って,16:57
2720260503010003,keiokaku,2026-05-03,3,◎5 ○7 ×1 ▲3 △2 注4,"5-2  1,150円(3)","5-2-1  3,030円(6)",1=2=5  790円(3),1=2  500円(7)  1=5  100円(1)  2=5  310円(4) / 1=2  500円(7)  1=5  100円(1)  2=5  310円(4),4,齋藤 和也  福,島,51,78,A3,追,3.92,69.37,注,2,12.5,20.8,25.0,2,0,5,12.3,,４車身,切り車下げ,16:57
2720260503010003,keiokaku,2026-05-03,3,◎5 ○7 ×1 ▲3 △2 注4,"5-2  1,150円(3)","5-2-1  3,030円(6)",1=2=5  790円(3),1=2  500円(7)  1=5  100円(1)  2=5  310円(4) / 1=2  500円(7)  1=5  100円(1)  2=5  310円(4),5,秋山 太洋  東,京,25,127,A3,逃,3.92,76.77,◎,6,44.4,55.5,77.7,4,6,1,12.2,逃,,立直し叩く,16:57
2720260503010003,keiokaku,2026-05-03,3,◎5 ○7 ×1 ▲3 △2 注4,"5-2  1,150円(3)","5-2-1  3,030円(6)",1=2=5  790円(3),1=2  500円(7)  1=5  100円(1)  2=5  310円(4) / 1=2  500円(7)  1=5  100円(1)  2=5  310円(4),6,竹村 達也  高,知,35,99,A3,両,3.92,66.65,,0,5.0,10.0,15.0,1,1,7,14.0,,大差,切り叩かれ,16:57
2720260503010003,keiokaku,2026-05-03,3,◎5 ○7 ×1 ▲3 △2 注4,"5-2  1,150円(3)","5-2-1  3,030円(6)",1=2=5  790円(3),1=2  500円(7)  1=5  100円(1)  2=5  310円(4) / 1=2  500円(7)  1=5  100円(1)  2=5  310円(4),7,廣川 貞治  東,京,58,61,A3,追,3.93,69.91,○,5,8.3,16.6,37.5,0,0,6,12.6,,１車身,前に離れて,16:57
2720260503010004,keiokaku,2026-05-03,4,◎7 ○3 △4 注6 ×1 ▲2,7-3  130円(1),"7-3-6  1,100円(4)",3=6=7  900円(4),3=6  730円(11)  3=7  100円(1)  6=7  380円(7) / 3=6  730円(11)  3=7  100円(1)  6=7  380円(7),1,山崎 明寛  千,葉,51,81,A3,追,3.85,67.57,注,2,7.1,7.1,21.4,0,0,5,12.4,,３/４車身,追走で一杯,17:20
2720260503010004,keiokaku,2026-05-03,4,◎7 ○3 △4 注6 ×1 ▲2,7-3  130円(1),"7-3-6  1,100円(4)",3=6=7  900円(4),3=6  730円(11)  3=7  100円(1)  6=7  380円(7) / 3=6  730円(11)  3=7  100円(1)  6=7  380円(7),2,塚本 勝士  栃,木,48,81,A3,両,3.93,70.06,×,1,20.0,26.6,46.6,1,3,6,13.5,,８車身,カマすも裸,17:20
2720260503010004,keiokaku,2026-05-03,4,◎7 ○3 △4 注6 ×1 ▲2,7-3  130円(1),"7-3-6  1,100円(4)",3=6=7  900円(4),3=6  730円(11)  3=7  100円(1)  6=7  380円(7) / 3=6  730円(11)  3=7  100円(1)  6=7  380円(7),3,宮本 龍一  福,岡,39,92,A3,両,3.93,70.91,○,5,12.5,45.8,58.3,1,0,2,12.7,ク,１車身,吉田を巧追,17:20
2720260503010004,keiokaku,2026-05-03,4,◎7 ○3 △4 注6 ×1 ▲2,7-3  130円(1),"7-3-6  1,100円(4)",3=6=7  900円(4),3=6  730円(11)  3=7  100円(1)  6=7  380円(7) / 3=6  730円(11)  3=7  100円(1)  6=7  380円(7),4,南 和夫  福,岡,50,82,A3,追,3.92,67.15,,0,0.0,5.2,21.0,0,0,7,13.4,,３/４車身,前に千切れ,17:20
2720260503010004,keiokaku,2026-05-03,4,◎7 ○3 △4 注6 ×1 ▲2,7-3  130円(1),"7-3-6  1,100円(4)",3=6=7  900円(4),3=6  730円(11)  3=7  100円(1)  6=7  380円(7) / 3=6  730円(11)  3=7  100円(1)  6=7  380円(7),5,工藤 考生  埼,玉,44,90,A3,追,3.92,72.11,▲,3,14.8,33.3,59.2,0,0,4,12.3,,３/４車身,前を追えず,17:20
2720260503010004,keiokaku,2026-05-03,4,◎7 ○3 △4 注6 ×1 ▲2,7-3  130円(1),"7-3-6  1,100円(4)",3=6=7  900円(4),3=6  730円(11)  3=7  100円(1)  6=7  380円(7) / 3=6  730円(11)  3=7  100円(1)  6=7  380円(7),6,小林 寛弥  静,岡,38,101,A3,逃,3.85,66.85,△,4,9.5,28.5,33.3,3,2,3,12.5,,３車身,Ｂ捲り上げ,17:20
2720260503010004,keiokaku,2026-05-03,4,◎7 ○3 △4 注6 ×1 ▲2,7-3  130円(1),"7-3-6  1,100円(4)",3=6=7  900円(4),3=6  730円(11)  3=7  100円(1)  6=7  380円(7) / 3=6  730円(11)  3=7  100円(1)  6=7  380円(7),7,吉田 航  大,分,27,127,A3,逃,3.92,78.09,◎,6,72.7,81.8,86.3,12,5,1,12.7,逃,,ＨＳカマシ,17:20
2720260503010005,keiokaku,2026-05-03,5,◎7 注1 △2 ○3 ×5 ▲4,5-1  260円(1),5-1-4  650円(2),1=4=5  220円(1),1=4  200円(4)  1=5  100円(1)  4=5  170円(3) / 1=4  200円(4)  1=5  100円(1)  4=5  170円(3),1,畠山 ひすい,神奈川,23,122,L1,逃,3.77,54.61,◎,6,44.4,61.1,77.7,5,4,2,13.0,捲,１車身１/２,捲り切るも,17:43
2720260503010005,keiokaku,2026-05-03,5,◎7 注1 △2 ○3 ×5 ▲4,5-1  260円(1),5-1-4  650円(2),1=4=5  220円(1),1=4  200円(4)  1=5  100円(1)  4=5  170円(3) / 1=4  200円(4)  1=5  100円(1)  4=5  170円(3),2,布居 光,和歌山,25,118,L1,両,3.77,47.14,注,2,0.0,9.5,19.0,0,0,6,13.1,,３/４車身,前に離れて,17:43
2720260503010005,keiokaku,2026-05-03,5,◎7 注1 △2 ○3 ×5 ▲4,5-1  260円(1),5-1-4  650円(2),1=4=5  220円(1),1=4  200円(4)  1=5  100円(1)  4=5  170円(3) / 1=4  200円(4)  1=5  100円(1)  4=5  170円(3),3,國村 美留莉  山,口,26,118,L1,追,3.77,51.37,△,4,8.3,16.6,50.0,0,0,4,12.7,,３/４車輪,好位のまま,17:43
2720260503010005,keiokaku,2026-05-03,5,◎7 注1 △2 ○3 ×5 ▲4,5-1  260円(1),5-1-4  650円(2),1=4=5  220円(1),1=4  200円(4)  1=5  100円(1)  4=5  170円(3) / 1=4  200円(4)  1=5  100円(1)  4=5  170円(3),4,高橋 朋恵  東,京,31,108,L1,追,3.77,49.76,×,1,0.0,16.0,36.0,0,0,3,12.8,,３/４車身,１着マーク,17:43
2720260503010005,keiokaku,2026-05-03,5,◎7 注1 △2 ○3 ×5 ▲4,5-1  260円(1),5-1-4  650円(2),1=4=5  220円(1),1=4  200円(4)  1=5  100円(1)  4=5  170円(3) / 1=4  200円(4)  1=5  100円(1)  4=5  170円(3),5,飯田 風音  埼,玉,24,120,L1,両,3.79,54.6,○,5,36.0,68.0,72.0,3,6,1,12.7,差,,捲られ差返,17:43
2720260503010005,keiokaku,2026-05-03,5,◎7 注1 △2 ○3 ×5 ▲4,5-1  260円(1),5-1-4  650円(2),1=4=5  220円(1),1=4  200円(4)  1=5  100円(1)  4=5  170円(3) / 1=4  200円(4)  1=5  100円(1)  4=5  170円(3),6,金田 舞夏  福,岡,23,124,L1,両,3.77,48.04,▲,3,4.5,13.6,27.2,0,2,5,12.7,,２車身,後方のまま,17:43
2720260503010005,keiokaku,2026-05-03,5,◎7 注1 △2 ○3 ×5 ▲4,5-1  260円(1),5-1-4  650円(2),1=4=5  220円(1),1=4  200円(4)  1=5  100円(1)  4=5  170円(3) / 1=4  200円(4)  1=5  100円(1)  4=5  170円(3),7,中西 叶美  愛,知,29,112,L1,両,3.77,45.16,,0,0.0,5.5,5.5,0,0,7,14.4,,大差,終始最後方,17:43
2720260503010006,keiokaku,2026-05-03,6,▲1 注2 ○3 ◎7 ×6 △4,"6-5  1,090円(4)","6-5-7  2,670円(7)",5=6=7  550円(3),5=6  300円(6)  5=7  240円(5)  6=7  100円(1) / 5=6  300円(6)  5=7  240円(5)  6=7  100円(1),1,藤巻 絵里佳  福,島,30,110,L1,追,3.79,46.25,▲,3,0.0,0.0,20.0,0,0,4,13.0,,１車輪,内追上好位,18:06
2720260503010006,keiokaku,2026-05-03,6,▲1 注2 ○3 ◎7 ×6 △4,"6-5  1,090円(4)","6-5-7  2,670円(7)",5=6=7  550円(3),5=6  300円(6)  5=7  240円(5)  6=7  100円(1) / 5=6  300円(6)  5=7  240円(5)  6=7  100円(1),2,青木 美優  栃,木,32,106,L1,追,3.79,47.52,注,2,4.7,14.2,28.5,0,0,6,12.9,,３/４車身,自然と後方,18:06
2720260503010006,keiokaku,2026-05-03,6,▲1 注2 ○3 ◎7 ×6 △4,"6-5  1,090円(4)","6-5-7  2,670円(7)",5=6=7  550円(3),5=6  300円(6)  5=7  240円(5)  6=7  100円(1) / 5=6  300円(6)  5=7  240円(5)  6=7  100円(1),3,高崎 千賀,神奈川,32,128,L1,両,3.77,46.4,,0,0.0,6.6,20.0,0,0,7,13.1,,１/２車輪,好位回れず,18:06
2720260503010006,keiokaku,2026-05-03,6,▲1 注2 ○3 ◎7 ×6 △4,"6-5  1,090円(4)","6-5-7  2,670円(7)",5=6=7  550円(3),5=6  300円(6)  5=7  240円(5)  6=7  100円(1) / 5=6  300円(6)  5=7  240円(5)  6=7  100円(1),4,宮地 寧々  岐,阜,30,110,L1,両,3.77,50.8,×,1,10.0,20.0,55.0,0,2,5,13.3,,１/２車身,叩かれ内粘,18:06
2720260503010006,keiokaku,2026-05-03,6,▲1 注2 ○3 ◎7 ×6 △4,"6-5  1,090円(4)","6-5-7  2,670円(7)",5=6=7  550円(3),5=6  300円(6)  5=7  240円(5)  6=7  100円(1) / 5=6  300円(6)  5=7  240円(5)  6=7  100円(1),5,山本 知佳  山,口,34,110,L1,両,3.77,49.23,△,4,11.7,17.6,17.6,0,0,2,13.2,ク,１/２車身,乗換え流込,18:06
2720260503010006,keiokaku,2026-05-03,6,▲1 注2 ○3 ◎7 ×6 △4,"6-5  1,090円(4)","6-5-7  2,670円(7)",5=6=7  550円(3),5=6  300円(6)  5=7  240円(5)  6=7  100円(1) / 5=6  300円(6)  5=7  240円(5)  6=7  100円(1),6,小林 莉子  東,京,33,102,L1,両,3.77,57.33,◎,6,76.1,95.2,95.2,0,4,1,13.2,捲,,外併走捲る,18:06
2720260503010006,keiokaku,2026-05-03,6,▲1 注2 ○3 ◎7 ×6 △4,"6-5  1,090円(4)","6-5-7  2,670円(7)",5=6=7  550円(3),5=6  300円(6)  5=7  240円(5)  6=7  100円(1) / 5=6  300円(6)  5=7  240円(5)  6=7  100円(1),7,加藤 舞  沖,縄,29,116,L1,逃,3.77,52.85,○,5,19.0,52.3,61.9,4,6,3,13.3,,３/４車身,捲られ逃残,18:06
2720260503010007,keiokaku,2026-05-03,7,×3 △1 ▲5 ○7 ◎2 注4,3-1  840円(4),"3-1-7  3,280円(12)",1=3=7  830円(5),1=3  220円(3)  1=7  400円(7)  3=7  310円(4) / 1=3  220円(3)  1=7  400円(7)  3=7  310円(4),1,齋藤 友幸  静,岡,42,90,A1,両,3.92,85.45,△,4,9.0,27.2,54.5,0,1,2,12.2,ク,３/４車身,本多を巧追,18:30
2720260503010007,keiokaku,2026-05-03,7,×3 △1 ▲5 ○7 ◎2 注4,3-1  840円(4),"3-1-7  3,280円(12)",1=3=7  830円(5),1=3  220円(3)  1=7  400円(7)  3=7  310円(4) / 1=3  220円(3)  1=7  400円(7)  3=7  310円(4),2,阿部 兼士  福,岡,42,93,A2,追,3.86,88.08,◎,6,8.3,41.6,62.5,0,1,5,12.8,,３/４車輪,外振り一杯,18:30
2720260503010007,keiokaku,2026-05-03,7,×3 △1 ▲5 ○7 ◎2 注4,3-1  840円(4),"3-1-7  3,280円(12)",1=3=7  830円(5),1=3  220円(3)  1=7  400円(7)  3=7  310円(4) / 1=3  220円(3)  1=7  400円(7)  3=7  310円(4),3,本多 哲也  千,葉,37,97,A1,両,3.92,88.21,×,1,17.3,34.7,52.1,0,4,1,12.3,捲,,立直し捲る,18:30
2720260503010007,keiokaku,2026-05-03,7,×3 △1 ▲5 ○7 ◎2 注4,3-1  840円(4),"3-1-7  3,280円(12)",1=3=7  830円(5),1=3  220円(3)  1=7  400円(7)  3=7  310円(4) / 1=3  220円(3)  1=7  400円(7)  3=7  310円(4),4,山根 泰道  岡,山,56,64,A2,追,3.85,79.8,注,2,4.7,9.5,19.0,0,0,4,12.7,,１/２車身,前１車抜く,18:30
2720260503010007,keiokaku,2026-05-03,7,×3 △1 ▲5 ○7 ◎2 注4,3-1  840円(4),"3-1-7  3,280円(12)",1=3=7  830円(5),1=3  220円(3)  1=7  400円(7)  3=7  310円(4) / 1=3  220円(3)  1=7  400円(7)  3=7  310円(4),5,高橋 健太  静,岡,48,80,A2,追,3.92,82.42,▲,3,4.7,9.5,23.8,0,0,6,12.3,,１車身１/２,前ワンツー,18:30
2720260503010007,keiokaku,2026-05-03,7,×3 △1 ▲5 ○7 ◎2 注4,3-1  840円(4),"3-1-7  3,280円(12)",1=3=7  830円(5),1=3  220円(3)  1=7  400円(7)  3=7  310円(4) / 1=3  220円(3)  1=7  400円(7)  3=7  310円(4),6,緒方 剛  埼,玉,42,92,A2,追,3.93,0.0,,0,0.0,0.0,0.0,0,0,7,12.8,,１車身,単騎で中団,18:30
2720260503010007,keiokaku,2026-05-03,7,×3 △1 ▲5 ○7 ◎2 注4,3-1  840円(4),"3-1-7  3,280円(12)",1=3=7  830円(5),1=3  220円(3)  1=7  400円(7)  3=7  310円(4) / 1=3  220円(3)  1=7  400円(7)  3=7  310円(4),7,鶴 淳志  福,岡,25,127,A2,逃,3.92,86.35,○,5,17.6,35.2,52.9,3,2,3,12.8,,３/４車身,突張捲られ,18:30
2720260503010008,keiokaku,2026-05-03,8,◎1 ○4 △7 ×5 注2 ▲6,4-1  390円(2),4-1-7  710円(2),1=4=7  210円(1),1=4  120円(1)  1=7  180円(2)  4=7  230円(4) / 1=4  120円(1)  1=7  180円(2)  4=7  230円(4),1,吉田 晏生  埼,玉,26,123,A1,逃,3.92,86.95,◎,6,33.3,50.0,58.3,6,5,2,12.9,逃,３/４車身,ライン独占,18:55
2720260503010008,keiokaku,2026-05-03,8,◎1 ○4 △7 ×5 注2 ▲6,4-1  390円(2),4-1-7  710円(2),1=4=7  210円(1),1=4  120円(1)  1=7  180円(2)  4=7  230円(4) / 1=4  120円(1)  1=7  180円(2)  4=7  230円(4),2,佐野 恭太  静,岡,46,94,A2,両,3.92,82.59,注,2,4.5,9.0,36.3,0,1,7,13.5,,３車身,遠藤と共倒,18:55
2720260503010008,keiokaku,2026-05-03,8,◎1 ○4 △7 ×5 注2 ▲6,4-1  390円(2),4-1-7  710円(2),1=4=7  210円(1),1=4  120円(1)  1=7  180円(2)  4=7  230円(4) / 1=4  120円(1)  1=7  180円(2)  4=7  230円(4),3,野本 翔太  高,知,41,91,A1,追,3.92,83.33,▲,3,6.6,20.0,46.6,0,0,5,12.6,,３/４車輪,高山と後方,18:55
2720260503010008,keiokaku,2026-05-03,8,◎1 ○4 △7 ×5 注2 ▲6,4-1  390円(2),4-1-7  710円(2),1=4=7  210円(1),1=4  120円(1)  1=7  180円(2)  4=7  230円(4) / 1=4  120円(1)  1=7  180円(2)  4=7  230円(4),4,山崎 充央  東,京,51,79,A2,追,3.85,85.34,○,5,0.0,17.3,47.8,0,0,1,12.7,差,,番手有利に,18:55
2720260503010008,keiokaku,2026-05-03,8,◎1 ○4 △7 ×5 注2 ▲6,4-1  390円(2),4-1-7  710円(2),1=4=7  210円(1),1=4  120円(1)  1=7  180円(2)  4=7  230円(4) / 1=4  120円(1)  1=7  180円(2)  4=7  230円(4),5,遠藤 勝弥  静,岡,36,109,A1,両,3.93,85.45,×,1,4.1,29.1,45.8,2,2,6,13.2,,３車身,カマシ不発,18:55
2720260503010008,keiokaku,2026-05-03,8,◎1 ○4 △7 ×5 注2 ▲6,4-1  390円(2),4-1-7  710円(2),1=4=7  210円(1),1=4  120円(1)  1=7  180円(2)  4=7  230円(4) / 1=4  120円(1)  1=7  180円(2)  4=7  230円(4),6,高山 雄丞  愛,媛,33,109,A2,両,3.85,80.06,,0,6.6,6.6,20.0,0,1,4,12.7,,３/４車身,何もできず,18:55
2720260503010008,keiokaku,2026-05-03,8,◎1 ○4 △7 ×5 注2 ▲6,4-1  390円(2),4-1-7  710円(2),1=4=7  210円(1),1=4  120円(1)  1=7  180円(2)  4=7  230円(4) / 1=4  120円(1)  1=7  180円(2)  4=7  230円(4),7,堀 政美  茨,城,57,65,A2,追,3.93,84.95,△,4,4.7,19.0,42.8,0,0,3,12.7,,１/２車輪,前ワンツー,18:55
2720260503010009,keiokaku,2026-05-03,9,△7 ×1 ◎2 ○5 注6 ▲3,"2-3  2,740円(9)","2-3-7  11,960円(39)","2=3=7  2,700円(10)",2=3  350円(7)  2=7  240円(3)  3=7  810円(8) / 2=3  350円(7)  2=7  240円(3)  3=7  810円(8),1,岩崎 将士  青,森,43,88,A1,追,3.92,88.52,×,1,28.5,38.0,47.6,0,0,4,12.4,,１/４車輪,坂本拓続き,19:20
2720260503010009,keiokaku,2026-05-03,9,△7 ×1 ◎2 ○5 注6 ▲3,"2-3  2,740円(9)","2-3-7  11,960円(39)","2=3=7  2,700円(10)",2=3  350円(7)  2=7  240円(3)  3=7  810円(8) / 2=3  350円(7)  2=7  240円(3)  3=7  810円(8),2,成海 大聖  大,分,27,123,A1,逃,3.92,89.19,◎,6,38.0,52.3,61.9,6,3,1,12.6,逃,,正攻法突張,19:20
2720260503010009,keiokaku,2026-05-03,9,△7 ×1 ◎2 ○5 注6 ▲3,"2-3  2,740円(9)","2-3-7  11,960円(39)","2=3=7  2,700円(10)",2=3  350円(7)  2=7  240円(3)  3=7  810円(8) / 2=3  350円(7)  2=7  240円(3)  3=7  810円(8),3,梅山 英樹  群,馬,53,72,A2,追,3.92,86.52,注,2,4.7,28.5,61.9,0,0,2,12.4,差,３/４車身,前不発切替,19:20
2720260503010009,keiokaku,2026-05-03,9,△7 ×1 ◎2 ○5 注6 ▲3,"2-3  2,740円(9)","2-3-7  11,960円(39)","2=3=7  2,700円(10)",2=3  350円(7)  2=7  240円(3)  3=7  810円(8) / 2=3  350円(7)  2=7  240円(3)  3=7  810円(8),4,櫻川 雅彦  千,葉,41,99,A2,追,3.92,80.9,▲,3,4.7,9.5,19.0,0,0,失,,,,内側追抜き,19:20
2720260503010009,keiokaku,2026-05-03,9,△7 ×1 ◎2 ○5 注6 ▲3,"2-3  2,740円(9)","2-3-7  11,960円(39)","2=3=7  2,700円(10)",2=3  350円(7)  2=7  240円(3)  3=7  810円(8) / 2=3  350円(7)  2=7  240円(3)  3=7  810円(8),5,高橋 義秋  大,分,39,96,A2,両,3.92,87.5,○,5,33.3,66.6,66.6,0,0,5,12.7,,１/２車身,外張り浮く,19:20
2720260503010009,keiokaku,2026-05-03,9,△7 ×1 ◎2 ○5 注6 ▲3,"2-3  2,740円(9)","2-3-7  11,960円(39)","2=3=7  2,700円(10)",2=3  350円(7)  2=7  240円(3)  3=7  810円(8) / 2=3  350円(7)  2=7  240円(3)  3=7  810円(8),6,舟山 佑京  新,潟,28,113,A2,逃,3.92,79.95,,0,4.5,18.1,22.7,1,0,6,12.9,,２車身,カマシ不発,19:20
2720260503010009,keiokaku,2026-05-03,9,△7 ×1 ◎2 ○5 注6 ▲3,"2-3  2,740円(9)","2-3-7  11,960円(39)","2=3=7  2,700円(10)",2=3  350円(7)  2=7  240円(3)  3=7  810円(8) / 2=3  350円(7)  2=7  240円(3)  3=7  810円(8),7,坂本 拓也  福,島,40,111,A1,両,3.92,86.71,△,4,23.8,42.8,57.1,0,3,3,12.5,,３/４車身,Ｂ捲張られ,19:20
2720260503010010,keiokaku,2026-05-03,10,×1 注5 ▲7 △2 ○6 ◎4,"1-4  2,190円(6)","1-4-3  3,130円(11)",1=3=4  300円(1),1=3  250円(6)  1=4  240円(3)  3=4  110円(1) / 1=3  250円(6)  1=4  240円(3)  3=4  110円(1),1,中原 航大  岡,山,26,123,A1,逃,3.92,86.35,×,1,25.0,30.0,35.0,5,1,1,12.6,逃,,後続千切る,19:45
2720260503010010,keiokaku,2026-05-03,10,×1 注5 ▲7 △2 ○6 ◎4,"1-4  2,190円(6)","1-4-3  3,130円(11)",1=3=4  300円(1),1=3  250円(6)  1=4  240円(3)  3=4  110円(1) / 1=3  250円(6)  1=4  240円(3)  3=4  110円(1),2,神山 尚  栃,木,35,109,A1,両,3.92,82.47,△,4,10.5,15.7,26.3,1,0,7,16.8,,大差,段々と離れ,19:45
2720260503010010,keiokaku,2026-05-03,10,×1 注5 ▲7 △2 ○6 ◎4,"1-4  2,190円(6)","1-4-3  3,130円(11)",1=3=4  300円(1),1=3  250円(6)  1=4  240円(3)  3=4  110円(1) / 1=3  250円(6)  1=4  240円(3)  3=4  110円(1),3,宇佐見 優介  福,島,32,115,A2,追,3.92,90.12,◎,6,18.7,50.0,81.2,0,0,3,12.1,,１車身１/２,吉田優続き,19:45
2720260503010010,keiokaku,2026-05-03,10,×1 注5 ▲7 △2 ○6 ◎4,"1-4  2,190円(6)","1-4-3  3,130円(11)",1=3=4  300円(1),1=3  250円(6)  1=4  240円(3)  3=4  110円(1) / 1=3  250円(6)  1=4  240円(3)  3=4  110円(1),4,吉田 優斗  岩,手,26,125,A2,逃,3.92,88.38,○,5,33.3,47.6,57.1,8,2,2,12.1,捲,１車身１/２,中団捲追込,19:45
2720260503010010,keiokaku,2026-05-03,10,×1 注5 ▲7 △2 ○6 ◎4,"1-4  2,190円(6)","1-4-3  3,130円(11)",1=3=4  300円(1),1=3  250円(6)  1=4  240円(3)  3=4  110円(1) / 1=3  250円(6)  1=4  240円(3)  3=4  110円(1),5,峰重 祐之介  岡,山,36,100,A2,追,3.92,83.44,注,2,0.0,11.1,38.8,0,1,4,13.2,,６車身,自然と離れ,19:45
2720260503010010,keiokaku,2026-05-03,10,×1 注5 ▲7 △2 ○6 ◎4,"1-4  2,190円(6)","1-4-3  3,130円(11)",1=3=4  300円(1),1=3  250円(6)  1=4  240円(3)  3=4  110円(1) / 1=3  250円(6)  1=4  240円(3)  3=4  110円(1),6,大越 啓介  栃,木,37,97,A2,追,3.92,79.0,,0,4.3,13.0,21.7,0,0,6,13.7,,大差,前離れ追上,19:45
2720260503010010,keiokaku,2026-05-03,10,×1 注5 ▲7 △2 ○6 ◎4,"1-4  2,190円(6)","1-4-3  3,130円(11)",1=3=4  300円(1),1=3  250円(6)  1=4  240円(3)  3=4  110円(1) / 1=3  250円(6)  1=4  240円(3)  3=4  110円(1),7,廣川 泰昭  愛,媛,42,90,A2,追,3.92,83.2,▲,3,6.6,20.0,26.6,0,0,5,13.1,,１車身１/２,自然と一杯,19:45
2720260503010011,keiokaku,2026-05-03,11,×1 ○4 注5 ▲6 △7 ◎2,"1-3  3,520円(12)","1-3-2  21,400円(51)","1=2=3  2,790円(9)","1=2  1,820円(16)  1=3  370円(6)  2=3  320円(5) / 1=2  1,820円(16)  1=3  370円(6)  2=3  320円(5)",1,吉田 昌司  茨,城,28,111,A1,逃,3.92,92.66,×,1,22.2,50.0,66.6,6,2,1,12.0,差,,併せ一気に,20:11
2720260503010011,keiokaku,2026-05-03,11,×1 ○4 注5 ▲6 △7 ◎2,"1-3  3,520円(12)","1-3-2  21,400円(51)","1=2=3  2,790円(9)","1=2  1,820円(16)  1=3  370円(6)  2=3  320円(5) / 1=2  1,820円(16)  1=3  370円(6)  2=3  320円(5)",2,網谷 竜次  香,川,39,91,A1,追,3.92,93.53,△,4,26.6,53.3,73.3,0,0,3,12.2,,３/４車輪,番手前残り,20:11
2720260503010011,keiokaku,2026-05-03,11,×1 ○4 注5 ▲6 △7 ◎2,"1-3  3,520円(12)","1-3-2  21,400円(51)","1=2=3  2,790円(9)","1=2  1,820円(16)  1=3  370円(6)  2=3  320円(5) / 1=2  1,820円(16)  1=3  370円(6)  2=3  320円(5)",3,五十嵐 綾  福,島,25,121,A1,逃,3.92,95.85,◎,6,62.9,77.7,85.1,2,14,2,11.7,捲,１/４車輪,７番手捲り,20:11
2720260503010011,keiokaku,2026-05-03,11,×1 ○4 注5 ▲6 △7 ◎2,"1-3  3,520円(12)","1-3-2  21,400円(51)","1=2=3  2,790円(9)","1=2  1,820円(16)  1=3  370円(6)  2=3  320円(5) / 1=2  1,820円(16)  1=3  370円(6)  2=3  320円(5)",4,今井 聡  東,京,38,113,A1,追,3.92,93.1,○,5,40.0,55.0,75.0,0,2,6,12.0,,１車輪,前だけ届く,20:11
2720260503010011,keiokaku,2026-05-03,11,×1 ○4 注5 ▲6 △7 ◎2,"1-3  3,520円(12)","1-3-2  21,400円(51)","1=2=3  2,790円(9)","1=2  1,820円(16)  1=3  370円(6)  2=3  320円(5) / 1=2  1,820円(16)  1=3  370円(6)  2=3  320円(5)",5,長井 妙樹  東,京,37,96,A1,追,3.92,93.55,注,2,40.0,45.0,70.0,0,2,5,11.8,,１/４車輪,ライン続き,20:11
2720260503010011,keiokaku,2026-05-03,11,×1 ○4 注5 ▲6 △7 ◎2,"1-3  3,520円(12)","1-3-2  21,400円(51)","1=2=3  2,790円(9)","1=2  1,820円(16)  1=3  370円(6)  2=3  320円(5) / 1=2  1,820円(16)  1=3  370円(6)  2=3  320円(5)",6,稲村 好将  群,馬,50,81,A1,追,3.92,90.33,,0,19.0,52.3,66.6,0,0,7,11.9,,３/４車身,前に続いて,20:11
2720260503010011,keiokaku,2026-05-03,11,×1 ○4 注5 ▲6 △7 ◎2,"1-3  3,520円(12)","1-3-2  21,400円(51)","1=2=3  2,790円(9)","1=2  1,820円(16)  1=3  370円(6)  2=3  320円(5) / 1=2  1,820円(16)  1=3  370円(6)  2=3  320円(5)",7,曽我 圭佑  熊,本,32,113,A1,逃,3.92,92.0,▲,3,27.2,45.4,68.1,5,1,4,12.4,,１車輪,カマシ失速,20:11
3520260501030001,hiratsuka,2026-05-03,1,◎1 ○3 ▲8 △2 ×4 注7,"5-1  3,900円(12)","5-1-7  10,880円(33)",1=5=7  950円(2),1=5  380円(3)  1=7  380円(2)  5=7  400円(4) / 1=5  380円(3)  1=7  380円(2)  5=7  400円(4),1,森田 優弥  埼,玉,27,113,S1,逃,3.92,110.13,◎,6,37.5,56.2,62.5,2,6,2,11.4,捲,１/２車身,バック捲る,10:40
3520260501030001,hiratsuka,2026-05-03,1,◎1 ○3 ▲8 △2 ×4 注7,"5-1  3,900円(12)","5-1-7  10,880円(33)",1=5=7  950円(2),1=5  380円(3)  1=7  380円(2)  5=7  400円(4) / 1=5  380円(3)  1=7  380円(2)  5=7  400円(4),2,椎木尾 拓哉,和歌山,40,93,S1,追,3.92,108.13,▲,3,17.3,26.0,60.8,0,0,5,11.2,,１/２車身,切替え内藤,10:40
3520260501030001,hiratsuka,2026-05-03,1,◎1 ○3 ▲8 △2 ×4 注7,"5-1  3,900円(12)","5-1-7  10,880円(33)",1=5=7  950円(2),1=5  380円(3)  1=7  380円(2)  5=7  400円(4) / 1=5  380円(3)  1=7  380円(2)  5=7  400円(4),3,内藤 秀久,神奈川,44,89,S1,追,3.92,104.76,○,5,14.2,33.3,52.3,0,1,4,11.3,,１/４車輪,森田に離れ,10:40
3520260501030001,hiratsuka,2026-05-03,1,◎1 ○3 ▲8 △2 ×4 注7,"5-1  3,900円(12)","5-1-7  10,880円(33)",1=5=7  950円(2),1=5  380円(3)  1=7  380円(2)  5=7  400円(4) / 1=5  380円(3)  1=7  380円(2)  5=7  400円(4),4,野田 源一  福,岡,47,81,S2,両,3.92,103.35,△,4,4.7,42.8,42.8,0,4,7,11.5,,１車身１/２,仕掛け一杯,10:40
3520260501030001,hiratsuka,2026-05-03,1,◎1 ○3 ▲8 △2 ×4 注7,"5-1  3,900円(12)","5-1-7  10,880円(33)",1=5=7  950円(2),1=5  380円(3)  1=7  380円(2)  5=7  400円(4) / 1=5  380円(3)  1=7  380円(2)  5=7  400円(4),5,志智 俊夫  岐,阜,53,70,S1,追,3.92,107.4,注,2,13.0,39.1,56.5,0,1,1,11.5,差,,番手差して,10:40
3520260501030001,hiratsuka,2026-05-03,1,◎1 ○3 ▲8 △2 ×4 注7,"5-1  3,900円(12)","5-1-7  10,880円(33)",1=5=7  950円(2),1=5  380円(3)  1=7  380円(2)  5=7  400円(4) / 1=5  380円(3)  1=7  380円(2)  5=7  400円(4),6,隅田 洋介  岡,山,38,107,S1,両,3.92,0.0,,0,0.0,0.0,0.0,0,0,8,11.4,,３/４車身,晝田追えず,10:40
3520260501030001,hiratsuka,2026-05-03,1,◎1 ○3 ▲8 △2 ×4 注7,"5-1  3,900円(12)","5-1-7  10,880円(33)",1=5=7  950円(2),1=5  380円(3)  1=7  380円(2)  5=7  400円(4) / 1=5  380円(3)  1=7  380円(2)  5=7  400円(4),7,谷口 遼平  三,重,32,103,S1,逃,3.92,107.25,×,1,41.6,50.0,58.3,5,4,3,11.7,,３/４車身,赤板過先行,10:40
3520260501030001,hiratsuka,2026-05-03,1,◎1 ○3 ▲8 △2 ×4 注7,"5-1  3,900円(12)","5-1-7  10,880円(33)",1=5=7  950円(2),1=5  380円(3)  1=7  380円(2)  5=7  400円(4) / 1=5  380円(3)  1=7  380円(2)  5=7  400円(4),8,大塚 玲,神奈川,44,89,S1,追,3.92,100.95,,0,13.0,30.4,39.1,0,1,9,13.4,,大差,追えず後退,10:40
3520260501030001,hiratsuka,2026-05-03,1,◎1 ○3 ▲8 △2 ×4 注7,"5-1  3,900円(12)","5-1-7  10,880円(33)",1=5=7  950円(2),1=5  380円(3)  1=7  380円(2)  5=7  400円(4) / 1=5  380円(3)  1=7  380円(2)  5=7  400円(4),9,晝田 宗一郎  岡,山,27,115,S2,逃,3.92,104.0,,0,13.6,31.8,45.4,3,3,6,11.6,,１/８車輪,先に捲るも,10:40
3520260501030002,hiratsuka,2026-05-03,2,◎7 ○5 △1 注8 ▲2 ×6,"9-2  2,040円(7)","9-2-7  15,110円(48)","2=7=9  3,840円(14)","2=7  1,210円(17)  2=9  670円(8)  7=9  410円(5) / 2=7  1,210円(17)  2=9  670円(8)  7=9  410円(5)",1,東口 善朋,和歌山,46,85,S1,追,3.92,110.55,,0,9.5,19.0,42.8,0,0,8,11.6,,１/２車身,前と連結外,11:07
3520260501030002,hiratsuka,2026-05-03,2,◎7 ○5 △1 注8 ▲2 ×6,"9-2  2,040円(7)","9-2-7  15,110円(48)","2=7=9  3,840円(14)","2=7  1,210円(17)  2=9  670円(8)  7=9  410円(5) / 2=7  1,210円(17)  2=9  670円(8)  7=9  410円(5)",2,杉森 輝大  茨,城,43,103,S1,両,3.92,106.6,△,4,14.2,28.5,42.8,0,1,2,11.3,差,５車身,橋本付切替,11:07
3520260501030002,hiratsuka,2026-05-03,2,◎7 ○5 △1 注8 ▲2 ×6,"9-2  2,040円(7)","9-2-7  15,110円(48)","2=7=9  3,840円(14)","2=7  1,210円(17)  2=9  670円(8)  7=9  410円(5) / 2=7  1,210円(17)  2=9  670円(8)  7=9  410円(5)",3,和田 健太郎  千,葉,44,87,S1,追,3.93,111.33,注,2,13.6,31.8,40.9,0,1,7,11.5,,１/２車輪,小原マーク,11:07
3520260501030002,hiratsuka,2026-05-03,2,◎7 ○5 △1 注8 ▲2 ×6,"9-2  2,040円(7)","9-2-7  15,110円(48)","2=7=9  3,840円(14)","2=7  1,210円(17)  2=9  670円(8)  7=9  410円(5) / 2=7  1,210円(17)  2=9  670円(8)  7=9  410円(5)",4,松岡 辰泰  熊,本,29,117,S1,逃,3.92,106.52,▲,3,9.5,19.0,33.3,0,1,5,11.2,,３/４車身,後方伸びて,11:07
3520260501030002,hiratsuka,2026-05-03,2,◎7 ○5 △1 注8 ▲2 ×6,"9-2  2,040円(7)","9-2-7  15,110円(48)","2=7=9  3,840円(14)","2=7  1,210円(17)  2=9  670円(8)  7=9  410円(5) / 2=7  1,210円(17)  2=9  670円(8)  7=9  410円(5)",5,村田 雅一  兵,庫,41,90,S1,追,3.92,109.68,○,5,13.6,36.3,45.4,0,0,4,11.5,,１車輪,小原を牽制,11:07
3520260501030002,hiratsuka,2026-05-03,2,◎7 ○5 △1 注8 ▲2 ×6,"9-2  2,040円(7)","9-2-7  15,110円(48)","2=7=9  3,840円(14)","2=7  1,210円(17)  2=9  670円(8)  7=9  410円(5) / 2=7  1,210円(17)  2=9  670円(8)  7=9  410円(5)",6,小原 佑太  青,森,30,115,S1,逃,3.92,104.54,,0,16.6,29.1,37.5,4,2,6,11.6,,１車身１/２,捲り阻まれ,11:07
3520260501030002,hiratsuka,2026-05-03,2,◎7 ○5 △1 注8 ▲2 ×6,"9-2  2,040円(7)","9-2-7  15,110円(48)","2=7=9  3,840円(14)","2=7  1,210円(17)  2=9  670円(8)  7=9  410円(5) / 2=7  1,210円(17)  2=9  670円(8)  7=9  410円(5)",7,皿屋 豊  三,重,43,111,S1,両,3.92,109.61,◎,6,28.5,47.6,57.1,2,4,3,11.6,,３/４車輪,叩き捲られ,11:07
3520260501030002,hiratsuka,2026-05-03,2,◎7 ○5 △1 注8 ▲2 ×6,"9-2  2,040円(7)","9-2-7  15,110円(48)","2=7=9  3,840円(14)","2=7  1,210円(17)  2=9  670円(8)  7=9  410円(5) / 2=7  1,210円(17)  2=9  670円(8)  7=9  410円(5)",8,橋本 壮史  茨,城,31,119,S2,逃,3.92,105.33,,0,14.2,33.3,57.1,5,2,9,12.1,,４車身,叩けず後退,11:07
3520260501030002,hiratsuka,2026-05-03,2,◎7 ○5 △1 注8 ▲2 ×6,"9-2  2,040円(7)","9-2-7  15,110円(48)","2=7=9  3,840円(14)","2=7  1,210円(17)  2=9  670円(8)  7=9  410円(5) / 2=7  1,210円(17)  2=9  670円(8)  7=9  410円(5)",9,河端 朋之  岡,山,41,95,S1,逃,3.93,109.13,×,1,27.7,41.6,50.0,1,8,1,11.1,捲,,バック捲る,11:07
3520260501030003,hiratsuka,2026-05-03,3,×4 ▲2 ◎8 ○1 注7 △3,"2-7  2,020円(8)","2-7-9  7,830円(26)","2=7=9  1,430円(5)",2=7  410円(7)  2=9  210円(1)  7=9  530円(8) / 2=7  410円(7)  2=9  210円(1)  7=9  530円(8),1,後藤 大輝  福,岡,25,121,S1,逃,3.92,107.57,◎,6,26.3,52.6,57.8,9,1,7,12.1,,１/２車輪,捲り阻まれ,11:35
3520260501030003,hiratsuka,2026-05-03,3,×4 ▲2 ◎8 ○1 注7 △3,"2-7  2,020円(8)","2-7-9  7,830円(26)","2=7=9  1,430円(5)",2=7  410円(7)  2=9  210円(1)  7=9  530円(8) / 2=7  410円(7)  2=9  210円(1)  7=9  530円(8),2,金子 幸央  栃,木,33,101,S2,両,3.92,111.61,×,1,44.4,61.1,77.7,1,3,1,11.6,捲,,番手捲りで,11:35
3520260501030003,hiratsuka,2026-05-03,3,×4 ▲2 ◎8 ○1 注7 △3,"2-7  2,020円(8)","2-7-9  7,830円(26)","2=7=9  1,430円(5)",2=7  410円(7)  2=9  210円(1)  7=9  530円(8) / 2=7  410円(7)  2=9  210円(1)  7=9  530円(8),3,脇本 勇希  福,井,27,115,S1,逃,3.92,106.63,注,2,15.7,26.3,47.3,1,3,8,11.8,,１車身,叩けず後退,11:35
3520260501030003,hiratsuka,2026-05-03,3,×4 ▲2 ◎8 ○1 注7 △3,"2-7  2,020円(8)","2-7-9  7,830円(26)","2=7=9  1,430円(5)",2=7  410円(7)  2=9  210円(1)  7=9  530円(8) / 2=7  410円(7)  2=9  210円(1)  7=9  530円(8),4,寺沼 拓摩  東,京,27,115,S2,両,3.93,102.8,,0,13.3,26.6,33.3,2,1,9,13.2,,大差,突張り先行,11:35
3520260501030003,hiratsuka,2026-05-03,3,×4 ▲2 ◎8 ○1 注7 △3,"2-7  2,020円(8)","2-7-9  7,830円(26)","2=7=9  1,430円(5)",2=7  410円(7)  2=9  210円(1)  7=9  530円(8) / 2=7  410円(7)  2=9  210円(1)  7=9  530円(8),5,西村 光太  三,重,40,96,S1,追,3.92,103.58,,0,0.0,24.0,36.0,0,2,5,11.5,,１車身１/２,目標はぐれ,11:35
3520260501030003,hiratsuka,2026-05-03,3,×4 ▲2 ◎8 ○1 注7 △3,"2-7  2,020円(8)","2-7-9  7,830円(26)","2=7=9  1,430円(5)",2=7  410円(7)  2=9  210円(1)  7=9  530円(8) / 2=7  410円(7)  2=9  210円(1)  7=9  530円(8),6,小堺 浩二  石,川,43,91,S2,両,3.92,102.38,,0,26.4,35.2,55.8,0,9,4,11.6,,１車輪,捲り上げも,11:35
3520260501030003,hiratsuka,2026-05-03,3,×4 ▲2 ◎8 ○1 注7 △3,"2-7  2,020円(8)","2-7-9  7,830円(26)","2=7=9  1,430円(5)",2=7  410円(7)  2=9  210円(1)  7=9  530円(8) / 2=7  410円(7)  2=9  210円(1)  7=9  530円(8),7,柏野 智典  岡,山,47,88,S1,追,3.92,107.22,○,5,18.5,29.6,48.1,0,0,2,11.5,差,３/４車身,後藤付切替,11:35
3520260501030003,hiratsuka,2026-05-03,3,×4 ▲2 ◎8 ○1 注7 △3,"2-7  2,020円(8)","2-7-9  7,830円(26)","2=7=9  1,430円(5)",2=7  410円(7)  2=9  210円(1)  7=9  530円(8) / 2=7  410円(7)  2=9  210円(1)  7=9  530円(8),8,武田 豊樹  茨,城,52,88,S2,追,3.92,102.55,▲,3,14.2,23.8,47.6,0,0,6,11.8,,２車身,絡まれ後退,11:35
3520260501030003,hiratsuka,2026-05-03,3,×4 ▲2 ◎8 ○1 注7 △3,"2-7  2,020円(8)","2-7-9  7,830円(26)","2=7=9  1,430円(5)",2=7  410円(7)  2=9  210円(1)  7=9  530円(8) / 2=7  410円(7)  2=9  210円(1)  7=9  530円(8),9,稲川 翔  大,阪,41,90,S2,両,3.93,111.86,△,4,4.5,59.0,68.1,0,0,3,11.7,,３/４車身,切替金子追,11:35
3520260501030004,hiratsuka,2026-05-03,4,◎1 △6 ×9 ○2 ▲7 注8,"7-9  15,130円(41)","7-9-2  34,090円(117)",2=7=9  670円(1),2=7  340円(3)  2=9  200円(1)  7=9  560円(8) / 2=7  340円(3)  2=9  200円(1)  7=9  560円(8),1,佐々木 豪  愛,媛,30,109,S1,逃,3.92,110.11,◎,6,11.1,33.3,44.4,1,3,5,11.6,,１/２車輪,捲るも末欠,12:11
3520260501030004,hiratsuka,2026-05-03,4,◎1 △6 ×9 ○2 ▲7 注8,"7-9  15,130円(41)","7-9-2  34,090円(117)",2=7=9  670円(1),2=7  340円(3)  2=9  200円(1)  7=9  560円(8) / 2=7  340円(3)  2=9  200円(1)  7=9  560円(8),2,渡邉 豪大  福,岡,36,107,S2,追,3.92,108.61,○,5,16.6,33.3,50.0,0,1,3,11.3,,１/４車輪,北津留続き,12:11
3520260501030004,hiratsuka,2026-05-03,4,◎1 △6 ×9 ○2 ▲7 注8,"7-9  15,130円(41)","7-9-2  34,090円(117)",2=7=9  670円(1),2=7  340円(3)  2=9  200円(1)  7=9  560円(8) / 2=7  340円(3)  2=9  200円(1)  7=9  560円(8),3,須永 優太  福,島,37,94,S1,追,3.92,105.72,注,2,28.0,40.0,60.0,0,0,7,11.5,,１/４車輪,末木付切替,12:11
3520260501030004,hiratsuka,2026-05-03,4,◎1 △6 ×9 ○2 ▲7 注8,"7-9  15,130円(41)","7-9-2  34,090円(117)",2=7=9  670円(1),2=7  340円(3)  2=9  200円(1)  7=9  560円(8) / 2=7  340円(3)  2=9  200円(1)  7=9  560円(8),4,海老根 恵太  千,葉,48,86,S2,追,3.92,102.4,,0,13.0,34.7,39.1,0,0,9,11.7,,２車身,外に膨れて,12:11
3520260501030004,hiratsuka,2026-05-03,4,◎1 △6 ×9 ○2 ▲7 注8,"7-9  15,130円(41)","7-9-2  34,090円(117)",2=7=9  670円(1),2=7  340円(3)  2=9  200円(1)  7=9  560円(8) / 2=7  340円(3)  2=9  200円(1)  7=9  560円(8),5,山本 伸一  奈,良,43,101,S1,両,3.92,107.13,,0,26.0,39.1,47.8,0,0,8,11.7,,２車身,捲り阻まれ,12:11
3520260501030004,hiratsuka,2026-05-03,4,◎1 △6 ×9 ○2 ▲7 注8,"7-9  15,130円(41)","7-9-2  34,090円(117)",2=7=9  670円(1),2=7  340円(3)  2=9  200円(1)  7=9  560円(8) / 2=7  340円(3)  2=9  200円(1)  7=9  560円(8),6,阿竹 智史  徳,島,44,90,S1,両,3.92,0.0,△,4,0.0,0.0,0.0,0,0,4,11.1,,１/８車輪,追えず立直,12:11
3520260501030004,hiratsuka,2026-05-03,4,◎1 △6 ×9 ○2 ▲7 注8,"7-9  15,130円(41)","7-9-2  34,090円(117)",2=7=9  670円(1),2=7  340円(3)  2=9  200円(1)  7=9  560円(8) / 2=7  340円(3)  2=9  200円(1)  7=9  560円(8),7,松岡 貴久  熊,本,41,90,S1,追,3.92,104.34,▲,3,0.0,4.1,33.3,0,0,1,11.2,差,,３番手突抜,12:11
3520260501030004,hiratsuka,2026-05-03,4,◎1 △6 ×9 ○2 ▲7 注8,"7-9  15,130円(41)","7-9-2  34,090円(117)",2=7=9  670円(1),2=7  340円(3)  2=9  200円(1)  7=9  560円(8) / 2=7  340円(3)  2=9  200円(1)  7=9  560円(8),8,末木 浩二  山,梨,34,109,S1,両,3.92,102.0,,0,20.8,25.0,33.3,0,6,6,11.2,,２車身,仕掛られず,12:11
3520260501030004,hiratsuka,2026-05-03,4,◎1 △6 ×9 ○2 ▲7 注8,"7-9  15,130円(41)","7-9-2  34,090円(117)",2=7=9  670円(1),2=7  340円(3)  2=9  200円(1)  7=9  560円(8) / 2=7  340円(3)  2=9  200円(1)  7=9  560円(8),9,北津留 翼  福,岡,41,90,S1,逃,3.93,108.76,×,1,28.5,42.8,42.8,1,3,2,11.4,差,１/２車輪,叩かれ差返,12:11
3520260501030005,hiratsuka,2026-05-03,5,◎1 ○7 ×8 注2 △4 ▲3,"7-8  1,550円(4)","7-8-9  5,570円(4)","7=8=9  2,430円(9)","7=8  450円(5)  7=9  430円(4)  8=9  1,130円(17) / 7=8  450円(5)  7=9  430円(4)  8=9  1,130円(17)",1,簗田 一輝  静,岡,30,107,S1,両,3.92,109.6,◎,6,6.6,33.3,46.6,0,0,9,12.2,,４車身,打鐘前先行,12:42
3520260501030005,hiratsuka,2026-05-03,5,◎1 ○7 ×8 注2 △4 ▲3,"7-8  1,550円(4)","7-8-9  5,570円(4)","7=8=9  2,430円(9)","7=8  450円(5)  7=9  430円(4)  8=9  1,130円(17) / 7=8  450円(5)  7=9  430円(4)  8=9  1,130円(17)",2,三谷 竜生  奈,良,38,101,S1,両,3.92,107.68,×,1,11.7,35.2,35.2,0,2,5,11.5,,１/２車輪,捲り併せれ,12:42
3520260501030005,hiratsuka,2026-05-03,5,◎1 ○7 ×8 注2 △4 ▲3,"7-8  1,550円(4)","7-8-9  5,570円(4)","7=8=9  2,430円(9)","7=8  450円(5)  7=9  430円(4)  8=9  1,130円(17) / 7=8  450円(5)  7=9  430円(4)  8=9  1,130円(17)",3,内藤 宣彦  秋,田,55,67,S1,追,3.92,107.39,,0,8.3,20.8,45.8,0,1,6,11.3,,３/４車身,中井を追う,12:42
3520260501030005,hiratsuka,2026-05-03,5,◎1 ○7 ×8 注2 △4 ▲3,"7-8  1,550円(4)","7-8-9  5,570円(4)","7=8=9  2,430円(9)","7=8  450円(5)  7=9  430円(4)  8=9  1,130円(17) / 7=8  450円(5)  7=9  430円(4)  8=9  1,130円(17)",4,中井 太祐  奈,良,36,97,S1,両,3.92,107.22,注,2,25.9,37.0,51.8,0,4,4,11.3,,１/４車輪,三谷マーク,12:42
3520260501030005,hiratsuka,2026-05-03,5,◎1 ○7 ×8 注2 △4 ▲3,"7-8  1,550円(4)","7-8-9  5,570円(4)","7=8=9  2,430円(9)","7=8  450円(5)  7=9  430円(4)  8=9  1,130円(17) / 7=8  450円(5)  7=9  430円(4)  8=9  1,130円(17)",5,大槻 寛徳  宮,城,46,85,S1,追,3.92,110.18,,0,17.6,58.8,76.4,0,1,8,11.3,,２車身,原田と共倒,12:42
3520260501030005,hiratsuka,2026-05-03,5,◎1 ○7 ×8 注2 △4 ▲3,"7-8  1,550円(4)","7-8-9  5,570円(4)","7=8=9  2,430円(9)","7=8  450円(5)  7=9  430円(4)  8=9  1,130円(17) / 7=8  450円(5)  7=9  430円(4)  8=9  1,130円(17)",6,原田 研太朗  徳,島,35,98,S1,逃,3.93,103.0,▲,3,24.2,27.2,51.5,3,4,7,11.2,,３/４車身,叩かれ捲れ,12:42
3520260501030005,hiratsuka,2026-05-03,5,◎1 ○7 ×8 注2 △4 ▲3,"7-8  1,550円(4)","7-8-9  5,570円(4)","7=8=9  2,430円(9)","7=8  450円(5)  7=9  430円(4)  8=9  1,130円(17) / 7=8  450円(5)  7=9  430円(4)  8=9  1,130円(17)",7,嶋津 拓弥,神奈川,40,103,S1,追,3.92,108.8,○,5,26.9,42.3,57.6,0,0,1,11.2,捲,,番手捲りで,12:42
3520260501030005,hiratsuka,2026-05-03,5,◎1 ○7 ×8 注2 △4 ▲3,"7-8  1,550円(4)","7-8-9  5,570円(4)","7=8=9  2,430円(9)","7=8  450円(5)  7=9  430円(4)  8=9  1,130円(17) / 7=8  450円(5)  7=9  430円(4)  8=9  1,130円(17)",8,松坂 洋平,神奈川,43,89,S1,両,3.92,106.68,,0,5.2,26.3,52.6,0,0,2,11.2,ク,３/４車身,嶋津マーク,12:42
3520260501030005,hiratsuka,2026-05-03,5,◎1 ○7 ×8 注2 △4 ▲3,"7-8  1,550円(4)","7-8-9  5,570円(4)","7=8=9  2,430円(9)","7=8  450円(5)  7=9  430円(4)  8=9  1,130円(17) / 7=8  450円(5)  7=9  430円(4)  8=9  1,130円(17)",9,和田 圭  宮,城,40,92,S1,追,3.92,109.34,△,4,26.0,43.4,60.8,0,0,3,11.2,,１車身,南関勢追う,12:42
3520260501030006,hiratsuka,2026-05-03,6,◎5 ○2 ×9 △1 注7 ▲4,"4-1  22,040円(50)","4-1-5  253,710円(363)","1=4=5  17,610円(44)","1=4  1,720円(19)  1=5  590円(8)  4=5  2,610円(26) / 1=4  1,720円(19)  1=5  590円(8)  4=5  2,610円(26)",1,守澤 太志  秋,田,40,96,S1,追,3.92,110.33,×,1,15.0,45.0,60.0,0,0,2,12.1,差,３/４車身,捲り上げて,13:13
3520260501030006,hiratsuka,2026-05-03,6,◎5 ○2 ×9 △1 注7 ▲4,"4-1  22,040円(50)","4-1-5  253,710円(363)","1=4=5  17,610円(44)","1=4  1,720円(19)  1=5  590円(8)  4=5  2,610円(26) / 1=4  1,720円(19)  1=5  590円(8)  4=5  2,610円(26)",2,山形 一気  徳,島,37,96,S1,追,3.92,108.44,○,5,5.0,35.0,55.0,0,0,8,12.4,,３/４車身,番手絡まれ,13:13
3520260501030006,hiratsuka,2026-05-03,6,◎5 ○2 ×9 △1 注7 ▲4,"4-1  22,040円(50)","4-1-5  253,710円(363)","1=4=5  17,610円(44)","1=4  1,720円(19)  1=5  590円(8)  4=5  2,610円(26) / 1=4  1,720円(19)  1=5  590円(8)  4=5  2,610円(26)",3,山田 諒  岐,阜,27,113,S1,両,3.86,108.05,注,2,36.8,57.8,57.8,3,3,4,12.3,,１/２車身,叩れ飛付く,13:13
3520260501030006,hiratsuka,2026-05-03,6,◎5 ○2 ×9 △1 注7 ▲4,"4-1  22,040円(50)","4-1-5  253,710円(363)","1=4=5  17,610円(44)","1=4  1,720円(19)  1=5  590円(8)  4=5  2,610円(26) / 1=4  1,720円(19)  1=5  590円(8)  4=5  2,610円(26)",4,伏見 俊昭  福,島,50,75,S1,追,3.92,104.54,,0,13.6,22.7,31.8,0,0,1,11.8,差,,外を一気に,13:13
3520260501030006,hiratsuka,2026-05-03,6,◎5 ○2 ×9 △1 注7 ▲4,"4-1  22,040円(50)","4-1-5  253,710円(363)","1=4=5  17,610円(44)","1=4  1,720円(19)  1=5  590円(8)  4=5  2,610円(26) / 1=4  1,720円(19)  1=5  590円(8)  4=5  2,610円(26)",5,阿部 将大  大,分,29,117,S1,逃,3.93,112.0,◎,6,61.5,69.2,69.2,1,7,3,12.4,,１車身１/２,打鐘過叩く,13:13
3520260501030006,hiratsuka,2026-05-03,6,◎5 ○2 ×9 △1 注7 ▲4,"4-1  22,040円(50)","4-1-5  253,710円(363)","1=4=5  17,610円(44)","1=4  1,720円(19)  1=5  590円(8)  4=5  2,610円(26) / 1=4  1,720円(19)  1=5  590円(8)  4=5  2,610円(26)",6,笠松 信幸  愛,知,46,84,S1,追,3.92,102.47,▲,3,5.8,11.7,29.4,0,0,7,12.2,,３/４車輪,山田マーク,13:13
3520260501030006,hiratsuka,2026-05-03,6,◎5 ○2 ×9 △1 注7 ▲4,"4-1  22,040円(50)","4-1-5  253,710円(363)","1=4=5  17,610円(44)","1=4  1,720円(19)  1=5  590円(8)  4=5  2,610円(26) / 1=4  1,720円(19)  1=5  590円(8)  4=5  2,610円(26)",7,成田 和也  福,島,47,88,S1,追,3.92,112.28,△,4,13.3,46.6,46.6,0,1,5,12.2,,微差,久米と絡む,13:13
3520260501030006,hiratsuka,2026-05-03,6,◎5 ○2 ×9 △1 注7 ▲4,"4-1  22,040円(50)","4-1-5  253,710円(363)","1=4=5  17,610円(44)","1=4  1,720円(19)  1=5  590円(8)  4=5  2,610円(26) / 1=4  1,720円(19)  1=5  590円(8)  4=5  2,610円(26)",8,近藤 保  千,葉,43,95,S1,追,3.92,104.13,,0,17.3,30.4,56.5,0,0,9,13.3,,７車身,捲るも一杯,13:13
3520260501030006,hiratsuka,2026-05-03,6,◎5 ○2 ×9 △1 注7 ▲4,"4-1  22,040円(50)","4-1-5  253,710円(363)","1=4=5  17,610円(44)","1=4  1,720円(19)  1=5  590円(8)  4=5  2,610円(26) / 1=4  1,720円(19)  1=5  590円(8)  4=5  2,610円(26)",9,久米 良  徳,島,38,96,S1,追,3.92,105.79,,0,8.3,16.6,33.3,0,0,6,12.2,,３/４車輪,成田と絡む,13:13
3520260501030007,hiratsuka,2026-05-03,7,○1 ◎9 ×7 △2 ▲3 注4,"7-1  7,110円(21)","7-1-3  83,850円(189)","1=3=7  12,030円(39)","1=3  1,070円(14)  1=7  810円(8)  3=7  2,100円(26) / 1=3  1,070円(14)  1=7  810円(8)  3=7  2,100円(26)",1,石原 颯  香,川,26,117,S1,逃,3.92,112.47,○,5,29.4,64.7,64.7,9,2,2,11.5,捲,１/２車輪,一角捲って,13:50
3520260501030007,hiratsuka,2026-05-03,7,○1 ◎9 ×7 △2 ▲3 注4,"7-1  7,110円(21)","7-1-3  83,850円(189)","1=3=7  12,030円(39)","1=3  1,070円(14)  1=7  810円(8)  3=7  2,100円(26) / 1=3  1,070円(14)  1=7  810円(8)  3=7  2,100円(26)",2,小原 太樹,神奈川,37,95,S1,追,3.92,111.63,△,4,21.7,30.4,52.1,0,0,8,11.7,,３/４車身,松井に遅れ,13:50
3520260501030007,hiratsuka,2026-05-03,7,○1 ◎9 ×7 △2 ▲3 注4,"7-1  7,110円(21)","7-1-3  83,850円(189)","1=3=7  12,030円(39)","1=3  1,070円(14)  1=7  810円(8)  3=7  2,100円(26) / 1=3  1,070円(14)  1=7  810円(8)  3=7  2,100円(26)",3,菊池 岳仁  長,野,25,117,S1,逃,3.92,109.5,▲,3,7.1,28.5,35.7,4,0,3,11.4,,３/４車身,赤板過先行,13:50
3520260501030007,hiratsuka,2026-05-03,7,○1 ◎9 ×7 △2 ▲3 注4,"7-1  7,110円(21)","7-1-3  83,850円(189)","1=3=7  12,030円(39)","1=3  1,070円(14)  1=7  810円(8)  3=7  2,100円(26) / 1=3  1,070円(14)  1=7  810円(8)  3=7  2,100円(26)",4,諸橋 愛  新,潟,48,79,S1,追,3.92,107.58,,0,5.5,22.2,33.3,0,0,4,11.3,,３/４車身,菊池マーク,13:50
3520260501030007,hiratsuka,2026-05-03,7,○1 ◎9 ×7 △2 ▲3 注4,"7-1  7,110円(21)","7-1-3  83,850円(189)","1=3=7  12,030円(39)","1=3  1,070円(14)  1=7  810円(8)  3=7  2,100円(26) / 1=3  1,070円(14)  1=7  810円(8)  3=7  2,100円(26)",5,佐藤 一伸  福,島,38,94,S1,両,3.92,107.68,,0,40.0,48.0,72.0,1,8,5,11.2,,３/４車輪,仕掛られず,13:50
3520260501030007,hiratsuka,2026-05-03,7,○1 ◎9 ×7 △2 ▲3 注4,"7-1  7,110円(21)","7-1-3  83,850円(189)","1=3=7  12,030円(39)","1=3  1,070円(14)  1=7  810円(8)  3=7  2,100円(26) / 1=3  1,070円(14)  1=7  810円(8)  3=7  2,100円(26)",6,雨谷 一樹  栃,木,36,96,S1,両,3.92,106.28,注,2,4.0,32.0,36.0,0,0,7,11.5,,２車身,小原追うも,13:50
3520260501030007,hiratsuka,2026-05-03,7,○1 ◎9 ×7 △2 ▲3 注4,"7-1  7,110円(21)","7-1-3  83,850円(189)","1=3=7  12,030円(39)","1=3  1,070円(14)  1=7  810円(8)  3=7  2,100円(26) / 1=3  1,070円(14)  1=7  810円(8)  3=7  2,100円(26)",7,松井 宏佑,神奈川,33,113,S1,逃,3.92,106.89,×,1,10.5,26.3,36.8,2,2,1,11.4,捲,,バック捲る,13:50
3520260501030007,hiratsuka,2026-05-03,7,○1 ◎9 ×7 △2 ▲3 注4,"7-1  7,110円(21)","7-1-3  83,850円(189)","1=3=7  12,030円(39)","1=3  1,070円(14)  1=7  810円(8)  3=7  2,100円(26) / 1=3  1,070円(14)  1=7  810円(8)  3=7  2,100円(26)",8,飯野 祐太  福,島,41,90,S1,両,3.92,106.84,,0,19.2,42.3,61.5,0,0,6,11.3,,３/４車身,佐藤と共倒,13:50
3520260501030007,hiratsuka,2026-05-03,7,○1 ◎9 ×7 △2 ▲3 注4,"7-1  7,110円(21)","7-1-3  83,850円(189)","1=3=7  12,030円(39)","1=3  1,070円(14)  1=7  810円(8)  3=7  2,100円(26) / 1=3  1,070円(14)  1=7  810円(8)  3=7  2,100円(26)",9,松本 貴治  愛,媛,32,111,S1,両,3.92,114.75,◎,6,41.1,70.5,70.5,1,5,9,12.7,,大差,接触し故障,13:50
3520260501030008,hiratsuka,2026-05-03,8,注1 ○5 ◎9 △2 ×7 ▲4,"2-7  1,460円(5)","2-7-3  5,220円(10)",2=3=7  660円(1),2=3  360円(4)  2=7  160円(1)  3=7  200円(2) / 2=3  360円(4)  2=7  160円(1)  3=7  200円(2),1,岩本 俊介  千,葉,42,94,S1,両,3.92,109.05,,0,30.0,45.0,50.0,5,1,5,10.8,,３/４車輪,仕掛られず,14:27
3520260501030008,hiratsuka,2026-05-03,8,注1 ○5 ◎9 △2 ×7 ▲4,"2-7  1,460円(5)","2-7-3  5,220円(10)",2=3=7  660円(1),2=3  360円(4)  2=7  160円(1)  3=7  200円(2) / 2=3  360円(4)  2=7  160円(1)  3=7  200円(2),2,山崎 賢人  長,崎,33,111,S1,逃,3.93,112.63,○,5,31.8,59.0,63.6,6,5,1,10.9,捲,,バック捲る,14:27
3520260501030008,hiratsuka,2026-05-03,8,注1 ○5 ◎9 △2 ×7 ▲4,"2-7  1,460円(5)","2-7-3  5,220円(10)",2=3=7  660円(1),2=3  360円(4)  2=7  160円(1)  3=7  200円(2) / 2=3  360円(4)  2=7  160円(1)  3=7  200円(2),3,新田 祐大  福,島,40,90,S1,両,3.92,113.47,×,1,10.5,26.3,52.6,0,4,3,11.0,,３/４車輪,番手捲りも,14:27
3520260501030008,hiratsuka,2026-05-03,8,注1 ○5 ◎9 △2 ×7 ▲4,"2-7  1,460円(5)","2-7-3  5,220円(10)",2=3=7  660円(1),2=3  360円(4)  2=7  160円(1)  3=7  200円(2) / 2=3  360円(4)  2=7  160円(1)  3=7  200円(2),4,塚本 大樹  熊,本,37,96,S1,追,3.93,107.7,△,4,11.1,22.2,27.7,0,0,8,11.0,,５車身,前を追えず,14:27
3520260501030008,hiratsuka,2026-05-03,8,注1 ○5 ◎9 △2 ×7 ▲4,"2-7  1,460円(5)","2-7-3  5,220円(10)",2=3=7  660円(1),2=3  360円(4)  2=7  160円(1)  3=7  200円(2) / 2=3  360円(4)  2=7  160円(1)  3=7  200円(2),5,松谷 秀幸,神奈川,43,96,S1,追,3.93,111.4,注,2,23.5,35.2,47.0,0,0,4,10.7,,１/２車輪,岩本マーク,14:27
3520260501030008,hiratsuka,2026-05-03,8,注1 ○5 ◎9 △2 ×7 ▲4,"2-7  1,460円(5)","2-7-3  5,220円(10)",2=3=7  660円(1),2=3  360円(4)  2=7  160円(1)  3=7  200円(2) / 2=3  360円(4)  2=7  160円(1)  3=7  200円(2),6,酒井 雄多  福,島,30,109,S1,逃,3.92,0.0,,0,0.0,0.0,0.0,0,0,9,12.0,,３車身,突張り先行,14:27
3520260501030008,hiratsuka,2026-05-03,8,注1 ○5 ◎9 △2 ×7 ▲4,"2-7  1,460円(5)","2-7-3  5,220円(10)",2=3=7  660円(1),2=3  360円(4)  2=7  160円(1)  3=7  200円(2) / 2=3  360円(4)  2=7  160円(1)  3=7  200円(2),7,山田 庸平  佐,賀,38,94,S1,両,3.93,113.05,◎,6,38.8,44.4,61.1,0,5,2,10.8,ク,１車輪,山崎マーク,14:27
3520260501030008,hiratsuka,2026-05-03,8,注1 ○5 ◎9 △2 ×7 ▲4,"2-7  1,460円(5)","2-7-3  5,220円(10)",2=3=7  660円(1),2=3  360円(4)  2=7  160円(1)  3=7  200円(2) / 2=3  360円(4)  2=7  160円(1)  3=7  200円(2),8,佐々木 雄一  福,島,46,83,S1,追,3.92,102.88,▲,3,24.0,28.0,52.0,0,1,7,11.0,,１/２車身,新田追って,14:27
3520260501030008,hiratsuka,2026-05-03,8,注1 ○5 ◎9 △2 ×7 ▲4,"2-7  1,460円(5)","2-7-3  5,220円(10)",2=3=7  660円(1),2=3  360円(4)  2=7  160円(1)  3=7  200円(2) / 2=3  360円(4)  2=7  160円(1)  3=7  200円(2),9,佐々木 眞也,神奈川,31,117,S1,両,3.92,109.75,,0,16.6,41.6,50.0,0,0,6,10.6,,１/２車身,松谷マーク,14:27
3520260501030009,hiratsuka,2026-05-03,9,◎1 ○5 △2 ×7 注3 ▲6,"9-7  3,040円(13)","9-7-2  13,220円(36)","2=7=9  1,690円(4)",2=7  280円(2)  2=9  750円(12)  7=9  510円(6) / 2=7  280円(2)  2=9  750円(12)  7=9  510円(6),1,嘉永 泰斗  熊,本,28,113,SS,逃,3.92,115.3,◎,6,33.3,46.6,53.3,0,7,4,11.2,,１/２車輪,捲り上げも,15:04
3520260501030009,hiratsuka,2026-05-03,9,◎1 ○5 △2 ×7 注3 ▲6,"9-7  3,040円(13)","9-7-2  13,220円(36)","2=7=9  1,690円(4)",2=7  280円(2)  2=9  750円(12)  7=9  510円(6) / 2=7  280円(2)  2=9  750円(12)  7=9  510円(6),2,新山 響平  青,森,32,107,S1,逃,3.92,113.59,△,4,54.5,72.7,77.2,8,7,3,11.4,,１車輪,突張り先行,15:04
3520260501030009,hiratsuka,2026-05-03,9,◎1 ○5 △2 ×7 注3 ▲6,"9-7  3,040円(13)","9-7-2  13,220円(36)","2=7=9  1,690円(4)",2=7  280円(2)  2=9  750円(12)  7=9  510円(6) / 2=7  280円(2)  2=9  750円(12)  7=9  510円(6),3,渡邉 雅也  静,岡,25,117,S1,両,3.92,111.18,注,2,33.3,55.5,66.6,0,5,8,11.4,,１/２車輪,捲上げ一杯,15:04
3520260501030009,hiratsuka,2026-05-03,9,◎1 ○5 △2 ×7 注3 ▲6,"9-7  3,040円(13)","9-7-2  13,220円(36)","2=7=9  1,690円(4)",2=7  280円(2)  2=9  750円(12)  7=9  510円(6) / 2=7  280円(2)  2=9  750円(12)  7=9  510円(6),4,神山 拓弥  栃,木,39,91,S1,追,3.92,108.87,,0,28.0,32.0,44.0,0,0,5,11.1,,１/２車身,前と連結外,15:04
3520260501030009,hiratsuka,2026-05-03,9,◎1 ○5 △2 ×7 注3 ▲6,"9-7  3,040円(13)","9-7-2  13,220円(36)","2=7=9  1,690円(4)",2=7  280円(2)  2=9  750円(12)  7=9  510円(6) / 2=7  280円(2)  2=9  750円(12)  7=9  510円(6),5,園田 匠  福,岡,44,87,S1,追,3.92,110.04,○,5,11.5,23.0,46.1,0,0,6,10.9,,１/２車身,嘉永追えず,15:04
3520260501030009,hiratsuka,2026-05-03,9,◎1 ○5 △2 ×7 注3 ▲6,"9-7  3,040円(13)","9-7-2  13,220円(36)","2=7=9  1,690円(4)",2=7  280円(2)  2=9  750円(12)  7=9  510円(6) / 2=7  280円(2)  2=9  750円(12)  7=9  510円(6),6,道場 晃規  静,岡,28,117,S1,逃,3.92,106.0,,0,28.5,38.0,52.3,0,5,7,11.3,,３/４車輪,渡邉と共倒,15:04
3520260501030009,hiratsuka,2026-05-03,9,◎1 ○5 △2 ×7 注3 ▲6,"9-7  3,040円(13)","9-7-2  13,220円(36)","2=7=9  1,690円(4)",2=7  280円(2)  2=9  750円(12)  7=9  510円(6) / 2=7  280円(2)  2=9  750円(12)  7=9  510円(6),7,菅田 壱道  宮,城,39,91,S1,両,3.92,114.68,×,1,17.6,35.2,52.9,0,1,2,11.2,差,１車身,新山マーク,15:04
3520260501030009,hiratsuka,2026-05-03,9,◎1 ○5 △2 ×7 注3 ▲6,"9-7  3,040円(13)","9-7-2  13,220円(36)","2=7=9  1,690円(4)",2=7  280円(2)  2=9  750円(12)  7=9  510円(6) / 2=7  280円(2)  2=9  750円(12)  7=9  510円(6),8,片岡 迪之  岡,山,39,93,S1,両,3.92,106.88,,0,21.0,36.8,57.8,0,3,9,11.2,,１車身,位置無後方,15:04
3520260501030009,hiratsuka,2026-05-03,9,◎1 ○5 △2 ×7 注3 ▲6,"9-7  3,040円(13)","9-7-2  13,220円(36)","2=7=9  1,690円(4)",2=7  280円(2)  2=9  750円(12)  7=9  510円(6) / 2=7  280円(2)  2=9  750円(12)  7=9  510円(6),9,佐々木 悠葵  群,馬,30,115,S1,両,3.92,109.95,▲,3,36.3,45.4,45.4,3,5,1,11.0,差,,内突き伸び,15:04
3520260501030010,hiratsuka,2026-05-03,10,×9 △1 ◎5 ○7 ▲2 注3,"4-1  5,900円(21)","4-1-7  31,950円(96)","1=4=7  2,610円(9)",1=4  630円(10)  1=7  170円(1)  4=7  600円(9) / 1=4  630円(10)  1=7  170円(1)  4=7  600円(9),1,渡部 幸訓  福,島,42,89,S1,追,3.92,114.46,△,4,28.5,50.0,71.4,0,0,2,11.4,差,１車身１/２,中石マーク,15:43
3520260501030010,hiratsuka,2026-05-03,10,×9 △1 ◎5 ○7 ▲2 注3,"4-1  5,900円(21)","4-1-7  31,950円(96)","1=4=7  2,610円(9)",1=4  630円(10)  1=7  170円(1)  4=7  600円(9) / 1=4  630円(10)  1=7  170円(1)  4=7  600円(9),2,三谷 将太  奈,良,40,92,S1,追,3.92,113.69,○,5,7.1,35.7,57.1,0,0,落,,,,落車し棄権,15:43
3520260501030010,hiratsuka,2026-05-03,10,×9 △1 ◎5 ○7 ▲2 注3,"4-1  5,900円(21)","4-1-7  31,950円(96)","1=4=7  2,610円(9)",1=4  630円(10)  1=7  170円(1)  4=7  600円(9) / 1=4  630円(10)  1=7  170円(1)  4=7  600円(9),3,吉澤 純平  茨,城,41,101,S1,両,3.92,109.65,▲,3,33.3,50.0,54.1,0,2,落,,,,落車し棄権,15:43
3520260501030010,hiratsuka,2026-05-03,10,×9 △1 ◎5 ○7 ▲2 注3,"4-1  5,900円(21)","4-1-7  31,950円(96)","1=4=7  2,610円(9)",1=4  630円(10)  1=7  170円(1)  4=7  600円(9) / 1=4  630円(10)  1=7  170円(1)  4=7  600円(9),4,取鳥 雄吾  岡,山,31,107,S1,逃,3.92,109.23,注,2,23.8,47.6,61.9,7,1,1,11.5,捲,,バック捲る,15:43
3520260501030010,hiratsuka,2026-05-03,10,×9 △1 ◎5 ○7 ▲2 注3,"4-1  5,900円(21)","4-1-7  31,950円(96)","1=4=7  2,610円(9)",1=4  630円(10)  1=7  170円(1)  4=7  600円(9) / 1=4  630円(10)  1=7  170円(1)  4=7  600円(9),5,佐藤 友和  岩,手,43,88,S1,両,3.92,110.05,,0,35.2,35.2,47.0,0,0,6,11.7,,５車身,三谷と絡み,15:43
3520260501030010,hiratsuka,2026-05-03,10,×9 △1 ◎5 ○7 ▲2 注3,"4-1  5,900円(21)","4-1-7  31,950円(96)","1=4=7  2,610円(9)",1=4  630円(10)  1=7  170円(1)  4=7  600円(9) / 1=4  630円(10)  1=7  170円(1)  4=7  600円(9),6,大川 龍二  広,島,41,91,S1,両,3.92,108.05,,0,9.5,28.5,52.3,0,1,5,11.4,,２車身,取鳥に離れ,15:43
3520260501030010,hiratsuka,2026-05-03,10,×9 △1 ◎5 ○7 ▲2 注3,"4-1  5,900円(21)","4-1-7  31,950円(96)","1=4=7  2,610円(9)",1=4  630円(10)  1=7  170円(1)  4=7  600円(9) / 1=4  630円(10)  1=7  170円(1)  4=7  600円(9),7,寺崎 浩平  福,井,32,117,SS,逃,3.92,117.08,◎,6,25.0,50.0,58.3,1,5,3,11.6,,微差,打鐘叩いて,15:43
3520260501030010,hiratsuka,2026-05-03,10,×9 △1 ◎5 ○7 ▲2 注3,"4-1  5,900円(21)","4-1-7  31,950円(96)","1=4=7  2,610円(9)",1=4  630円(10)  1=7  170円(1)  4=7  600円(9) / 1=4  630円(10)  1=7  170円(1)  4=7  600円(9),8,恩田 淳平  群,馬,35,100,S1,追,3.92,108.55,,0,10.3,31.0,48.2,0,0,7,11.5,,３車身,落避け後退,15:43
3520260501030010,hiratsuka,2026-05-03,10,×9 △1 ◎5 ○7 ▲2 注3,"4-1  5,900円(21)","4-1-7  31,950円(96)","1=4=7  2,610円(9)",1=4  630円(10)  1=7  170円(1)  4=7  600円(9) / 1=4  630円(10)  1=7  170円(1)  4=7  600円(9),9,中石 湊,北海道,21,125,S2,逃,3.92,114.75,×,1,25.0,50.0,75.0,1,0,4,11.5,,１/２車輪,叩けず番手,15:43
3520260501030011,hiratsuka,2026-05-03,11,△1 ◎4 ○2 ×7 ▲8 注9,7-2  670円(2),"7-2-1  5,840円(16)","1=2=7  1,970円(7)","1=2  790円(11)  1=7  1,190円(17)  2=7  170円(1) / 1=2  790円(11)  1=7  1,190円(17)  2=7  170円(1)",1,山田 久徳  京,都,38,93,S1,両,3.92,110.5,△,4,20.0,50.0,60.0,0,2,3,11.5,,１車身１/２,内を突いて,16:25
3520260501030011,hiratsuka,2026-05-03,11,△1 ◎4 ○2 ×7 ▲8 注9,7-2  670円(2),"7-2-1  5,840円(16)","1=2=7  1,970円(7)","1=2  790円(11)  1=7  1,190円(17)  2=7  170円(1) / 1=2  790円(11)  1=7  1,190円(17)  2=7  170円(1)",2,眞杉 匠  栃,木,27,113,SS,逃,3.92,118.29,◎,6,38.8,61.1,66.6,4,5,2,11.6,捲,１/２車輪,ホーム仕掛,16:25
3520260501030011,hiratsuka,2026-05-03,11,△1 ◎4 ○2 ×7 ▲8 注9,7-2  670円(2),"7-2-1  5,840円(16)","1=2=7  1,970円(7)","1=2  790円(11)  1=7  1,190円(17)  2=7  170円(1) / 1=2  790円(11)  1=7  1,190円(17)  2=7  170円(1)",3,小倉 竜二  徳,島,50,77,S1,追,3.92,110.47,▲,3,19.0,38.0,47.6,0,0,5,11.8,,１車身１/２,切り替えも,16:25
3520260501030011,hiratsuka,2026-05-03,11,△1 ◎4 ○2 ×7 ▲8 注9,7-2  670円(2),"7-2-1  5,840円(16)","1=2=7  1,970円(7)","1=2  790円(11)  1=7  1,190円(17)  2=7  170円(1) / 1=2  790円(11)  1=7  1,190円(17)  2=7  170円(1)",4,岡本 総  愛,知,38,105,S1,追,3.92,109.88,,0,5.8,23.5,47.0,0,0,7,11.8,,１/２車輪,山田追えず,16:25
3520260501030011,hiratsuka,2026-05-03,11,△1 ◎4 ○2 ×7 ▲8 注9,7-2  670円(2),"7-2-1  5,840円(16)","1=2=7  1,970円(7)","1=2  790円(11)  1=7  1,190円(17)  2=7  170円(1) / 1=2  790円(11)  1=7  1,190円(17)  2=7  170円(1)",5,佐々木 龍,神奈川,35,109,S1,追,3.92,111.16,注,2,10.5,57.8,63.1,0,0,4,11.7,,１車身１/２,青野付切替,16:25
3520260501030011,hiratsuka,2026-05-03,11,△1 ◎4 ○2 ×7 ▲8 注9,7-2  670円(2),"7-2-1  5,840円(16)","1=2=7  1,970円(7)","1=2  790円(11)  1=7  1,190円(17)  2=7  170円(1) / 1=2  790円(11)  1=7  1,190円(17)  2=7  170円(1)",6,青野 将大,神奈川,31,117,S1,逃,3.92,109.0,,0,38.0,61.9,61.9,4,7,9,12.7,,８車身,ジャン先行,16:25
3520260501030011,hiratsuka,2026-05-03,11,△1 ◎4 ○2 ×7 ▲8 注9,7-2  670円(2),"7-2-1  5,840円(16)","1=2=7  1,970円(7)","1=2  790円(11)  1=7  1,190円(17)  2=7  170円(1) / 1=2  790円(11)  1=7  1,190円(17)  2=7  170円(1)",7,鈴木 玄人  東,京,29,117,S1,両,3.93,113.0,○,5,21.4,28.5,50.0,0,0,1,11.5,差,,番手交わす,16:25
3520260501030011,hiratsuka,2026-05-03,11,△1 ◎4 ○2 ×7 ▲8 注9,7-2  670円(2),"7-2-1  5,840円(16)","1=2=7  1,970円(7)","1=2  790円(11)  1=7  1,190円(17)  2=7  170円(1) / 1=2  790円(11)  1=7  1,190円(17)  2=7  170円(1)",8,高橋 築  東,京,33,109,S1,両,3.93,109.26,,0,46.6,53.3,60.0,0,0,8,12.0,,１/２車輪,山田絡まれ,16:25
3520260501030011,hiratsuka,2026-05-03,11,△1 ◎4 ○2 ×7 ▲8 注9,7-2  670円(2),"7-2-1  5,840円(16)","1=2=7  1,970円(7)","1=2  790円(11)  1=7  1,190円(17)  2=7  170円(1) / 1=2  790円(11)  1=7  1,190円(17)  2=7  170円(1)",9,犬伏 湧也  徳,島,30,119,S1,逃,3.92,114.0,×,1,55.0,65.0,75.0,6,7,6,11.7,,１車輪,叩かれ後退,16:25
5320260501030001,nara,2026-05-03,1,◎4 ○1 △3 ▲5 ×7 注2,"3-2  9,090円(26)","3-2-6  23,060円(69)","2=3=6  2,030円(8)","2=3  840円(8)  2=6  340円(3)  3=6  1,490円(19) / 2=3  840円(8)  2=6  340円(3)  3=6  1,490円(19)",1,中川 貴史  三,重,49,79,A2,追,3.92,83.66,○,5,16.6,20.8,29.1,0,1,6,10.1,,３/４車身,,
5320260501030001,nara,2026-05-03,1,◎4 ○1 △3 ▲5 ×7 注2,"3-2  9,090円(26)","3-2-6  23,060円(69)","2=3=6  2,030円(8)","2=3  840円(8)  2=6  340円(3)  3=6  1,490円(19) / 2=3  840円(8)  2=6  340円(3)  3=6  1,490円(19)",2,佐藤 譲士郎  埼,玉,26,123,A1,逃,3.85,82.71,×,1,14.2,28.5,42.8,3,2,2,10.4,逃,１/２車身,,
5320260501030001,nara,2026-05-03,1,◎4 ○1 △3 ▲5 ×7 注2,"3-2  9,090円(26)","3-2-6  23,060円(69)","2=3=6  2,030円(8)","2=3  840円(8)  2=6  340円(3)  3=6  1,490円(19) / 2=3  840円(8)  2=6  340円(3)  3=6  1,490円(19)",3,中園 朋亨  福,岡,39,93,A2,追,3.92,80.31,△,4,0.0,5.2,21.0,0,0,1,10.2,差,,,
5320260501030001,nara,2026-05-03,1,◎4 ○1 △3 ▲5 ×7 注2,"3-2  9,090円(26)","3-2-6  23,060円(69)","2=3=6  2,030円(8)","2=3  840円(8)  2=6  340円(3)  3=6  1,490円(19) / 2=3  840円(8)  2=6  340円(3)  3=6  1,490円(19)",4,藤井 準也  岐,阜,32,105,A1,両,3.92,85.04,◎,6,21.7,39.1,52.1,0,3,7,10.2,,２車身,,
5320260501030001,nara,2026-05-03,1,◎4 ○1 △3 ▲5 ×7 注2,"3-2  9,090円(26)","3-2-6  23,060円(69)","2=3=6  2,030円(8)","2=3  840円(8)  2=6  340円(3)  3=6  1,490円(19) / 2=3  840円(8)  2=6  340円(3)  3=6  1,490円(19)",5,竹内 真一  福,岡,44,89,A2,追,3.92,80.16,▲,3,0.0,8.3,29.1,0,0,5,10.3,,１車身１/２,,
5320260501030001,nara,2026-05-03,1,◎4 ○1 △3 ▲5 ×7 注2,"3-2  9,090円(26)","3-2-6  23,060円(69)","2=3=6  2,030円(8)","2=3  840円(8)  2=6  340円(3)  3=6  1,490円(19) / 2=3  840円(8)  2=6  340円(3)  3=6  1,490円(19)",6,鈴木 宏章  栃,木,50,80,A2,追,3.93 3.86,77.95,注,2,0.0,0.0,0.0,0,0,3,10.1,,１/２車輪,,
5320260501030001,nara,2026-05-03,1,◎4 ○1 △3 ▲5 ×7 注2,"3-2  9,090円(26)","3-2-6  23,060円(69)","2=3=6  2,030円(8)","2=3  840円(8)  2=6  340円(3)  3=6  1,490円(19) / 2=3  840円(8)  2=6  340円(3)  3=6  1,490円(19)",7,三宅 旬  岡,山,48,80,A2,追,3.93,81.57,,0,9.5,14.2,33.3,0,0,4,10.0,,３/４車輪,,
5320260501030002,nara,2026-05-03,2,○1 ◎7 △2 注3 ×5 ▲4,1-7  200円(1),1-7-2  260円(1),1=2=7  130円(1),1=2  130円(3)  1=7  100円(1)  2=7  130円(2) / 1=2  130円(3)  1=7  100円(1)  2=7  130円(2),1,橋谷 成海  埼,玉,25,125,A2,逃,3.85,84.37,○,5,25.0,37.5,37.5,5,1,1,10.5,逃,,,
5320260501030002,nara,2026-05-03,2,○1 ◎7 △2 注3 ×5 ▲4,1-7  200円(1),1-7-2  260円(1),1=2=7  130円(1),1=2  130円(3)  1=7  100円(1)  2=7  130円(2) / 1=2  130円(3)  1=7  100円(1)  2=7  130円(2),2,北川 紋部  福,井,51,78,A2,追,3.92,83.04,△,4,9.5,14.2,38.0,0,0,3,10.3,,１車輪,,
5320260501030002,nara,2026-05-03,2,○1 ◎7 △2 注3 ×5 ▲4,1-7  200円(1),1-7-2  260円(1),1=2=7  130円(1),1=2  130円(3)  1=7  100円(1)  2=7  130円(2) / 1=2  130円(3)  1=7  100円(1)  2=7  130円(2),3,久保 光司  佐,賀,29,119,A2,逃,3.92,79.7,注,2,12.5,16.6,25.0,3,1,7,11.4,,大差,,
5320260501030002,nara,2026-05-03,2,○1 ◎7 △2 注3 ×5 ▲4,1-7  200円(1),1-7-2  260円(1),1=2=7  130円(1),1=2  130円(3)  1=7  100円(1)  2=7  130円(2) / 1=2  130円(3)  1=7  100円(1)  2=7  130円(2),4,岡崎 昭次  愛,媛,54,67,A2,追,3.85,80.05,▲,3,0.0,5.5,22.2,0,0,5,10.3,,３/４車身,,
5320260501030002,nara,2026-05-03,2,○1 ◎7 △2 注3 ×5 ▲4,1-7  200円(1),1-7-2  260円(1),1=2=7  130円(1),1=2  130円(3)  1=7  100円(1)  2=7  130円(2) / 1=2  130円(3)  1=7  100円(1)  2=7  130円(2),5,杉山 剛  福,岡,48,86,A2,両,3.92,81.77,×,1,0.0,18.1,40.9,0,2,6,10.4,,３車身,,
5320260501030002,nara,2026-05-03,2,○1 ◎7 △2 注3 ×5 ▲4,1-7  200円(1),1-7-2  260円(1),1=2=7  130円(1),1=2  130円(3)  1=7  100円(1)  2=7  130円(2) / 1=2  130円(3)  1=7  100円(1)  2=7  130円(2),6,柴田 祐也  岐,阜,42,94,A2,追,3.92,79.52,,0,9.5,14.2,23.8,0,0,4,10.3,,１車身１/２,,
5320260501030002,nara,2026-05-03,2,○1 ◎7 △2 注3 ×5 ▲4,1-7  200円(1),1-7-2  260円(1),1=2=7  130円(1),1=2  130円(3)  1=7  100円(1)  2=7  130円(2) / 1=2  130円(3)  1=7  100円(1)  2=7  130円(2),7,大西 健士,神奈川,45,88,A2,追,3.93,84.29,◎,6,0.0,16.6,41.6,0,0,2,10.4,ク,１/２車輪,,
5320260501030003,nara,2026-05-03,3,▲1 注4 ○6 ◎2 △5 ×3,"3-7  1,440円(4)","3-7-5  5,270円(15)","3=5=7  1,050円(4)",3=5  340円(5)  3=7  230円(2)  5=7  270円(3) / 3=5  340円(5)  3=7  230円(2)  5=7  270円(3),1,菅田 謙仁  宮,城,33,109,A2,両,3.92,81.26,▲,3,10.0,20.0,35.0,1,0,6,10.5,,３車身,,
5320260501030003,nara,2026-05-03,3,▲1 注4 ○6 ◎2 △5 ×3,"3-7  1,440円(4)","3-7-5  5,270円(15)","3=5=7  1,050円(4)",3=5  340円(5)  3=7  230円(2)  5=7  270円(3) / 3=5  340円(5)  3=7  230円(2)  5=7  270円(3),2,岸川 哲也  大,阪,40,105,A2,両,3.92,86.26,○,5,39.1,47.8,56.5,6,3,7,11.4,,大差,,
5320260501030003,nara,2026-05-03,3,▲1 注4 ○6 ◎2 △5 ×3,"3-7  1,440円(4)","3-7-5  5,270円(15)","3=5=7  1,050円(4)",3=5  340円(5)  3=7  230円(2)  5=7  270円(3) / 3=5  340円(5)  3=7  230円(2)  5=7  270円(3),3,長松 大祐  大,分,28,121,A1,逃,3.92,85.57,△,4,9.5,23.8,47.6,3,2,1,10.0,捲,,,
5320260501030003,nara,2026-05-03,3,▲1 注4 ○6 ◎2 △5 ×3,"3-7  1,440円(4)","3-7-5  5,270円(15)","3=5=7  1,050円(4)",3=5  340円(5)  3=7  230円(2)  5=7  270円(3) / 3=5  340円(5)  3=7  230円(2)  5=7  270円(3),4,春日 勇人  千,葉,50,82,A1,追,3.92,87.57,注,2,5.0,25.0,50.0,0,0,4,10.0,,１/２車身,,
5320260501030003,nara,2026-05-03,3,▲1 注4 ○6 ◎2 △5 ×3,"3-7  1,440円(4)","3-7-5  5,270円(15)","3=5=7  1,050円(4)",3=5  340円(5)  3=7  230円(2)  5=7  270円(3) / 3=5  340円(5)  3=7  230円(2)  5=7  270円(3),5,前反 祐一郎  広,島,52,81,A1,追,3.92,92.33,◎,6,19.0,47.6,66.6,0,0,3,9.9,,３/４車身,,
5320260501030003,nara,2026-05-03,3,▲1 注4 ○6 ◎2 △5 ×3,"3-7  1,440円(4)","3-7-5  5,270円(15)","3=5=7  1,050円(4)",3=5  340円(5)  3=7  230円(2)  5=7  270円(3) / 3=5  340円(5)  3=7  230円(2)  5=7  270円(3),6,渡邊 恭典  栃,木,52,75,A2,追,3.92,80.7,,0,0.0,8.3,25.0,0,0,5,10.0,,２車身,,
5320260501030003,nara,2026-05-03,3,▲1 注4 ○6 ◎2 △5 ×3,"3-7  1,440円(4)","3-7-5  5,270円(15)","3=5=7  1,050円(4)",3=5  340円(5)  3=7  230円(2)  5=7  270円(3) / 3=5  340円(5)  3=7  230円(2)  5=7  270円(3),7,西田 大志  福,岡,35,98,A1,追,3.92,88.2,×,1,19.0,38.0,52.3,0,0,2,9.9,ク,３/４車輪,,
5320260501030004,nara,2026-05-03,4,▲6 ×1 △7 ◎2 ○4 注5,5-4  400円(2),5-4-3  700円(2),3=4=5  220円(1),3=4  200円(2)  3=5  210円(3)  4=5  100円(1) / 3=4  200円(2)  3=5  210円(3)  4=5  100円(1),1,宮倉 勇  千,葉,61,58,A2,追,3.93,85.06,▲,3,0.0,0.0,29.4,0,0,4,10.0,,１/２車身,,
5320260501030004,nara,2026-05-03,4,▲6 ×1 △7 ◎2 ○4 注5,5-4  400円(2),5-4-3  700円(2),3=4=5  220円(1),3=4  200円(2)  3=5  210円(3)  4=5  100円(1) / 3=4  200円(2)  3=5  210円(3)  4=5  100円(1),2,志水 祐彦  大,阪,41,94,A1,追,3.92,85.39,△,4,17.3,34.7,34.7,0,0,5,9.9,,３/４車身,,
5320260501030004,nara,2026-05-03,4,▲6 ×1 △7 ◎2 ○4 注5,5-4  400円(2),5-4-3  700円(2),3=4=5  220円(1),3=4  200円(2)  3=5  210円(3)  4=5  100円(1) / 3=4  200円(2)  3=5  210円(3)  4=5  100円(1),3,松山 桂輔  愛,知,42,88,A1,追,3.92,85.65,注,2,9.5,23.8,42.8,0,0,3,10.1,,３/４車身,,
5320260501030004,nara,2026-05-03,4,▲6 ×1 △7 ◎2 ○4 注5,5-4  400円(2),5-4-3  700円(2),3=4=5  220円(1),3=4  200円(2)  3=5  210円(3)  4=5  100円(1) / 3=4  200円(2)  3=5  210円(3)  4=5  100円(1),4,下井 竜  三,重,31,117,A1,逃,3.92,93.66,◎,6,16.6,50.0,83.3,2,4,2,10.2,逃,３/４車輪,,
5320260501030004,nara,2026-05-03,4,▲6 ×1 △7 ◎2 ○4 注5,5-4  400円(2),5-4-3  700円(2),3=4=5  220円(1),3=4  200円(2)  3=5  210円(3)  4=5  100円(1) / 3=4  200円(2)  3=5  210円(3)  4=5  100円(1),5,山口 智弘  愛,知,36,99,A1,追,3.93,89.61,○,5,28.5,38.0,57.1,0,0,1,10.0,差,,,
5320260501030004,nara,2026-05-03,4,▲6 ×1 △7 ◎2 ○4 注5,5-4  400円(2),5-4-3  700円(2),3=4=5  220円(1),3=4  200円(2)  3=5  210円(3)  4=5  100円(1) / 3=4  200円(2)  3=5  210円(3)  4=5  100円(1),6,竹山 慶太  宮,城,33,105,A1,逃,3.92,83.08,,0,16.6,25.0,50.0,1,2,7,11.0,,８車身,,
5320260501030004,nara,2026-05-03,4,▲6 ×1 △7 ◎2 ○4 注5,5-4  400円(2),5-4-3  700円(2),3=4=5  220円(1),3=4  200円(2)  3=5  210円(3)  4=5  100円(1) / 3=4  200円(2)  3=5  210円(3)  4=5  100円(1),7,中川 繁樹  京,都,39,93,A1,逃,3.93,84.58,×,1,25.0,41.6,50.0,6,2,6,10.1,,１/４車輪,,
5320260501030005,nara,2026-05-03,5,○4 ◎1 △6 ▲2 注5 ×3,1-4  220円(1),"1-4-5  1,400円(5)",1=4=5  610円(3),1=4  120円(1)  1=5  290円(5)  4=5  410円(9) / 1=4  120円(1)  1=5  290円(5)  4=5  410円(9),1,志村 龍己  山,梨,39,98,S2,追,3.92,99.61,◎,6,7.6,23.0,42.3,0,0,1,9.9,差,,,
5320260501030005,nara,2026-05-03,5,○4 ◎1 △6 ▲2 注5 ×3,1-4  220円(1),"1-4-5  1,400円(5)",1=4=5  610円(3),1=4  120円(1)  1=5  290円(5)  4=5  410円(9) / 1=4  120円(1)  1=5  290円(5)  4=5  410円(9),2,吉川 嘉斗  徳,島,33,105,S2,追,3.93,93.38,▲,3,0.0,7.6,11.5,0,0,6,10.1,,３車身,,
5320260501030005,nara,2026-05-03,5,○4 ◎1 △6 ▲2 注5 ×3,1-4  220円(1),"1-4-5  1,400円(5)",1=4=5  610円(3),1=4  120円(1)  1=5  290円(5)  4=5  410円(9) / 1=4  120円(1)  1=5  290円(5)  4=5  410円(9),3,舘 泰守  愛,知,50,80,S2,追,3.92,96.45,×,1,4.7,19.0,23.8,0,0,4,9.8,,１車輪,,
5320260501030005,nara,2026-05-03,5,○4 ◎1 △6 ▲2 注5 ×3,1-4  220円(1),"1-4-5  1,400円(5)",1=4=5  610円(3),1=4  120円(1)  1=5  290円(5)  4=5  410円(9) / 1=4  120円(1)  1=5  290円(5)  4=5  410円(9),4,伊藤 慶太郎  埼,玉,32,107,S2,逃,3.92,97.79,○,5,12.5,29.1,29.1,3,0,2,10.1,逃,１/２車輪,,
5320260501030005,nara,2026-05-03,5,○4 ◎1 △6 ▲2 注5 ×3,1-4  220円(1),"1-4-5  1,400円(5)",1=4=5  610円(3),1=4  120円(1)  1=5  290円(5)  4=5  410円(9) / 1=4  120円(1)  1=5  290円(5)  4=5  410円(9),5,疋田 力也  愛,知,25,119,S2,両,3.92,95.12,注,2,3.0,6.0,12.1,1,0,3,9.9,,１車身,,
5320260501030005,nara,2026-05-03,5,○4 ◎1 △6 ▲2 注5 ×3,1-4  220円(1),"1-4-5  1,400円(5)",1=4=5  610円(3),1=4  120円(1)  1=5  290円(5)  4=5  410円(9) / 1=4  120円(1)  1=5  290円(5)  4=5  410円(9),6,小玉 拓真  岡,山,36,98,S2,両,3.92,94.0,△,4,0.0,10.0,20.0,0,0,5,9.8,,２車身,,
5320260501030006,nara,2026-05-03,6,▲1 △7 ×6 注2 ◎4 ○5,"7-3  1,200円(3)","7-3-4  5,000円(14)","3=4=7  1,050円(3)",3=4  330円(4)  3=7  310円(3)  4=7  410円(7) / 3=4  330円(4)  3=7  310円(3)  4=7  410円(7),1,内藤 久文  愛,知,34,117,S2,逃,3.92,93.09,▲,3,0.0,0.0,9.0,0,0,6,10.6,,１/２車身,,
5320260501030006,nara,2026-05-03,6,▲1 △7 ×6 注2 ◎4 ○5,"7-3  1,200円(3)","7-3-4  5,000円(14)","3=4=7  1,050円(3)",3=4  330円(4)  3=7  310円(3)  4=7  410円(7) / 3=4  330円(4)  3=7  310円(3)  4=7  410円(7),2,房州 輝也  福,島,39,91,S2,両,3.93,95.38,×,1,3.2,12.9,22.5,0,0,4,10.3,,１/２車輪,,
5320260501030006,nara,2026-05-03,6,▲1 △7 ×6 注2 ◎4 ○5,"7-3  1,200円(3)","7-3-4  5,000円(14)","3=4=7  1,050円(3)",3=4  330円(4)  3=7  310円(3)  4=7  410円(7) / 3=4  330円(4)  3=7  310円(3)  4=7  410円(7),3,上吹越 直樹,鹿児島,44,86,S2,両,3.92,97.75,○,5,0.0,12.0,24.0,0,1,2,10.1,差,１/４車輪,,
5320260501030006,nara,2026-05-03,6,▲1 △7 ×6 注2 ◎4 ○5,"7-3  1,200円(3)","7-3-4  5,000円(14)","3=4=7  1,050円(3)",3=4  330円(4)  3=7  310円(3)  4=7  410円(7) / 3=4  330円(4)  3=7  310円(3)  4=7  410円(7),4,武藤 篤弘  埼,玉,41,95,S2,追,3.92,96.76,注,2,0.0,19.2,34.6,0,0,3,10.2,,１/２車輪,,
5320260501030006,nara,2026-05-03,6,▲1 △7 ×6 注2 ◎4 ○5,"7-3  1,200円(3)","7-3-4  5,000円(14)","3=4=7  1,050円(3)",3=4  330円(4)  3=7  310円(3)  4=7  410円(7) / 3=4  330円(4)  3=7  310円(3)  4=7  410円(7),5,橋本 宇宙  佐,賀,26,123,S2,逃,3.92,96.54,◎,6,4.1,25.0,37.5,5,1,5,10.1,,３/４車身,,
5320260501030006,nara,2026-05-03,6,▲1 △7 ×6 注2 ◎4 ○5,"7-3  1,200円(3)","7-3-4  5,000円(14)","3=4=7  1,050円(3)",3=4  330円(4)  3=7  310円(3)  4=7  410円(7) / 3=4  330円(4)  3=7  310円(3)  4=7  410円(7),6,上遠野 拓馬  宮,城,32,119,S2,逃,3.92,92.4,,0,0.0,5.0,15.0,0,1,7,12.4,,大差,,
5320260501030006,nara,2026-05-03,6,▲1 △7 ×6 注2 ◎4 ○5,"7-3  1,200円(3)","7-3-4  5,000円(14)","3=4=7  1,050円(3)",3=4  330円(4)  3=7  310円(3)  4=7  410円(7) / 3=4  330円(4)  3=7  310円(3)  4=7  410円(7),7,清水 一幸  大,阪,39,109,S2,追,3.93 3.92,101.24,△,4,26.9,30.7,46.1,0,0,1,10.2,差,,,
5320260501030007,nara,2026-05-03,7,注5 ▲1 ◎7 ○2 △4 ×3,"3-2  1,810円(6)","3-2-7  4,200円(11)",2=3=7  530円(2),2=3  300円(5)  2=7  110円(1)  3=7  220円(4) / 2=3  300円(5)  2=7  110円(1)  3=7  220円(4),1,飯田 裕次  福,岡,40,97,S2,追,3.92,93.47,▲,3,0.0,0.0,10.5,0,0,5,9.9,,３/４車輪,,
5320260501030007,nara,2026-05-03,7,注5 ▲1 ◎7 ○2 △4 ×3,"3-2  1,810円(6)","3-2-7  4,200円(11)",2=3=7  530円(2),2=3  300円(5)  2=7  110円(1)  3=7  220円(4) / 2=3  300円(5)  2=7  110円(1)  3=7  220円(4),2,西岡 正一,和歌山,49,84,S2,追,3.92,98.26,○,5,5.2,15.7,21.0,0,0,2,9.9,差,１/２車輪,,
5320260501030007,nara,2026-05-03,7,注5 ▲1 ◎7 ○2 △4 ×3,"3-2  1,810円(6)","3-2-7  4,200円(11)",2=3=7  530円(2),2=3  300円(5)  2=7  110円(1)  3=7  220円(4) / 2=3  300円(5)  2=7  110円(1)  3=7  220円(4),3,吉田 智哉  愛,媛,28,111,S2,逃,3.92,94.1,×,1,0.0,5.0,20.0,0,0,1,9.7,差,,,
5320260501030007,nara,2026-05-03,7,注5 ▲1 ◎7 ○2 △4 ×3,"3-2  1,810円(6)","3-2-7  4,200円(11)",2=3=7  530円(2),2=3  300円(5)  2=7  110円(1)  3=7  220円(4) / 2=3  300円(5)  2=7  110円(1)  3=7  220円(4),4,戸田 洋平  岡,山,43,92,S2,追,3.92,98.22,△,4,0.0,13.6,40.9,0,0,4,9.8,,１/２車輪,,
5320260501030007,nara,2026-05-03,7,注5 ▲1 ◎7 ○2 △4 ×3,"3-2  1,810円(6)","3-2-7  4,200円(11)",2=3=7  530円(2),2=3  300円(5)  2=7  110円(1)  3=7  220円(4) / 2=3  300円(5)  2=7  110円(1)  3=7  220円(4),5,堀川 敬太郎  福,岡,24,123,S2,逃,3.92,93.53,注,2,3.3,6.6,23.3,0,0,7,10.7,,８車身,,
5320260501030007,nara,2026-05-03,7,注5 ▲1 ◎7 ○2 △4 ×3,"3-2  1,810円(6)","3-2-7  4,200円(11)",2=3=7  530円(2),2=3  300円(5)  2=7  110円(1)  3=7  220円(4) / 2=3  300円(5)  2=7  110円(1)  3=7  220円(4),6,須藤 悟  千,葉,36,99,S2,追,3.92,93.38,,0,0.0,3.8,11.5,0,0,6,9.8,,１車身,,
5320260501030007,nara,2026-05-03,7,注5 ▲1 ◎7 ○2 △4 ×3,"3-2  1,810円(6)","3-2-7  4,200円(11)",2=3=7  530円(2),2=3  300円(5)  2=7  110円(1)  3=7  220円(4) / 2=3  300円(5)  2=7  110円(1)  3=7  220円(4),7,川口 聖二  岐,阜,32,103,S2,両,3.92,101.05,◎,6,20.0,30.0,45.0,2,2,3,10.1,,３/４車輪,,
5320260501030008,nara,2026-05-03,8,×4 ▲1 注6 △2 ◎7 ○3,"3-4  1,370円(7)","3-4-5  5,110円(17)",3=4=5  930円(3),3=4  220円(2)  3=5  240円(4)  4=5  670円(12) / 3=4  220円(2)  3=5  240円(4)  4=5  670円(12),1,中井 俊亮  奈,良,33,103,S1,両,3.92,94.5,▲,3,6.6,6.6,13.3,0,0,4,9.8,,１車輪,,
5320260501030008,nara,2026-05-03,8,×4 ▲1 注6 △2 ◎7 ○3,"3-4  1,370円(7)","3-4-5  5,110円(17)",3=4=5  930円(3),3=4  220円(2)  3=5  240円(4)  4=5  670円(12) / 3=4  220円(2)  3=5  240円(4)  4=5  670円(12),2,藤田 周磨  埼,玉,28,117,S2,逃,3.92,96.79,注,2,4.1,12.5,33.3,1,0,6,10.4,,３/４車身,,
5320260501030008,nara,2026-05-03,8,×4 ▲1 注6 △2 ◎7 ○3,"3-4  1,370円(7)","3-4-5  5,110円(17)",3=4=5  930円(3),3=4  220円(2)  3=5  240円(4)  4=5  670円(12) / 3=4  220円(2)  3=5  240円(4)  4=5  670円(12),3,板垣 昴,北海道,34,115,S2,逃,3.92,104.34,◎,6,17.3,34.7,56.5,2,5,1,10.0,捲,,,
5320260501030008,nara,2026-05-03,8,×4 ▲1 注6 △2 ◎7 ○3,"3-4  1,370円(7)","3-4-5  5,110円(17)",3=4=5  930円(3),3=4  220円(2)  3=5  240円(4)  4=5  670円(12) / 3=4  220円(2)  3=5  240円(4)  4=5  670円(12),4,貴志 修己,和歌山,30,117,S2,逃,3.92,101.52,×,1,8.6,39.1,47.8,5,4,2,10.0,捲,１/２車身,,
5320260501030008,nara,2026-05-03,8,×4 ▲1 注6 △2 ◎7 ○3,"3-4  1,370円(7)","3-4-5  5,110円(17)",3=4=5  930円(3),3=4  220円(2)  3=5  240円(4)  4=5  670円(12) / 3=4  220円(2)  3=5  240円(4)  4=5  670円(12),5,佐藤 雅春  宮,城,38,94,S2,追,3.92,99.24,○,5,7.6,19.2,26.9,0,0,3,10.0,,３/４車輪,,
5320260501030008,nara,2026-05-03,8,×4 ▲1 注6 △2 ◎7 ○3,"3-4  1,370円(7)","3-4-5  5,110円(17)",3=4=5  930円(3),3=4  220円(2)  3=5  240円(4)  4=5  670円(12) / 3=4  220円(2)  3=5  240円(4)  4=5  670円(12),6,和田 誠寿  広,島,35,103,S2,追,3.92,92.6,,0,0.0,4.3,13.0,0,0,5,9.8,,１車身１/２,,
5320260501030008,nara,2026-05-03,8,×4 ▲1 注6 △2 ◎7 ○3,"3-4  1,370円(7)","3-4-5  5,110円(17)",3=4=5  930円(3),3=4  220円(2)  3=5  240円(4)  4=5  670円(12) / 3=4  220円(2)  3=5  240円(4)  4=5  670円(12),7,中川 貴徳  栃,木,42,91,S2,追,3.92,100.22,△,4,18.1,36.3,45.4,0,1,7,11.3,,大差,,
5320260501030009,nara,2026-05-03,9,◎1 ○7 注2 ▲6 ×3 △5,1-7  330円(1),"1-7-2  1,110円(1)",1=2=7  400円(1),1=2  260円(2)  1=7  140円(1)  2=7  270円(3) / 1=2  260円(2)  1=7  140円(1)  2=7  270円(3),1,太田 竜馬  徳,島,30,109,S1,逃,3.92,104.61,◎,6,5.5,38.8,55.5,1,6,1,9.8,捲,,,
5320260501030009,nara,2026-05-03,9,◎1 ○7 注2 ▲6 ×3 △5,1-7  330円(1),"1-7-2  1,110円(1)",1=2=7  400円(1),1=2  260円(2)  1=7  140円(1)  2=7  270円(3) / 1=2  260円(2)  1=7  140円(1)  2=7  270円(3),2,照井 拓成  岩,手,30,115,S2,逃,3.92,98.0,注,2,3.8,19.2,30.7,0,2,3,9.7,,１車輪,,
5320260501030009,nara,2026-05-03,9,◎1 ○7 注2 ▲6 ×3 △5,1-7  330円(1),"1-7-2  1,110円(1)",1=2=7  400円(1),1=2  260円(2)  1=7  140円(1)  2=7  270円(3) / 1=2  260円(2)  1=7  140円(1)  2=7  270円(3),3,鷲田 幸司  福,井,40,92,S2,追,3.93,98.39,▲,3,8.6,21.7,34.7,0,0,4,10.0,,３/４車身,,
5320260501030009,nara,2026-05-03,9,◎1 ○7 注2 ▲6 ×3 △5,1-7  330円(1),"1-7-2  1,110円(1)",1=2=7  400円(1),1=2  260円(2)  1=7  140円(1)  2=7  270円(3) / 1=2  260円(2)  1=7  140円(1)  2=7  270円(3),4,松永 将  茨,城,45,89,S2,追,3.92,100.26,△,4,3.7,7.4,29.6,0,0,6,9.8,,３/４車輪,,
5320260501030009,nara,2026-05-03,9,◎1 ○7 注2 ▲6 ×3 △5,1-7  330円(1),"1-7-2  1,110円(1)",1=2=7  400円(1),1=2  260円(2)  1=7  140円(1)  2=7  270円(3) / 1=2  260円(2)  1=7  140円(1)  2=7  270円(3),5,染谷 幸喜  千,葉,37,111,S2,逃,3.92,99.52,×,1,13.0,30.4,39.1,3,3,7,10.0,,２車身,,
5320260501030009,nara,2026-05-03,9,◎1 ○7 注2 ▲6 ×3 △5,1-7  330円(1),"1-7-2  1,110円(1)",1=2=7  400円(1),1=2  260円(2)  1=7  140円(1)  2=7  270円(3) / 1=2  260円(2)  1=7  140円(1)  2=7  270円(3),6,高田 修汰  福,井,26,115,S2,逃,3.92,95.5,,0,5.5,11.1,16.6,2,0,5,10.1,,１/８車輪,,
5320260501030009,nara,2026-05-03,9,◎1 ○7 注2 ▲6 ×3 △5,1-7  330円(1),"1-7-2  1,110円(1)",1=2=7  400円(1),1=2  260円(2)  1=7  140円(1)  2=7  270円(3) / 1=2  260円(2)  1=7  140円(1)  2=7  270円(3),7,宮崎 大空  熊,本,27,115,S2,両,3.92,100.54,○,5,4.1,16.6,37.5,0,0,2,9.8,ク,１/２車身,,
5320260501030010,nara,2026-05-03,10,◎1 ○6 ×4 △2 注7 ▲5,6-1  710円(3),"6-1-4  1,580円(5)",1=4=6  310円(1),1=4  230円(4)  1=6  130円(1)  4=6  310円(6) / 1=4  230円(4)  1=6  130円(1)  4=6  310円(6),1,北井 佑季,神奈川,36,119,S2,逃,3.92 3.93,102.09,◎,6,81.8,90.9,95.4,10,9,2,9.9,逃,１/２車身,,
5320260501030010,nara,2026-05-03,10,◎1 ○6 ×4 △2 注7 ▲5,6-1  710円(3),"6-1-4  1,580円(5)",1=4=6  310円(1),1=4  230円(4)  1=6  130円(1)  4=6  310円(6) / 1=4  230円(4)  1=6  130円(1)  4=6  310円(6),2,林 慶次郎  福,岡,28,111,S1,逃,3.92,101.71,×,1,14.2,23.8,38.0,2,3,4,9.6,,１車輪,,
5320260501030010,nara,2026-05-03,10,◎1 ○6 ×4 △2 注7 ▲5,6-1  710円(3),"6-1-4  1,580円(5)",1=4=6  310円(1),1=4  230円(4)  1=6  130円(1)  4=6  310円(6) / 1=4  230円(4)  1=6  130円(1)  4=6  310円(6),3,朝倉 佳弘  東,京,45,90,S1,追,3.93,99.18,▲,3,13.0,26.0,39.1,0,0,6,9.8,,２車身,,
5320260501030010,nara,2026-05-03,10,◎1 ○6 ×4 △2 注7 ▲5,6-1  710円(3),"6-1-4  1,580円(5)",1=4=6  310円(1),1=4  230円(4)  1=6  130円(1)  4=6  310円(6) / 1=4  230円(4)  1=6  130円(1)  4=6  310円(6),4,望月 永悟  静,岡,49,77,S2,追,3.92,98.42,,0,10.0,20.0,25.0,0,0,3,9.7,,１/２車輪,,
5320260501030010,nara,2026-05-03,10,◎1 ○6 ×4 △2 注7 ▲5,6-1  710円(3),"6-1-4  1,580円(5)",1=4=6  310円(1),1=4  230円(4)  1=6  130円(1)  4=6  310円(6) / 1=4  230円(4)  1=6  130円(1)  4=6  310円(6),5,牧田 悠生  新,潟,26,123,S2,逃,3.92,98.43,注,2,13.0,21.7,34.7,2,2,5,9.8,,１車身,,
5320260501030010,nara,2026-05-03,10,◎1 ○6 ×4 △2 注7 ▲5,6-1  710円(3),"6-1-4  1,580円(5)",1=4=6  310円(1),1=4  230円(4)  1=6  130円(1)  4=6  310円(6) / 1=4  230円(4)  1=6  130円(1)  4=6  310円(6),6,近藤 隆司  千,葉,42,90,S2,両,3.92,97.46,○,5,23.0,26.9,42.3,1,3,1,9.7,差,,,
5320260501030010,nara,2026-05-03,10,◎1 ○6 ×4 △2 注7 ▲5,6-1  710円(3),"6-1-4  1,580円(5)",1=4=6  310円(1),1=4  230円(4)  1=6  130円(1)  4=6  310円(6) / 1=4  230円(4)  1=6  130円(1)  4=6  310円(6),7,吉田 敏洋  愛,知,46,85,S2,両,3.92,101.79,△,4,20.8,33.3,50.0,0,0,7,10.3,,７車身,,
5320260501030011,nara,2026-05-03,11,△7 ×3 ▲1 ◎2 ○5 注4,"6-7  4,660円(19)","6-7-3  17,260円(65)","3=6=7  3,100円(16)",3=6  560円(10)  3=7  490円(8)  6=7  750円(17) / 3=6  560円(10)  3=7  490円(8)  6=7  750円(17),1,佐藤 成人  奈,良,52,71,A1,追,3.92,91.19,▲,3,9.5,28.5,42.8,0,0,4,9.7,,１/８車輪,,
5320260501030011,nara,2026-05-03,11,△7 ×3 ▲1 ◎2 ○5 注4,"6-7  4,660円(19)","6-7-3  17,260円(65)","3=6=7  3,100円(16)",3=6  560円(10)  3=7  490円(8)  6=7  750円(17) / 3=6  560円(10)  3=7  490円(8)  6=7  750円(17),2,上川 直紀  栃,木,29,117,A1,両,3.92,92.0,◎,6,33.3,54.1,75.0,2,9,7,11.2,,大差,,
5320260501030011,nara,2026-05-03,11,△7 ×3 ▲1 ◎2 ○5 注4,"6-7  4,660円(19)","6-7-3  17,260円(65)","3=6=7  3,100円(16)",3=6  560円(10)  3=7  490円(8)  6=7  750円(17) / 3=6  560円(10)  3=7  490円(8)  6=7  750円(17),3,藤原 浩  高,知,46,87,A1,追,3.92,90.53,×,1,13.3,40.0,53.3,0,0,3,9.7,,１/２車身,,
5320260501030011,nara,2026-05-03,11,△7 ×3 ▲1 ◎2 ○5 注4,"6-7  4,660円(19)","6-7-3  17,260円(65)","3=6=7  3,100円(16)",3=6  560円(10)  3=7  490円(8)  6=7  750円(17) / 3=6  560円(10)  3=7  490円(8)  6=7  750円(17),4,坂上 樹大  石,川,48,80,A1,追,3.92,89.04,,0,19.0,28.5,57.1,0,1,5,9.6,,３/４車身,,
5320260501030011,nara,2026-05-03,11,△7 ×3 ▲1 ◎2 ○5 注4,"6-7  4,660円(19)","6-7-3  17,260円(65)","3=6=7  3,100円(16)",3=6  560円(10)  3=7  490円(8)  6=7  750円(17) / 3=6  560円(10)  3=7  490円(8)  6=7  750円(17),5,吉田 勇人  埼,玉,47,86,A1,追,3.92,92.0,○,5,10.5,42.1,63.1,0,0,6,9.6,,２車身,,
5320260501030011,nara,2026-05-03,11,△7 ×3 ▲1 ◎2 ○5 注4,"6-7  4,660円(19)","6-7-3  17,260円(65)","3=6=7  3,100円(16)",3=6  560円(10)  3=7  490円(8)  6=7  750円(17) / 3=6  560円(10)  3=7  490円(8)  6=7  750円(17),6,松澤 敬輔,北海道,38,97,A2,両,3.92,87.0,注,2,27.7,44.4,44.4,1,0,1,9.8,捲,,,
5320260501030011,nara,2026-05-03,11,△7 ×3 ▲1 ◎2 ○5 注4,"6-7  4,660円(19)","6-7-3  17,260円(65)","3=6=7  3,100円(16)",3=6  560円(10)  3=7  490円(8)  6=7  750円(17) / 3=6  560円(10)  3=7  490円(8)  6=7  750円(17),7,高井 流星  岡,山,31,113,A1,逃,3.92,90.08,△,4,20.8,62.5,79.1,9,5,2,9.7,逃,１車身,,
5320260501030012,nara,2026-05-03,12,▲1 △6 ◎4 ○2 ×5 注3,5-2  610円(2),"5-2-7  1,910円(4)",2=5=7  420円(1),2=5  130円(1)  2=7  190円(2)  5=7  290円(3) / 2=5  130円(1)  2=7  190円(2)  5=7  290円(3),1,青木 瑞樹  岡,山,26,123,S2,逃,3.92,100.73,▲,3,13.0,34.7,39.1,6,2,6,11.5,,大差,,
5320260501030012,nara,2026-05-03,12,▲1 △6 ◎4 ○2 ×5 注3,5-2  610円(2),"5-2-7  1,910円(4)",2=5=7  420円(1),2=5  130円(1)  2=7  190円(2)  5=7  290円(3) / 2=5  130円(1)  2=7  190円(2)  5=7  290円(3),2,木村 皆斗  茨,城,24,119,S1,逃,3.92,108.67,◎,6,55.1,62.0,68.9,12,3,2,10.2,逃,１/４車輪,,
5320260501030012,nara,2026-05-03,12,▲1 △6 ◎4 ○2 ×5 注3,5-2  610円(2),"5-2-7  1,910円(4)",2=5=7  420円(1),2=5  130円(1)  2=7  190円(2)  5=7  290円(3) / 2=5  130円(1)  2=7  190円(2)  5=7  290円(3),3,川越 勇星,神奈川,29,111,S2,両,3.92,100.08,×,1,12.5,20.8,45.8,4,1,5,10.1,,３/４車身,,
5320260501030012,nara,2026-05-03,12,▲1 △6 ◎4 ○2 ×5 注3,5-2  610円(2),"5-2-7  1,910円(4)",2=5=7  420円(1),2=5  130円(1)  2=7  190円(2)  5=7  290円(3) / 2=5  130円(1)  2=7  190円(2)  5=7  290円(3),4,徳永 哲人  熊,本,43,100,S1,両,3.92,100.39,,0,16.6,25.0,33.3,1,2,4,9.9,,微差,,
5320260501030012,nara,2026-05-03,12,▲1 △6 ◎4 ○2 ×5 注3,5-2  610円(2),"5-2-7  1,910円(4)",2=5=7  420円(1),2=5  130円(1)  2=7  190円(2)  5=7  290円(3) / 2=5  130円(1)  2=7  190円(2)  5=7  290円(3),5,河村 雅章  東,京,43,92,S2,追,3.92,105.52,○,5,17.3,34.7,60.8,0,0,1,10.0,差,,,
5320260501030012,nara,2026-05-03,12,▲1 △6 ◎4 ○2 ×5 注3,5-2  610円(2),"5-2-7  1,910円(4)",2=5=7  420円(1),2=5  130円(1)  2=7  190円(2)  5=7  290円(3) / 2=5  130円(1)  2=7  190円(2)  5=7  290円(3),6,村上 竜馬  広,島,30,115,S2,逃,3.92,97.05,△,4,5.0,10.0,25.0,0,1,7,11.6,,９車身,,
5320260501030012,nara,2026-05-03,12,▲1 △6 ◎4 ○2 ×5 注3,5-2  610円(2),"5-2-7  1,910円(4)",2=5=7  420円(1),2=5  130円(1)  2=7  190円(2)  5=7  290円(3) / 2=5  130円(1)  2=7  190円(2)  5=7  290円(3),7,堀内 俊介,神奈川,36,107,S2,両,3.93,100.92,注,2,15.3,26.9,53.8,2,3,3,9.8,,３/４車身,,
6320260501030001,hofu,2026-05-03,1,×3 ▲6 △4 注1 ○2 ◎5,4-1  800円(2),"4-1-2  3,970円(15)","1=2=4  2,140円(10)","1=2  1,130円(13)  1=4  460円(7)  2=4  370円(5) / 1=2  1,130円(13)  1=4  460円(7)  2=4  370円(5)",1,船倉 卓郎  長,崎,42,99,A2,追,3.92,79.66,注,2,0.0,5.5,5.5,0,1,2,10.3,ク,３/４車輪,,
6320260501030001,hofu,2026-05-03,1,×3 ▲6 △4 注1 ○2 ◎5,4-1  800円(2),"4-1-2  3,970円(15)","1=2=4  2,140円(10)","1=2  1,130円(13)  1=4  460円(7)  2=4  370円(5) / 1=2  1,130円(13)  1=4  460円(7)  2=4  370円(5)",2,小林 史也,和歌山,40,107,A1,逃,3.92,83.26,○,5,5.0,25.0,30.0,5,0,3,10.1,,１/４車輪,,
6320260501030001,hofu,2026-05-03,1,×3 ▲6 △4 注1 ○2 ◎5,4-1  800円(2),"4-1-2  3,970円(15)","1=2=4  2,140円(10)","1=2  1,130円(13)  1=4  460円(7)  2=4  370円(5) / 1=2  1,130円(13)  1=4  460円(7)  2=4  370円(5)",3,勝谷 勝治  三,重,35,115,A2,両,3.92,82.61,×,1,9.5,23.8,42.8,0,0,6,11.3,,９車身,,
6320260501030001,hofu,2026-05-03,1,×3 ▲6 △4 注1 ○2 ◎5,4-1  800円(2),"4-1-2  3,970円(15)","1=2=4  2,140円(10)","1=2  1,130円(13)  1=4  460円(7)  2=4  370円(5) / 1=2  1,130円(13)  1=4  460円(7)  2=4  370円(5)",4,松本 昂大  長,崎,21,125,A2,逃,3.92,81.86,△,4,26.6,33.3,40.0,5,0,1,10.3,逃,,,
6320260501030001,hofu,2026-05-03,1,×3 ▲6 △4 注1 ○2 ◎5,4-1  800円(2),"4-1-2  3,970円(15)","1=2=4  2,140円(10)","1=2  1,130円(13)  1=4  460円(7)  2=4  370円(5) / 1=2  1,130円(13)  1=4  460円(7)  2=4  370円(5)",5,堺 文人,和歌山,47,85,A2,追,3.92,83.4,◎,6,9.5,28.5,42.8,0,0,5,10.2,,１/４車輪,,
6320260501030001,hofu,2026-05-03,1,×3 ▲6 △4 注1 ○2 ◎5,4-1  800円(2),"4-1-2  3,970円(15)","1=2=4  2,140円(10)","1=2  1,130円(13)  1=4  460円(7)  2=4  370円(5) / 1=2  1,130円(13)  1=4  460円(7)  2=4  370円(5)",6,小川 将人  愛,知,50,75,A2,追,3.92,79.25,▲,3,0.0,0.0,5.0,0,0,4,10.1,,１車身,,
6320260501030002,hofu,2026-05-03,2,注4 ▲6 ◎1 ○5 ×3 △2,"5-2  1,190円(5)","5-2-3  3,150円(11)",2=3=5  410円(2),2=3  220円(5)  2=5  190円(4)  3=5  140円(1) / 2=3  220円(5)  2=5  190円(4)  3=5  140円(1),1,原田 峻治  山,口,31,125,A2,逃,3.92,83.38,◎,6,4.7,19.0,33.3,2,2,4,10.4,,１/２車輪,,
6320260501030002,hofu,2026-05-03,2,注4 ▲6 ◎1 ○5 ×3 △2,"5-2  1,190円(5)","5-2-3  3,150円(11)",2=3=5  410円(2),2=3  220円(5)  2=5  190円(4)  3=5  140円(1) / 2=3  220円(5)  2=5  190円(4)  3=5  140円(1),2,山崎 晃  石,川,40,95,A2,両,3.92,80.33,△,4,9.5,19.0,28.5,3,0,2,10.4,逃,４車身,,
6320260501030002,hofu,2026-05-03,2,注4 ▲6 ◎1 ○5 ×3 △2,"5-2  1,190円(5)","5-2-3  3,150円(11)",2=3=5  410円(2),2=3  220円(5)  2=5  190円(4)  3=5  140円(1) / 2=3  220円(5)  2=5  190円(4)  3=5  140円(1),3,増田 仁  広,島,40,113,A2,逃,3.92,83.54,×,1,32.2,41.9,45.1,7,5,3,10.5,,１/２車身,,
6320260501030002,hofu,2026-05-03,2,注4 ▲6 ◎1 ○5 ×3 △2,"5-2  1,190円(5)","5-2-3  3,150円(11)",2=3=5  410円(2),2=3  220円(5)  2=5  190円(4)  3=5  140円(1) / 2=3  220円(5)  2=5  190円(4)  3=5  140円(1),4,佐野 洋継  京,都,38,97,A2,両,3.92,79.52,注,2,4.7,4.7,19.0,0,0,5,10.4,,１/２車身,,
6320260501030002,hofu,2026-05-03,2,注4 ▲6 ◎1 ○5 ×3 △2,"5-2  1,190円(5)","5-2-3  3,150円(11)",2=3=5  410円(2),2=3  220円(5)  2=5  190円(4)  3=5  140円(1) / 2=3  220円(5)  2=5  190円(4)  3=5  140円(1),5,松下 綾馬  岡,山,29,121,A1,逃,3.92,83.54,○,5,16.6,33.3,33.3,2,6,1,10.0,捲,,,
6320260501030002,hofu,2026-05-03,2,注4 ▲6 ◎1 ○5 ×3 △2,"5-2  1,190円(5)","5-2-3  3,150円(11)",2=3=5  410円(2),2=3  220円(5)  2=5  190円(4)  3=5  140円(1) / 2=3  220円(5)  2=5  190円(4)  3=5  140円(1),6,金田 健一郎  大,阪,59,60,A2,追,3.92,79.42,▲,3,0.0,4.7,19.0,0,0,6,10.3,,３/４車輪,,
6320260501030003,hofu,2026-05-03,3,×1 ▲7 ◎5 ○4 △3 注2,4-5  760円(2),"4-5-3  1,260円(3)",3=4=5  150円(1),3=4  140円(2)  3=5  140円(3)  4=5  100円(1) / 3=4  140円(2)  3=5  140円(3)  4=5  100円(1),1,林 明宏  高,知,49,79,A1,追,3.93,86.83,×,1,12.5,25.0,50.0,0,0,6,10.5,,２車身,,
6320260501030003,hofu,2026-05-03,3,×1 ▲7 ◎5 ○4 △3 注2,4-5  760円(2),"4-5-3  1,260円(3)",3=4=5  150円(1),3=4  140円(2)  3=5  140円(3)  4=5  100円(1) / 3=4  140円(2)  3=5  140円(3)  4=5  100円(1),2,飯塚 直人  佐,賀,35,98,A2,両,3.92,81.09,注,2,0.0,5.0,30.0,0,0,4,10.2,,１車身,,
6320260501030003,hofu,2026-05-03,3,×1 ▲7 ◎5 ○4 △3 注2,4-5  760円(2),"4-5-3  1,260円(3)",3=4=5  150円(1),3=4  140円(2)  3=5  140円(3)  4=5  100円(1) / 3=4  140円(2)  3=5  140円(3)  4=5  100円(1),3,仲松 勝太  沖,縄,48,96,A2,追,3.92,81.94,△,4,0.0,11.1,44.4,0,0,3,10.2,,１/２車身,,
6320260501030003,hofu,2026-05-03,3,×1 ▲7 ◎5 ○4 △3 注2,4-5  760円(2),"4-5-3  1,260円(3)",3=4=5  150円(1),3=4  140円(2)  3=5  140円(3)  4=5  100円(1) / 3=4  140円(2)  3=5  140円(3)  4=5  100円(1),4,好永 晃  佐,賀,35,98,A1,追,3.92,86.16,○,5,0.0,25.0,33.3,0,0,1,10.3,差,,,
6320260501030003,hofu,2026-05-03,3,×1 ▲7 ◎5 ○4 △3 注2,4-5  760円(2),"4-5-3  1,260円(3)",3=4=5  150円(1),3=4  140円(2)  3=5  140円(3)  4=5  100円(1) / 3=4  140円(2)  3=5  140円(3)  4=5  100円(1),5,林 昴  福,岡,24,119,A1,逃,3.92,88.92,◎,6,38.4,53.8,61.5,4,3,2,10.5,逃,１/８車輪,,
6320260501030003,hofu,2026-05-03,3,×1 ▲7 ◎5 ○4 △3 注2,4-5  760円(2),"4-5-3  1,260円(3)",3=4=5  150円(1),3=4  140円(2)  3=5  140円(3)  4=5  100円(1) / 3=4  140円(2)  3=5  140円(3)  4=5  100円(1),6,山崎 翼  大,分,37,95,A2,逃,3.92,78.0,,0,16.6,16.6,16.6,0,1,5,10.2,,２車身,,
6320260501030003,hofu,2026-05-03,3,×1 ▲7 ◎5 ○4 △3 注2,4-5  760円(2),"4-5-3  1,260円(3)",3=4=5  150円(1),3=4  140円(2)  3=5  140円(3)  4=5  100円(1) / 3=4  140円(2)  3=5  140円(3)  4=5  100円(1),7,山中 崇弘  高,知,30,113,A2,追,3.92,80.5,▲,3,4.5,9.0,27.2,0,0,7,11.8,,大差,,
6320260501030004,hofu,2026-05-03,4,◎1 ○7 注5 ×3 △4 ▲2,1-7  190円(1),1-7-5  360円(1),1=5=7  200円(1),1=5  170円(3)  1=7  110円(1)  5=7  160円(2) / 1=5  170円(3)  1=7  110円(1)  5=7  160円(2),1,石田 拓真  愛,知,24,119,A1,逃,3.92,89.66,◎,6,22.2,27.7,44.4,4,1,1,10.7,逃,,,
6320260501030004,hofu,2026-05-03,4,◎1 ○7 注5 ×3 △4 ▲2,1-7  190円(1),1-7-5  360円(1),1=5=7  200円(1),1=5  170円(3)  1=7  110円(1)  5=7  160円(2) / 1=5  170円(3)  1=7  110円(1)  5=7  160円(2),2,楢原 由将  福,岡,38,94,A2,両,3.92,82.89,△,4,0.0,5.2,21.0,0,0,7,10.3,,３/４車輪,,
6320260501030004,hofu,2026-05-03,4,◎1 ○7 注5 ×3 △4 ▲2,1-7  190円(1),1-7-5  360円(1),1=5=7  200円(1),1=5  170円(3)  1=7  110円(1)  5=7  160円(2) / 1=5  170円(3)  1=7  110円(1)  5=7  160円(2),3,中山 遼太郎  熊,本,23,121,A1,逃,3.92,82.95,注,2,5.0,25.0,40.0,2,3,5,10.4,,３/４車身,,
6320260501030004,hofu,2026-05-03,4,◎1 ○7 注5 ×3 △4 ▲2,1-7  190円(1),1-7-5  360円(1),1=5=7  200円(1),1=5  170円(3)  1=7  110円(1)  5=7  160円(2) / 1=5  170円(3)  1=7  110円(1)  5=7  160円(2),4,安東 英博  大,分,45,87,A1,追,3.92,85.04,×,1,0.0,8.3,33.3,0,0,6,10.3,,１/２車輪,,
6320260501030004,hofu,2026-05-03,4,◎1 ○7 注5 ×3 △4 ▲2,1-7  190円(1),1-7-5  360円(1),1=5=7  200円(1),1=5  170円(3)  1=7  110円(1)  5=7  160円(2) / 1=5  170円(3)  1=7  110円(1)  5=7  160円(2),5,内村 泰三  山,口,52,72,A2,追,3.92,83.04,,0,9.5,19.0,33.3,0,0,3,10.4,,３/４車身,,
6320260501030004,hofu,2026-05-03,4,◎1 ○7 注5 ×3 △4 ▲2,1-7  190円(1),1-7-5  360円(1),1=5=7  200円(1),1=5  170円(3)  1=7  110円(1)  5=7  160円(2) / 1=5  170円(3)  1=7  110円(1)  5=7  160円(2),6,高比良 豪  福,岡,46,84,A1,追,3.92,82.57,▲,3,5.2,21.0,26.3,0,1,4,10.1,,１/２車輪,,
6320260501030004,hofu,2026-05-03,4,◎1 ○7 注5 ×3 △4 ▲2,1-7  190円(1),1-7-5  360円(1),1=5=7  200円(1),1=5  170円(3)  1=7  110円(1)  5=7  160円(2) / 1=5  170円(3)  1=7  110円(1)  5=7  160円(2),7,山本 隼人  大,阪,28,111,A1,追,3.92,86.25,○,5,8.3,8.3,16.6,0,0,2,10.6,ク,１車輪,,
6320260501030005,hofu,2026-05-03,5,○4 ◎1 △3 注6 ×7 ▲2,2-1  960円(4),"2-1-4  5,580円(19)",1=2=4  590円(2),1=2  210円(3)  1=4  180円(2)  2=4  260円(4) / 1=2  210円(3)  1=4  180円(2)  2=4  260円(4),1,富 武大  山,口,28,121,A1,逃,3.92,93.21,◎,6,35.7,57.1,64.2,3,4,2,10.0,差,１車身１/２,,
6320260501030005,hofu,2026-05-03,5,○4 ◎1 △3 注6 ×7 ▲2,2-1  960円(4),"2-1-4  5,580円(19)",1=2=4  590円(2),1=2  210円(3)  1=4  180円(2)  2=4  260円(4) / 1=2  210円(3)  1=4  180円(2)  2=4  260円(4),2,吉川 起也  富,山,42,92,A1,両,3.92,93.65,×,1,33.3,61.9,66.6,0,6,1,10.0,捲,,,
6320260501030005,hofu,2026-05-03,5,○4 ◎1 △3 注6 ×7 ▲2,2-1  960円(4),"2-1-4  5,580円(19)",1=2=4  590円(2),1=2  210円(3)  1=4  180円(2)  2=4  260円(4) / 1=2  210円(3)  1=4  180円(2)  2=4  260円(4),3,高橋 幸司  沖,縄,37,99,A2,逃,3.92,90.52,△,4,33.3,52.3,66.6,7,3,6,9.9,,１/２車身,,
6320260501030005,hofu,2026-05-03,5,○4 ◎1 △3 注6 ×7 ▲2,2-1  960円(4),"2-1-4  5,580円(19)",1=2=4  590円(2),1=2  210円(3)  1=4  180円(2)  2=4  260円(4) / 1=2  210円(3)  1=4  180円(2)  2=4  260円(4),4,細中 翔太  岡,山,26,125,A2,逃,3.92,92.0,○,5,52.3,66.6,76.1,11,1,3,10.2,,１/４車輪,,
6320260501030005,hofu,2026-05-03,5,○4 ◎1 △3 注6 ×7 ▲2,2-1  960円(4),"2-1-4  5,580円(19)",1=2=4  590円(2),1=2  210円(3)  1=4  180円(2)  2=4  260円(4) / 1=2  210円(3)  1=4  180円(2)  2=4  260円(4),5,舛井 幹雄  三,重,54,71,A1,追,3.93,91.0,▲,3,19.0,42.8,52.3,0,0,4,10.0,,３/４車身,,
6320260501030005,hofu,2026-05-03,5,○4 ◎1 △3 注6 ×7 ▲2,2-1  960円(4),"2-1-4  5,580円(19)",1=2=4  590円(2),1=2  210円(3)  1=4  180円(2)  2=4  260円(4) / 1=2  210円(3)  1=4  180円(2)  2=4  260円(4),6,天野 純平  佐,賀,27,115,A2,逃,3.92,83.45,,0,30.0,40.0,45.0,4,2,7,10.2,,１車身１/２,,
6320260501030005,hofu,2026-05-03,5,○4 ◎1 △3 注6 ×7 ▲2,2-1  960円(4),"2-1-4  5,580円(19)",1=2=4  590円(2),1=2  210円(3)  1=4  180円(2)  2=4  260円(4) / 1=2  210円(3)  1=4  180円(2)  2=4  260円(4),7,中野 雄喜  京,都,32,111,A1,両,3.92,90.14,注,2,13.3,26.6,60.0,1,1,5,10.5,,１/２車輪,,
6320260501030006,hofu,2026-05-03,6,○3 注6 ◎7 △2 ▲4 ×1,7-3  320円(1),"7-3-2  12,870円(34)","2=3=7  5,820円(13)","2=3  2,450円(16)  2=7  2,370円(15)  3=7  110円(1) / 2=3  2,450円(16)  2=7  2,370円(15)  3=7  110円(1)",1,中原 恭恵  広,島,39,126,L1,両,3.79,46.6,▲,3,0.0,4.1,20.8,0,0,6,10.6,,３/４車身,,
6320260501030006,hofu,2026-05-03,6,○3 注6 ◎7 △2 ▲4 ×1,7-3  320円(1),"7-3-2  12,870円(34)","2=3=7  5,820円(13)","2=3  2,450円(16)  2=7  2,370円(15)  3=7  110円(1) / 2=3  2,450円(16)  2=7  2,370円(15)  3=7  110円(1)",2,渡辺 ゆかり  山,梨,45,102,L1,追,3.71,44.73,,0,0.0,0.0,4.3,0,0,3,10.9,,１車身,,
6320260501030006,hofu,2026-05-03,6,○3 注6 ◎7 △2 ▲4 ×1,7-3  320円(1),"7-3-2  12,870円(34)","2=3=7  5,820円(13)","2=3  2,450円(16)  2=7  2,370円(15)  3=7  110円(1) / 2=3  2,450円(16)  2=7  2,370円(15)  3=7  110円(1)",3,加藤 恵  青,森,40,112,L1,両,3.79,50.62,○,5,11.1,29.6,55.5,6,1,2,11.0,逃,１車身１/２,,
6320260501030006,hofu,2026-05-03,6,○3 注6 ◎7 △2 ▲4 ×1,7-3  320円(1),"7-3-2  12,870円(34)","2=3=7  5,820円(13)","2=3  2,450円(16)  2=7  2,370円(15)  3=7  110円(1) / 2=3  2,450円(16)  2=7  2,370円(15)  3=7  110円(1)",4,杉浦 菜留  愛,知,25,118,L1,両,3.79,49.94,△,4,5.8,17.6,29.4,0,0,4,11.1,,１/２車身,,
6320260501030006,hofu,2026-05-03,6,○3 注6 ◎7 △2 ▲4 ×1,7-3  320円(1),"7-3-2  12,870円(34)","2=3=7  5,820円(13)","2=3  2,450円(16)  2=7  2,370円(15)  3=7  110円(1) / 2=3  2,450円(16)  2=7  2,370円(15)  3=7  110円(1)",5,佐々木 綾  東,京,26,116,L1,両,3.79,49.77,×,1,3.7,18.5,37.0,0,0,7,11.1,,１/２車輪,,
6320260501030006,hofu,2026-05-03,6,○3 注6 ◎7 △2 ▲4 ×1,7-3  320円(1),"7-3-2  12,870円(34)","2=3=7  5,820円(13)","2=3  2,450円(16)  2=7  2,370円(15)  3=7  110円(1) / 2=3  2,450円(16)  2=7  2,370円(15)  3=7  110円(1)",6,成海 綾香  沖,縄,25,128,L1,両,3.77,46.57,注,2,0.0,0.0,0.0,0,0,5,10.7,,１/２車輪,,
6320260501030006,hofu,2026-05-03,6,○3 注6 ◎7 △2 ▲4 ×1,7-3  320円(1),"7-3-2  12,870円(34)","2=3=7  5,820円(13)","2=3  2,450円(16)  2=7  2,370円(15)  3=7  110円(1) / 2=3  2,450円(16)  2=7  2,370円(15)  3=7  110円(1)",7,永禮 美瑠  愛,知,26,118,L1,両,3.77,52.95,◎,6,20.8,37.5,66.6,1,3,1,10.6,捲,,,
6320260501030007,hofu,2026-05-03,7,◎1 注4 △2 ○7 ×3 ▲5,1-3  600円(3),1-3-7  970円(3),1=3=7  230円(1),1=3  160円(2)  1=7  100円(1)  3=7  240円(4) / 1=3  160円(2)  1=7  100円(1)  3=7  240円(4),1,山原 さくら  山,口,33,104,L1,両,3.77,57.5,◎,6,83.3,91.6,95.8,7,13,1,10.4,差,,,
6320260501030007,hofu,2026-05-03,7,◎1 注4 △2 ○7 ×3 ▲5,1-3  600円(3),1-3-7  970円(3),1=3=7  230円(1),1=3  160円(2)  1=7  100円(1)  3=7  240円(4) / 1=3  160円(2)  1=7  100円(1)  3=7  240円(4),2,村田 奈穂  熊,本,34,116,L1,両,3.77,51.54,△,4,4.1,29.1,41.6,0,2,5,10.1,,１車身,,
6320260501030007,hofu,2026-05-03,7,◎1 注4 △2 ○7 ×3 ▲5,1-3  600円(3),1-3-7  970円(3),1=3=7  230円(1),1=3  160円(2)  1=7  100円(1)  3=7  240円(4) / 1=3  160円(2)  1=7  100円(1)  3=7  240円(4),3,細田 愛未  埼,玉,30,108,L1,両,3.79,53.71,×,1,21.4,64.2,71.4,2,1,2,10.5,ク,１車身,,
6320260501030007,hofu,2026-05-03,7,◎1 注4 △2 ○7 ×3 ▲5,1-3  600円(3),1-3-7  970円(3),1=3=7  230円(1),1=3  160円(2)  1=7  100円(1)  3=7  240円(4) / 1=3  160円(2)  1=7  100円(1)  3=7  240円(4),4,東 美月  兵,庫,24,124,L1,両,3.77,52.0,注,2,4.1,37.5,62.5,0,2,4,10.4,,３/４車輪,,
6320260501030007,hofu,2026-05-03,7,◎1 注4 △2 ○7 ×3 ▲5,1-3  600円(3),1-3-7  970円(3),1=3=7  230円(1),1=3  160円(2)  1=7  100円(1)  3=7  240円(4) / 1=3  160円(2)  1=7  100円(1)  3=7  240円(4),5,中野 咲  愛,知,29,110,L1,両,3.79,51.47,▲,3,4.3,21.7,39.1,0,0,7,10.6,,３/４車身,,
6320260501030007,hofu,2026-05-03,7,◎1 注4 △2 ○7 ×3 ▲5,1-3  600円(3),1-3-7  970円(3),1=3=7  230円(1),1=3  160円(2)  1=7  100円(1)  3=7  240円(4) / 1=3  160円(2)  1=7  100円(1)  3=7  240円(4),6,野寺 楓  静,岡,27,122,L1,追,3.79,50.61,,0,0.0,16.6,33.3,0,0,6,10.5,,１/２車身,,
6320260501030007,hofu,2026-05-03,7,◎1 注4 △2 ○7 ×3 ▲5,1-3  600円(3),1-3-7  970円(3),1=3=7  230円(1),1=3  160円(2)  1=7  100円(1)  3=7  240円(4) / 1=3  160円(2)  1=7  100円(1)  3=7  240円(4),7,半田 水晶  茨,城,28,128,L1,両,3.79,56.18,○,5,68.1,81.8,86.3,13,5,3,10.8,,１/４車輪,,
7520260501030001,matsuyama,2026-05-03,1,◎1 ○3 ▲6 注7 ×4 △2,"5-2  1,850円(5)","5-2-4  4,510円(14)","2=4=5  1,760円(7)",2=4  880円(12)  2=5  570円(9)  4=5  830円(11) / 2=4  880円(12)  2=5  570円(9)  4=5  830円(11),1,相川 巧  埼,玉,36,98,A3,両,3.92,69.51,◎,6,13.7,27.5,44.8,5,2,6,12.9,,５車身,,
7520260501030001,matsuyama,2026-05-03,1,◎1 ○3 ▲6 注7 ×4 △2,"5-2  1,850円(5)","5-2-4  4,510円(14)","2=4=5  1,760円(7)",2=4  880円(12)  2=5  570円(9)  4=5  830円(11) / 2=4  880円(12)  2=5  570円(9)  4=5  830円(11),2,菅原 洋輔  岩,手,44,98,A3,両,3.92,69.44,×,1,7.6,26.9,46.1,3,2,2,12.6,逃,１車身,,
7520260501030001,matsuyama,2026-05-03,1,◎1 ○3 ▲6 注7 ×4 △2,"5-2  1,850円(5)","5-2-4  4,510円(14)","2=4=5  1,760円(7)",2=4  880円(12)  2=5  570円(9)  4=5  830円(11) / 2=4  880円(12)  2=5  570円(9)  4=5  830円(11),3,高橋 由記  群,馬,46,88,A3,追,3.92,68.58,○,5,16.6,20.8,29.1,0,0,4,12.3,,１/４車輪,,
7520260501030001,matsuyama,2026-05-03,1,◎1 ○3 ▲6 注7 ×4 △2,"5-2  1,850円(5)","5-2-4  4,510円(14)","2=4=5  1,760円(7)",2=4  880円(12)  2=5  570円(9)  4=5  830円(11) / 2=4  880円(12)  2=5  570円(9)  4=5  830円(11),4,穴井 利久  福,岡,55,65,A3,追,3.92,67.75,注,2,0.0,0.0,33.3,0,0,3,12.4,,１/４車輪,,
7520260501030001,matsuyama,2026-05-03,1,◎1 ○3 ▲6 注7 ×4 △2,"5-2  1,850円(5)","5-2-4  4,510円(14)","2=4=5  1,760円(7)",2=4  880円(12)  2=5  570円(9)  4=5  830円(11) / 2=4  880円(12)  2=5  570円(9)  4=5  830円(11),5,橋本 祐司  青,森,41,95,A3,追,3.86,66.57,△,4,4.7,14.2,28.5,0,0,1,12.4,差,,,
7520260501030001,matsuyama,2026-05-03,1,◎1 ○3 ▲6 注7 ×4 △2,"5-2  1,850円(5)","5-2-4  4,510円(14)","2=4=5  1,760円(7)",2=4  880円(12)  2=5  570円(9)  4=5  830円(11) / 2=4  880円(12)  2=5  570円(9)  4=5  830円(11),6,黒瀬 浩一  静,岡,60,57,A3,追,3.92,65.11,▲,3,0.0,11.1,14.8,0,0,5,12.2,,１/２車身,,
7520260501030001,matsuyama,2026-05-03,1,◎1 ○3 ▲6 注7 ×4 △2,"5-2  1,850円(5)","5-2-4  4,510円(14)","2=4=5  1,760円(7)",2=4  880円(12)  2=5  570円(9)  4=5  830円(11) / 2=4  880円(12)  2=5  570円(9)  4=5  830円(11),7,吉竹 雄城  千,葉,36,99,A3,追,3.92,61.92,,0,0.0,0.0,4.0,0,0,7,,,大差,,
7520260501030002,matsuyama,2026-05-03,2,○3 ◎1 注5 △4 ×2 ▲6,"1-5  1,260円(4)","1-5-3  2,070円(7)",1=3=5  730円(4),1=3  310円(4)  1=5  380円(7)  3=5  670円(10) / 1=3  310円(4)  1=5  380円(7)  3=5  670円(10),1,杉浦 康一,北海道,61,58,A3,追,3.92,69.4,◎,6,14.8,29.6,48.1,0,0,1,12.6,差,,,
7520260501030002,matsuyama,2026-05-03,2,○3 ◎1 注5 △4 ×2 ▲6,"1-5  1,260円(4)","1-5-3  2,070円(7)",1=3=5  730円(4),1=3  310円(4)  1=5  380円(7)  3=5  670円(10) / 1=3  310円(4)  1=5  380円(7)  3=5  670円(10),2,戸ノ下 太郎  千,葉,50,76,A3,追,3.85,68.69,×,1,8.6,21.7,34.7,0,0,5,12.2,,３/４車身,,
7520260501030002,matsuyama,2026-05-03,2,○3 ◎1 注5 △4 ×2 ▲6,"1-5  1,260円(4)","1-5-3  2,070円(7)",1=3=5  730円(4),1=3  310円(4)  1=5  380円(7)  3=5  670円(10) / 1=3  310円(4)  1=5  380円(7)  3=5  670円(10),3,佐藤 康恭  福,島,40,94,A3,両,3.92,68.2,○,5,12.5,16.6,37.5,0,2,3,12.7,,３/４車身,,
7520260501030002,matsuyama,2026-05-03,2,○3 ◎1 注5 △4 ×2 ▲6,"1-5  1,260円(4)","1-5-3  2,070円(7)",1=3=5  730円(4),1=3  310円(4)  1=5  380円(7)  3=5  670円(10) / 1=3  310円(4)  1=5  380円(7)  3=5  670円(10),4,野口 修平,神奈川,37,105,A3,逃,3.85,68.0,△,4,22.7,22.7,31.8,5,0,4,12.4,,１車輪,,
7520260501030002,matsuyama,2026-05-03,2,○3 ◎1 注5 △4 ×2 ▲6,"1-5  1,260円(4)","1-5-3  2,070円(7)",1=3=5  730円(4),1=3  310円(4)  1=5  380円(7)  3=5  670円(10) / 1=3  310円(4)  1=5  380円(7)  3=5  670円(10),5,横瀬 聡  福,岡,54,69,A3,追,3.92,67.07,注,2,11.5,11.5,26.9,0,0,2,12.4,ク,１/８車輪,,
7520260501030002,matsuyama,2026-05-03,2,○3 ◎1 注5 △4 ×2 ▲6,"1-5  1,260円(4)","1-5-3  2,070円(7)",1=3=5  730円(4),1=3  310円(4)  1=5  380円(7)  3=5  670円(10) / 1=3  310円(4)  1=5  380円(7)  3=5  670円(10),6,中山 善仁  新,潟,52,73,A3,追,3.86,64.46,▲,3,0.0,7.1,10.7,0,0,6,12.7,,６車身,,
7520260501030002,matsuyama,2026-05-03,2,○3 ◎1 注5 △4 ×2 ▲6,"1-5  1,260円(4)","1-5-3  2,070円(7)",1=3=5  730円(4),1=3  310円(4)  1=5  380円(7)  3=5  670円(10) / 1=3  310円(4)  1=5  380円(7)  3=5  670円(10),7,鈴木 龍之介  栃,木,48,81,A3,追,3.92,61.58,,0,0.0,0.0,0.0,0,0,7,,,大差,,
7520260501030003,matsuyama,2026-05-03,3,×1 ▲7 注5 ◎6 ○2 △3,1-2  640円(2),"1-2-3  1,140円(2)",1=2=3  400円(1),1=2  190円(2)  1=3  230円(5)  2=3  160円(1) / 1=2  190円(2)  1=3  230円(5)  2=3  160円(1),1,龍門 慎太郎  岡,山,40,96,A3,追,3.92,69.86,×,1,13.7,31.0,37.9,1,2,1,11.8,捲,,,
7520260501030003,matsuyama,2026-05-03,3,×1 ▲7 注5 ◎6 ○2 △3,1-2  640円(2),"1-2-3  1,140円(2)",1=2=3  400円(1),1=2  190円(2)  1=3  230円(5)  2=3  160円(1) / 1=2  190円(2)  1=3  230円(5)  2=3  160円(1),2,岡田 哲夫  福,島,43,92,A3,追,3.92,69.04,◎,6,4.7,14.2,38.0,0,0,2,12.8,差,大差,,
7520260501030003,matsuyama,2026-05-03,3,×1 ▲7 注5 ◎6 ○2 △3,1-2  640円(2),"1-2-3  1,140円(2)",1=2=3  400円(1),1=2  190円(2)  1=3  230円(5)  2=3  160円(1) / 1=2  190円(2)  1=3  230円(5)  2=3  160円(1),3,長岡 豪  群,馬,42,91,A3,追,3.92,67.5,○,5,0.0,0.0,25.0,0,0,3,12.7,,１/２車身,,
7520260501030003,matsuyama,2026-05-03,3,×1 ▲7 注5 ◎6 ○2 △3,1-2  640円(2),"1-2-3  1,140円(2)",1=2=3  400円(1),1=2  190円(2)  1=3  230円(5)  2=3  160円(1) / 1=2  190円(2)  1=3  230円(5)  2=3  160円(1),4,村上 順規  新,潟,49,80,A3,追,3.85,67.11,△,4,0.0,0.0,22.2,0,0,4,12.6,,微差,,
7520260501030003,matsuyama,2026-05-03,3,×1 ▲7 注5 ◎6 ○2 △3,1-2  640円(2),"1-2-3  1,140円(2)",1=2=3  400円(1),1=2  190円(2)  1=3  230円(5)  2=3  160円(1) / 1=2  190円(2)  1=3  230円(5)  2=3  160円(1),5,屋宜 浩二  沖,縄,40,97,A3,追,3.92,63.94,▲,3,0.0,0.0,22.2,0,0,6,13.3,,大差,,
7520260501030003,matsuyama,2026-05-03,3,×1 ▲7 注5 ◎6 ○2 △3,1-2  640円(2),"1-2-3  1,140円(2)",1=2=3  400円(1),1=2  190円(2)  1=3  230円(5)  2=3  160円(1) / 1=2  190円(2)  1=3  230円(5)  2=3  160円(1),6,三浦 平志郎  秋,田,37,100,A3,逃,3.85,63.5,注,2,4.7,4.7,14.2,1,0,5,13.1,,１車身１/２,,
7520260501030003,matsuyama,2026-05-03,3,×1 ▲7 注5 ◎6 ○2 △3,1-2  640円(2),"1-2-3  1,140円(2)",1=2=3  400円(1),1=2  190円(2)  1=3  230円(5)  2=3  160円(1) / 1=2  190円(2)  1=3  230円(5)  2=3  160円(1),7,梶應 弘樹  愛,媛,60,57,A3,追,3.92 3.85,61.72,,0,0.0,0.0,0.0,0,0,7,13.9,,２車身,,
7520260501030004,matsuyama,2026-05-03,4,○7 △1 ◎3 ×2 ▲4 注6,"6-5  1,780円(7)","6-5-1  4,250円(11)","1=5=6  2,010円(8)",1=5  700円(10)  1=6  360円(6)  5=6  610円(8) / 1=5  700円(10)  1=6  360円(6)  5=6  610円(8),1,伊藤 一貴  栃,木,54,72,A3,追,3.83,75.55,○,5,11.1,59.2,77.7,0,0,3,12.1,,３車身,,
7520260501030004,matsuyama,2026-05-03,4,○7 △1 ◎3 ×2 ▲4 注6,"6-5  1,780円(7)","6-5-1  4,250円(11)","1=5=6  2,010円(8)",1=5  700円(10)  1=6  360円(6)  5=6  610円(8) / 1=5  700円(10)  1=6  360円(6)  5=6  610円(8),2,右近 陸人  山,口,26,127,A3,逃,3.92,71.7,◎,6,8.3,33.3,45.8,5,1,7,12.7,,１車身,,
7520260501030004,matsuyama,2026-05-03,4,○7 △1 ◎3 ×2 ▲4 注6,"6-5  1,780円(7)","6-5-1  4,250円(11)","1=5=6  2,010円(8)",1=5  700円(10)  1=6  360円(6)  5=6  610円(8) / 1=5  700円(10)  1=6  360円(6)  5=6  610円(8),3,齋藤 昌太  栃,木,39,93,A3,追,3.92,70.96,△,4,11.1,29.6,48.1,0,0,4,12.0,,３/４車輪,,
7520260501030004,matsuyama,2026-05-03,4,○7 △1 ◎3 ×2 ▲4 注6,"6-5  1,780円(7)","6-5-1  4,250円(11)","1=5=6  2,010円(8)",1=5  700円(10)  1=6  360円(6)  5=6  610円(8) / 1=5  700円(10)  1=6  360円(6)  5=6  610円(8),4,松木 竜也  愛,媛,56,65,A3,追,3.93,69.52,×,1,5.2,10.5,31.5,0,0,5,12.4,,２車身,,
7520260501030004,matsuyama,2026-05-03,4,○7 △1 ◎3 ×2 ▲4 注6,"6-5  1,780円(7)","6-5-1  4,250円(11)","1=5=6  2,010円(8)",1=5  700円(10)  1=6  360円(6)  5=6  610円(8) / 1=5  700円(10)  1=6  360円(6)  5=6  610円(8),5,仙石 淳  沖,縄,53,73,A3,追,3.85,69.0,注,2,7.6,15.3,30.7,0,0,2,12.0,ク,１車身,,
7520260501030004,matsuyama,2026-05-03,4,○7 △1 ◎3 ×2 ▲4 注6,"6-5  1,780円(7)","6-5-1  4,250円(11)","1=5=6  2,010円(8)",1=5  700円(10)  1=6  360円(6)  5=6  610円(8) / 1=5  700円(10)  1=6  360円(6)  5=6  610円(8),6,真崎 章徳  佐,賀,30,113,A3,逃,3.92,67.08,▲,3,8.0,24.0,24.0,2,3,1,12.1,捲,,,
7520260501030004,matsuyama,2026-05-03,4,○7 △1 ◎3 ×2 ▲4 注6,"6-5  1,780円(7)","6-5-1  4,250円(11)","1=5=6  2,010円(8)",1=5  700円(10)  1=6  360円(6)  5=6  610円(8) / 1=5  700円(10)  1=6  360円(6)  5=6  610円(8),7,藤本 龍也  長,野,42,98,A3,両,3.92,66.75,,0,12.5,18.7,37.5,3,0,6,12.4,,１/２車身,,
7520260501030005,matsuyama,2026-05-03,5,○4 ◎1 △3 ▲7 ×2 注5,"7-5  5,520円(19)","7-5-4  71,890円(133)","4=5=7  10,150円(27)","4=5  480円(7)  4=7  2,630円(20)  5=7  1,060円(15) / 4=5  480円(7)  4=7  2,630円(20)  5=7  1,060円(15)",1,旭 啓介,神奈川,47,86,A3,追,3.92,73.44,◎,6,22.2,33.3,44.4,0,0,6,12.0,,１/４車輪,,
7520260501030005,matsuyama,2026-05-03,5,○4 ◎1 △3 ▲7 ×2 注5,"7-5  5,520円(19)","7-5-4  71,890円(133)","4=5=7  10,150円(27)","4=5  480円(7)  4=7  2,630円(20)  5=7  1,060円(15) / 4=5  480円(7)  4=7  2,630円(20)  5=7  1,060円(15)",2,田中 孝法  福,岡,44,91,A3,追,3.92,72.84,×,1,21.0,47.3,57.8,0,0,4,12.1,,１/４車輪,,
7520260501030005,matsuyama,2026-05-03,5,○4 ◎1 △3 ▲7 ×2 注5,"7-5  5,520円(19)","7-5-4  71,890円(133)","4=5=7  10,150円(27)","4=5  480円(7)  4=7  2,630円(20)  5=7  1,060円(15) / 4=5  480円(7)  4=7  2,630円(20)  5=7  1,060円(15)",3,水野 悟志  静,岡,42,94,A3,追,3.92,68.95,△,4,9.5,23.8,33.3,0,0,7,12.0,,１/２車身,,
7520260501030005,matsuyama,2026-05-03,5,○4 ◎1 △3 ▲7 ×2 注5,"7-5  5,520円(19)","7-5-4  71,890円(133)","4=5=7  10,150円(27)","4=5  480円(7)  4=7  2,630円(20)  5=7  1,060円(15) / 4=5  480円(7)  4=7  2,630円(20)  5=7  1,060円(15)",4,吉川 誠,神奈川,44,86,A3,両,3.93,68.88,○,5,0.0,16.6,27.7,1,1,3,12.1,,１/２車輪,,
7520260501030005,matsuyama,2026-05-03,5,○4 ◎1 △3 ▲7 ×2 注5,"7-5  5,520円(19)","7-5-4  71,890円(133)","4=5=7  10,150円(27)","4=5  480円(7)  4=7  2,630円(20)  5=7  1,060円(15) / 4=5  480円(7)  4=7  2,630円(20)  5=7  1,060円(15)",5,中岡 海  愛,媛,23,123,A3,逃,3.92,67.69,注,2,17.3,34.7,39.1,5,3,2,12.5,逃,１/２車身,,
7520260501030005,matsuyama,2026-05-03,5,○4 ◎1 △3 ▲7 ×2 注5,"7-5  5,520円(19)","7-5-4  71,890円(133)","4=5=7  10,150円(27)","4=5  480円(7)  4=7  2,630円(20)  5=7  1,060円(15) / 4=5  480円(7)  4=7  2,630円(20)  5=7  1,060円(15)",6,小野 祐作  岡,山,53,72,A3,追,3.93,66.58,,0,0.0,5.5,16.6,0,0,5,12.5,,１/２車輪,,
7520260501030005,matsuyama,2026-05-03,5,○4 ◎1 △3 ▲7 ×2 注5,"7-5  5,520円(19)","7-5-4  71,890円(133)","4=5=7  10,150円(27)","4=5  480円(7)  4=7  2,630円(20)  5=7  1,060円(15) / 4=5  480円(7)  4=7  2,630円(20)  5=7  1,060円(15)",7,ラモス レオ  沖,縄,28,113,A3,逃,3.92,64.2,▲,3,0.0,8.3,8.3,0,0,1,12.3,差,,,
7520260501030006,matsuyama,2026-05-03,6,注7 ◎1 △6 ×5 ○4 ▲2,1-7  530円(2),"1-7-6  1,000円(1)",1=6=7  680円(4),1=6  400円(6)  1=7  350円(4)  6=7  760円(11) / 1=6  400円(6)  1=7  350円(4)  6=7  760円(11),1,高嶋 一朗  岡,山,58,62,A3,追,3.86,75.33,◎,6,33.3,61.1,66.6,0,0,1,12.4,差,,,
7520260501030006,matsuyama,2026-05-03,6,注7 ◎1 △6 ×5 ○4 ▲2,1-7  530円(2),"1-7-6  1,000円(1)",1=6=7  680円(4),1=6  400円(6)  1=7  350円(4)  6=7  760円(11) / 1=6  400円(6)  1=7  350円(4)  6=7  760円(11),2,高鍋 邦彰  福,岡,39,95,A3,両,3.92,72.55,○,5,29.6,51.8,59.2,6,2,5,12.1,,１車身１/２,,
7520260501030006,matsuyama,2026-05-03,6,注7 ◎1 △6 ×5 ○4 ▲2,1-7  530円(2),"1-7-6  1,000円(1)",1=6=7  680円(4),1=6  400円(6)  1=7  350円(4)  6=7  760円(11) / 1=6  400円(6)  1=7  350円(4)  6=7  760円(11),3,志村 正洋,神奈川,51,77,A3,追,3.85,69.59,▲,3,7.6,26.9,34.6,0,0,6,12.2,,２車身,,
7520260501030006,matsuyama,2026-05-03,6,注7 ◎1 △6 ×5 ○4 ▲2,1-7  530円(2),"1-7-6  1,000円(1)",1=6=7  680円(4),1=6  400円(6)  1=7  350円(4)  6=7  760円(11) / 1=6  400円(6)  1=7  350円(4)  6=7  760円(11),4,吉田 悟  熊,本,32,119,A3,逃,3.92,69.5,×,1,11.1,33.3,44.4,4,2,7,13.0,,５車身,,
7520260501030006,matsuyama,2026-05-03,6,注7 ◎1 △6 ×5 ○4 ▲2,1-7  530円(2),"1-7-6  1,000円(1)",1=6=7  680円(4),1=6  400円(6)  1=7  350円(4)  6=7  760円(11) / 1=6  400円(6)  1=7  350円(4)  6=7  760円(11),5,石川 英昭  静,岡,54,75,A3,追,3.93,68.29,,0,8.3,25.0,37.5,0,0,4,12.2,,３/４車輪,,
7520260501030006,matsuyama,2026-05-03,6,注7 ◎1 △6 ×5 ○4 ▲2,1-7  530円(2),"1-7-6  1,000円(1)",1=6=7  680円(4),1=6  400円(6)  1=7  350円(4)  6=7  760円(11) / 1=6  400円(6)  1=7  350円(4)  6=7  760円(11),6,大山 泰伸  香,川,54,68,A3,追,3.85,65.93,△,4,0.0,0.0,13.3,0,0,3,12.3,,１/２車身,,
7520260501030006,matsuyama,2026-05-03,6,注7 ◎1 △6 ×5 ○4 ▲2,1-7  530円(2),"1-7-6  1,000円(1)",1=6=7  680円(4),1=6  400円(6)  1=7  350円(4)  6=7  760円(11) / 1=6  400円(6)  1=7  350円(4)  6=7  760円(11),7,柏野 健吾  岡,山,23,127,A3,逃,3.92,64.9,注,2,0.0,0.0,0.0,0,0,2,12.5,逃,１/２車身,,
7520260501030007,matsuyama,2026-05-03,7,◎1 注6 ×7 △2 ○4 ▲3,,,,,1,邊見 竜馬  福,島,24,127,A3,逃,3.92,79.66,◎,6,100.0,100.0,100.0,4,1,,,,,,23:07
7520260501030007,matsuyama,2026-05-03,7,◎1 注6 ×7 △2 ○4 ▲3,,,,,2,木村 優駿  埼,玉,20,127,A3,逃,3.77,78.33,×,1,58.3,87.5,87.5,19,0,,,,,,23:07
7520260501030007,matsuyama,2026-05-03,7,◎1 注6 ×7 △2 ○4 ▲3,,,,,3,畑崎 大輝  青,森,24,127,A3,逃,3.85,78.14,○,5,61.9,80.9,85.7,13,4,,,,,,23:07
7520260501030007,matsuyama,2026-05-03,7,◎1 注6 ×7 △2 ○4 ▲3,,,,,4,里見 恒平  千,葉,49,99,A3,逃,3.92,72.25,△,4,25.0,50.0,50.0,1,6,,,,,,23:07
7520260501030007,matsuyama,2026-05-03,7,◎1 注6 ×7 △2 ○4 ▲3,,,,,5,大澤 哉太,北海道,37,95,A3,両,3.92,71.91,▲,3,16.6,37.5,54.1,1,0,,,,,,23:07
7520260501030007,matsuyama,2026-05-03,7,◎1 注6 ×7 △2 ○4 ▲3,,,,,6,榊枝 輝文  福,島,49,79,A3,追,3.93,70.11,注,2,11.5,34.6,46.1,0,2,,,,,,23:07
7520260501030007,matsuyama,2026-05-03,7,◎1 注6 ×7 △2 ○4 ▲3,,,,,7,鈴木 規純  福,島,51,75,A3,追,3.93,69.48,,0,12.0,24.0,32.0,0,1,,,,,,23:07
8320260501030001,kurume,2026-05-03,1,◎1 ×4 ▲6 ○2 △3 注5,2-3  470円(2),"2-3-4  2,310円(8)",2=3=4  960円(5),2=3  250円(4)  2=4  240円(3)  3=4  650円(11) / 2=3  250円(4)  2=4  240円(3)  3=4  650円(11),1,藤縄 洋介  兵,庫,45,89,A3,両,3.92,73.12,◎,6,8.0,44.0,60.0,0,0,4,12.5,,３/４車身,,
8320260501030001,kurume,2026-05-03,1,◎1 ×4 ▲6 ○2 △3 注5,2-3  470円(2),"2-3-4  2,310円(8)",2=3=4  960円(5),2=3  250円(4)  2=4  240円(3)  3=4  650円(11) / 2=3  250円(4)  2=4  240円(3)  3=4  650円(11),2,鈴木 広人,神奈川,42,99,A3,両,3.93,70.95,○,5,20.8,45.8,50.0,0,4,1,12.4,逃,,,
8320260501030001,kurume,2026-05-03,1,◎1 ×4 ▲6 ○2 △3 注5,2-3  470円(2),"2-3-4  2,310円(8)",2=3=4  960円(5),2=3  250円(4)  2=4  240円(3)  3=4  650円(11) / 2=3  250円(4)  2=4  240円(3)  3=4  650円(11),3,安坂 洋一,神奈川,50,79,A3,追,3.92,69.87,△,4,0.0,12.0,36.0,0,0,2,12.4,ク,１車身,,
8320260501030001,kurume,2026-05-03,1,◎1 ×4 ▲6 ○2 △3 注5,2-3  470円(2),"2-3-4  2,310円(8)",2=3=4  960円(5),2=3  250円(4)  2=4  240円(3)  3=4  650円(11) / 2=3  250円(4)  2=4  240円(3)  3=4  650円(11),4,梶原 秀庸  大,阪,52,77,A3,追,3.92,69.68,×,1,5.2,26.3,36.8,0,0,3,12.3,,１/２車輪,,
8320260501030001,kurume,2026-05-03,1,◎1 ×4 ▲6 ○2 △3 注5,2-3  470円(2),"2-3-4  2,310円(8)",2=3=4  960円(5),2=3  250円(4)  2=4  240円(3)  3=4  650円(11) / 2=3  250円(4)  2=4  240円(3)  3=4  650円(11),5,石井 孝  千,葉,54,68,A3,追,3.85,68.75,注,2,4.1,12.5,33.3,0,0,6,12.7,,４車身,,
8320260501030001,kurume,2026-05-03,1,◎1 ×4 ▲6 ○2 △3 注5,2-3  470円(2),"2-3-4  2,310円(8)",2=3=4  960円(5),2=3  250円(4)  2=4  240円(3)  3=4  650円(11) / 2=3  250円(4)  2=4  240円(3)  3=4  650円(11),6,吉田 英二  東,京,52,76,A3,追,3.92,66.62,▲,3,12.5,20.8,20.8,0,0,5,12.3,,１/８車輪,,
8320260501030001,kurume,2026-05-03,1,◎1 ×4 ▲6 ○2 △3 注5,2-3  470円(2),"2-3-4  2,310円(8)",2=3=4  960円(5),2=3  250円(4)  2=4  240円(3)  3=4  650円(11) / 2=3  250円(4)  2=4  240円(3)  3=4  650円(11),7,齋藤 明,北海道,58,61,A3,追,3.92,63.71,,0,0.0,0.0,4.7,0,0,7,13.2,,８車身,,
8320260501030002,kurume,2026-05-03,2,◎6 ○4 △3 ▲5 ×1 注2,6-4  280円(1),"6-4-5  4,220円(17)","4=5=6  2,360円(8)","4=5  1,530円(13)  4=6  130円(1)  5=6  1,080円(11) / 4=5  1,530円(13)  4=6  130円(1)  5=6  1,080円(11)",1,吉成 晃一  熊,本,40,92,A3,両,3.92,70.75,×,1,7.1,17.8,46.4,0,1,5,12.7,,２車身,,
8320260501030002,kurume,2026-05-03,2,◎6 ○4 △3 ▲5 ×1 注2,6-4  280円(1),"6-4-5  4,220円(17)","4=5=6  2,360円(8)","4=5  1,530円(13)  4=6  130円(1)  5=6  1,080円(11) / 4=5  1,530円(13)  4=6  130円(1)  5=6  1,080円(11)",2,柴田 昌樹  愛,知,50,79,A3,追,3.92,69.77,注,2,8.6,21.7,34.7,0,0,7,12.7,,１車輪,,
8320260501030002,kurume,2026-05-03,2,◎6 ○4 △3 ▲5 ×1 注2,6-4  280円(1),"6-4-5  4,220円(17)","4=5=6  2,360円(8)","4=5  1,530円(13)  4=6  130円(1)  5=6  1,080円(11) / 4=5  1,530円(13)  4=6  130円(1)  5=6  1,080円(11)",3,石川 一浩  静,岡,59,57,A3,追,3.92,68.72,△,4,0.0,13.0,26.0,0,0,4,12.7,,３/４車輪,,
8320260501030002,kurume,2026-05-03,2,◎6 ○4 △3 ▲5 ×1 注2,6-4  280円(1),"6-4-5  4,220円(17)","4=5=6  2,360円(8)","4=5  1,530円(13)  4=6  130円(1)  5=6  1,080円(11) / 4=5  1,530円(13)  4=6  130円(1)  5=6  1,080円(11)",4,森下 忠夫  高,知,53,69,A3,追,3.92,67.95,○,5,0.0,8.6,34.7,0,0,2,12.7,ク,１/２車輪,,
8320260501030002,kurume,2026-05-03,2,◎6 ○4 △3 ▲5 ×1 注2,6-4  280円(1),"6-4-5  4,220円(17)","4=5=6  2,360円(8)","4=5  1,530円(13)  4=6  130円(1)  5=6  1,080円(11) / 4=5  1,530円(13)  4=6  130円(1)  5=6  1,080円(11)",5,小林 高志  東,京,52,79,A3,追,3.92,66.57,▲,3,0.0,0.0,14.2,0,0,3,12.5,,１/２車身,,
8320260501030002,kurume,2026-05-03,2,◎6 ○4 △3 ▲5 ×1 注2,6-4  280円(1),"6-4-5  4,220円(17)","4=5=6  2,360円(8)","4=5  1,530円(13)  4=6  130円(1)  5=6  1,080円(11) / 4=5  1,530円(13)  4=6  130円(1)  5=6  1,080円(11)",6,田村 裕也  徳,島,30,113,A3,逃,3.92,65.64,◎,6,10.7,21.4,32.1,3,1,1,12.8,逃,,,
8320260501030002,kurume,2026-05-03,2,◎6 ○4 △3 ▲5 ×1 注2,6-4  280円(1),"6-4-5  4,220円(17)","4=5=6  2,360円(8)","4=5  1,530円(13)  4=6  130円(1)  5=6  1,080円(11) / 4=5  1,530円(13)  4=6  130円(1)  5=6  1,080円(11)",7,清水 広幸  愛,知,59,57,A3,追,3.92,62.0,,0,0.0,0.0,0.0,0,0,6,12.6,,３/４車輪,,
8320260501030003,kurume,2026-05-03,3,◎1 ○3 △4 ×2 注5 ▲6,1-3  210円(1),1-3-4  300円(1),1=3=4  180円(1),1=3  100円(1)  1=4  150円(2)  3=4  190円(4) / 1=3  100円(1)  1=4  150円(2)  3=4  190円(4),1,永田 隼一  福,岡,45,95,A3,逃,3.92,70.2,◎,6,23.3,40.0,50.0,5,4,1,12.3,捲,,,
8320260501030003,kurume,2026-05-03,3,◎1 ○3 △4 ×2 注5 ▲6,1-3  210円(1),1-3-4  300円(1),1=3=4  180円(1),1=3  100円(1)  1=4  150円(2)  3=4  190円(4) / 1=3  100円(1)  1=4  150円(2)  3=4  190円(4),2,前川 裕希,北海道,49,95,A3,追,3.92,69.25,×,1,0.0,16.6,33.3,0,0,失,,,,,
8320260501030003,kurume,2026-05-03,3,◎1 ○3 △4 ×2 注5 ▲6,1-3  210円(1),1-3-4  300円(1),1=3=4  180円(1),1=3  100円(1)  1=4  150円(2)  3=4  190円(4) / 1=3  100円(1)  1=4  150円(2)  3=4  190円(4),3,松丸 裕紀  福,岡,45,86,A3,追,3.92,68.95,○,5,4.5,18.1,31.8,0,0,2,12.5,ク,２車身,,
8320260501030003,kurume,2026-05-03,3,◎1 ○3 △4 ×2 注5 ▲6,1-3  210円(1),1-3-4  300円(1),1=3=4  180円(1),1=3  100円(1)  1=4  150円(2)  3=4  190円(4) / 1=3  100円(1)  1=4  150円(2)  3=4  190円(4),4,高田 大輔  岡,山,36,97,A3,追,3.92,68.86,△,4,13.3,26.6,40.0,0,1,3,12.5,,１車身１/２,,
8320260501030003,kurume,2026-05-03,3,◎1 ○3 △4 ×2 注5 ▲6,1-3  210円(1),1-3-4  300円(1),1=3=4  180円(1),1=3  100円(1)  1=4  150円(2)  3=4  190円(4) / 1=3  100円(1)  1=4  150円(2)  3=4  190円(4),5,丸山 勝也  静,岡,46,85,A3,追,3.92,68.0,注,2,0.0,19.0,38.0,0,0,4,12.8,,３/４車身,,
8320260501030003,kurume,2026-05-03,3,◎1 ○3 △4 ×2 注5 ▲6,1-3  210円(1),1-3-4  300円(1),1=3=4  180円(1),1=3  100円(1)  1=4  150円(2)  3=4  190円(4) / 1=3  100円(1)  1=4  150円(2)  3=4  190円(4),6,山内 大作  静,岡,50,75,A3,追,3.85,65.77,▲,3,0.0,0.0,3.7,0,0,6,13.3,,２車身,,
8320260501030003,kurume,2026-05-03,3,◎1 ○3 △4 ×2 注5 ▲6,1-3  210円(1),1-3-4  300円(1),1=3=4  180円(1),1=3  100円(1)  1=4  150円(2)  3=4  190円(4) / 1=3  100円(1)  1=4  150円(2)  3=4  190円(4),7,藤原 義晴  岩,手,45,88,A3,追,3.85,65.0,,0,0.0,8.6,13.0,0,0,5,12.6,,２車身,,
8320260501030004,kurume,2026-05-03,4,◎1 ○2 ▲3 ×6 △5 注4,1-2  200円(1),1-2-5  970円(2),1=2=5  880円(2),1=2  130円(1)  1=5  310円(4)  2=5  400円(7) / 1=2  130円(1)  1=5  310円(4)  2=5  400円(7),1,田村 純一  福,島,39,92,A3,両,3.92,76.23,◎,6,42.8,57.1,71.4,1,8,1,12.2,逃,,,
8320260501030004,kurume,2026-05-03,4,◎1 ○2 ▲3 ×6 △5 注4,1-2  200円(1),1-2-5  970円(2),1=2=5  880円(2),1=2  130円(1)  1=5  310円(4)  2=5  400円(7) / 1=2  130円(1)  1=5  310円(4)  2=5  400円(7),2,亀井 道佳  宮,城,48,83,A3,追,3.92,71.87,○,5,0.0,12.5,45.8,0,0,2,12.2,ク,３/４車身,,
8320260501030004,kurume,2026-05-03,4,◎1 ○2 ▲3 ×6 △5 注4,1-2  200円(1),1-2-5  970円(2),1=2=5  880円(2),1=2  130円(1)  1=5  310円(4)  2=5  400円(7) / 1=2  130円(1)  1=5  310円(4)  2=5  400円(7),3,近藤 直幹  徳,島,52,75,A3,追,3.92,70.83,▲,3,10.0,30.0,60.0,0,0,4,12.3,,３/４車身,,
8320260501030004,kurume,2026-05-03,4,◎1 ○2 ▲3 ×6 △5 注4,1-2  200円(1),1-2-5  970円(2),1=2=5  880円(2),1=2  130円(1)  1=5  310円(4)  2=5  400円(7) / 1=2  130円(1)  1=5  310円(4)  2=5  400円(7),4,小塚 潤  愛,知,46,86,A3,追,3.92,69.79,注,2,6.8,20.6,34.4,0,1,6,12.4,,１/４車輪,,
8320260501030004,kurume,2026-05-03,4,◎1 ○2 ▲3 ×6 △5 注4,1-2  200円(1),1-2-5  970円(2),1=2=5  880円(2),1=2  130円(1)  1=5  310円(4)  2=5  400円(7) / 1=2  130円(1)  1=5  310円(4)  2=5  400円(7),5,飯田 威文  埼,玉,54,67,A3,追,3.92,69.59,△,4,3.7,14.8,44.4,0,0,3,12.1,,１車身１/２,,
8320260501030004,kurume,2026-05-03,4,◎1 ○2 ▲3 ×6 △5 注4,1-2  200円(1),1-2-5  970円(2),1=2=5  880円(2),1=2  130円(1)  1=5  310円(4)  2=5  400円(7) / 1=2  130円(1)  1=5  310円(4)  2=5  400円(7),6,星野 京旺  新,潟,26,127,A3,逃,3.92,66.83,×,1,5.5,16.6,33.3,3,0,5,12.5,,１車身１/２,,
8320260501030004,kurume,2026-05-03,4,◎1 ○2 ▲3 ×6 △5 注4,1-2  200円(1),1-2-5  970円(2),1=2=5  880円(2),1=2  130円(1)  1=5  310円(4)  2=5  400円(7) / 1=2  130円(1)  1=5  310円(4)  2=5  400円(7),7,三登 誉哲  広,島,39,100,A3,両,3.83,65.66,,0,0.0,0.0,11.1,0,0,7,12.1,,１車身１/２,,
8320260501030005,kurume,2026-05-03,5,△6 ◎1 ○2 ×3 注4 ▲5,"4-1  1,850円(7)","4-1-2  6,970円(25)",1=2=4  620円(3),1=2  160円(1)  1=4  200円(2)  2=4  390円(7) / 1=2  160円(1)  1=4  200円(2)  2=4  390円(7),1,安谷屋 将志  沖,縄,37,96,A3,両,3.93,74.84,◎,6,42.1,42.1,57.8,0,0,2,12.3,差,１/４車輪,,
8320260501030005,kurume,2026-05-03,5,△6 ◎1 ○2 ×3 注4 ▲5,"4-1  1,850円(7)","4-1-2  6,970円(25)",1=2=4  620円(3),1=2  160円(1)  1=4  200円(2)  2=4  390円(7) / 1=2  160円(1)  1=4  200円(2)  2=4  390円(7),2,山原 利秀  高,知,57,63,A3,追,3.92,74.33,○,5,8.3,41.6,58.3,0,0,3,12.3,,３/４車身,,
8320260501030005,kurume,2026-05-03,5,△6 ◎1 ○2 ×3 注4 ▲5,"4-1  1,850円(7)","4-1-2  6,970円(25)",1=2=4  620円(3),1=2  160円(1)  1=4  200円(2)  2=4  390円(7) / 1=2  160円(1)  1=4  200円(2)  2=4  390円(7),3,布居 翼,和歌山,29,109,A3,逃,3.92,74.09,×,1,28.5,38.0,76.1,0,3,5,13.2,,３/４車身,,
8320260501030005,kurume,2026-05-03,5,△6 ◎1 ○2 ×3 注4 ▲5,"4-1  1,850円(7)","4-1-2  6,970円(25)",1=2=4  620円(3),1=2  160円(1)  1=4  200円(2)  2=4  390円(7) / 1=2  160円(1)  1=4  200円(2)  2=4  390円(7),4,大川 栄二,和歌山,53,70,A3,追,3.86,73.92,注,2,11.1,40.7,70.3,0,0,1,12.7,差,,,
8320260501030005,kurume,2026-05-03,5,△6 ◎1 ○2 ×3 注4 ▲5,"4-1  1,850円(7)","4-1-2  6,970円(25)",1=2=4  620円(3),1=2  160円(1)  1=4  200円(2)  2=4  390円(7) / 1=2  160円(1)  1=4  200円(2)  2=4  390円(7),5,川本 恵二  兵,庫,50,78,A3,追,3.92,69.82,▲,3,8.6,17.3,30.4,0,0,4,12.8,,３/４車身,,
8320260501030005,kurume,2026-05-03,5,△6 ◎1 ○2 ×3 注4 ▲5,"4-1  1,850円(7)","4-1-2  6,970円(25)",1=2=4  620円(3),1=2  160円(1)  1=4  200円(2)  2=4  390円(7) / 1=2  160円(1)  1=4  200円(2)  2=4  390円(7),6,楠本 政明  福,岡,30,123,A3,逃,3.92,68.42,△,4,11.5,34.6,46.1,7,1,7,12.8,,３/４車身,,
8320260501030005,kurume,2026-05-03,5,△6 ◎1 ○2 ×3 注4 ▲5,"4-1  1,850円(7)","4-1-2  6,970円(25)",1=2=4  620円(3),1=2  160円(1)  1=4  200円(2)  2=4  390円(7) / 1=2  160円(1)  1=4  200円(2)  2=4  390円(7),7,駒井 大輔  東,京,51,98,A3,両,3.93,63.1,,0,0.0,0.0,0.0,0,0,6,12.8,,３/４車身,,
8320260501030006,kurume,2026-05-03,6,◎1 ○4 ▲6 △3 ×2 注5,"2-3  1,720円(5)","2-3-1  6,640円(18)",1=2=3  480円(3),1=2  180円(2)  1=3  180円(3)  2=3  340円(5) / 1=2  180円(2)  1=3  180円(3)  2=3  340円(5),1,大本 隆也,神奈川,27,127,A3,逃,3.92,75.58,◎,6,41.6,58.3,66.6,12,1,,,,,,
8320260501030006,kurume,2026-05-03,6,◎1 ○4 ▲6 △3 ×2 注5,"2-3  1,720円(5)","2-3-1  6,640円(18)",1=2=3  480円(3),1=2  180円(2)  1=3  180円(3)  2=3  340円(5) / 1=2  180円(2)  1=3  180円(3)  2=3  340円(5),2,吉川 悟  大,阪,49,79,A3,追,3.92,74.41,×,1,16.6,41.6,66.6,0,0,,,,,,
8320260501030006,kurume,2026-05-03,6,◎1 ○4 ▲6 △3 ×2 注5,"2-3  1,720円(5)","2-3-1  6,640円(18)",1=2=3  480円(3),1=2  180円(2)  1=3  180円(3)  2=3  340円(5) / 1=2  180円(2)  1=3  180円(3)  2=3  340円(5),3,大中 拓磨  兵,庫,37,111,A3,逃,3.93,71.92,△,4,25.9,51.8,59.2,7,2,,,,,,
8320260501030006,kurume,2026-05-03,6,◎1 ○4 ▲6 △3 ×2 注5,"2-3  1,720円(5)","2-3-1  6,640円(18)",1=2=3  480円(3),1=2  180円(2)  1=3  180円(3)  2=3  340円(5) / 1=2  180円(2)  1=3  180円(3)  2=3  340円(5),4,中村 淳  栃,木,54,69,A3,追,3.77,71.92,○,5,18.5,44.4,55.5,0,0,,,,,,
8320260501030006,kurume,2026-05-03,6,◎1 ○4 ▲6 △3 ×2 注5,"2-3  1,720円(5)","2-3-1  6,640円(18)",1=2=3  480円(3),1=2  180円(2)  1=3  180円(3)  2=3  340円(5) / 1=2  180円(2)  1=3  180円(3)  2=3  340円(5),5,南 蓮,和歌山,26,115,A3,追,3.93,69.41,注,2,11.1,16.6,33.3,0,0,,,,,,
8320260501030006,kurume,2026-05-03,6,◎1 ○4 ▲6 △3 ×2 注5,"2-3  1,720円(5)","2-3-1  6,640円(18)",1=2=3  480円(3),1=2  180円(2)  1=3  180円(3)  2=3  340円(5) / 1=2  180円(2)  1=3  180円(3)  2=3  340円(5),6,青木 亮太  群,馬,42,89,A3,追,3.85,68.86,▲,3,0.0,6.6,26.6,0,0,,,,,,
8320260501030006,kurume,2026-05-03,6,◎1 ○4 ▲6 △3 ×2 注5,"2-3  1,720円(5)","2-3-1  6,640円(18)",1=2=3  480円(3),1=2  180円(2)  1=3  180円(3)  2=3  340円(5) / 1=2  180円(2)  1=3  180円(3)  2=3  340円(5),7,桂馬 将人  福,島,44,89,A3,両,3.92,68.85,,0,9.5,23.8,33.3,0,0,,,,,,
8320260501030007,kurume,2026-05-03,7,◎1 △6 注3 ○2 ×4 ▲5,,,,,1,吉野 太晟  岡,山,24,127,A3,逃,3.92,78.66,◎,6,66.6,83.3,87.5,18,2,,,,,,23:25
8320260501030007,kurume,2026-05-03,7,◎1 △6 注3 ○2 ×4 ▲5,,,,,2,邊見 祐太  新,潟,29,119,A3,逃,3.92,77.7,○,5,57.1,76.1,80.9,13,2,,,,,,23:25
8320260501030007,kurume,2026-05-03,7,◎1 △6 注3 ○2 ×4 ▲5,,,,,3,関口 朗斗  群,馬,22,127,A3,逃,3.92,77.33,注,2,33.3,50.0,100.0,1,1,,,,,,23:25
8320260501030007,kurume,2026-05-03,7,◎1 △6 注3 ○2 ×4 ▲5,,,,,4,土生 智徳  大,阪,29,127,A3,逃,3.92,76.93,×,1,46.6,80.0,83.3,12,10,,,,,,23:25
8320260501030007,kurume,2026-05-03,7,◎1 △6 注3 ○2 ×4 ▲5,,,,,5,加藤 駿  愛,知,28,127,A3,逃,3.92,75.4,▲,3,29.6,51.8,66.6,9,3,,,,,,23:25
8320260501030007,kurume,2026-05-03,7,◎1 △6 注3 ○2 ×4 ▲5,,,,,6,米原 大輔  沖,縄,45,86,A3,追,3.86 3.93,73.79,△,4,16.6,45.8,62.5,0,0,,,,,,23:25
8320260501030007,kurume,2026-05-03,7,◎1 △6 注3 ○2 ×4 ▲5,,,,,7,山口 直樹,神奈川,30,123,A3,逃,3.92,70.38,,0,22.2,38.8,50.0,6,1,,,,,,23:25
1220260504020001,aomori,2026-05-05,1,○5 ◎1 △6 ×4 ▲3 注2,,,,,1,加藤 寛治  愛,知,48,83,A1,両,3.92,86.71,◎,6,19.0,33.3,57.1,0,2,,,,,,08:35
1220260504020001,aomori,2026-05-05,1,○5 ◎1 △6 ×4 ▲3 注2,,,,,2,勝俣 亮,神奈川,48,82,A2,両,3.92,80.52,,0,14.2,23.8,33.3,0,3,,,,,,08:35
1220260504020001,aomori,2026-05-05,1,○5 ◎1 △6 ×4 ▲3 注2,,,,,3,小岩 哲也  大,分,40,101,A2,両,3.93,83.93,▲,3,5.8,17.6,35.2,0,0,,,,,,08:35
1220260504020001,aomori,2026-05-05,1,○5 ◎1 △6 ×4 ▲3 注2,,,,,4,上吹越 俊一,鹿児島,49,99,A1,両,3.92,86.62,×,1,37.5,41.6,45.8,4,6,,,,,,08:35
1220260504020001,aomori,2026-05-05,1,○5 ◎1 △6 ×4 ▲3 注2,,,,,5,村瀬 大和  岐,阜,24,119,A2,逃,3.92,81.16,○,5,11.1,27.7,33.3,2,3,,,,,,08:35
1220260504020001,aomori,2026-05-05,1,○5 ◎1 △6 ×4 ▲3 注2,,,,,6,藤野 一良  大,阪,49,77,A1,追,3.92,79.09,△,4,4.7,14.2,19.0,0,0,,,,,,08:35
1220260504020001,aomori,2026-05-05,1,○5 ◎1 △6 ×4 ▲3 注2,,,,,7,藤原 清隆  静,岡,44,87,A2,追,3.92,82.94,注,2,5.5,16.6,38.8,0,0,,,,,,08:35
1220260504020002,aomori,2026-05-05,2,◎2 ▲6 ×1 △5 ○7 注3,,,,,1,木村 貴宏  茨,城,49,80,A2,追,3.92,86.93,×,1,5.8,17.6,58.8,0,0,,,,,,08:55
1220260504020002,aomori,2026-05-05,2,◎2 ▲6 ×1 △5 ○7 注3,,,,,2,竹内 優也,北海道,45,89,A2,両,3.79,84.0,◎,6,4.1,29.1,45.8,1,2,,,,,,08:55
1220260504020002,aomori,2026-05-05,2,◎2 ▲6 ×1 △5 ○7 注3,,,,,3,片折 勇輝  福,岡,42,95,A2,両,3.92,82.56,○,5,8.6,17.3,26.0,1,0,,,,,,08:55
1220260504020002,aomori,2026-05-05,2,◎2 ▲6 ×1 △5 ○7 注3,,,,,4,武田 良太  愛,媛,44,88,A2,追,3.92,80.83,注,2,4.1,4.1,25.0,0,0,,,,,,08:55
1220260504020002,aomori,2026-05-05,2,◎2 ▲6 ×1 △5 ○7 注3,,,,,5,太田 真一  埼,玉,50,75,A2,追,3.92,78.23,,0,0.0,4.7,19.0,0,0,,,,,,08:55
1220260504020002,aomori,2026-05-05,2,◎2 ▲6 ×1 △5 ○7 注3,,,,,6,齊藤 紳一朗  青,森,48,82,A2,追,3.79,75.16,▲,3,0.0,0.0,0.0,0,0,,,,,,08:55
1220260504020002,aomori,2026-05-05,2,◎2 ▲6 ×1 △5 ○7 注3,,,,,7,松本 一志  宮,崎,29,117,A2,逃,3.85,80.04,△,4,4.7,19.0,33.3,4,0,,,,,,08:55
1220260504020003,aomori,2026-05-05,3,注1 △4 ×3 ▲7 ◎6 ○5,,,,,1,吉田 篤史  奈,良,37,109,A2,両,3.92,86.33,注,2,13.3,46.6,60.0,3,3,,,,,,09:15
1220260504020003,aomori,2026-05-05,3,注1 △4 ×3 ▲7 ◎6 ○5,,,,,2,朝日 勇  愛,知,51,74,A2,追,3.92,84.19,○,5,14.2,33.3,42.8,0,0,,,,,,09:15
1220260504020003,aomori,2026-05-05,3,注1 △4 ×3 ▲7 ◎6 ○5,,,,,3,藤田 竜矢  埼,玉,46,88,A1,両,3.92,87.95,×,1,17.3,34.7,47.8,0,4,,,,,,09:15
1220260504020003,aomori,2026-05-05,3,注1 △4 ×3 ▲7 ◎6 ○5,,,,,4,真田 晃  兵,庫,47,86,A1,追,3.92,84.04,△,4,4.1,20.8,37.5,0,0,,,,,,09:15
1220260504020003,aomori,2026-05-05,3,注1 △4 ×3 ▲7 ◎6 ○5,,,,,5,竹澤 浩司  富,山,44,90,A1,両,3.92,88.95,◎,6,38.0,38.0,42.8,4,2,,,,,,09:15
1220260504020003,aomori,2026-05-05,3,注1 △4 ×3 ▲7 ◎6 ○5,,,,,6,本馬 鎌  福,島,32,109,A2,両,3.92,79.88,,0,5.5,16.6,16.6,0,0,,,,,,09:15
1220260504020003,aomori,2026-05-05,3,注1 △4 ×3 ▲7 ◎6 ○5,,,,,7,佐藤 政利  新,潟,43,91,A2,追,3.92,82.76,▲,3,4.7,14.2,38.0,0,0,,,,,,09:15
1220260504020004,aomori,2026-05-05,4,注6 ○1 ◎2 △4 ×5 ▲3,,,,,1,大崎 智久  青,森,43,89,A2,追,3.92,81.08,注,2,4.3,8.6,21.7,0,0,,,,,,09:35
1220260504020004,aomori,2026-05-05,4,注6 ○1 ◎2 △4 ×5 ▲3,,,,,2,多田 晃紀  岡,山,33,103,A1,逃,3.92,88.83,○,5,12.5,33.3,66.6,5,0,,,,,,09:35
1220260504020004,aomori,2026-05-05,4,注6 ○1 ◎2 △4 ×5 ▲3,,,,,3,奥出 良  石,川,32,109,A2,逃,3.92,85.63,×,1,13.0,21.7,39.1,4,1,,,,,,09:35
1220260504020004,aomori,2026-05-05,4,注6 ○1 ◎2 △4 ×5 ▲3,,,,,4,大瀬戸 潤一郎  広,島,44,95,A1,追,3.92,85.68,◎,6,11.7,29.4,47.0,0,0,,,,,,09:35
1220260504020004,aomori,2026-05-05,4,注6 ○1 ◎2 △4 ×5 ▲3,,,,,5,小川 圭二  徳,島,55,68,A1,追,3.92,83.83,△,4,8.3,25.0,25.0,0,0,,,,,,09:35
1220260504020004,aomori,2026-05-05,4,注6 ○1 ◎2 △4 ×5 ▲3,,,,,6,佐々木 孝司  青,森,47,84,A2,逃,3.85,81.0,,0,4.1,8.3,25.0,2,0,,,,,,09:35
1220260504020004,aomori,2026-05-05,4,注6 ○1 ◎2 △4 ×5 ▲3,,,,,7,赤井 学  千,葉,52,77,A2,追,3.92,81.52,▲,3,0.0,9.5,19.0,0,0,,,,,,09:35
1220260504020005,aomori,2026-05-05,5,○6 ◎2 注7 △3 ×5 ▲4,,,,,1,山田 裕哉  岐,阜,40,98,A1,追,3.92,89.83,▲,3,20.8,70.8,70.8,0,0,,,,,,09:55
1220260504020005,aomori,2026-05-05,5,○6 ◎2 注7 △3 ×5 ▲4,,,,,2,小埜 正義  千,葉,44,88,A1,追,3.92,91.4,◎,6,14.2,38.0,61.9,0,0,,,,,,09:55
1220260504020005,aomori,2026-05-05,5,○6 ◎2 注7 △3 ×5 ▲4,,,,,3,菅田 和宏  宮,城,43,88,A2,逃,3.92,84.44,,0,12.0,36.0,44.0,2,3,,,,,,09:55
1220260504020005,aomori,2026-05-05,5,○6 ◎2 注7 △3 ×5 ▲4,,,,,4,三谷 政史  奈,良,43,93,A1,追,3.92,91.14,×,1,0.0,31.2,43.7,0,0,,,,,,09:55
1220260504020005,aomori,2026-05-05,5,○6 ◎2 注7 △3 ×5 ▲4,,,,,5,田上 晃也  岡,山,28,115,A2,逃,3.92,89.94,△,4,41.1,58.8,64.7,6,2,,,,,,09:55
1220260504020005,aomori,2026-05-05,5,○6 ◎2 注7 △3 ×5 ▲4,,,,,6,大塚 城  静,岡,20,127,A2,逃,3.92,83.44,○,5,72.2,88.8,94.4,9,6,,,,,,09:55
1220260504020005,aomori,2026-05-05,5,○6 ◎2 注7 △3 ×5 ▲4,,,,,7,尾崎 悠生  埼,玉,28,113,A2,逃,3.85,85.25,注,2,25.9,44.4,48.1,11,1,,,,,,09:55
1220260504020006,aomori,2026-05-05,6,◎1 ○4 △6 注2 ▲7 ×5,,,,,1,塩崎 隼秀  愛,媛,25,121,A1,両,3.92,93.85,◎,6,33.3,61.9,66.6,2,4,,,,,,10:15
1220260504020006,aomori,2026-05-05,6,◎1 ○4 △6 注2 ▲7 ×5,,,,,2,添田 龍児,神奈川,25,121,A1,逃,3.92,87.11,△,4,14.8,40.7,51.8,3,7,,,,,,10:15
1220260504020006,aomori,2026-05-05,6,◎1 ○4 △6 注2 ▲7 ×5,,,,,3,白岩 大助  埼,玉,46,84,A1,追,3.92,90.73,×,1,5.0,20.0,45.0,0,0,,,,,,10:15
1220260504020006,aomori,2026-05-05,6,◎1 ○4 △6 注2 ▲7 ×5,,,,,4,梶原 恵介  大,分,44,92,A1,追,3.92,87.56,○,5,13.0,30.4,43.4,0,0,,,,,,10:15
1220260504020006,aomori,2026-05-05,6,◎1 ○4 △6 注2 ▲7 ×5,,,,,5,中島 淳  埼,玉,26,125,A2,逃,3.85,87.5,▲,3,29.1,37.5,58.3,6,3,,,,,,10:15
1220260504020006,aomori,2026-05-05,6,◎1 ○4 △6 注2 ▲7 ×5,,,,,6,中込 健太  秋,田,30,119,A2,逃,3.93,81.95,,0,9.5,19.0,28.5,3,1,,,,,,10:15
1220260504020006,aomori,2026-05-05,6,◎1 ○4 △6 注2 ▲7 ×5,,,,,7,櫻井 丈  静,岡,43,89,A1,追,3.92,86.54,注,2,4.1,20.8,45.8,0,0,,,,,,10:15
1220260504020007,aomori,2026-05-05,7,◎5 ○1 注4 ×2 ▲7 △6,,,,,1,白石 大輔  福,島,43,88,A1,両,3.92,87.7,○,5,16.6,37.5,54.1,0,0,,,,,,10:35
1220260504020007,aomori,2026-05-05,7,◎5 ○1 注4 ×2 ▲7 △6,,,,,2,佐藤 健太  福,岡,38,101,A1,追,3.92,91.66,×,1,23.8,42.8,61.9,0,0,,,,,,10:35
1220260504020007,aomori,2026-05-05,7,◎5 ○1 注4 ×2 ▲7 △6,,,,,3,原田 泰志  新,潟,40,91,A1,追,3.92,87.06,△,4,13.3,40.0,40.0,0,0,,,,,,10:35
1220260504020007,aomori,2026-05-05,7,◎5 ○1 注4 ×2 ▲7 △6,,,,,4,原井 剣也  福,岡,32,119,A1,逃,3.92,86.23,注,2,14.2,38.0,52.3,4,1,,,,,,10:35
1220260504020007,aomori,2026-05-05,7,◎5 ○1 注4 ×2 ▲7 △6,,,,,5,小笠原 一真  青,森,26,123,A1,逃,3.92,90.88,◎,6,33.3,50.0,55.5,7,2,,,,,,10:35
1220260504020007,aomori,2026-05-05,7,◎5 ○1 注4 ×2 ▲7 △6,,,,,6,北野 良栄  茨,城,42,95,A1,両,3.92,84.73,,0,16.6,43.3,53.3,4,3,,,,,,10:35
1220260504020007,aomori,2026-05-05,7,◎5 ○1 注4 ×2 ▲7 △6,,,,,7,芳野 匠  愛,媛,41,93,A2,追,3.92,86.08,▲,3,8.3,25.0,50.0,0,0,,,,,,10:35
2120260504020001,yahiko,2026-05-05,1,,,,,,1,鈴木 奈央  静,岡,29,110,L1,両,3.79,56.91,,0,66.6,83.3,83.3,1,4,,,,,,20:35
2120260504020001,yahiko,2026-05-05,1,,,,,,2,宇野 紅音  岐,阜,22,124,L1,両,3.77,53.16,,0,12.0,28.0,76.0,0,3,,,,,,20:35
2120260504020001,yahiko,2026-05-05,1,,,,,,3,神戸 暖稀羽,北海道,22,124,L1,両,3.71,52.9,,0,20.0,50.0,65.0,1,2,,,,,,20:35
2120260504020001,yahiko,2026-05-05,1,,,,,,4,高橋 梨香  埼,玉,46,106,L1,両,3.69,52.2,,0,4.1,25.0,54.1,1,0,,,,,,20:35
2120260504020001,yahiko,2026-05-05,1,,,,,,5,山口 優依  愛,知,31,124,L1,両,3.79,51.77,,0,18.1,22.7,50.0,2,1,,,,,,20:35
2120260504020001,yahiko,2026-05-05,1,,,,,,6,加瀬 加奈子  新,潟,45,102,L1,逃,3.77,48.58,,0,0.0,16.6,29.1,2,1,,,,,,20:35
2120260504020001,yahiko,2026-05-05,1,,,,,,7,岡村 育子  埼,玉,49,102,L1,追,3.77,45.5,,0,0.0,0.0,13.6,0,0,,,,,,20:35
2120260504020002,yahiko,2026-05-05,2,,,,,,1,柳原 真緒  福,井,28,114,L1,両,3.79,57.0,,0,68.4,78.9,89.4,3,11,,,,,,20:55
2120260504020002,yahiko,2026-05-05,2,,,,,,2,河内 桜雪  群,馬,23,122,L1,追,3.77,52.29,,0,4.1,29.1,66.6,0,0,,,,,,20:55
2120260504020002,yahiko,2026-05-05,2,,,,,,3,林 真奈美  福,岡,40,110,L1,両,3.77,52.14,,0,4.7,38.0,57.1,1,1,,,,,,20:55
2120260504020002,yahiko,2026-05-05,2,,,,,,4,鈴木 美教  静,岡,31,112,L1,両,3.77,51.0,,0,0.0,18.1,45.4,0,0,,,,,,20:55
2120260504020002,yahiko,2026-05-05,2,,,,,,5,北津留 千羽  福,岡,20,128,L1,両,3.79,49.0,,0,4.3,17.3,34.7,0,0,,,,,,20:55
2120260504020002,yahiko,2026-05-05,2,,,,,,6,石田 春海  大,阪,27,128,L1,両,3.77,47.8,,0,14.2,23.8,28.5,3,0,,,,,,20:55
2120260504020002,yahiko,2026-05-05,2,,,,,,7,佐藤 友香  青,森,44,110,L1,追,3.77,46.2,,0,0.0,0.0,8.3,0,0,,,,,,20:55
2120260504020003,yahiko,2026-05-05,3,,,,,,1,松田 優一  茨,城,40,90,A2,追,3.93,86.28,,0,14.2,28.5,52.3,0,0,,,,,,21:15
2120260504020003,yahiko,2026-05-05,3,,,,,,2,水書 義弘  千,葉,52,75,A1,追,3.92,81.69,,0,11.5,23.0,30.7,0,0,,,,,,21:15
2120260504020003,yahiko,2026-05-05,3,,,,,,3,大橋 直人  埼,玉,49,77,A2,追,3.92,81.14,,0,4.7,14.2,19.0,0,0,,,,,,21:15
2120260504020003,yahiko,2026-05-05,3,,,,,,4,新井 僚太郎  山,梨,34,100,A2,両,3.92,80.83,,0,8.3,12.5,29.1,1,1,,,,,,21:15
2120260504020003,yahiko,2026-05-05,3,,,,,,5,飯島 淳  東,京,49,78,A2,追,3.92,79.62,,0,0.0,0.0,5.8,0,0,,,,,,21:15
2120260504020003,yahiko,2026-05-05,3,,,,,,6,山本 淳,神奈川,50,94,A2,両,3.92,79.08,,0,0.0,8.3,12.5,0,0,,,,,,21:15
2120260504020003,yahiko,2026-05-05,3,,,,,,7,及川 裕奨  岩,手,44,86,A2,追,3.92,78.33,,0,0.0,4.1,16.6,0,0,,,,,,21:15
2120260504020004,yahiko,2026-05-05,4,,,,,,1,鈴木 誠  福,島,49,84,A2,追,3.92,85.04,,0,13.0,39.1,47.8,0,2,,,,,,21:35
2120260504020004,yahiko,2026-05-05,4,,,,,,2,田中 俊充  福,井,50,76,A1,追,3.92,84.3,,0,0.0,19.0,52.3,0,0,,,,,,21:35
2120260504020004,yahiko,2026-05-05,4,,,,,,3,川口 聖翔  三,重,36,100,A2,追,3.92,81.79,,0,4.1,4.1,16.6,0,0,,,,,,21:35
2120260504020004,yahiko,2026-05-05,4,,,,,,4,渡邉 高志  栃,木,48,84,A2,追,3.92,81.63,,0,5.2,10.5,10.5,0,0,,,,,,21:35
2120260504020004,yahiko,2026-05-05,4,,,,,,5,山田 祐太  福,島,37,113,A2,逃,3.92,80.33,,0,4.7,19.0,19.0,2,2,,,,,,21:35
2120260504020004,yahiko,2026-05-05,4,,,,,,6,枠元 一葵  福,井,26,117,A2,逃,3.92,80.19,,0,9.5,9.5,23.8,2,0,,,,,,21:35
2120260504020004,yahiko,2026-05-05,4,,,,,,7,須藤 雄太  千,葉,42,89,A2,追,3.92,75.68,,0,0.0,0.0,0.0,0,0,,,,,,21:35
2120260504020005,yahiko,2026-05-05,5,,,,,,1,佐々木 祐太  岩,手,26,123,A1,逃,3.92,85.16,,0,12.5,33.3,37.5,4,3,,,,,,21:55
2120260504020005,yahiko,2026-05-05,5,,,,,,2,後藤 彰仁  岐,阜,40,92,A1,追,3.92,84.62,,0,11.7,23.5,35.2,0,0,,,,,,21:55
2120260504020005,yahiko,2026-05-05,5,,,,,,3,河野 要,神奈川,42,94,A2,追,3.92,83.52,,0,0.0,20.0,36.0,0,0,,,,,,21:55
2120260504020005,yahiko,2026-05-05,5,,,,,,4,坂田 学  兵,庫,49,83,A2,両,3.92,82.95,,0,9.5,33.3,33.3,0,0,,,,,,21:55
2120260504020005,yahiko,2026-05-05,5,,,,,,5,榎本 光男  静,岡,48,85,A1,両,3.92,82.75,,0,12.5,25.0,37.5,0,5,,,,,,21:55
2120260504020005,yahiko,2026-05-05,5,,,,,,6,冨岡 健一  岐,阜,56,64,A2,追,3.92,82.23,,0,0.0,7.1,28.5,0,0,,,,,,21:55
2120260504020005,yahiko,2026-05-05,5,,,,,,7,梅原 大治  静,岡,49,81,A2,追,3.85,82.21,,0,5.2,5.2,21.0,0,0,,,,,,21:55
2120260504020006,yahiko,2026-05-05,6,,,,,,1,村上 卓茂  愛,知,48,84,A2,追,3.92,86.55,,0,9.5,23.8,38.0,0,0,,,,,,22:15
2120260504020006,yahiko,2026-05-05,6,,,,,,2,渡会 啓介  愛,知,49,83,A2,追,3.92,83.83,,0,11.1,16.6,44.4,0,1,,,,,,22:15
2120260504020006,yahiko,2026-05-05,6,,,,,,3,善利 裕生  滋,賀,48,82,A1,両,3.92,83.62,,0,18.5,29.6,37.0,0,3,,,,,,22:15
2120260504020006,yahiko,2026-05-05,6,,,,,,4,松山 正和  静,岡,54,76,A2,追,3.92,83.0,,0,0.0,15.3,30.7,0,0,,,,,,22:15
2120260504020006,yahiko,2026-05-05,6,,,,,,5,山田 和巧,神奈川,48,87,A1,追,3.92,82.46,,0,6.6,6.6,20.0,0,0,,,,,,22:15
2120260504020006,yahiko,2026-05-05,6,,,,,,6,小林 裕一朗  千,葉,31,111,A1,両,3.85,81.75,,0,0.0,12.5,31.2,1,0,,,,,,22:15
2120260504020006,yahiko,2026-05-05,6,,,,,,7,渡邊 一洋  静,岡,52,72,A2,追,3.92,80.75,,0,8.3,8.3,25.0,0,0,,,,,,22:15
2120260504020007,yahiko,2026-05-05,7,,,,,,1,能代谷 元,神奈川,37,111,A1,両,3.92,91.04,,0,9.5,33.3,52.3,4,1,,,,,,22:35
2120260504020007,yahiko,2026-05-05,7,,,,,,2,真船 圭一郎  福,島,38,94,A1,両,3.93,90.55,,0,9.5,38.0,47.6,0,2,,,,,,22:35
2120260504020007,yahiko,2026-05-05,7,,,,,,3,上杉 有弘  福,井,24,127,A2,逃,3.92,89.94,,0,52.6,63.1,63.1,8,4,,,,,,22:35
2120260504020007,yahiko,2026-05-05,7,,,,,,4,宝満 大作  岐,阜,46,85,A1,追,3.92,89.16,,0,0.0,15.3,38.4,0,0,,,,,,22:35
2120260504020007,yahiko,2026-05-05,7,,,,,,5,根本 雄紀  茨,城,48,80,A1,追,3.92,87.33,,0,4.1,29.1,58.3,0,0,,,,,,22:35
2120260504020007,yahiko,2026-05-05,7,,,,,,6,大崎 和也  青,森,39,92,A1,追,3.92,86.61,,0,9.5,19.0,42.8,0,0,,,,,,22:35
2120260504020007,yahiko,2026-05-05,7,,,,,,7,金子 周一郎  埼,玉,49,78,A1,追,3.92,85.0,,0,0.0,20.0,50.0,0,0,,,,,,22:35
2120260504020008,yahiko,2026-05-05,8,,,,,,1,岩辺 陸  静,岡,21,127,A2,逃,3.85,91.0,,0,41.6,66.6,70.8,9,5,,,,,,22:55
2120260504020008,yahiko,2026-05-05,8,,,,,,2,稲葉 一真  静,岡,36,100,A1,追,3.92,90.5,,0,23.5,47.0,52.9,0,0,,,,,,22:55
2120260504020008,yahiko,2026-05-05,8,,,,,,3,飯嶋 則之  栃,木,47,81,A1,追,3.92,90.5,,0,5.5,33.3,44.4,0,0,,,,,,22:55
2120260504020008,yahiko,2026-05-05,8,,,,,,4,貝原 涼太  栃,木,28,125,A2,逃,3.92,88.23,,0,9.5,42.8,52.3,4,5,,,,,,22:55
2120260504020008,yahiko,2026-05-05,8,,,,,,5,水谷 将司  愛,知,38,105,A2,追,3.92,87.23,,0,9.5,28.5,47.6,0,1,,,,,,22:55
2120260504020008,yahiko,2026-05-05,8,,,,,,6,宮下 貴之  埼,玉,52,81,A1,追,3.93,86.58,,0,12.5,33.3,45.8,0,0,,,,,,22:55
2120260504020008,yahiko,2026-05-05,8,,,,,,7,伊藤 歩登  兵,庫,27,113,A1,逃,3.92,85.8,,0,28.5,42.8,61.9,6,2,,,,,,22:55
2120260504020009,yahiko,2026-05-05,9,,,,,,1,永井 哉多  東,京,24,121,A1,逃,3.92,95.87,,0,75.0,83.3,87.5,13,5,,,,,,23:15
2120260504020009,yahiko,2026-05-05,9,,,,,,2,古屋 琢晶  山,梨,40,90,A1,両,3.92,88.27,,0,9.0,36.3,54.5,1,4,,,,,,23:15
2120260504020009,yahiko,2026-05-05,9,,,,,,3,堀 兼壽  岐,阜,31,105,A1,両,3.92,87.61,,0,16.6,44.4,50.0,2,3,,,,,,23:15
2120260504020009,yahiko,2026-05-05,9,,,,,,4,宮司 周郎  愛,知,49,82,A1,追,3.92,87.33,,0,10.5,47.3,57.8,0,0,,,,,,23:15
2120260504020009,yahiko,2026-05-05,9,,,,,,5,松坂 侑亮,神奈川,28,115,A1,逃,3.92,87.0,,0,11.1,33.3,50.0,3,3,,,,,,23:15
2120260504020009,yahiko,2026-05-05,9,,,,,,6,柏木 伸介  静,岡,47,84,A1,両,3.92,85.77,,0,5.5,16.6,38.8,0,1,,,,,,23:15
2120260504020009,yahiko,2026-05-05,9,,,,,,7,宮澤 晃  山,梨,51,75,A2,追,3.92,83.27,,0,11.1,22.2,44.4,0,0,,,,,,23:15
2720260503030001,keiokaku,2026-05-05,1,△2 ×3 ◎4 ○1 注5 ▲6,,,,,1,岡田 浩太  岡,山,50,78,A3,追,3.92,70.0,○,5,14.2,14.2,42.8,0,0,,,,,,16:00
2720260503030001,keiokaku,2026-05-05,1,△2 ×3 ◎4 ○1 注5 ▲6,,,,,2,小林 大能  千,葉,46,87,A3,追,3.92,67.66,△,4,0.0,20.0,26.6,0,0,,,,,,16:00
2720260503030001,keiokaku,2026-05-05,1,△2 ×3 ◎4 ○1 注5 ▲6,,,,,3,山崎 明寛  千,葉,51,81,A3,追,3.85,67.57,×,1,7.1,7.1,21.4,0,0,,,,,,16:00
2720260503030001,keiokaku,2026-05-05,1,△2 ×3 ◎4 ○1 注5 ▲6,,,,,4,竹村 達也  高,知,35,99,A3,両,3.92,66.65,◎,6,5.0,10.0,15.0,1,1,,,,,,16:00
2720260503030001,keiokaku,2026-05-05,1,△2 ×3 ◎4 ○1 注5 ▲6,,,,,5,五十嵐 博一  熊,本,52,79,A3,追,3.85,65.58,注,2,0.0,4.1,16.6,0,0,,,,,,16:00
2720260503030001,keiokaku,2026-05-05,1,△2 ×3 ◎4 ○1 注5 ▲6,,,,,6,久保 将史,神奈川,41,95,A3,両,3.93,63.3,▲,3,0.0,0.0,0.0,0,0,,,,,,16:00
2720260503030002,keiokaku,2026-05-05,2,◎1 ○4 △3 注6 ×2 ▲5,,,,,1,小泉 俊也  静,岡,50,77,A3,両,3.93,68.0,◎,6,8.6,30.4,47.8,5,0,,,,,,16:32
2720260503030002,keiokaku,2026-05-05,2,◎1 ○4 △3 注6 ×2 ▲5,,,,,2,矢田 晋  福,岡,48,94,A3,両,3.92,67.95,×,1,0.0,21.7,26.0,1,1,,,,,,16:32
2720260503030002,keiokaku,2026-05-05,2,◎1 ○4 △3 注6 ×2 ▲5,,,,,3,廣川 貞治  東,京,58,61,A3,追,3.93,69.91,△,4,8.3,16.6,37.5,0,0,,,,,,16:32
2720260503030002,keiokaku,2026-05-05,2,◎1 ○4 △3 注6 ×2 ▲5,,,,,4,亀谷 隆一,神奈川,39,92,A3,追,3.92,72.12,○,5,16.6,37.5,54.1,0,0,,,,,,16:32
2720260503030002,keiokaku,2026-05-05,2,◎1 ○4 △3 注6 ×2 ▲5,,,,,5,南 和夫  福,岡,50,82,A3,追,3.92,67.15,▲,3,0.0,5.2,21.0,0,0,,,,,,16:32
2720260503030002,keiokaku,2026-05-05,2,◎1 ○4 △3 注6 ×2 ▲5,,,,,6,三澤 勝成  宮,城,48,83,A3,追,3.93,66.87,注,2,0.0,9.3,25.0,0,0,,,,,,16:32
2720260503030003,keiokaku,2026-05-05,3,×6 注1 ◎2 ○7 ▲5 △3,,,,,1,柴田 功一郎,神奈川,49,79,A3,追,3.92,71.81,注,2,0.0,18.1,36.3,0,0,,,,,,16:57
2720260503030003,keiokaku,2026-05-05,3,×6 注1 ◎2 ○7 ▲5 △3,,,,,2,塚本 勝士  栃,木,48,81,A3,両,3.93,70.06,◎,6,20.0,26.6,46.6,1,3,,,,,,16:57
2720260503030003,keiokaku,2026-05-05,3,×6 注1 ◎2 ○7 ▲5 △3,,,,,3,三浦 綾  宮,城,34,105,A3,逃,3.92,69.5,▲,3,5.5,27.7,38.8,3,1,,,,,,16:57
2720260503030003,keiokaku,2026-05-05,3,×6 注1 ◎2 ○7 ▲5 △3,,,,,4,宮本 龍一  福,岡,39,92,A3,両,3.93,70.91,△,4,12.5,45.8,58.3,1,0,,,,,,16:57
2720260503030003,keiokaku,2026-05-05,3,×6 注1 ◎2 ○7 ▲5 △3,,,,,5,吉橋 秀城  埼,玉,47,85,A3,追,3.86,69.46,,0,3.8,23.0,34.6,0,0,,,,,,16:57
2720260503030003,keiokaku,2026-05-05,3,×6 注1 ◎2 ○7 ▲5 △3,,,,,6,小林 寛弥  静,岡,38,101,A3,逃,3.85,66.85,×,1,9.5,28.5,33.3,3,2,,,,,,16:57
2720260503030003,keiokaku,2026-05-05,3,×6 注1 ◎2 ○7 ▲5 △3,,,,,7,工藤 考生  埼,玉,44,90,A3,追,3.92,72.11,○,5,14.8,33.3,59.2,0,0,,,,,,16:57
2720260503030004,keiokaku,2026-05-05,4,▲2 ×1 注3 ○7 △4 ◎5,,,,,1,高崎 千賀,神奈川,32,128,L1,両,3.77,46.4,▲,3,0.0,6.6,20.0,0,0,,,,,,17:20
2720260503030004,keiokaku,2026-05-05,4,▲2 ×1 注3 ○7 △4 ◎5,,,,,2,中西 叶美  愛,知,29,112,L1,両,3.77,45.16,,0,0.0,5.5,5.5,0,0,,,,,,17:20
2720260503030004,keiokaku,2026-05-05,4,▲2 ×1 注3 ○7 △4 ◎5,,,,,3,布居 光,和歌山,25,118,L1,両,3.77,47.14,×,1,0.0,9.5,19.0,0,0,,,,,,17:20
2720260503030004,keiokaku,2026-05-05,4,▲2 ×1 注3 ○7 △4 ◎5,,,,,4,金田 舞夏  福,岡,23,124,L1,両,3.77,48.04,○,5,4.5,13.6,27.2,0,2,,,,,,17:20
2720260503030004,keiokaku,2026-05-05,4,▲2 ×1 注3 ○7 △4 ◎5,,,,,5,青木 美優  栃,木,32,106,L1,追,3.79,47.52,△,4,4.7,14.2,28.5,0,0,,,,,,17:20
2720260503030004,keiokaku,2026-05-05,4,▲2 ×1 注3 ○7 △4 ◎5,,,,,6,國村 美留莉  山,口,26,118,L1,追,3.77,51.37,◎,6,8.3,16.6,50.0,0,0,,,,,,17:20
2720260503030004,keiokaku,2026-05-05,4,▲2 ×1 注3 ○7 △4 ◎5,,,,,7,藤巻 絵里佳  福,島,30,110,L1,追,3.79,46.25,注,2,0.0,0.0,20.0,0,0,,,,,,17:20
2720260503030005,keiokaku,2026-05-05,5,◎5 ○1 ×4 △2 注6 ▲7,,,,,1,廣川 泰昭  愛,媛,42,90,A2,追,3.92,83.2,○,5,6.6,20.0,26.6,0,0,,,,,,17:43
2720260503030005,keiokaku,2026-05-05,5,◎5 ○1 ×4 △2 注6 ▲7,,,,,2,堀 政美  茨,城,57,65,A2,追,3.93,84.95,△,4,4.7,19.0,42.8,0,0,,,,,,17:43
2720260503030005,keiokaku,2026-05-05,5,◎5 ○1 ×4 △2 注6 ▲7,,,,,3,高橋 健太  静,岡,48,80,A2,追,3.92,82.42,▲,3,4.7,9.5,23.8,0,0,,,,,,17:43
2720260503030005,keiokaku,2026-05-05,5,◎5 ○1 ×4 △2 注6 ▲7,,,,,4,神山 尚  栃,木,35,109,A1,両,3.92,82.47,×,1,10.5,15.7,26.3,1,0,,,,,,17:43
2720260503030005,keiokaku,2026-05-05,5,◎5 ○1 ×4 △2 注6 ▲7,,,,,5,高橋 義秋  大,分,39,96,A2,両,3.92,87.5,◎,6,33.3,66.6,66.6,0,0,,,,,,17:43
2720260503030005,keiokaku,2026-05-05,5,◎5 ○1 ×4 △2 注6 ▲7,,,,,6,緒方 剛  埼,玉,43,92,A2,追,3.93,0.0,,0,0.0,0.0,0.0,0,0,,,,,,17:43
2720260503030005,keiokaku,2026-05-05,5,◎5 ○1 ×4 △2 注6 ▲7,,,,,7,佐野 恭太  静,岡,46,94,A2,両,3.92,82.59,注,2,4.5,9.0,36.3,0,1,,,,,,17:43
2720260503030006,keiokaku,2026-05-05,6,◎1 ○5 ▲4 △6 ×3 注7,,,,,1,吉田 晏生  埼,玉,26,123,A1,逃,3.92,86.95,◎,6,33.3,50.0,58.3,6,5,,,,,,18:06
2720260503030006,keiokaku,2026-05-05,6,◎1 ○5 ▲4 △6 ×3 注7,,,,,2,山根 泰道  岡,山,56,64,A2,追,3.85,79.8,注,2,4.7,9.5,19.0,0,0,,,,,,18:06
2720260503030006,keiokaku,2026-05-05,6,◎1 ○5 ▲4 △6 ×3 注7,,,,,3,高山 雄丞  愛,媛,33,109,A2,両,3.85,80.06,△,4,6.6,6.6,20.0,0,1,,,,,,18:06
2720260503030006,keiokaku,2026-05-05,6,◎1 ○5 ▲4 △6 ×3 注7,,,,,4,山本 恵太郎  東,京,52,71,A2,追,3.92,79.9,▲,3,0.0,4.7,14.2,0,0,,,,,,18:06
2720260503030006,keiokaku,2026-05-05,6,◎1 ○5 ▲4 △6 ×3 注7,,,,,5,山崎 充央  東,京,51,79,A2,追,3.85,85.34,○,5,0.0,17.3,47.8,0,0,,,,,,18:06
2720260503030006,keiokaku,2026-05-05,6,◎1 ○5 ▲4 △6 ×3 注7,,,,,6,大越 啓介  栃,木,37,97,A2,追,3.92,79.0,,0,4.3,13.0,21.7,0,0,,,,,,18:06
2720260503030006,keiokaku,2026-05-05,6,◎1 ○5 ▲4 △6 ×3 注7,,,,,7,野本 翔太  高,知,41,91,A1,追,3.92,83.33,×,1,6.6,20.0,46.6,0,0,,,,,,18:06
2720260503030007,keiokaku,2026-05-05,7,○1 △7 ▲5 ◎2 ×3 注4,,,,,1,秋山 太洋  東,京,25,127,A3,逃,3.92,76.77,○,5,44.4,55.5,77.7,4,6,,,,,,18:30
2720260503030007,keiokaku,2026-05-05,7,○1 △7 ▲5 ◎2 ×3 注4,,,,,2,吉田 航  大,分,27,127,A3,逃,3.92,78.09,◎,6,72.7,81.8,86.3,12,5,,,,,,18:30
2720260503030007,keiokaku,2026-05-05,7,○1 △7 ▲5 ◎2 ×3 注4,,,,,3,利川 寛太  山,口,27,127,A3,逃,3.93,75.68,×,1,32.0,64.0,68.0,13,3,,,,,,18:30
2720260503030007,keiokaku,2026-05-05,7,○1 △7 ▲5 ◎2 ×3 注4,,,,,4,宮崎 一彰  高,知,51,99,A3,両,3.92,71.5,注,2,10.0,20.0,50.0,0,1,,,,,,18:30
2720260503030007,keiokaku,2026-05-05,7,○1 △7 ▲5 ◎2 ×3 注4,,,,,5,邊見 斎  福,島,40,92,A3,追,3.92,71.13,▲,3,0.0,6.6,33.3,0,0,,,,,,18:30
2720260503030007,keiokaku,2026-05-05,7,○1 △7 ▲5 ◎2 ×3 注4,,,,,6,行成 大祐  香,川,50,80,A3,追,3.92,70.11,,0,0.0,0.0,44.4,0,0,,,,,,18:30
2720260503030007,keiokaku,2026-05-05,7,○1 △7 ▲5 ◎2 ×3 注4,,,,,7,堀 勝政  群,馬,48,83,A3,追,3.92,73.86,△,4,12.5,33.3,58.3,0,0,,,,,,18:30
2720260503030008,keiokaku,2026-05-05,8,○2 ◎1 ▲6 △3 ×7 注5,,,,,1,小林 莉子  東,京,33,102,L1,両,3.77,57.33,◎,6,76.1,95.2,95.2,0,4,,,,,,18:55
2720260503030008,keiokaku,2026-05-05,8,○2 ◎1 ▲6 △3 ×7 注5,,,,,2,飯田 風音  埼,玉,24,120,L1,両,3.79,54.6,○,5,36.0,68.0,72.0,3,6,,,,,,18:55
2720260503030008,keiokaku,2026-05-05,8,○2 ◎1 ▲6 △3 ×7 注5,,,,,3,加藤 舞  沖,縄,29,116,L1,逃,3.77,52.85,△,4,19.0,52.3,61.9,4,6,,,,,,18:55
2720260503030008,keiokaku,2026-05-05,8,○2 ◎1 ▲6 △3 ×7 注5,,,,,4,山本 知佳  山,口,34,110,L1,両,3.77,49.23,,0,11.7,17.6,17.6,0,0,,,,,,18:55
2720260503030008,keiokaku,2026-05-05,8,○2 ◎1 ▲6 △3 ×7 注5,,,,,5,宮地 寧々  岐,阜,30,110,L1,両,3.77,50.8,注,2,10.0,20.0,55.0,0,2,,,,,,18:55
2720260503030008,keiokaku,2026-05-05,8,○2 ◎1 ▲6 △3 ×7 注5,,,,,6,高橋 朋恵  東,京,31,108,L1,追,3.77,49.76,▲,3,0.0,16.0,36.0,0,0,,,,,,18:55
2720260503030008,keiokaku,2026-05-05,8,○2 ◎1 ▲6 △3 ×7 注5,,,,,7,畠山 ひすい,神奈川,23,122,L1,逃,3.77,54.61,×,1,44.4,61.1,77.7,5,4,,,,,,18:55
2720260503030009,keiokaku,2026-05-05,9,○1 ◎7 注6 ×2 △3 ▲5,,,,,1,吉田 優斗  岩,手,26,125,A2,逃,3.92,88.38,○,5,33.3,47.6,57.1,8,2,,,,,,19:20
2720260503030009,keiokaku,2026-05-05,9,○1 ◎7 注6 ×2 △3 ▲5,,,,,2,稲村 好将  群,馬,50,81,A1,追,3.92,90.33,注,2,19.0,52.3,66.6,0,0,,,,,,19:20
2720260503030009,keiokaku,2026-05-05,9,○1 ◎7 注6 ×2 △3 ▲5,,,,,3,鶴 淳志  福,岡,26,127,A2,逃,3.92,86.35,×,1,17.6,35.2,52.9,3,2,,,,,,19:20
2720260503030009,keiokaku,2026-05-05,9,○1 ◎7 注6 ×2 △3 ▲5,,,,,4,峰重 祐之介  岡,山,36,100,A2,追,3.92,83.44,▲,3,0.0,11.1,38.8,0,1,,,,,,19:20
2720260503030009,keiokaku,2026-05-05,9,○1 ◎7 注6 ×2 △3 ▲5,,,,,5,阿部 兼士  福,岡,42,93,A2,追,3.86,88.08,△,4,8.3,41.6,62.5,0,1,,,,,,19:20
2720260503030009,keiokaku,2026-05-05,9,○1 ◎7 注6 ×2 △3 ▲5,,,,,6,舟山 佑京  新,潟,28,113,A2,逃,3.92,79.95,,0,4.5,18.1,22.7,1,0,,,,,,19:20
2720260503030009,keiokaku,2026-05-05,9,○1 ◎7 注6 ×2 △3 ▲5,,,,,7,本多 哲也  千,葉,37,97,A1,両,3.92,88.21,◎,6,17.3,34.7,52.1,0,4,,,,,,19:20
2720260503030010,keiokaku,2026-05-05,10,○1 ◎5 △7 ▲6 ×2 注4,,,,,1,成海 大聖  大,分,27,123,A1,逃,3.92,89.19,○,5,38.0,52.3,61.9,6,3,,,,,,19:45
2720260503030010,keiokaku,2026-05-05,10,○1 ◎5 △7 ▲6 ×2 注4,,,,,2,齋藤 友幸  静,岡,42,90,A1,両,3.92,85.45,▲,3,9.0,27.2,54.5,0,1,,,,,,19:45
2720260503030010,keiokaku,2026-05-05,10,○1 ◎5 △7 ▲6 ×2 注4,,,,,3,岩崎 将士  青,森,43,88,A1,追,3.92,88.52,注,2,28.5,38.0,47.6,0,0,,,,,,19:45
2720260503030010,keiokaku,2026-05-05,10,○1 ◎5 △7 ▲6 ×2 注4,,,,,4,坂本 拓也  福,島,40,111,A1,両,3.92,86.71,×,1,23.8,42.8,57.1,0,3,,,,,,19:45
2720260503030010,keiokaku,2026-05-05,10,○1 ◎5 △7 ▲6 ×2 注4,,,,,5,今井 聡  東,京,38,113,A1,追,3.92,93.1,◎,6,40.0,55.0,75.0,0,2,,,,,,19:45
2720260503030010,keiokaku,2026-05-05,10,○1 ◎5 △7 ▲6 ×2 注4,,,,,6,遠藤 勝弥  静,岡,36,109,A1,両,3.93,85.45,,0,4.1,29.1,45.8,2,2,,,,,,19:45
2720260503030010,keiokaku,2026-05-05,10,○1 ◎5 △7 ▲6 ×2 注4,,,,,7,梅山 英樹  群,馬,53,72,A2,追,3.92,86.52,△,4,4.7,28.5,61.9,0,0,,,,,,19:45
2720260503030011,keiokaku,2026-05-05,11,×1 ▲7 ◎2 ○5 注4 △6,,,,,1,吉田 昌司  茨,城,28,111,A1,逃,3.92,92.66,×,1,22.2,50.0,66.6,6,2,,,,,,20:11
2720260503030011,keiokaku,2026-05-05,11,×1 ▲7 ◎2 ○5 注4 △6,,,,,2,五十嵐 綾  福,島,25,121,A1,逃,3.92,95.85,◎,6,62.9,77.7,85.1,2,14,,,,,,20:11
2720260503030011,keiokaku,2026-05-05,11,×1 ▲7 ◎2 ○5 注4 △6,,,,,3,網谷 竜次  香,川,39,91,A1,追,3.92,93.53,△,4,26.6,53.3,73.3,0,0,,,,,,20:11
2720260503030011,keiokaku,2026-05-05,11,×1 ▲7 ◎2 ○5 注4 △6,,,,,4,曽我 圭佑  熊,本,32,113,A1,逃,3.92,92.0,,0,27.2,45.4,68.1,5,1,,,,,,20:11
2720260503030011,keiokaku,2026-05-05,11,×1 ▲7 ◎2 ○5 注4 △6,,,,,5,宇佐見 優介  福,島,32,115,A2,追,3.92,90.12,○,5,18.7,50.0,81.2,0,0,,,,,,20:11
2720260503030011,keiokaku,2026-05-05,11,×1 ▲7 ◎2 ○5 注4 △6,,,,,6,中原 航大  岡,山,26,123,A1,逃,3.92,86.35,注,2,25.0,30.0,35.0,5,1,,,,,,20:11
2720260503030011,keiokaku,2026-05-05,11,×1 ▲7 ◎2 ○5 注4 △6,,,,,7,長井 妙樹  東,京,37,96,A1,追,3.92,93.55,▲,3,40.0,45.0,70.0,0,2,,,,,,20:11
3520260501050001,hiratsuka,2026-05-05,1,注3 ×1 ◎8 ○2 △7 ▲9,,,,,1,芦澤 大輔  茨,城,44,90,S1,追,3.92,109.78,×,1,20.8,45.8,54.1,0,0,,,,,,10:40
3520260501050001,hiratsuka,2026-05-05,1,注3 ×1 ◎8 ○2 △7 ▲9,,,,,2,谷口 遼平  三,重,32,103,S1,逃,3.92,107.25,◎,6,41.6,50.0,58.3,5,4,,,,,,10:40
3520260501050001,hiratsuka,2026-05-05,1,注3 ×1 ◎8 ○2 △7 ▲9,,,,,3,橋本 壮史  茨,城,31,119,S2,逃,3.92,105.33,注,2,14.2,33.3,57.1,5,2,,,,,,10:40
3520260501050001,hiratsuka,2026-05-05,1,注3 ×1 ◎8 ○2 △7 ▲9,,,,,4,晝田 宗一郎  岡,山,27,115,S2,逃,3.92,104.0,△,4,13.6,31.8,45.4,3,3,,,,,,10:40
3520260501050001,hiratsuka,2026-05-05,1,注3 ×1 ◎8 ○2 △7 ▲9,,,,,5,内藤 秀久,神奈川,44,89,S1,追,3.92,104.76,,0,14.2,33.3,52.3,0,1,,,,,,10:40
3520260501050001,hiratsuka,2026-05-05,1,注3 ×1 ◎8 ○2 △7 ▲9,,,,,6,阿竹 智史  徳,島,44,90,S1,両,3.92,0.0,▲,3,0.0,0.0,0.0,0,0,,,,,,10:40
3520260501050001,hiratsuka,2026-05-05,1,注3 ×1 ◎8 ○2 △7 ▲9,,,,,7,村田 雅一  兵,庫,41,90,S1,追,3.92,109.68,○,5,13.6,36.3,45.4,0,0,,,,,,10:40
3520260501050001,hiratsuka,2026-05-05,1,注3 ×1 ◎8 ○2 △7 ▲9,,,,,8,山下 渡  茨,城,42,91,S2,追,3.92,101.9,,0,20.0,25.0,40.0,0,0,,,,,,10:40
3520260501050001,hiratsuka,2026-05-05,1,注3 ×1 ◎8 ○2 △7 ▲9,,,,,9,椎木尾 拓哉,和歌山,40,93,S1,追,3.92,108.13,,0,17.3,26.0,60.8,0,0,,,,,,10:40
3520260501050002,hiratsuka,2026-05-05,2,△8 ▲1 注9 ×2 ◎5 ○3,,,,,1,松岡 辰泰  熊,本,29,117,S1,逃,3.92,106.52,△,4,9.5,19.0,33.3,0,1,,,,,,11:07
3520260501050002,hiratsuka,2026-05-05,2,△8 ▲1 注9 ×2 ◎5 ○3,,,,,2,小原 佑太  青,森,30,115,S1,逃,3.92,104.54,注,2,16.6,29.1,37.5,4,2,,,,,,11:07
3520260501050002,hiratsuka,2026-05-05,2,△8 ▲1 注9 ×2 ◎5 ○3,,,,,3,皿屋 豊  三,重,43,111,S1,両,3.92,109.61,×,1,28.5,47.6,57.1,2,4,,,,,,11:07
3520260501050002,hiratsuka,2026-05-05,2,△8 ▲1 注9 ×2 ◎5 ○3,,,,,4,田中 勇二  岡,山,38,95,S1,追,3.92,103.59,○,5,13.3,33.3,43.3,0,0,,,,,,11:07
3520260501050002,hiratsuka,2026-05-05,2,△8 ▲1 注9 ×2 ◎5 ○3,,,,,5,五日市 誠  青,森,41,89,S1,追,3.92,105.36,,0,20.0,32.0,52.0,0,1,,,,,,11:07
3520260501050002,hiratsuka,2026-05-05,2,△8 ▲1 注9 ×2 ◎5 ○3,,,,,6,小堺 浩二  石,川,43,91,S2,両,3.92,102.38,,0,26.4,35.2,55.8,0,9,,,,,,11:07
3520260501050002,hiratsuka,2026-05-05,2,△8 ▲1 注9 ×2 ◎5 ○3,,,,,7,佐々木 豪  愛,媛,30,109,S1,逃,3.92,110.11,◎,6,11.1,33.3,44.4,1,3,,,,,,11:07
3520260501050002,hiratsuka,2026-05-05,2,△8 ▲1 注9 ×2 ◎5 ○3,,,,,8,青柳 靖起  佐,賀,26,117,S2,逃,3.92,103.57,,0,14.2,28.5,42.8,3,1,,,,,,11:07
3520260501050002,hiratsuka,2026-05-05,2,△8 ▲1 注9 ×2 ◎5 ○3,,,,,9,神田 紘輔  大,阪,39,100,S1,追,3.92,104.79,▲,3,8.3,16.6,37.5,0,0,,,,,,11:07
3520260501050003,hiratsuka,2026-05-05,3,◎1 ○5 △3 注2 ×7 ▲4,,,,,1,北津留 翼  福,岡,41,90,S1,逃,3.93,108.76,◎,6,28.5,42.8,42.8,1,3,,,,,,11:35
3520260501050003,hiratsuka,2026-05-05,3,◎1 ○5 △3 注2 ×7 ▲4,,,,,2,柏野 智典  岡,山,47,88,S1,追,3.92,107.22,注,2,18.5,29.6,48.1,0,0,,,,,,11:35
3520260501050003,hiratsuka,2026-05-05,3,◎1 ○5 △3 注2 ×7 ▲4,,,,,3,星野 洋輝  福,島,26,115,S2,追,3.92,106.04,△,4,13.0,34.7,52.1,0,0,,,,,,11:35
3520260501050003,hiratsuka,2026-05-05,3,◎1 ○5 △3 注2 ×7 ▲4,,,,,4,原田 研太朗  徳,島,35,98,S1,逃,3.93,103.0,×,1,24.2,27.2,51.5,3,4,,,,,,11:35
3520260501050003,hiratsuka,2026-05-05,3,◎1 ○5 △3 注2 ×7 ▲4,,,,,5,渡邉 豪大  福,岡,36,107,S2,追,3.92,108.61,○,5,16.6,33.3,50.0,0,1,,,,,,11:35
3520260501050003,hiratsuka,2026-05-05,3,◎1 ○5 △3 注2 ×7 ▲4,,,,,6,山賀 雅仁  千,葉,44,87,S1,両,3.92,101.92,▲,3,11.1,14.8,37.0,0,1,,,,,,11:35
3520260501050003,hiratsuka,2026-05-05,3,◎1 ○5 △3 注2 ×7 ▲4,,,,,7,久米 良  徳,島,38,96,S1,追,3.92,105.79,,0,8.3,16.6,33.3,0,0,,,,,,11:35
3520260501050003,hiratsuka,2026-05-05,3,◎1 ○5 △3 注2 ×7 ▲4,,,,,8,笠松 信幸  愛,知,46,84,S1,追,3.92,102.47,,0,5.8,11.7,29.4,0,0,,,,,,11:35
3520260501050003,hiratsuka,2026-05-05,3,◎1 ○5 △3 注2 ×7 ▲4,,,,,9,内藤 宣彦  秋,田,55,67,S1,追,3.92,107.39,,0,8.3,20.8,45.8,0,1,,,,,,11:35
3520260501050004,hiratsuka,2026-05-05,4,◎5 ○3 ×6 注1 △8 ▲7,,,,,1,佐藤 慎太郎  福,島,49,78,S1,追,3.92,114.08,×,1,16.0,40.0,72.0,0,0,,,,,,12:11
3520260501050004,hiratsuka,2026-05-05,4,◎5 ○3 ×6 注1 △8 ▲7,,,,,2,嶋津 拓弥,神奈川,40,103,S1,追,3.92,108.8,△,4,26.9,42.3,57.6,0,0,,,,,,12:11
3520260501050004,hiratsuka,2026-05-05,4,◎5 ○3 ×6 注1 △8 ▲7,,,,,3,宿口 陽一  埼,玉,42,91,S1,両,3.92,109.9,○,5,13.6,40.9,54.5,0,0,,,,,,12:11
3520260501050004,hiratsuka,2026-05-05,4,◎5 ○3 ×6 注1 △8 ▲7,,,,,4,伊藤 旭  熊,本,25,117,S1,両,3.92,107.66,▲,3,5.2,15.7,42.1,0,2,,,,,,12:11
3520260501050004,hiratsuka,2026-05-05,4,◎5 ○3 ×6 注1 △8 ▲7,,,,,5,坂井 洋  栃,木,31,115,S1,両,3.92,110.39,◎,6,25.0,32.1,50.0,1,4,,,,,,12:11
3520260501050004,hiratsuka,2026-05-05,4,◎5 ○3 ×6 注1 △8 ▲7,,,,,6,酒井 雄多  福,島,30,109,S1,逃,3.92,0.0,,0,0.0,0.0,0.0,0,0,,,,,,12:11
3520260501050004,hiratsuka,2026-05-05,4,◎5 ○3 ×6 注1 △8 ▲7,,,,,7,渡邉 雅也  静,岡,25,117,S1,両,3.92,111.18,注,2,33.3,55.5,66.6,0,5,,,,,,12:11
3520260501050004,hiratsuka,2026-05-05,4,◎5 ○3 ×6 注1 △8 ▲7,,,,,8,佐々木 雄一  福,島,46,83,S1,追,3.92,102.88,,0,24.0,28.0,52.0,0,1,,,,,,12:11
3520260501050004,hiratsuka,2026-05-05,4,◎5 ○3 ×6 注1 △8 ▲7,,,,,9,岡本 総  愛,知,38,105,S1,追,3.92,109.88,,0,5.8,23.5,47.0,0,0,,,,,,12:11
3520260501050005,hiratsuka,2026-05-05,5,×5 注1 ▲8 ○2 ◎3 △7,,,,,1,三谷 将太  奈,良,40,92,S1,追,3.92,113.69,注,2,7.1,35.7,57.1,0,0,,,,,,12:42
3520260501050005,hiratsuka,2026-05-05,5,×5 注1 ▲8 ○2 ◎3 △7,,,,,2,佐藤 友和  岩,手,43,88,S1,両,3.92,110.05,▲,3,35.2,35.2,47.0,0,0,,,,,,12:42
3520260501050005,hiratsuka,2026-05-05,5,×5 注1 ▲8 ○2 ◎3 △7,,,,,3,青野 将大,神奈川,31,117,S1,逃,3.92,109.0,○,5,38.0,61.9,61.9,4,7,,,,,,12:42
3520260501050005,hiratsuka,2026-05-05,5,×5 注1 ▲8 ○2 ◎3 △7,,,,,4,塚本 大樹  熊,本,37,96,S1,追,3.93,107.7,△,4,11.1,22.2,27.7,0,0,,,,,,12:42
3520260501050005,hiratsuka,2026-05-05,5,×5 注1 ▲8 ○2 ◎3 △7,,,,,5,志田 龍星  岐,阜,28,119,S1,逃,3.92,109.48,×,1,12.0,48.0,60.0,6,4,,,,,,12:42
3520260501050005,hiratsuka,2026-05-05,5,×5 注1 ▲8 ○2 ◎3 △7,,,,,6,雨谷 一樹  栃,木,36,96,S1,両,3.92,106.28,,0,4.0,32.0,36.0,0,0,,,,,,12:42
3520260501050005,hiratsuka,2026-05-05,5,×5 注1 ▲8 ○2 ◎3 △7,,,,,7,小原 太樹,神奈川,37,95,S1,追,3.92,111.63,◎,6,21.7,30.4,52.1,0,0,,,,,,12:42
3520260501050005,hiratsuka,2026-05-05,5,×5 注1 ▲8 ○2 ◎3 △7,,,,,8,飯野 祐太  福,島,41,90,S1,両,3.92,106.84,,0,19.2,42.3,61.5,0,0,,,,,,12:42
3520260501050005,hiratsuka,2026-05-05,5,×5 注1 ▲8 ○2 ◎3 △7,,,,,9,恩田 淳平  群,馬,35,100,S1,追,3.92,108.55,,0,10.3,31.0,48.2,0,0,,,,,,12:42
3520260501050006,hiratsuka,2026-05-05,6,◎1 ○5 ▲8 ×6 △2 注3,,,,,1,松本 貴治  愛,媛,32,111,S1,両,3.92,114.75,◎,6,41.1,70.5,70.5,1,5,,,,,,13:13
3520260501050006,hiratsuka,2026-05-05,6,◎1 ○5 ▲8 ×6 △2 注3,,,,,2,佐々木 眞也,神奈川,31,117,S1,両,3.92,109.75,×,1,16.6,41.6,50.0,0,0,,,,,,13:13
3520260501050006,hiratsuka,2026-05-05,6,◎1 ○5 ▲8 ×6 △2 注3,,,,,3,高橋 築  東,京,33,109,S1,両,3.93,109.26,,0,46.6,53.3,60.0,0,0,,,,,,13:13
3520260501050006,hiratsuka,2026-05-05,6,◎1 ○5 ▲8 ×6 △2 注3,,,,,4,東矢 圭吾  熊,本,27,121,S1,逃,3.92,107.5,,0,6.2,31.2,50.0,3,2,,,,,,13:13
3520260501050006,hiratsuka,2026-05-05,6,◎1 ○5 ▲8 ×6 △2 注3,,,,,5,桑原 大志  山,口,50,80,S1,追,3.92,107.73,○,5,4.7,28.5,52.3,0,1,,,,,,13:13
3520260501050006,hiratsuka,2026-05-05,6,◎1 ○5 ▲8 ×6 △2 注3,,,,,6,道場 晃規  静,岡,28,117,S1,逃,3.92,106.0,▲,3,28.5,38.0,52.3,0,5,,,,,,13:13
3520260501050006,hiratsuka,2026-05-05,6,◎1 ○5 ▲8 ×6 △2 注3,,,,,7,園田 匠  福,岡,44,87,S1,追,3.92,110.04,注,2,11.5,23.0,46.1,0,0,,,,,,13:13
3520260501050006,hiratsuka,2026-05-05,6,◎1 ○5 ▲8 ×6 △2 注3,,,,,8,片岡 迪之  岡,山,39,93,S1,両,3.92,106.88,,0,21.0,36.8,57.8,0,3,,,,,,13:13
3520260501050006,hiratsuka,2026-05-05,6,◎1 ○5 ▲8 ×6 △2 注3,,,,,9,武藤 龍生  埼,玉,35,98,S1,追,3.92,109.8,△,4,17.6,35.2,35.2,0,0,,,,,,13:13
3520260501050007,hiratsuka,2026-05-05,7,△3 ◎7 ○8 注9 ×1 ▲2,,,,,1,松谷 秀幸,神奈川,43,96,S1,追,3.93,111.4,注,2,23.5,35.2,47.0,0,0,,,,,,13:50
3520260501050007,hiratsuka,2026-05-05,7,△3 ◎7 ○8 注9 ×1 ▲2,,,,,2,犬伏 湧也  徳,島,30,119,S1,逃,3.92,114.0,×,1,55.0,65.0,75.0,6,7,,,,,,13:50
3520260501050007,hiratsuka,2026-05-05,7,△3 ◎7 ○8 注9 ×1 ▲2,,,,,3,中石 湊,北海道,21,125,S2,逃,3.92,114.75,△,4,25.0,50.0,75.0,1,0,,,,,,13:50
3520260501050007,hiratsuka,2026-05-05,7,△3 ◎7 ○8 注9 ×1 ▲2,,,,,4,吉田 有希  茨,城,24,119,S1,逃,3.92,110.25,,0,33.3,45.8,54.1,5,1,,,,,,13:50
3520260501050007,hiratsuka,2026-05-05,7,△3 ◎7 ○8 注9 ×1 ▲2,,,,,5,小倉 竜二  徳,島,50,77,S1,追,3.92,110.47,▲,3,19.0,38.0,47.6,0,0,,,,,,13:50
3520260501050007,hiratsuka,2026-05-05,7,△3 ◎7 ○8 注9 ×1 ▲2,,,,,6,諸橋 愛  新,潟,48,79,S1,追,3.92,107.58,,0,5.5,22.2,33.3,0,0,,,,,,13:50
3520260501050007,hiratsuka,2026-05-05,7,△3 ◎7 ○8 注9 ×1 ▲2,,,,,7,新田 祐大  福,島,40,90,S1,両,3.92,113.47,◎,6,10.5,26.3,52.6,0,4,,,,,,13:50
3520260501050007,hiratsuka,2026-05-05,7,△3 ◎7 ○8 注9 ×1 ▲2,,,,,8,佐藤 一伸  福,島,38,94,S1,両,3.92,107.68,○,5,40.0,48.0,72.0,1,8,,,,,,13:50
3520260501050007,hiratsuka,2026-05-05,7,△3 ◎7 ○8 注9 ×1 ▲2,,,,,9,岩本 俊介  千,葉,42,94,S1,両,3.92,109.05,,0,30.0,45.0,50.0,5,1,,,,,,13:50
3520260501050008,hiratsuka,2026-05-05,8,△9 注1 ◎4 ○2 ×5 ▲7,,,,,1,鈴木 竜士  東,京,32,107,S1,両,3.92,113.09,△,4,38.0,71.4,76.1,2,6,,,,,,14:27
3520260501050008,hiratsuka,2026-05-05,8,△9 注1 ◎4 ○2 ×5 ▲7,,,,,2,中野 慎詞  岩,手,26,121,S1,逃,3.92,113.5,注,2,0.0,25.0,25.0,1,0,,,,,,14:27
3520260501050008,hiratsuka,2026-05-05,8,△9 注1 ◎4 ○2 ×5 ▲7,,,,,3,嘉永 泰斗  熊,本,28,113,SS,逃,3.92,115.3,×,1,33.3,46.6,53.3,0,7,,,,,,14:27
3520260501050008,hiratsuka,2026-05-05,8,△9 注1 ◎4 ○2 ×5 ▲7,,,,,4,神山 拓弥  栃,木,39,91,S1,追,3.92,108.87,,0,28.0,32.0,44.0,0,0,,,,,,14:27
3520260501050008,hiratsuka,2026-05-05,8,△9 注1 ◎4 ○2 ×5 ▲7,,,,,5,新山 響平  青,森,32,107,S1,逃,3.92,113.59,◎,6,54.5,72.7,77.2,8,7,,,,,,14:27
3520260501050008,hiratsuka,2026-05-05,8,△9 注1 ◎4 ○2 ×5 ▲7,,,,,6,松本 秀之介  熊,本,25,117,S1,逃,3.92,102.18,▲,3,22.7,36.3,36.3,1,6,,,,,,14:27
3520260501050008,hiratsuka,2026-05-05,8,△9 注1 ◎4 ○2 ×5 ▲7,,,,,7,佐々木 龍,神奈川,35,109,S1,追,3.92,111.16,○,5,10.5,57.8,63.1,0,0,,,,,,14:27
3520260501050008,hiratsuka,2026-05-05,8,△9 注1 ◎4 ○2 ×5 ▲7,,,,,8,大川 龍二  広,島,41,91,S1,両,3.92,108.05,,0,9.5,28.5,52.3,0,1,,,,,,14:27
3520260501050008,hiratsuka,2026-05-05,8,△9 注1 ◎4 ○2 ×5 ▲7,,,,,9,菊池 岳仁  長,野,25,117,S1,逃,3.92,109.5,,0,7.1,28.5,35.7,4,0,,,,,,14:27
3520260501050009,hiratsuka,2026-05-05,9,○1 ◎7 △9 ▲5 注2 ×8,,,,,1,寺崎 浩平  福,井,32,117,SS,逃,3.92,117.08,○,5,25.0,50.0,58.3,1,5,,,,,,15:04
3520260501050009,hiratsuka,2026-05-05,9,○1 ◎7 △9 ▲5 注2 ×8,,,,,2,和田 真久留,神奈川,35,99,S1,両,3.92,108.44,注,2,15.7,26.3,42.1,0,0,,,,,,15:04
3520260501050009,hiratsuka,2026-05-05,9,○1 ◎7 △9 ▲5 注2 ×8,,,,,3,清水 裕友  山,口,31,105,S1,両,3.92,115.33,×,1,38.8,55.5,72.2,2,5,,,,,,15:04
3520260501050009,hiratsuka,2026-05-05,9,○1 ◎7 △9 ▲5 注2 ×8,,,,,4,渡部 幸訓  福,島,42,89,S1,追,3.92,114.46,,0,28.5,50.0,71.4,0,0,,,,,,15:04
3520260501050009,hiratsuka,2026-05-05,9,○1 ◎7 △9 ▲5 注2 ×8,,,,,5,松井 宏佑,神奈川,33,113,S1,逃,3.92,106.89,▲,3,10.5,26.3,36.8,2,2,,,,,,15:04
3520260501050009,hiratsuka,2026-05-05,9,○1 ◎7 △9 ▲5 注2 ×8,,,,,6,佐々木 悠葵  群,馬,30,115,S1,両,3.92,109.95,,0,36.3,45.4,45.4,3,5,,,,,,15:04
3520260501050009,hiratsuka,2026-05-05,9,○1 ◎7 △9 ▲5 注2 ×8,,,,,7,古性 優作  大,阪,35,100,SS,両,3.92,118.95,◎,6,35.0,60.0,70.0,1,6,,,,,,15:04
3520260501050009,hiratsuka,2026-05-05,9,○1 ◎7 △9 ▲5 注2 ×8,,,,,8,石原 颯  香,川,26,117,S1,逃,3.92,112.47,,0,29.4,64.7,64.7,9,2,,,,,,15:04
3520260501050009,hiratsuka,2026-05-05,9,○1 ◎7 △9 ▲5 注2 ×8,,,,,9,山田 久徳  京,都,38,93,S1,両,3.92,110.5,△,4,20.0,50.0,60.0,0,2,,,,,,15:04
3520260501050010,hiratsuka,2026-05-05,10,○1 ◎9 △7 ×2 ▲6 注4,,,,,1,眞杉 匠  栃,木,27,113,SS,逃,3.92,118.29,○,5,38.8,61.1,66.6,4,5,,,,,,15:43
3520260501050010,hiratsuka,2026-05-05,10,○1 ◎9 △7 ×2 ▲6 注4,,,,,2,太田 海也  岡,山,26,121,S1,逃,3.92,120.5,×,1,25.0,25.0,50.0,0,1,,,,,,15:43
3520260501050010,hiratsuka,2026-05-05,10,○1 ◎9 △7 ×2 ▲6 注4,,,,,3,山口 拳矢  岐,阜,30,117,S1,両,3.92,114.27,注,2,40.9,40.9,68.1,0,6,,,,,,15:43
3520260501050010,hiratsuka,2026-05-05,10,○1 ◎9 △7 ×2 ▲6 注4,,,,,4,岩津 裕介  岡,山,44,87,S1,追,3.92,106.79,,0,12.5,20.8,41.6,0,0,,,,,,15:43
3520260501050010,hiratsuka,2026-05-05,10,○1 ◎9 △7 ×2 ▲6 注4,,,,,5,浅井 康太  三,重,41,90,S1,両,3.92,111.03,,0,37.0,37.0,51.8,0,0,,,,,,15:43
3520260501050010,hiratsuka,2026-05-05,10,○1 ◎9 △7 ×2 ▲6 注4,,,,,6,取鳥 雄吾  岡,山,31,107,S1,逃,3.92,109.23,▲,3,23.8,47.6,61.9,7,1,,,,,,15:43
3520260501050010,hiratsuka,2026-05-05,10,○1 ◎9 △7 ×2 ▲6 注4,,,,,7,阿部 力也  宮,城,38,100,S1,追,3.92,111.23,△,4,23.8,42.8,71.4,0,0,,,,,,15:43
3520260501050010,hiratsuka,2026-05-05,10,○1 ◎9 △7 ×2 ▲6 注4,,,,,8,山田 庸平  佐,賀,38,94,S1,両,3.93,113.05,,0,38.8,44.4,61.1,0,5,,,,,,15:43
3520260501050010,hiratsuka,2026-05-05,10,○1 ◎9 △7 ×2 ▲6 注4,,,,,9,吉田 拓矢  茨,城,30,107,SS,両,3.92,118.25,◎,6,50.0,70.8,79.1,0,7,,,,,,15:43
3520260501050011,hiratsuka,2026-05-05,11,○7 ◎1 ×9 注2 △6 ▲5,,,,,1,郡司 浩平,神奈川,35,99,SS,両,3.92,117.56,◎,6,31.2,62.5,62.5,0,4,,,,,,16:25
3520260501050011,hiratsuka,2026-05-05,11,○7 ◎1 ×9 注2 △6 ▲5,,,,,2,菅田 壱道  宮,城,39,91,S1,両,3.92,114.68,,0,17.6,35.2,52.9,0,1,,,,,,16:25
3520260501050011,hiratsuka,2026-05-05,11,○7 ◎1 ×9 注2 △6 ▲5,,,,,3,荒井 崇博  長,崎,48,82,S1,両,3.92,116.26,△,4,20.0,40.0,73.3,0,0,,,,,,16:25
3520260501050011,hiratsuka,2026-05-05,11,○7 ◎1 ×9 注2 △6 ▲5,,,,,4,鈴木 玄人  東,京,29,117,S1,両,3.93,113.0,▲,3,21.4,28.5,50.0,0,0,,,,,,16:25
3520260501050011,hiratsuka,2026-05-05,11,○7 ◎1 ×9 注2 △6 ▲5,,,,,5,松浦 悠士  広,島,35,98,S1,両,3.92,115.22,×,1,57.1,71.4,85.7,0,13,,,,,,16:25
3520260501050011,hiratsuka,2026-05-05,11,○7 ◎1 ×9 注2 △6 ▲5,,,,,6,町田 太我  広,島,25,117,S1,逃,3.92,111.06,,0,20.0,46.6,46.6,5,2,,,,,,16:25
3520260501050011,hiratsuka,2026-05-05,11,○7 ◎1 ×9 注2 △6 ▲5,,,,,7,深谷 知広  静,岡,36,96,S1,逃,3.93,114.0,○,5,31.8,45.4,63.6,3,5,,,,,,16:25
3520260501050011,hiratsuka,2026-05-05,11,○7 ◎1 ×9 注2 △6 ▲5,,,,,8,山崎 賢人  長,崎,33,111,S1,逃,3.93,112.63,注,2,31.8,59.0,63.6,6,5,,,,,,16:25
3520260501050011,hiratsuka,2026-05-05,11,○7 ◎1 ×9 注2 △6 ▲5,,,,,9,阿部 拓真  宮,城,35,107,SS,両,3.92,112.84,,0,10.0,25.0,30.0,0,0,,,,,,16:25
4320260505010001,gifu,2026-05-05,1,△1 注6 ×7 ▲2 ◎4 ○5,,,,,1,會澤 龍  宮,城,36,105,A1,両,3.92,86.08,△,4,20.8,29.1,45.8,0,0,,,,,,08:25
4320260505010001,gifu,2026-05-05,1,△1 注6 ×7 ▲2 ◎4 ○5,,,,,2,東 鉄也  三,重,45,88,A2,両,3.92,85.61,×,1,23.8,33.3,42.8,1,0,,,,,,08:25
4320260505010001,gifu,2026-05-05,1,△1 注6 ×7 ▲2 ◎4 ○5,,,,,3,須藤 誠  千,葉,41,92,A1,追,3.85,85.57,○,5,4.7,33.3,47.6,0,0,,,,,,08:25
4320260505010001,gifu,2026-05-05,1,△1 注6 ×7 ▲2 ◎4 ○5,,,,,4,表 大暁  富,山,51,82,A2,追,3.83,80.85,▲,3,0.0,14.2,28.5,0,0,,,,,,08:25
4320260505010001,gifu,2026-05-05,1,△1 注6 ×7 ▲2 ◎4 ○5,,,,,5,吉竹 尚城  静,岡,33,109,A1,逃,3.92,86.65,◎,6,30.4,39.1,52.1,8,1,,,,,,08:25
4320260505010001,gifu,2026-05-05,1,△1 注6 ×7 ▲2 ◎4 ○5,,,,,6,阿部 英光  宮,城,44,89,A2,追,3.85,80.65,,0,0.0,10.0,30.0,0,0,,,,,,08:25
4320260505010001,gifu,2026-05-05,1,△1 注6 ×7 ▲2 ◎4 ○5,,,,,7,桜井 雄太  愛,知,34,100,A2,逃,3.92,82.95,注,2,22.7,40.9,45.4,5,3,,,,,,08:25
4320260505010002,gifu,2026-05-05,2,◎4 ○1 注3 ×2 △7 ▲5,,,,,1,坂本 匡洋  大,阪,42,91,A2,追,3.92,87.5,○,5,10.0,35.0,50.0,0,0,,,,,,08:45
4320260505010002,gifu,2026-05-05,2,◎4 ○1 注3 ×2 △7 ▲5,,,,,2,田頭 寛之  千,葉,37,109,A1,両,3.93,84.25,×,1,10.7,21.4,46.4,1,1,,,,,,08:45
4320260505010002,gifu,2026-05-05,2,◎4 ○1 注3 ×2 △7 ▲5,,,,,3,本村 隆文  岐,阜,47,81,A2,追,3.92,80.9,注,2,4.7,14.2,33.3,0,1,,,,,,08:45
4320260505010002,gifu,2026-05-05,2,◎4 ○1 注3 ×2 △7 ▲5,,,,,4,常次 勇人  大,阪,24,121,A1,逃,3.92,89.04,◎,6,28.5,42.8,57.1,6,2,,,,,,08:45
4320260505010002,gifu,2026-05-05,2,◎4 ○1 注3 ×2 △7 ▲5,,,,,5,齋藤 輝彦,神奈川,43,93,A2,追,3.93,80.33,▲,3,0.0,5.5,11.1,0,0,,,,,,08:45
4320260505010002,gifu,2026-05-05,2,◎4 ○1 注3 ×2 △7 ▲5,,,,,6,柳 充  青,森,51,79,A2,追,3.92,79.09,,0,0.0,0.0,14.2,0,0,,,,,,08:45
4320260505010002,gifu,2026-05-05,2,◎4 ○1 注3 ×2 △7 ▲5,,,,,7,武田 憲祐,神奈川,43,93,A1,追,3.92,84.87,△,4,4.1,16.6,37.5,0,0,,,,,,08:45
4320260505010003,gifu,2026-05-05,3,注6 ×1 ▲4 ◎5 ○2 △7,,,,,1,伊藤 健詞  石,川,56,68,A1,追,3.92,84.44,×,1,5.5,38.8,44.4,0,0,,,,,,09:05
4320260505010003,gifu,2026-05-05,3,注6 ×1 ▲4 ◎5 ○2 △7,,,,,2,塚本 和宏  栃,木,43,90,A1,追,3.92,86.16,○,5,11.1,16.6,38.8,0,0,,,,,,09:05
4320260505010003,gifu,2026-05-05,3,注6 ×1 ▲4 ◎5 ○2 △7,,,,,3,河上 陽一  千,葉,50,99,A2,両,3.92,80.27,,0,0.0,5.5,16.6,0,0,,,,,,09:05
4320260505010003,gifu,2026-05-05,3,注6 ×1 ▲4 ◎5 ○2 △7,,,,,4,臼井 昌巨  愛,知,42,89,A2,両,3.92,79.66,▲,3,0.0,12.5,20.8,0,1,,,,,,09:05
4320260505010003,gifu,2026-05-05,3,注6 ×1 ▲4 ◎5 ○2 △7,,,,,5,川田 真也  埼,玉,25,125,A2,逃,3.85,91.66,◎,6,38.8,72.2,83.3,11,2,,,,,,09:05
4320260505010003,gifu,2026-05-05,3,注6 ×1 ▲4 ◎5 ○2 △7,,,,,6,山元 大夢  石,川,26,123,A2,両,3.92,79.33,注,2,0.0,14.2,19.0,2,1,,,,,,09:05
4320260505010003,gifu,2026-05-05,3,注6 ×1 ▲4 ◎5 ○2 △7,,,,,7,宇賀神 浩幸  栃,木,52,73,A2,追,3.92,83.16,△,4,0.0,4.1,20.8,0,0,,,,,,09:05
4320260505010004,gifu,2026-05-05,4,◎4 ○1 ▲6 △3 ×2 注7,,,,,1,大竹 哲也  静,岡,46,93,A1,追,3.92,84.9,○,5,8.6,17.3,39.1,0,0,,,,,,09:25
4320260505010004,gifu,2026-05-05,4,◎4 ○1 ▲6 △3 ×2 注7,,,,,2,中武 三四郎  大,阪,33,113,A1,逃,3.92,85.61,△,4,38.0,52.3,61.9,6,4,,,,,,09:25
4320260505010004,gifu,2026-05-05,4,◎4 ○1 ▲6 △3 ×2 注7,,,,,3,関 敬  栃,木,49,81,A2,追,3.92,81.85,,0,0.0,0.0,38.0,0,0,,,,,,09:25
4320260505010004,gifu,2026-05-05,4,◎4 ○1 ▲6 △3 ×2 注7,,,,,4,金田 涼馬,神奈川,27,119,A1,逃,3.92,86.66,◎,6,19.0,42.8,52.3,5,4,,,,,,09:25
4320260505010004,gifu,2026-05-05,4,◎4 ○1 ▲6 △3 ×2 注7,,,,,5,深見 仁哉  愛,知,43,91,A2,追,3.92,81.52,注,2,0.0,12.0,36.0,0,1,,,,,,09:25
4320260505010004,gifu,2026-05-05,4,◎4 ○1 ▲6 △3 ×2 注7,,,,,6,深澤 伸介  静,岡,50,76,A2,追,3.93,81.36,▲,3,0.0,13.6,22.7,0,0,,,,,,09:25
4320260505010004,gifu,2026-05-05,4,◎4 ○1 ▲6 △3 ×2 注7,,,,,7,太田 剛司  愛,知,45,97,A1,両,3.92,88.91,×,1,30.7,38.4,53.8,0,0,,,,,,09:25
4320260505010005,gifu,2026-05-05,5,△5 ×7 注1 ◎4 ○2 ▲3,,,,,1,新井 剛央  埼,玉,47,86,A2,追,3.92,82.04,注,2,0.0,9.5,23.8,0,0,,,,,,09:45
4320260505010005,gifu,2026-05-05,5,△5 ×7 注1 ◎4 ○2 ▲3,,,,,2,工藤 政志  青,森,46,84,A1,追,3.92,87.28,○,5,9.5,28.5,52.3,0,0,,,,,,09:45
4320260505010005,gifu,2026-05-05,5,△5 ×7 注1 ◎4 ○2 ▲3,,,,,3,野村 純宏,神奈川,49,82,A1,追,3.92,82.09,▲,3,0.0,9.5,28.5,0,0,,,,,,09:45
4320260505010005,gifu,2026-05-05,5,△5 ×7 注1 ◎4 ○2 ▲3,,,,,4,角田 光  福,島,26,125,A2,逃,3.92,91.88,◎,6,44.4,61.1,72.2,8,3,,,,,,09:45
4320260505010005,gifu,2026-05-05,5,△5 ×7 注1 ◎4 ○2 ▲3,,,,,5,齋藤 一茂  群,馬,37,97,A1,逃,3.92,83.85,△,4,23.8,42.8,52.3,7,2,,,,,,09:45
4320260505010005,gifu,2026-05-05,5,△5 ×7 注1 ◎4 ○2 ▲3,,,,,6,伊藤 拓人  静,岡,37,94,A2,追,3.92,78.22,,0,5.5,11.1,16.6,0,0,,,,,,09:45
4320260505010005,gifu,2026-05-05,5,△5 ×7 注1 ◎4 ○2 ▲3,,,,,7,山口 貴弘  栃,木,48,84,A2,追,3.92,85.76,×,1,19.0,42.8,42.8,0,1,,,,,,09:45
4320260505010006,gifu,2026-05-05,6,◎1 ○4 注7 ×5 △2 ▲6,,,,,1,安達 光伸  岐,阜,24,127,A2,逃,3.92,91.42,◎,6,52.3,71.4,76.1,10,5,,,,,,10:05
4320260505010006,gifu,2026-05-05,6,◎1 ○4 注7 ×5 △2 ▲6,,,,,2,山信田 学  埼,玉,49,83,A2,追,3.93,83.54,×,1,8.3,8.3,45.8,0,0,,,,,,10:05
4320260505010006,gifu,2026-05-05,6,◎1 ○4 注7 ×5 △2 ▲6,,,,,3,荻野 哲,神奈川,51,75,A2,追,3.92,82.76,▲,3,4.7,19.0,33.3,0,0,,,,,,10:05
4320260505010006,gifu,2026-05-05,6,◎1 ○4 注7 ×5 △2 ▲6,,,,,4,竹田 和幸  岐,阜,49,78,A1,追,3.93,86.95,○,5,4.7,28.5,66.6,0,0,,,,,,10:05
4320260505010006,gifu,2026-05-05,6,◎1 ○4 注7 ×5 △2 ▲6,,,,,5,市川 健太  東,京,50,82,A2,両,3.85,83.23,注,2,14.2,28.5,33.3,1,1,,,,,,10:05
4320260505010006,gifu,2026-05-05,6,◎1 ○4 注7 ×5 △2 ▲6,,,,,6,桜井 大地  静,岡,32,111,A2,逃,3.92,77.63,△,4,5.2,5.2,5.2,1,0,,,,,,10:05
4320260505010006,gifu,2026-05-05,6,◎1 ○4 注7 ×5 △2 ▲6,,,,,7,小西 誠也  三,重,49,80,A2,追,3.92,81.72,,0,0.0,11.1,22.2,0,0,,,,,,10:05
4320260505010007,gifu,2026-05-05,7,○1 ◎7 △3 ▲6 ×2 注5,,,,,1,小原 唯志  茨,城,42,101,A1,逃,3.92,90.43,○,5,17.3,56.5,69.5,3,5,,,,,,10:25
4320260505010007,gifu,2026-05-05,7,○1 ◎7 △3 ▲6 ×2 注5,,,,,2,水谷 良和  愛,知,54,70,A1,追,3.85,90.71,,0,13.3,33.3,40.0,0,0,,,,,,10:25
4320260505010007,gifu,2026-05-05,7,○1 ◎7 △3 ▲6 ×2 注5,,,,,3,武井 大介  千,葉,45,86,A1,追,3.93,90.52,△,4,19.0,33.3,52.3,0,0,,,,,,10:25
4320260505010007,gifu,2026-05-05,7,○1 ◎7 △3 ▲6 ×2 注5,,,,,4,内田 英介  東,京,44,91,A1,追,3.92,90.66,注,2,14.2,38.0,61.9,0,0,,,,,,10:25
4320260505010007,gifu,2026-05-05,7,○1 ◎7 △3 ▲6 ×2 注5,,,,,5,小榑 佑弥  群,馬,26,121,A1,逃,3.92,91.11,×,1,16.6,33.3,55.5,2,2,,,,,,10:25
4320260505010007,gifu,2026-05-05,7,○1 ◎7 △3 ▲6 ×2 注5,,,,,6,筒井 裕哉  兵,庫,44,89,A1,追,3.92,90.15,▲,3,25.0,50.0,60.0,0,2,,,,,,10:25
4320260505010007,gifu,2026-05-05,7,○1 ◎7 △3 ▲6 ×2 注5,,,,,7,中田 健太  埼,玉,36,99,A1,追,3.85,95.12,◎,6,33.3,70.8,83.3,0,0,,,,,,10:25
4720260504020001,matsusaka,2026-05-05,1,×5 ▲2 注6 ◎1 ○3 △7,,,,,1,山出 裕幸  福,井,42,90,A2,追,3.92,78.78,注,2,0.0,4.1,8.3,0,0,,,,,,15:50
4720260504020001,matsusaka,2026-05-05,1,×5 ▲2 注6 ◎1 ○3 △7,,,,,2,大泉 英則  宮,城,45,89,A2,追,3.92,81.71,▲,3,0.0,4.7,38.0,0,0,,,,,,15:50
4720260504020001,matsusaka,2026-05-05,1,×5 ▲2 注6 ◎1 ○3 △7,,,,,3,山崎 駿哉  岡,山,28,113,A1,逃,3.92,84.94,◎,6,27.7,33.3,38.8,2,3,,,,,,15:50
4720260504020001,matsusaka,2026-05-05,1,×5 ▲2 注6 ◎1 ○3 △7,,,,,4,秋山 貴宏  佐,賀,44,89,A2,両,3.92,80.5,△,4,8.3,25.0,25.0,0,1,,,,,,15:50
4720260504020001,matsusaka,2026-05-05,1,×5 ▲2 注6 ◎1 ○3 △7,,,,,5,池邉 聖,神奈川,31,123,A1,逃,3.92,81.73,×,1,10.5,21.0,36.8,1,3,,,,,,15:50
4720260504020001,matsusaka,2026-05-05,1,×5 ▲2 注6 ◎1 ○3 △7,,,,,6,竹澤 雅也  福,井,24,123,A2,逃,3.92,78.05,,0,0.0,0.0,5.5,0,0,,,,,,15:50
4720260504020001,matsusaka,2026-05-05,1,×5 ▲2 注6 ◎1 ○3 △7,,,,,7,阿部 充宏  山,口,42,98,A2,両,3.92,82.85,○,5,0.0,4.7,19.0,0,0,,,,,,15:50
4720260504020002,matsusaka,2026-05-05,2,◎6 ○1 ×4 ▲2 △7 注3,,,,,1,廣田 敦士  三,重,33,107,A2,逃,3.92,79.95,○,5,12.5,20.8,20.8,3,0,,,,,,16:14
4720260504020002,matsusaka,2026-05-05,2,◎6 ○1 ×4 ▲2 △7 注3,,,,,2,岩崎 大和  茨,城,41,94,A2,追,3.92,81.33,▲,3,0.0,0.0,14.2,0,0,,,,,,16:14
4720260504020002,matsusaka,2026-05-05,2,◎6 ○1 ×4 ▲2 △7 注3,,,,,3,松尾 大樹  長,崎,45,87,A2,追,3.85,82.83,注,2,5.5,27.7,27.7,0,0,,,,,,16:14
4720260504020002,matsusaka,2026-05-05,2,◎6 ○1 ×4 ▲2 △7 注3,,,,,4,照井 力斗  岩,手,24,121,A1,逃,3.92,83.16,×,1,16.6,16.6,54.1,2,2,,,,,,16:14
4720260504020002,matsusaka,2026-05-05,2,◎6 ○1 ×4 ▲2 △7 注3,,,,,5,阿部 弘  高,知,44,99,A2,追,3.85,78.92,,0,4.0,8.0,16.0,1,0,,,,,,16:14
4720260504020002,matsusaka,2026-05-05,2,◎6 ○1 ×4 ▲2 △7 注3,,,,,6,谷澤 優貴  三,重,21,127,A2,逃,3.85,78.8,◎,6,76.1,85.7,90.4,3,15,,,,,,16:14
4720260504020002,matsusaka,2026-05-05,2,◎6 ○1 ×4 ▲2 △7 注3,,,,,7,浅見 隼  福,岡,28,115,A1,逃,3.85,82.61,△,4,5.5,11.1,11.1,2,0,,,,,,16:14
4720260504020003,matsusaka,2026-05-05,3,×4 注2 ○6 ▲3 ◎5 △1,,,,,1,三澤 優樹  福,島,26,127,A2,逃,3.92,91.94,◎,6,55.5,72.2,72.2,9,3,,,,,,16:39
4720260504020003,matsusaka,2026-05-05,3,×4 注2 ○6 ▲3 ◎5 △1,,,,,2,滝本 泰行  岡,山,30,107,A1,両,3.92,89.62,注,2,20.8,54.1,75.0,0,2,,,,,,16:39
4720260504020003,matsusaka,2026-05-05,3,×4 注2 ○6 ▲3 ◎5 △1,,,,,3,村上 翔馬  兵,庫,27,123,A1,逃,3.92,93.57,○,5,33.3,66.6,85.7,6,7,,,,,,16:39
4720260504020003,matsusaka,2026-05-05,3,×4 注2 ○6 ▲3 ◎5 △1,,,,,4,松本 卓也  徳,島,35,98,A1,両,3.92,89.18,×,1,40.7,48.1,59.2,5,2,,,,,,16:39
4720260504020003,matsusaka,2026-05-05,3,×4 注2 ○6 ▲3 ◎5 △1,,,,,5,渡邊 健  愛,知,53,76,A1,追,3.92,89.2,▲,3,23.0,42.3,61.5,0,1,,,,,,16:39
4720260504020003,matsusaka,2026-05-05,3,×4 注2 ○6 ▲3 ◎5 △1,,,,,6,國村 洋  山,口,49,80,A1,追,3.92,83.75,,0,5.0,30.0,45.0,0,0,,,,,,16:39
4720260504020003,matsusaka,2026-05-05,3,×4 注2 ○6 ▲3 ◎5 △1,,,,,7,栗田 雄矢  静,岡,40,96,A2,追,3.92,84.78,△,4,15.7,21.0,42.1,0,1,,,,,,16:39
4720260504020004,matsusaka,2026-05-05,4,◎3 ×4 ○5 △1 ▲6 注7,,,,,1,名川 豊  福,岡,35,99,A1,追,3.92,89.38,△,4,19.0,42.8,66.6,0,0,,,,,,17:04
4720260504020004,matsusaka,2026-05-05,4,◎3 ×4 ○5 △1 ▲6 注7,,,,,2,田中 秀治  岐,阜,48,82,A2,追,3.93,86.85,注,2,19.0,33.3,42.8,0,0,,,,,,17:04
4720260504020004,matsusaka,2026-05-05,4,◎3 ×4 ○5 △1 ▲6 注7,,,,,3,渡邉 壘  新,潟,23,125,A1,逃,3.92,94.16,◎,6,33.3,55.5,77.7,7,2,,,,,,17:04
4720260504020004,matsusaka,2026-05-05,4,◎3 ×4 ○5 △1 ▲6 注7,,,,,4,佐藤 朋也  秋,田,46,89,A1,追,3.85,89.17,×,1,0.0,26.0,39.1,0,1,,,,,,17:04
4720260504020004,matsusaka,2026-05-05,4,◎3 ×4 ○5 △1 ▲6 注7,,,,,5,半田 誠  熊,本,22,123,A1,逃,3.92,94.33,○,5,43.7,50.0,68.7,1,7,,,,,,17:04
4720260504020004,matsusaka,2026-05-05,4,◎3 ×4 ○5 △1 ▲6 注7,,,,,6,八尋 翔平  福,岡,39,93,A2,追,3.92,82.0,,0,11.7,17.6,29.4,0,0,,,,,,17:04
4720260504020004,matsusaka,2026-05-05,4,◎3 ×4 ○5 △1 ▲6 注7,,,,,7,井田 晶之  三,重,34,113,A1,両,3.93,82.16,▲,3,8.0,20.0,36.0,3,1,,,,,,17:04
4720260504020005,matsusaka,2026-05-05,5,○5 ◎1 注6 ×2 △4 ▲7,,,,,1,吉田 茂生  岐,阜,35,98,A1,両,3.92,94.09,◎,6,33.3,42.8,85.7,0,1,,,,,,17:29
4720260504020005,matsusaka,2026-05-05,5,○5 ◎1 注6 ×2 △4 ▲7,,,,,2,山下 祐輔  千,葉,24,125,A2,逃,3.92,91.19,×,1,38.0,61.9,76.1,6,6,,,,,,17:29
4720260504020005,matsusaka,2026-05-05,5,○5 ◎1 注6 ×2 △4 ▲7,,,,,3,片山 弘城  大,阪,50,75,A1,追,3.93,85.6,▲,3,17.3,26.0,39.1,0,0,,,,,,17:29
4720260504020005,matsusaka,2026-05-05,5,○5 ◎1 注6 ×2 △4 ▲7,,,,,4,岡本 英之  千,葉,47,85,A1,追,3.93,92.0,△,4,8.3,29.1,45.8,0,0,,,,,,17:29
4720260504020005,matsusaka,2026-05-05,5,○5 ◎1 注6 ×2 △4 ▲7,,,,,5,梅澤 忠秀  三,重,24,125,A2,逃,3.85,90.77,○,5,44.4,55.5,61.1,8,2,,,,,,17:29
4720260504020005,matsusaka,2026-05-05,5,○5 ◎1 注6 ×2 △4 ▲7,,,,,6,山田 晃久  石,川,50,77,A2,追,3.92,82.95,注,2,4.7,9.5,38.0,0,0,,,,,,17:29
4720260504020005,matsusaka,2026-05-05,5,○5 ◎1 注6 ×2 △4 ▲7,,,,,7,大城 慶之  大,阪,41,113,A2,逃,3.92,83.26,,0,6.6,33.3,53.3,2,0,,,,,,17:29
4720260504020006,matsusaka,2026-05-05,6,◎3 注1 ×5 △2 ○6 ▲4,,,,,1,山本 さくら  愛,知,24,120,L1,両,3.77,47.8,注,2,4.7,14.2,28.5,2,0,,,,,,17:54
4720260504020006,matsusaka,2026-05-05,6,◎3 注1 ×5 △2 ○6 ▲4,,,,,2,渡口 まりあ  山,口,31,114,L1,両,3.77,50.29,△,4,0.0,25.0,45.8,1,3,,,,,,17:54
4720260504020006,matsusaka,2026-05-05,6,◎3 注1 ×5 △2 ○6 ▲4,,,,,3,尾方 真生  福,岡,26,118,L1,逃,3.79,56.04,◎,6,71.4,80.9,85.7,4,12,,,,,,17:54
4720260504020006,matsusaka,2026-05-05,6,◎3 注1 ×5 △2 ○6 ▲4,,,,,4,中川 諒子  熊,本,41,102,L1,両,3.77,45.5,,0,0.0,0.0,6.2,0,0,,,,,,17:54
4720260504020006,matsusaka,2026-05-05,6,◎3 注1 ×5 △2 ○6 ▲4,,,,,5,中村 由香里  東,京,45,102,L1,追,3.79,51.33,×,1,13.3,20.0,53.3,0,0,,,,,,17:54
4720260504020006,matsusaka,2026-05-05,6,◎3 注1 ×5 △2 ○6 ▲4,,,,,6,吉村 早耶香  静,岡,28,112,L1,両,3.77,55.1,○,5,31.5,68.4,89.4,3,3,,,,,,17:54
4720260504020006,matsusaka,2026-05-05,6,◎3 注1 ×5 △2 ○6 ▲4,,,,,7,佐伯 智恵  愛,媛,27,114,L1,両,3.77,47.58,▲,3,0.0,12.5,25.0,0,0,,,,,,17:54
4720260504020007,matsusaka,2026-05-05,7,◎4 ×1 ▲2 注3 ○6 △5,,,,,1,平子 結菜  三,重,22,126,L1,両,3.77,49.59,×,1,0.0,13.6,31.8,0,1,,,,,,18:19
4720260504020007,matsusaka,2026-05-05,7,◎4 ×1 ▲2 注3 ○6 △5,,,,,2,向井 円  大,阪,32,114,L1,追,3.79,48.23,▲,3,0.0,0.0,28.5,0,0,,,,,,18:19
4720260504020007,matsusaka,2026-05-05,7,◎4 ×1 ▲2 注3 ○6 △5,,,,,3,牧田 咲子  青,森,24,128,L1,両,3.77,48.22,注,2,0.0,13.6,22.7,0,0,,,,,,18:19
4720260504020007,matsusaka,2026-05-05,7,◎4 ×1 ▲2 注3 ○6 △5,,,,,4,久米 詩  静,岡,26,116,L1,両,3.79,55.8,◎,6,52.3,66.6,76.1,8,3,,,,,,18:19
4720260504020007,matsusaka,2026-05-05,7,◎4 ×1 ▲2 注3 ○6 △5,,,,,5,池原 杏  沖,縄,21,128,L1,両,3.77,49.0,△,4,0.0,11.7,29.4,0,0,,,,,,18:19
4720260504020007,matsusaka,2026-05-05,7,◎4 ×1 ▲2 注3 ○6 △5,,,,,6,奥井 迪  東,京,44,106,L1,逃,3.77,53.66,○,5,22.2,55.5,61.1,4,4,,,,,,18:19
4720260504020007,matsusaka,2026-05-05,7,◎4 ×1 ▲2 注3 ○6 △5,,,,,7,萩原 瑞生  群,馬,30,122,L1,追,3.77,47.0,,0,0.0,0.0,16.6,0,0,,,,,,18:19
4720260504020008,matsusaka,2026-05-05,8,○5 ◎2 △1 ▲6 ×4 注3,,,,,1,林 敬宏  愛,知,34,117,S2,逃,3.92,98.14,△,4,7.4,7.4,22.2,0,2,,,,,,18:44
4720260504020008,matsusaka,2026-05-05,8,○5 ◎2 △1 ▲6 ×4 注3,,,,,2,志村 太賀  山,梨,42,90,S2,追,3.92,102.55,◎,6,9.5,33.3,47.6,0,0,,,,,,18:44
4720260504020008,matsusaka,2026-05-05,8,○5 ◎2 △1 ▲6 ×4 注3,,,,,3,藤岡 隆治  徳,島,50,98,S2,追,3.92,96.72,注,2,10.3,20.6,31.0,0,1,,,,,,18:44
4720260504020008,matsusaka,2026-05-05,8,○5 ◎2 △1 ▲6 ×4 注3,,,,,4,山下 一輝  山,口,36,96,S2,追,3.92,97.44,×,1,16.0,24.0,44.0,0,2,,,,,,18:44
4720260504020008,matsusaka,2026-05-05,8,○5 ◎2 △1 ▲6 ×4 注3,,,,,5,後藤 悠  岩,手,31,115,S2,逃,3.92,101.86,○,5,12.5,37.5,43.7,6,0,,,,,,18:44
4720260504020008,matsusaka,2026-05-05,8,○5 ◎2 △1 ▲6 ×4 注3,,,,,6,鈴木 幸紀  三,重,50,78,S2,追,3.92,92.05,▲,3,0.0,2.6,5.2,0,0,,,,,,18:44
4720260504020009,matsusaka,2026-05-05,9,◎1 ○6 △2 ×7 ▲5 注4,,,,,1,斉藤 樂  宮,城,24,123,S2,逃,3.92,99.05,◎,6,20.0,25.0,30.0,1,3,,,,,,19:09
4720260504020009,matsusaka,2026-05-05,9,◎1 ○6 △2 ×7 ▲5 注4,,,,,2,城戸 俊潔  岡,山,28,115,S2,逃,3.92,99.8,△,4,23.0,38.4,42.3,5,5,,,,,,19:09
4720260504020009,matsusaka,2026-05-05,9,◎1 ○6 △2 ×7 ▲5 注4,,,,,3,川口 満宏  東,京,59,58,S2,追,3.92,95.37,,0,0.0,7.4,22.2,0,0,,,,,,19:09
4720260504020009,matsusaka,2026-05-05,9,◎1 ○6 △2 ×7 ▲5 注4,,,,,4,内山 雅貴  静,岡,31,113,S2,逃,3.92,97.63,注,2,10.5,15.7,42.1,0,1,,,,,,19:09
4720260504020009,matsusaka,2026-05-05,9,◎1 ○6 △2 ×7 ▲5 注4,,,,,5,小酒 大勇  宮,崎,32,103,S2,両,3.92,97.26,▲,3,7.6,19.2,26.9,0,0,,,,,,19:09
4720260504020009,matsusaka,2026-05-05,9,◎1 ○6 △2 ×7 ▲5 注4,,,,,6,小野 大介  福,島,42,91,S2,追,3.92,94.8,○,5,0.0,0.0,20.0,0,0,,,,,,19:09
4720260504020009,matsusaka,2026-05-05,9,◎1 ○6 △2 ×7 ▲5 注4,,,,,7,山本 奨  岡,山,37,94,S2,両,3.92,98.95,×,1,15.0,25.0,50.0,0,1,,,,,,19:09
4720260504020010,matsusaka,2026-05-05,10,○7 ◎1 △4 注2 ▲3 ×5,,,,,1,芦澤 辰弘  茨,城,37,95,S1,追,3.92,100.27,◎,6,8.6,30.4,47.8,0,0,,,,,,19:34
4720260504020010,matsusaka,2026-05-05,10,○7 ◎1 △4 注2 ▲3 ×5,,,,,2,松岡 篤哉  岐,阜,43,97,S2,両,3.92,103.71,注,2,28.5,47.6,52.3,1,3,,,,,,19:34
4720260504020010,matsusaka,2026-05-05,10,○7 ◎1 △4 注2 ▲3 ×5,,,,,3,藤井 昭吾  滋,賀,40,99,S2,両,3.92,102.29,▲,3,12.0,32.0,44.0,1,3,,,,,,19:34
4720260504020010,matsusaka,2026-05-05,10,○7 ◎1 △4 注2 ▲3 ×5,,,,,4,宿口 潤平  埼,玉,44,91,S2,追,3.92,101.5,△,4,21.0,26.3,47.3,0,1,,,,,,19:34
4720260504020010,matsusaka,2026-05-05,10,○7 ◎1 △4 注2 ▲3 ×5,,,,,5,清水 剛志  福,井,35,103,S2,両,3.92,102.39,×,1,26.0,39.1,39.1,0,0,,,,,,19:34
4720260504020010,matsusaka,2026-05-05,10,○7 ◎1 △4 注2 ▲3 ×5,,,,,6,梅崎 隆介  長,崎,36,121,S2,両,3.92,97.33,,0,8.3,20.8,29.1,3,1,,,,,,19:34
4720260504020010,matsusaka,2026-05-05,10,○7 ◎1 △4 注2 ▲3 ×5,,,,,7,森田 一郎  埼,玉,25,125,S1,逃,3.92,103.64,○,5,7.1,7.1,28.5,0,1,,,,,,19:34
4720260504020011,matsusaka,2026-05-05,11,◎2 ○7 △5 ×4 ▲1 注6,,,,,1,新山 将史  青,森,35,98,S1,追,3.92,103.39,▲,3,9.0,15.1,33.3,0,0,,,,,,19:59
4720260504020011,matsusaka,2026-05-05,11,◎2 ○7 △5 ×4 ▲1 注6,,,,,2,室井 蓮太朗  徳,島,25,121,S2,両,3.92,105.85,◎,6,42.8,57.1,61.9,5,6,,,,,,19:59
4720260504020011,matsusaka,2026-05-05,11,◎2 ○7 △5 ×4 ▲1 注6,,,,,3,岡村 潤  静,岡,44,86,S2,追,3.92,103.73,注,2,17.3,43.4,56.5,0,1,,,,,,19:59
4720260504020011,matsusaka,2026-05-05,11,◎2 ○7 △5 ×4 ▲1 注6,,,,,4,櫻井 正孝  宮,城,38,100,S1,追,3.92,103.65,×,1,7.6,23.0,34.6,0,0,,,,,,19:59
4720260504020011,matsusaka,2026-05-05,11,◎2 ○7 △5 ×4 ▲1 注6,,,,,5,松崎 広太  茨,城,26,123,S2,逃,3.92,103.44,△,4,33.3,44.4,51.8,5,6,,,,,,19:59
4720260504020011,matsusaka,2026-05-05,11,◎2 ○7 △5 ×4 ▲1 注6,,,,,6,村上 直久,神奈川,44,95,S2,両,3.92,99.65,,0,13.7,24.1,37.9,2,3,,,,,,19:59
4720260504020011,matsusaka,2026-05-05,11,◎2 ○7 △5 ×4 ▲1 注6,,,,,7,久田 裕也  徳,島,26,117,S1,逃,3.92,99.37,○,5,16.6,37.5,50.0,4,5,,,,,,19:59
4720260504020012,matsusaka,2026-05-05,12,○4 ◎1 △6 ▲2 注7 ×3,,,,,1,坂口 晃輔  三,重,38,95,S1,追,3.92,106.57,◎,6,19.2,30.7,61.5,0,0,,,,,,20:25
4720260504020012,matsusaka,2026-05-05,12,○4 ◎1 △6 ▲2 注7 ×3,,,,,2,兼本 将太  熊,本,29,117,S1,逃,3.92,99.44,▲,3,0.0,11.1,11.1,1,0,,,,,,20:25
4720260504020012,matsusaka,2026-05-05,12,○4 ◎1 △6 ▲2 注7 ×3,,,,,3,依田 翔大  山,梨,26,123,S2,逃,3.92,97.13,注,2,26.0,34.7,34.7,1,5,,,,,,20:25
4720260504020012,matsusaka,2026-05-05,12,○4 ◎1 △6 ▲2 注7 ×3,,,,,4,棚瀬 義大  岐,阜,26,123,S2,逃,3.92,105.52,○,5,14.8,51.8,59.2,12,2,,,,,,20:25
4720260504020012,matsusaka,2026-05-05,12,○4 ◎1 △6 ▲2 注7 ×3,,,,,5,山崎 将幸  宮,城,38,92,S2,追,3.92,104.2,×,1,12.0,28.0,48.0,0,0,,,,,,20:25
4720260504020012,matsusaka,2026-05-05,12,○4 ◎1 △6 ▲2 注7 ×3,,,,,6,宮越 孝治  富,山,47,82,S2,追,3.93,93.74,△,4,3.2,3.2,12.9,0,0,,,,,,20:25
4720260504020012,matsusaka,2026-05-05,12,○4 ◎1 △6 ▲2 注7 ×3,,,,,7,小林 弘和  佐,賀,42,91,S2,追,3.92,101.2,,0,0.0,10.0,30.0,0,0,,,,,,20:25
5620260504020001,kishiwada,2026-05-05,1,△6 ◎1 ○4 ×2 注5 ▲7,,,,,1,小笠原 昭太  青,森,50,76,A1,追,3.92,87.2,◎,6,20.8,29.1,45.8,0,0,,,,,,10:55
5620260504020001,kishiwada,2026-05-05,1,△6 ◎1 ○4 ×2 注5 ▲7,,,,,2,藤原 悠斗  岡,山,40,91,A2,追,3.92,86.11,×,1,5.5,38.8,55.5,0,0,,,,,,10:55
5620260504020001,kishiwada,2026-05-05,1,△6 ◎1 ○4 ×2 注5 ▲7,,,,,3,井手 健  長,崎,52,79,A2,追,3.85,80.77,▲,3,0.0,9.0,22.7,0,0,,,,,,10:55
5620260504020001,kishiwada,2026-05-05,1,△6 ◎1 ○4 ×2 注5 ▲7,,,,,4,井上 雄三  埼,玉,43,88,A2,追,3.92,83.2,○,5,12.5,25.0,37.5,0,0,,,,,,10:55
5620260504020001,kishiwada,2026-05-05,1,△6 ◎1 ○4 ×2 注5 ▲7,,,,,5,岩本 純  岡,山,44,94,A1,両,3.92,85.5,注,2,20.8,25.0,37.5,0,1,,,,,,10:55
5620260504020001,kishiwada,2026-05-05,1,△6 ◎1 ○4 ×2 注5 ▲7,,,,,6,三浦 大輝  宮,城,28,111,A2,逃,3.85,77.62,△,4,0.0,8.3,12.5,1,0,,,,,,10:55
5620260504020001,kishiwada,2026-05-05,1,△6 ◎1 ○4 ×2 注5 ▲7,,,,,7,黒田 大介  愛,媛,52,77,A2,追,3.92,80.09,,0,0.0,0.0,25.0,0,0,,,,,,10:55
5620260504020002,kishiwada,2026-05-05,2,◎2 ○5 ×6 注7 ▲1 △3,,,,,1,内藤 敦  岡,山,49,80,A1,追,3.93,82.09,注,2,4.7,4.7,23.8,0,0,,,,,,11:20
5620260504020002,kishiwada,2026-05-05,2,◎2 ○5 ×6 注7 ▲1 △3,,,,,2,中井 勇介  大,阪,44,100,A1,逃,3.92,87.33,◎,6,14.2,42.8,61.9,4,2,,,,,,11:20
5620260504020002,kishiwada,2026-05-05,2,◎2 ○5 ×6 注7 ▲1 △3,,,,,3,安藤 宜明,神奈川,55,74,A2,追,3.92,79.95,▲,3,4.1,4.1,8.3,0,0,,,,,,11:20
5620260504020002,kishiwada,2026-05-05,2,◎2 ○5 ×6 注7 ▲1 △3,,,,,4,田中 弘章  福,岡,54,68,A2,追,3.92,83.47,△,4,0.0,17.3,43.4,0,0,,,,,,11:20
5620260504020002,kishiwada,2026-05-05,2,◎2 ○5 ×6 注7 ▲1 △3,,,,,5,中野 彰人,和歌山,38,93,A2,追,3.92,80.45,○,5,0.0,8.3,16.6,0,0,,,,,,11:20
5620260504020002,kishiwada,2026-05-05,2,◎2 ○5 ×6 注7 ▲1 △3,,,,,6,石貞 有基  兵,庫,40,100,A2,両,3.92,78.52,,0,4.7,4.7,14.2,0,0,,,,,,11:20
5620260504020002,kishiwada,2026-05-05,2,◎2 ○5 ×6 注7 ▲1 △3,,,,,7,板崎 佑矢  愛,媛,38,101,A1,両,3.93,82.34,×,1,4.3,8.6,13.0,0,0,,,,,,11:20
5620260504020003,kishiwada,2026-05-05,3,注4 ▲2 ×6 △5 ◎1 ○7,,,,,1,立石 拓也  福,岡,52,72,A1,両,3.92,86.76,△,4,23.8,28.5,52.3,0,3,,,,,,11:42
5620260504020003,kishiwada,2026-05-05,3,注4 ▲2 ×6 △5 ◎1 ○7,,,,,2,四宮 哲郎  京,都,52,71,A2,追,3.92,84.47,▲,3,14.2,33.3,38.0,0,0,,,,,,11:42
5620260504020003,kishiwada,2026-05-05,3,注4 ▲2 ×6 △5 ◎1 ○7,,,,,3,三澤 康人  宮,城,41,91,A1,追,3.92,92.52,○,5,14.2,57.1,71.4,0,0,,,,,,11:42
5620260504020003,kishiwada,2026-05-05,3,注4 ▲2 ×6 △5 ◎1 ○7,,,,,4,布居 大地,和歌山,28,111,A1,逃,3.92,86.8,注,2,6.2,37.5,50.0,1,1,,,,,,11:42
5620260504020003,kishiwada,2026-05-05,3,注4 ▲2 ×6 △5 ◎1 ○7,,,,,5,前田 義和,鹿児島,42,94,A1,逃,3.92,90.37,×,1,41.6,54.1,58.3,3,8,,,,,,11:42
5620260504020003,kishiwada,2026-05-05,3,注4 ▲2 ×6 △5 ◎1 ○7,,,,,6,板橋 慎治  岐,阜,44,95,A2,追,3.92,82.33,,0,4.1,12.5,29.1,0,0,,,,,,11:42
5620260504020003,kishiwada,2026-05-05,3,注4 ▲2 ×6 △5 ◎1 ○7,,,,,7,齊藤 英伊須  青,森,22,125,A2,逃,3.92,92.73,◎,6,56.5,73.9,78.2,13,3,,,,,,11:42
5620260504020004,kishiwada,2026-05-05,4,▲2 △4 ◎7 ○1 ×3 注5,,,,,1,西本 直大  大,阪,43,92,A1,両,3.92,85.47,○,5,14.2,33.3,47.6,0,5,,,,,,12:04
5620260504020004,kishiwada,2026-05-05,4,▲2 △4 ◎7 ○1 ×3 注5,,,,,2,田代 匠  福,岡,25,121,A2,逃,3.92,84.22,▲,3,27.7,38.8,44.4,3,3,,,,,,12:04
5620260504020004,kishiwada,2026-05-05,4,▲2 △4 ◎7 ○1 ×3 注5,,,,,3,馬場 和広  埼,玉,35,98,A1,両,3.92,92.16,×,1,11.1,61.1,77.7,1,3,,,,,,12:04
5620260504020004,kishiwada,2026-05-05,4,▲2 △4 ◎7 ○1 ×3 注5,,,,,4,島村 匠  福,岡,29,111,A1,両,3.92,91.8,△,4,6.6,33.3,60.0,0,0,,,,,,12:04
5620260504020004,kishiwada,2026-05-05,4,▲2 △4 ◎7 ○1 ×3 注5,,,,,5,浦川 尊明  茨,城,50,80,A1,追,3.92,88.33,注,2,0.0,8.3,50.0,0,0,,,,,,12:04
5620260504020004,kishiwada,2026-05-05,4,▲2 △4 ◎7 ○1 ×3 注5,,,,,6,田中 勝仁  千,葉,40,93,A2,両,3.93,81.29,,0,3.7,11.1,22.2,1,0,,,,,,12:04
5620260504020004,kishiwada,2026-05-05,4,▲2 △4 ◎7 ○1 ×3 注5,,,,,7,川村 峻輝  京,都,24,127,A2,逃,3.92,88.27,◎,6,55.5,72.2,72.2,11,2,,,,,,12:04
5620260504020005,kishiwada,2026-05-05,5,◎1 ○7 △6 ▲4 注2 ×5,,,,,1,齋藤 雄行,神奈川,30,121,A1,逃,3.92,94.61,◎,6,42.8,61.9,85.7,7,6,,,,,,12:29
5620260504020005,kishiwada,2026-05-05,5,◎1 ○7 △6 ▲4 注2 ×5,,,,,2,土岐 幹多  岐,阜,46,83,A1,追,3.92,84.69,▲,3,0.0,8.6,34.7,0,0,,,,,,12:29
5620260504020005,kishiwada,2026-05-05,5,◎1 ○7 △6 ▲4 注2 ×5,,,,,3,篠原 龍馬  高,知,44,89,A1,両,3.92,88.95,×,1,30.0,40.0,45.0,3,2,,,,,,12:29
5620260504020005,kishiwada,2026-05-05,5,◎1 ○7 △6 ▲4 注2 ×5,,,,,4,吉田 健市  愛,知,48,87,A1,追,3.92,89.7,△,4,9.5,23.8,33.3,0,0,,,,,,12:29
5620260504020005,kishiwada,2026-05-05,5,◎1 ○7 △6 ▲4 注2 ×5,,,,,5,森 柾斗  徳,島,25,125,A2,逃,3.92,84.0,注,2,16.6,25.0,33.3,1,2,,,,,,12:29
5620260504020005,kishiwada,2026-05-05,5,◎1 ○7 △6 ▲4 注2 ×5,,,,,6,瀧川 幸広  愛,知,30,125,A2,逃,3.93,82.47,,0,0.0,33.3,45.8,7,1,,,,,,12:29
5620260504020005,kishiwada,2026-05-05,5,◎1 ○7 △6 ▲4 注2 ×5,,,,,7,飯尾 主税  静,岡,47,81,A1,追,3.92,88.12,○,5,20.8,50.0,62.5,0,1,,,,,,12:29
5620260504020006,kishiwada,2026-05-05,6,○2 ×6 注1 ▲3 ◎4 △5,,,,,1,豊岡 英子  大,阪,45,114,L1,両,3.79,51.17,注,2,10.7,25.0,39.2,2,1,,,,,,12:54
5620260504020006,kishiwada,2026-05-05,6,○2 ×6 注1 ▲3 ◎4 △5,,,,,2,五味田 奈穂  千,葉,28,124,L1,逃,3.71,53.57,○,5,19.0,47.6,71.4,4,5,,,,,,12:54
5620260504020006,kishiwada,2026-05-05,6,○2 ×6 注1 ▲3 ◎4 △5,,,,,3,佐々木 恵理  愛,知,36,110,L1,両,3.77,47.92,▲,3,0.0,20.0,28.0,1,1,,,,,,12:54
5620260504020006,kishiwada,2026-05-05,6,○2 ×6 注1 ▲3 ◎4 △5,,,,,4,塩田 日海,神奈川,27,122,L1,追,3.79,44.85,,0,0.0,0.0,0.0,0,0,,,,,,12:54
5620260504020006,kishiwada,2026-05-05,6,○2 ×6 注1 ▲3 ◎4 △5,,,,,5,吉川 美穂,和歌山,33,120,L1,両,3.79,56.72,◎,6,77.2,86.3,90.9,5,8,,,,,,12:54
5620260504020006,kishiwada,2026-05-05,6,○2 ×6 注1 ▲3 ◎4 △5,,,,,6,田中 まい  千,葉,36,104,L1,両,3.79,51.95,×,1,8.3,33.3,54.1,1,5,,,,,,12:54
5620260504020006,kishiwada,2026-05-05,6,○2 ×6 注1 ▲3 ◎4 △5,,,,,7,蛯原 杏奈,北海道,26,120,L1,追,3.77,47.64,△,4,4.0,12.0,24.0,0,0,,,,,,12:54
5620260504020007,kishiwada,2026-05-05,7,×4 ◎1 ○2 注3 ▲6 △5,,,,,1,渡部 遥  愛,媛,24,122,L1,両,3.77,52.54,×,1,12.5,45.8,62.5,4,0,,,,,,13:20
5620260504020007,kishiwada,2026-05-05,7,×4 ◎1 ○2 注3 ▲6 △5,,,,,2,太田 りゆ  埼,玉,31,112,L1,逃,3.79,57.45,◎,6,81.8,95.4,95.4,3,15,,,,,,13:20
5620260504020007,kishiwada,2026-05-05,7,×4 ◎1 ○2 注3 ▲6 △5,,,,,3,大久保 花梨  福,岡,28,112,L1,逃,3.79,56.23,○,5,57.1,85.7,100.0,4,9,,,,,,13:20
5620260504020007,kishiwada,2026-05-05,7,×4 ◎1 ○2 注3 ▲6 △5,,,,,4,浦部 郁里  千,葉,39,102,L1,追,3.77,45.9,,0,0.0,0.0,4.7,0,0,,,,,,13:20
5620260504020007,kishiwada,2026-05-05,7,×4 ◎1 ○2 注3 ▲6 △5,,,,,5,伊藤 優里  三,重,21,126,L1,両,3.77,46.66,▲,3,11.1,22.2,22.2,1,0,,,,,,13:20
5620260504020007,kishiwada,2026-05-05,7,×4 ◎1 ○2 注3 ▲6 △5,,,,,6,高橋 美沙紀  愛,知,34,124,L1,両,3.77,50.76,注,2,4.7,23.8,52.3,2,2,,,,,,13:20
5620260504020007,kishiwada,2026-05-05,7,×4 ◎1 ○2 注3 ▲6 △5,,,,,7,中島 瞳  埼,玉,21,126,L1,両,3.79,52.65,△,4,20.0,45.0,55.0,5,2,,,,,,13:20
5620260504020008,kishiwada,2026-05-05,8,◎1 ○7 ▲4 △6 注3 ×2,,,,,1,山根 将太  岡,山,28,119,S2,逃,3.93,100.75,◎,6,25.0,40.0,60.0,5,2,,,,,,13:42
5620260504020008,kishiwada,2026-05-05,8,◎1 ○7 ▲4 △6 注3 ×2,,,,,2,菱田 浩二  京,都,37,97,S2,逃,3.92,95.27,注,2,9.0,18.1,27.2,2,2,,,,,,13:42
5620260504020008,kishiwada,2026-05-05,8,◎1 ○7 ▲4 △6 注3 ×2,,,,,3,萩原 孝之  静,岡,48,80,S2,追,3.92,102.24,△,4,11.5,23.0,38.4,0,0,,,,,,13:42
5620260504020008,kishiwada,2026-05-05,8,◎1 ○7 ▲4 △6 注3 ×2,,,,,4,松尾 信太郎  福,岡,42,92,S2,追,3.92,93.64,▲,3,0.0,7.1,14.2,0,0,,,,,,13:42
5620260504020008,kishiwada,2026-05-05,8,◎1 ○7 ▲4 △6 注3 ×2,,,,,5,川村 晃司  京,都,49,85,S2,両,3.92,98.71,×,1,14.2,28.5,42.8,0,0,,,,,,13:42
5620260504020008,kishiwada,2026-05-05,8,◎1 ○7 ▲4 △6 注3 ×2,,,,,6,植原 琢也  埼,玉,31,113,S2,逃,3.92,92.68,,0,0.0,0.0,4.5,0,0,,,,,,13:42
5620260504020008,kishiwada,2026-05-05,8,◎1 ○7 ▲4 △6 注3 ×2,,,,,7,良永 浩一  福,岡,47,86,S2,追,3.92,95.2,○,5,0.0,4.0,12.0,0,0,,,,,,13:42
5620260504020009,kishiwada,2026-05-05,9,×1 注7 ▲4 △3 ◎5 ○2,,,,,1,田村 大  宮,崎,28,119,S2,逃,3.92,98.5,×,1,11.5,26.9,38.4,5,2,,,,,,14:11
5620260504020009,kishiwada,2026-05-05,9,×1 注7 ▲4 △3 ◎5 ○2,,,,,2,土屋 裕二  静,岡,50,81,S2,追,3.92,97.07,○,5,14.2,21.4,32.1,0,0,,,,,,14:11
5620260504020009,kishiwada,2026-05-05,9,×1 注7 ▲4 △3 ◎5 ○2,,,,,3,野中 祐志  埼,玉,38,98,S2,追,3.92,98.7,△,4,0.0,5.5,33.3,0,0,,,,,,14:11
5620260504020009,kishiwada,2026-05-05,9,×1 注7 ▲4 △3 ◎5 ○2,,,,,4,坂本 紘規  青,森,29,117,S2,逃,3.92,96.23,▲,3,7.6,15.3,38.4,1,0,,,,,,14:11
5620260504020009,kishiwada,2026-05-05,9,×1 注7 ▲4 △3 ◎5 ○2,,,,,5,鈴木 浩太  千,葉,29,119,S2,逃,3.92,100.37,◎,6,7.4,18.5,44.4,4,1,,,,,,14:11
5620260504020009,kishiwada,2026-05-05,9,×1 注7 ▲4 △3 ◎5 ○2,,,,,6,小谷 実  京,都,39,93,S2,追,3.92,95.38,,0,0.0,9.6,22.5,0,0,,,,,,14:11
5620260504020009,kishiwada,2026-05-05,9,×1 注7 ▲4 △3 ◎5 ○2,,,,,7,池田 良  広,島,40,91,S2,追,3.92,100.42,注,2,3.7,22.2,40.7,0,0,,,,,,14:11
5620260504020010,kishiwada,2026-05-05,10,×5 △1 注4 ◎6 ○2 ▲7,,,,,1,長尾 拳太  岐,阜,32,103,S1,両,3.93,104.78,△,4,25.0,41.6,54.1,0,1,,,,,,14:46
5620260504020010,kishiwada,2026-05-05,10,×5 △1 注4 ◎6 ○2 ▲7,,,,,2,阿部 英斗  福,岡,21,125,S2,逃,3.92,108.69,◎,6,29.6,62.9,66.6,2,11,,,,,,14:46
5620260504020010,kishiwada,2026-05-05,10,×5 △1 注4 ◎6 ○2 ▲7,,,,,3,黒田 淳  岡,山,41,97,S2,追,3.92,98.12,▲,3,12.0,16.0,32.0,0,0,,,,,,14:46
5620260504020010,kishiwada,2026-05-05,10,×5 △1 注4 ◎6 ○2 ▲7,,,,,4,鈴木 輝大  東,京,31,113,S2,追,3.92,102.45,注,2,35.0,40.0,50.0,0,3,,,,,,14:46
5620260504020010,kishiwada,2026-05-05,10,×5 △1 注4 ◎6 ○2 ▲7,,,,,5,橋本 優己  岐,阜,26,117,S2,逃,3.92,106.04,×,1,39.1,52.1,60.8,5,6,,,,,,14:46
5620260504020010,kishiwada,2026-05-05,10,×5 △1 注4 ◎6 ○2 ▲7,,,,,6,庄子 信弘  宮,城,47,84,S2,追,3.92,96.96,,0,11.1,11.1,25.9,0,1,,,,,,14:46
5620260504020010,kishiwada,2026-05-05,10,×5 △1 注4 ◎6 ○2 ▲7,,,,,7,大坪 功一  福,岡,49,81,S1,追,3.92,99.65,○,5,4.3,21.7,30.4,0,0,,,,,,14:46
5620260504020011,kishiwada,2026-05-05,11,注6 ○1 ◎2 △7 ×4 ▲5,,,,,1,永澤 剛  青,森,40,91,S1,追,3.92,107.85,注,2,13.6,27.2,40.9,0,0,,,,,,15:24
5620260504020011,kishiwada,2026-05-05,11,注6 ○1 ◎2 △7 ×4 ▲5,,,,,2,久田 朔  大,阪,22,125,S2,逃,3.92,102.5,○,5,35.0,50.0,70.0,7,3,,,,,,15:24
5620260504020011,kishiwada,2026-05-05,11,注6 ○1 ◎2 △7 ×4 ▲5,,,,,3,佐々木 則幸  高,知,49,79,S2,追,3.93,102.32,▲,3,4.0,32.0,44.0,0,0,,,,,,15:24
5620260504020011,kishiwada,2026-05-05,11,注6 ○1 ◎2 △7 ×4 ▲5,,,,,4,山内 卓也  愛,知,49,77,S2,追,3.92,99.74,△,4,9.6,19.3,32.2,0,0,,,,,,15:24
5620260504020011,kishiwada,2026-05-05,11,注6 ○1 ◎2 △7 ×4 ▲5,,,,,5,小川 三士郎  徳,島,25,125,S2,逃,3.92,103.0,×,1,23.8,33.3,38.0,2,2,,,,,,15:24
5620260504020011,kishiwada,2026-05-05,11,注6 ○1 ◎2 △7 ×4 ▲5,,,,,6,田口 勇介  秋,田,25,119,S2,逃,3.92,98.85,,0,11.1,22.2,33.3,4,2,,,,,,15:24
5620260504020011,kishiwada,2026-05-05,11,注6 ○1 ◎2 △7 ×4 ▲5,,,,,7,高久保 雄介  京,都,39,100,S1,両,3.92,102.3,◎,6,11.5,26.9,38.4,0,1,,,,,,15:24
5620260504020012,kishiwada,2026-05-05,12,◎5 ○1 △6 注7 ×2 ▲3,,,,,1,松村 友和  大,阪,46,88,S2,追,3.92,103.71,○,5,13.6,31.8,40.9,0,0,,,,,,16:07
5620260504020012,kishiwada,2026-05-05,12,◎5 ○1 △6 注7 ×2 ▲3,,,,,2,菅原 晃  大,分,46,85,S2,追,3.92,102.57,注,2,4.7,33.3,47.6,0,0,,,,,,16:07
5620260504020012,kishiwada,2026-05-05,12,◎5 ○1 △6 注7 ×2 ▲3,,,,,3,武田 亮  東,京,26,115,S2,逃,3.92,102.0,×,1,7.6,15.3,46.1,1,1,,,,,,16:07
5620260504020012,kishiwada,2026-05-05,12,◎5 ○1 △6 注7 ×2 ▲3,,,,,4,久木原 洋  埼,玉,41,97,S1,両,3.93,100.53,▲,3,6.6,13.3,40.0,0,0,,,,,,16:07
5620260504020012,kishiwada,2026-05-05,12,◎5 ○1 △6 注7 ×2 ▲3,,,,,5,福永 大智  大,阪,27,113,S1,逃,3.92,106.78,◎,6,21.7,43.4,60.8,1,4,,,,,,16:07
5620260504020012,kishiwada,2026-05-05,12,◎5 ○1 △6 注7 ×2 ▲3,,,,,6,鈴木 伸之  愛,知,45,87,S2,追,3.92,99.75,,0,12.5,16.6,33.3,0,0,,,,,,16:07
5620260504020012,kishiwada,2026-05-05,12,◎5 ○1 △6 注7 ×2 ▲3,,,,,7,瀬戸 晋作  長,崎,32,107,S1,両,3.92,97.95,△,4,4.3,30.4,34.7,0,1,,,,,,16:07
7420260504020001,kochi,2026-05-05,1,,,,,,1,松井 優佳  大,阪,27,124,L1,両,3.77,54.95,,0,14.2,66.6,85.7,1,6,,,,,,20:45
7420260504020001,kochi,2026-05-05,1,,,,,,2,永塚 祐子,神奈川,40,118,L1,両,3.77,52.77,,0,16.6,33.3,55.5,1,2,,,,,,20:45
7420260504020001,kochi,2026-05-05,1,,,,,,3,藤原 春陽  徳,島,24,122,L1,両,3.77,51.58,,0,12.5,29.1,54.1,0,2,,,,,,20:45
7420260504020001,kochi,2026-05-05,1,,,,,,4,黒沢 夢姫  埼,玉,28,114,L1,追,3.71,49.53,,0,7.6,7.6,23.0,0,0,,,,,,20:45
7420260504020001,kochi,2026-05-05,1,,,,,,5,野口 諭実可  大,分,33,102,L1,両,3.77,48.05,,0,5.0,15.0,20.0,0,0,,,,,,20:45
7420260504020001,kochi,2026-05-05,1,,,,,,6,佐藤 亜貴子,神奈川,43,108,L1,両,3.77,45.9,,0,0.0,9.5,14.2,0,0,,,,,,20:45
7420260504020001,kochi,2026-05-05,1,,,,,,7,川田 ひな  香,川,27,114,L1,追,3.79,45.6,,0,0.0,0.0,6.6,0,0,,,,,,20:45
7420260504020002,kochi,2026-05-05,2,,,,,,1,熊谷 芽緯  岩,手,22,124,L1,逃,3.79,55.29,,0,50.0,70.8,83.3,6,9,,,,,,21:05
7420260504020002,kochi,2026-05-05,2,,,,,,2,太田 美穂  三,重,29,112,L1,両,3.77,54.22,,0,22.2,61.1,72.2,6,2,,,,,,21:05
7420260504020002,kochi,2026-05-05,2,,,,,,3,枝光 美奈  福,岡,28,124,L1,両,3.77,52.13,,0,3.4,31.0,51.7,0,3,,,,,,21:05
7420260504020002,kochi,2026-05-05,2,,,,,,4,土井 柚姫  岡,山,23,128,L1,両,3.77,50.0,,0,0.0,25.0,33.3,0,0,,,,,,21:05
7420260504020002,kochi,2026-05-05,2,,,,,,5,中村 美那,神奈川,25,118,L1,両,3.79,49.52,,0,10.5,21.0,31.5,0,2,,,,,,21:05
7420260504020002,kochi,2026-05-05,2,,,,,,6,普久原 美海  栃,木,21,126,L1,追,3.77,48.42,,0,3.5,3.5,25.0,0,0,,,,,,21:05
7420260504020002,kochi,2026-05-05,2,,,,,,7,吉村 美有紀  愛,媛,23,124,L1,両,3.71,47.85,,0,9.5,23.8,28.5,2,1,,,,,,21:05
7420260504020003,kochi,2026-05-05,3,,,,,,1,北岡 マリア  石,川,20,128,L1,両,3.79,56.18,,0,62.5,81.2,93.7,2,6,,,,,,21:25
7420260504020003,kochi,2026-05-05,3,,,,,,2,磯村 光舞  山,口,21,126,L1,両,3.77,52.04,,0,13.0,17.3,47.8,0,0,,,,,,21:25
7420260504020003,kochi,2026-05-05,3,,,,,,3,小泉 夢菜  埼,玉,27,122,L1,追,3.77,51.12,,0,8.3,20.8,54.1,0,0,,,,,,21:25
7420260504020003,kochi,2026-05-05,3,,,,,,4,小林 真矢香  石,川,25,122,L1,両,3.77,50.04,,0,8.3,29.1,29.1,1,2,,,,,,21:25
7420260504020003,kochi,2026-05-05,3,,,,,,5,石井 貴子  東,京,38,104,L1,逃,3.79,49.53,,0,13.3,33.3,33.3,2,2,,,,,,21:25
7420260504020003,kochi,2026-05-05,3,,,,,,6,梶原 百香  福,岡,28,114,L1,両,3.77,48.41,,0,8.3,25.0,33.3,0,1,,,,,,21:25
7420260504020003,kochi,2026-05-05,3,,,,,,7,近澤 諒香  三,重,25,118,L1,両,3.79,46.61,,0,0.0,3.8,11.5,0,0,,,,,,21:25
7420260504020004,kochi,2026-05-05,4,,,,,,1,三浦 雄大  宮,城,39,98,A1,追,3.92,90.13,,0,31.2,56.2,68.7,0,1,,,,,,21:45
7420260504020004,kochi,2026-05-05,4,,,,,,2,櫻木 雄太  福,岡,25,123,A1,逃,3.92,89.11,,0,16.6,22.2,27.7,1,1,,,,,,21:45
7420260504020004,kochi,2026-05-05,4,,,,,,3,水谷 亮太  愛,知,29,125,A2,逃,3.92,88.52,,0,9.5,42.8,71.4,6,2,,,,,,21:45
7420260504020004,kochi,2026-05-05,4,,,,,,4,渋谷 錬,神奈川,35,103,A2,追,3.92,86.45,,0,8.3,29.1,50.0,0,0,,,,,,21:45
7420260504020004,kochi,2026-05-05,4,,,,,,5,宮崎 康司  香,川,37,94,A2,両,3.92,85.47,,0,14.2,19.0,28.5,0,2,,,,,,21:45
7420260504020004,kochi,2026-05-05,4,,,,,,6,平 総一  熊,本,54,76,A2,追,3.92,82.12,,0,6.2,12.5,37.5,0,0,,,,,,21:45
7420260504020004,kochi,2026-05-05,4,,,,,,7,中野 功史  長,崎,48,84,A2,両,3.93,76.92,,0,0.0,0.0,0.0,0,0,,,,,,21:45
7420260504020005,kochi,2026-05-05,5,,,,,,1,金ヶ江 勇気  佐,賀,29,111,A1,両,3.92,90.33,,0,23.8,38.0,57.1,0,4,,,,,,22:05
7420260504020005,kochi,2026-05-05,5,,,,,,2,徳丸 泰教  兵,庫,40,95,A1,追,3.92,89.23,,0,14.2,33.3,42.8,0,0,,,,,,22:05
7420260504020005,kochi,2026-05-05,5,,,,,,3,山本 健也  千,葉,44,89,A1,追,3.92,88.94,,0,11.1,22.2,50.0,0,0,,,,,,22:05
7420260504020005,kochi,2026-05-05,5,,,,,,4,松田 安綱  大,阪,24,127,A2,逃,3.93,86.26,,0,26.6,33.3,66.6,3,1,,,,,,22:05
7420260504020005,kochi,2026-05-05,5,,,,,,5,隅 直幸  山,口,47,84,A1,追,3.92,85.09,,0,4.7,28.5,52.3,0,0,,,,,,22:05
7420260504020005,kochi,2026-05-05,5,,,,,,6,橋本 紀彰  茨,城,45,90,A2,追,3.92,82.8,,0,0.0,19.0,38.0,0,0,,,,,,22:05
7420260504020005,kochi,2026-05-05,5,,,,,,7,佐々木 健司  青,森,52,76,A2,追,3.92,79.71,,0,0.0,4.7,19.0,0,0,,,,,,22:05
7420260504020006,kochi,2026-05-05,6,,,,,,1,長屋 秀明  岐,阜,25,117,A1,逃,3.92,94.62,,0,43.7,56.2,81.2,3,5,,,,,,22:25
7420260504020006,kochi,2026-05-05,6,,,,,,2,長谷川 飛向  東,京,29,121,A1,逃,3.92,88.47,,0,10.0,40.0,50.0,5,3,,,,,,22:25
7420260504020006,kochi,2026-05-05,6,,,,,,3,山田 義彦  埼,玉,40,92,A1,両,3.92,88.46,,0,0.0,35.7,50.0,0,0,,,,,,22:25
7420260504020006,kochi,2026-05-05,6,,,,,,4,宇根 秀俊  愛,媛,48,80,A1,追,3.92,84.5,,0,16.6,33.3,44.4,0,0,,,,,,22:25
7420260504020006,kochi,2026-05-05,6,,,,,,5,秋葉 大輔  東,京,43,90,A2,追,3.92,83.75,,0,0.0,14.2,21.4,0,0,,,,,,22:25
7420260504020006,kochi,2026-05-05,6,,,,,,6,林 成人  愛,媛,53,73,A2,追,3.92,80.8,,0,8.0,16.0,20.0,0,0,,,,,,22:25
7420260504020006,kochi,2026-05-05,6,,,,,,7,屋良 朝春  沖,縄,42,94,A2,両,3.93,80.55,,0,0.0,16.6,33.3,0,0,,,,,,22:25
7420260504020007,kochi,2026-05-05,7,,,,,,1,吉村 和之  岐,阜,48,80,A1,追,3.93,90.33,,0,4.7,23.8,42.8,0,0,,,,,,22:45
7420260504020007,kochi,2026-05-05,7,,,,,,2,北川 大五郎  大,阪,35,103,A1,両,3.92,89.0,,0,8.3,25.0,33.3,1,1,,,,,,22:45
7420260504020007,kochi,2026-05-05,7,,,,,,3,近藤 修康  岡,山,54,67,A1,追,3.92,88.47,,0,9.5,38.0,57.1,0,0,,,,,,22:45
7420260504020007,kochi,2026-05-05,7,,,,,,4,木村 浩宣  香,川,39,97,A1,逃,3.93,85.88,,0,18.5,33.3,44.4,5,4,,,,,,22:45
7420260504020007,kochi,2026-05-05,7,,,,,,5,阿久津 浩之  東,京,42,94,A1,逃,3.92,79.57,,0,7.1,14.2,14.2,2,1,,,,,,22:45
7420260504020007,kochi,2026-05-05,7,,,,,,6,葛西 雄太郎  愛,媛,47,85,A2,両,3.92,78.37,,0,4.1,16.6,16.6,1,0,,,,,,22:45
7420260504020007,kochi,2026-05-05,7,,,,,,7,沢田 勇治  山,口,36,98,A2,両,3.92,77.88,,0,0.0,4.0,12.0,0,0,,,,,,22:45
7420260504020008,kochi,2026-05-05,8,,,,,,1,小川 賢人  福,岡,40,103,A1,両,3.92,92.27,,0,11.1,33.3,61.1,0,2,,,,,,23:05
7420260504020008,kochi,2026-05-05,8,,,,,,2,坪内 恒  千,葉,34,123,A1,逃,3.92,92.15,,0,45.0,50.0,60.0,8,2,,,,,,23:05
7420260504020008,kochi,2026-05-05,8,,,,,,3,高野 信元  愛,知,26,125,A2,逃,3.92,91.08,,0,33.3,75.0,79.1,10,8,,,,,,23:05
7420260504020008,kochi,2026-05-05,8,,,,,,4,國武 耕二  佐,賀,56,66,A2,追,3.92,84.66,,0,5.5,22.2,50.0,0,0,,,,,,23:05
7420260504020008,kochi,2026-05-05,8,,,,,,5,中西 司,神奈川,44,95,A2,追,3.92,84.26,,0,0.0,17.3,34.7,0,0,,,,,,23:05
7420260504020008,kochi,2026-05-05,8,,,,,,6,若林 耕司  群,馬,45,87,A2,追,3.93,81.04,,0,9.5,14.2,28.5,0,0,,,,,,23:05
7420260504020008,kochi,2026-05-05,8,,,,,,7,鎌田 聡  宮,城,48,81,A2,追,3.92,80.94,,0,5.5,11.1,16.6,0,0,,,,,,23:05
7420260504020009,kochi,2026-05-05,9,,,,,,1,西岡 利起  奈,良,25,125,A2,逃,3.93,92.33,,0,42.8,66.6,80.9,11,3,,,,,,23:25
7420260504020009,kochi,2026-05-05,9,,,,,,2,鹿内 翔  青,森,40,95,A1,追,3.92,89.44,,0,5.5,33.3,66.6,0,0,,,,,,23:25
7420260504020009,kochi,2026-05-05,9,,,,,,3,龍野 琳太郎  岡,山,25,123,A1,逃,3.92,87.55,,0,33.3,50.0,50.0,6,2,,,,,,23:25
7420260504020009,kochi,2026-05-05,9,,,,,,4,渋谷 海  香,川,29,113,A1,逃,3.92,85.94,,0,16.6,44.4,50.0,2,5,,,,,,23:25
7420260504020009,kochi,2026-05-05,9,,,,,,5,枝村 弘樹  宮,崎,26,123,A1,逃,3.92,83.95,,0,8.3,16.6,41.6,2,2,,,,,,23:25
7420260504020009,kochi,2026-05-05,9,,,,,,6,関根 彰人  沖,縄,37,94,A2,追,3.93,81.83,,0,5.5,22.2,27.7,0,0,,,,,,23:25
7420260504020009,kochi,2026-05-05,9,,,,,,7,米嶋 賢二  長,崎,51,77,A2,追,3.93,79.42,,0,0.0,0.0,19.0,0,0,,,,,,23:25
1120260507010001,hakodate,2026-05-07,1,◎4 ○7 ▲1 △2 ×6 注3,,,,,1,内海 雅夫  群,馬,47,83,A3,追,3.92,71.83,▲,3,5.0,15.0,35.0,0,0,,,,,,15:51
1120260507010001,hakodate,2026-05-07,1,◎4 ○7 ▲1 △2 ×6 注3,,,,,2,佐藤 裕輝  福,島,35,98,A3,逃,3.92,68.27,△,4,8.3,16.6,25.0,0,0,,,,,,15:51
1120260507010001,hakodate,2026-05-07,1,◎4 ○7 ▲1 △2 ×6 注3,,,,,3,伊藤 翼,神奈川,40,94,A3,両,3.92,72.87,×,1,45.8,54.1,54.1,6,3,,,,,,15:51
1120260507010001,hakodate,2026-05-07,1,◎4 ○7 ▲1 △2 ×6 注3,,,,,4,菱沼 元樹  埼,玉,31,111,A3,逃,3.85,72.66,◎,6,20.8,50.0,62.5,9,3,,,,,,15:51
1120260507010001,hakodate,2026-05-07,1,◎4 ○7 ▲1 △2 ×6 注3,,,,,5,渡辺 馨,神奈川,42,96,A3,両,3.92,72.38,注,2,10.5,31.5,47.3,0,0,,,,,,15:51
1120260507010001,hakodate,2026-05-07,1,◎4 ○7 ▲1 △2 ×6 注3,,,,,6,長田 彰人  宮,城,40,95,A3,追,3.85,66.20,nan,0,0.0,5.0,15.0,0,0,,,,,,15:51
1120260507010001,hakodate,2026-05-07,1,◎4 ○7 ▲1 △2 ×6 注3,,,,,7,大薗 宏  茨,城,52,71,A3,追,3.83,72.65,○,5,15.3,30.7,61.5,0,0,,,,,,15:51
1120260507010002,hakodate,2026-05-07,2,◎7 ×1 △5 ▲3 ○2 注4,,,,,1,川西 亮介,和歌山,49,86,A3,追,3.92,68.15,×,1,5.0,10.0,25.0,0,0,,,,,,16:16
1120260507010002,hakodate,2026-05-07,2,◎7 ×1 △5 ▲3 ○2 注4,,,,,2,石田 宏樹  青,森,44,91,A3,両,3.92,72.61,○,5,30.7,38.4,46.1,3,6,,,,,,16:16
1120260507010002,hakodate,2026-05-07,2,◎7 ×1 △5 ▲3 ○2 注4,,,,,3,菊池 崇訓  栃,木,49,85,A3,追,3.92,67.70,▲,3,0.0,8.3,29.1,0,0,,,,,,16:16
1120260507010002,hakodate,2026-05-07,2,◎7 ×1 △5 ▲3 ○2 注4,,,,,4,相良 勝美  福,島,54,70,A3,追,3.93,68.95,注,2,4.7,33.3,33.3,0,0,,,,,,16:16
1120260507010002,hakodate,2026-05-07,2,◎7 ×1 △5 ▲3 ○2 注4,,,,,5,塚本 貴雄  岐,阜,54,70,A3,追,3.92,72.38,△,4,11.1,25.9,62.9,0,0,,,,,,16:16
1120260507010002,hakodate,2026-05-07,2,◎7 ×1 △5 ▲3 ○2 注4,,,,,6,関戸 努  宮,城,51,82,A3,追,3.85,65.16,nan,0,5.5,11.1,16.6,0,0,,,,,,16:16
1120260507010002,hakodate,2026-05-07,2,◎7 ×1 △5 ▲3 ○2 注4,,,,,7,井坂 泰誓  大,阪,31,115,A3,両,3.92,72.70,◎,6,37.0,48.1,55.5,5,5,,,,,,16:16
1120260507010003,hakodate,2026-05-07,3,×2 注6 △4 ◎1 ○3 ▲5,,,,,1,林 洋二  岐,阜,50,82,A3,追,3.92,71.33,△,4,3.7,18.5,33.3,0,0,,,,,,16:41
1120260507010003,hakodate,2026-05-07,3,×2 注6 △4 ◎1 ○3 ▲5,,,,,2,伊藤 之人  東,京,43,90,A3,両,3.93,70.40,×,1,11.1,33.3,48.1,1,0,,,,,,16:41
1120260507010003,hakodate,2026-05-07,3,×2 注6 △4 ◎1 ○3 ▲5,,,,,3,森 飛龍  静,岡,22,127,A3,逃,3.85,72.83,◎,6,15.3,46.1,61.5,5,1,,,,,,16:41
1120260507010003,hakodate,2026-05-07,3,×2 注6 △4 ◎1 ○3 ▲5,,,,,4,磯村 蓮太  愛,知,28,115,A3,逃,3.93,67.77,注,2,0.0,5.5,22.2,0,0,,,,,,16:41
1120260507010003,hakodate,2026-05-07,3,×2 注6 △4 ◎1 ○3 ▲5,,,,,5,法月 成祐,神奈川,52,77,A3,追,3.92,73.83,○,5,8.3,33.3,50.0,0,0,,,,,,16:41
1120260507010003,hakodate,2026-05-07,3,×2 注6 △4 ◎1 ○3 ▲5,,,,,6,長谷川 辰徳  埼,玉,45,89,A3,追,3.86,66.04,nan,0,4.1,8.3,25.0,0,0,,,,,,16:41
1120260507010003,hakodate,2026-05-07,3,×2 注6 △4 ◎1 ○3 ▲5,,,,,7,湯浅 弘光  千,葉,53,74,A3,追,3.92,72.20,▲,3,12.5,25.0,41.6,0,0,,,,,,16:41
1120260507010004,hakodate,2026-05-07,4,◎2 ○5 △6 ×4 注7 ▲1,,,,,1,富澤 洋祐  静,岡,50,81,A3,追,3.92,69.71,nan,0,9.5,14.2,33.3,0,0,,,,,,17:07
1120260507010004,hakodate,2026-05-07,4,◎2 ○5 △6 ×4 注7 ▲1,,,,,2,西森 一稀  兵,庫,21,127,A3,逃,3.92,78.75,◎,6,75.0,83.3,95.8,15,5,,,,,,17:07
1120260507010004,hakodate,2026-05-07,4,◎2 ○5 △6 ×4 注7 ▲1,,,,,3,藤光 健一  東,京,56,63,A3,追,3.92,68.00,▲,3,0.0,0.0,20.0,0,0,,,,,,17:07
1120260507010004,hakodate,2026-05-07,4,◎2 ○5 △6 ×4 注7 ▲1,,,,,4,吉原 友彦,神奈川,48,83,A3,両,3.92,71.22,×,1,16.1,32.2,51.6,4,4,,,,,,17:07
1120260507010004,hakodate,2026-05-07,4,◎2 ○5 △6 ×4 注7 ▲1,,,,,5,山村 慮太  大,阪,39,97,A3,両,3.92,70.40,○,5,22.2,29.6,48.1,0,0,,,,,,17:07
1120260507010004,hakodate,2026-05-07,4,◎2 ○5 △6 ×4 注7 ▲1,,,,,6,永橋 武司  大,阪,43,90,A3,両,3.93,67.57,△,4,5.2,10.5,26.3,0,2,,,,,,17:07
1120260507010004,hakodate,2026-05-07,4,◎2 ○5 △6 ×4 注7 ▲1,,,,,7,奥山 雅士  静,岡,55,65,A3,追,3.92,70.76,注,2,9.5,19.0,42.8,0,0,,,,,,17:07
1120260507010005,hakodate,2026-05-07,5,◎4 ○7 △1 ▲3 ×6 注2,,,,,1,真船 拓磨  福,島,40,96,A3,追,3.92,70.11,△,4,11.1,22.2,50.0,0,0,,,,,,17:33
1120260507010005,hakodate,2026-05-07,5,◎4 ○7 △1 ▲3 ×6 注2,,,,,2,深井 高志  東,京,57,63,A3,追,3.92,70.88,×,1,11.1,33.3,50.0,0,0,,,,,,17:33
1120260507010005,hakodate,2026-05-07,5,◎4 ○7 △1 ▲3 ×6 注2,,,,,3,長崎 達也,神奈川,44,89,A3,両,3.93,69.66,nan,0,7.4,22.2,33.3,0,0,,,,,,17:33
1120260507010005,hakodate,2026-05-07,5,◎4 ○7 △1 ▲3 ×6 注2,,,,,4,杉浦 颯太,北海道,20,127,A3,逃,3.92,79.20,◎,6,80.9,90.4,95.2,15,4,,,,,,17:33
1120260507010005,hakodate,2026-05-07,5,◎4 ○7 △1 ▲3 ×6 注2,,,,,5,藤野 竜也  栃,木,26,117,A3,追,3.85,70.55,注,2,7.4,25.9,48.1,0,0,,,,,,17:33
1120260507010005,hakodate,2026-05-07,5,◎4 ○7 △1 ▲3 ×6 注2,,,,,6,横田 政直  群,馬,39,103,A3,逃,3.92,67.23,▲,3,14.2,19.0,33.3,2,2,,,,,,17:33
1120260507010005,hakodate,2026-05-07,5,◎4 ○7 △1 ▲3 ×6 注2,,,,,7,渡邉 正人  福,島,35,100,A3,逃,3.86,68.66,○,5,11.1,16.6,27.7,0,1,,,,,,17:33
1120260507010006,hakodate,2026-05-07,6,注3 ×1 ▲5 ○6 ◎4 △2,,,,,1,志水 祐彦  大,阪,41,94,A1,追,3.92,85.46,×,1,15.3,30.7,34.6,0,0,,,,,,17:59
1120260507010006,hakodate,2026-05-07,6,注3 ×1 ▲5 ○6 ◎4 △2,,,,,2,小田倉 勇二  埼,玉,42,91,A1,両,3.92,87.95,◎,6,28.5,42.8,57.1,1,2,,,,,,17:59
1120260507010006,hakodate,2026-05-07,6,注3 ×1 ▲5 ○6 ◎4 △2,,,,,3,安藤 直希  京,都,28,117,A1,逃,3.92,82.83,注,2,4.1,25.0,45.8,3,2,,,,,,17:59
1120260507010006,hakodate,2026-05-07,6,注3 ×1 ▲5 ○6 ◎4 △2,,,,,4,西村 剛  新,潟,26,125,A2,逃,3.92,87.15,○,5,26.3,47.3,52.6,6,3,,,,,,17:59
1120260507010006,hakodate,2026-05-07,6,注3 ×1 ▲5 ○6 ◎4 △2,,,,,5,堂村 知哉  福,井,43,88,A2,追,3.92,84.64,▲,3,11.1,27.7,38.8,0,0,,,,,,17:59
1120260507010006,hakodate,2026-05-07,6,注3 ×1 ▲5 ○6 ◎4 △2,,,,,6,佐藤 清之  千,葉,43,93,A1,追,3.92,78.27,nan,0,0.0,0.0,0.0,0,0,,,,,,17:59
1120260507010006,hakodate,2026-05-07,6,注3 ×1 ▲5 ○6 ◎4 △2,,,,,7,樋口 瑛土  東,京,35,109,A2,追,3.92,81.50,△,4,15.7,21.0,21.0,0,0,,,,,,17:59
1120260507010007,hakodate,2026-05-07,7,◎1 ○7 ▲4 ×5 △2 注3,,,,,1,宮下 一歩  長,野,33,115,A1,逃,3.92,87.12,◎,6,16.6,41.6,54.1,10,0,,,,,,18:25
1120260507010007,hakodate,2026-05-07,7,◎1 ○7 ▲4 ×5 △2 注3,,,,,2,平田 徹  静,岡,50,78,A2,追,3.92,83.66,△,4,8.3,16.6,33.3,0,0,,,,,,18:25
1120260507010007,hakodate,2026-05-07,7,◎1 ○7 ▲4 ×5 △2 注3,,,,,3,鳥越 靖弘  愛,知,51,77,A1,追,3.93,84.15,注,2,7.6,15.3,38.4,0,0,,,,,,18:25
1120260507010007,hakodate,2026-05-07,7,◎1 ○7 ▲4 ×5 △2 注3,,,,,4,小坂 敏之  栃,木,53,74,A2,追,3.92,82.14,▲,3,0.0,9.5,33.3,0,0,,,,,,18:25
1120260507010007,hakodate,2026-05-07,7,◎1 ○7 ▲4 ×5 △2 注3,,,,,5,梅田 加津也,神奈川,32,119,A1,逃,3.93,86.03,×,1,19.2,38.4,57.6,4,5,,,,,,18:25
1120260507010007,hakodate,2026-05-07,7,◎1 ○7 ▲4 ×5 △2 注3,,,,,6,鮒田 博文  三,重,48,79,A2,追,3.93,81.45,nan,0,0.0,8.3,50.0,0,0,,,,,,18:25
1120260507010007,hakodate,2026-05-07,7,◎1 ○7 ▲4 ×5 △2 注3,,,,,7,佐藤 悦夫  栃,木,46,86,A2,追,3.92,87.73,○,5,13.3,33.3,46.6,0,0,,,,,,18:25
1120260507010008,hakodate,2026-05-07,8,○5 ◎1 △4 ▲2 注6 ×7,,,,,1,山田 祥明  岐,阜,46,97,A1,追,3.92,87.16,◎,6,22.2,27.7,50.0,0,0,,,,,,18:51
1120260507010008,hakodate,2026-05-07,8,○5 ◎1 △4 ▲2 注6 ×7,,,,,2,細沼 健治  埼,玉,44,89,A2,両,3.92,81.43,▲,3,13.0,21.7,30.4,0,0,,,,,,18:51
1120260507010008,hakodate,2026-05-07,8,○5 ◎1 △4 ▲2 注6 ×7,,,,,3,緑川 修平  福,島,42,95,A2,逃,3.92,82.80,×,1,30.0,35.0,35.0,2,4,,,,,,18:51
1120260507010008,hakodate,2026-05-07,8,○5 ◎1 △4 ▲2 注6 ×7,,,,,4,坂上 忠克  石,川,52,71,A1,追,3.92,86.91,△,4,4.1,25.0,54.1,0,0,,,,,,18:51
1120260507010008,hakodate,2026-05-07,8,○5 ◎1 △4 ▲2 注6 ×7,,,,,5,森崎 英登  愛,知,26,125,A2,逃,3.92,87.22,○,5,22.7,63.6,72.7,9,5,,,,,,18:51
1120260507010008,hakodate,2026-05-07,8,○5 ◎1 △4 ▲2 注6 ×7,,,,,6,矢内 良和  群,馬,50,75,A2,追,3.92,81.00,nan,0,0.0,0.0,20.0,0,0,,,,,,18:51
1120260507010008,hakodate,2026-05-07,8,○5 ◎1 △4 ▲2 注6 ×7,,,,,7,奥原 亨,神奈川,37,103,A1,追,3.92,83.21,注,2,10.5,10.5,26.3,0,0,,,,,,18:51
1120260507010009,hakodate,2026-05-07,9,◎7 ○5 ▲1 △6 ×2 注3,,,,,1,山口 慎吾,北海道,42,93,A2,追,3.92,82.33,▲,3,5.5,16.6,33.3,0,0,,,,,,19:17
1120260507010009,hakodate,2026-05-07,9,◎7 ○5 ▲1 △6 ×2 注3,,,,,2,鶴岡 與之  千,葉,49,81,A2,追,3.92,81.75,×,1,16.6,16.6,20.8,0,0,,,,,,19:17
1120260507010009,hakodate,2026-05-07,9,◎7 ○5 ▲1 △6 ×2 注3,,,,,3,山田 隼司  岐,阜,39,91,A2,両,3.92,81.22,注,2,11.1,16.6,22.2,0,2,,,,,,19:17
1120260507010009,hakodate,2026-05-07,9,◎7 ○5 ▲1 △6 ×2 注3,,,,,4,疋田 敏  愛,知,58,59,A2,追,3.92,84.16,nan,0,0.0,0.0,16.6,0,0,,,,,,19:17
1120260507010009,hakodate,2026-05-07,9,◎7 ○5 ▲1 △6 ×2 注3,,,,,5,田原 宥明,北海道,35,105,A1,両,3.92,84.20,○,5,8.3,41.6,50.0,3,2,,,,,,19:17
1120260507010009,hakodate,2026-05-07,9,◎7 ○5 ▲1 △6 ×2 注3,,,,,6,望月 嘉人  静,岡,29,123,A2,逃,3.93,80.46,△,4,6.6,20.0,26.6,3,0,,,,,,19:17
1120260507010009,hakodate,2026-05-07,9,◎7 ○5 ▲1 △6 ×2 注3,,,,,7,小田 恭介  青,森,26,125,A2,逃,3.92,87.33,◎,6,25.0,41.6,58.3,4,1,,,,,,19:17
1120260507010010,hakodate,2026-05-07,10,◎5 ○2 注6 △1 ×3 ▲7,,,,,1,鈴木 愼二,神奈川,52,74,A2,追,3.92,81.50,注,2,0.0,4.5,31.8,0,0,,,,,,19:43
1120260507010010,hakodate,2026-05-07,10,◎5 ○2 注6 △1 ×3 ▲7,,,,,2,小林 卓人  大,阪,48,79,A1,追,3.92,87.94,○,5,0.0,11.7,41.1,0,0,,,,,,19:43
1120260507010010,hakodate,2026-05-07,10,◎5 ○2 注6 △1 ×3 ▲7,,,,,3,大畑 裕貴  埼,玉,41,92,A2,両,3.92,85.19,△,4,9.5,28.5,42.8,4,1,,,,,,19:43
1120260507010010,hakodate,2026-05-07,10,◎5 ○2 注6 △1 ×3 ▲7,,,,,4,野間 司  茨,城,40,94,A1,追,3.92,80.95,▲,3,4.1,16.6,16.6,0,0,,,,,,19:43
1120260507010010,hakodate,2026-05-07,10,◎5 ○2 注6 △1 ×3 ▲7,,,,,5,内山 慧大  福,井,24,123,A1,逃,3.92,89.16,◎,6,29.1,45.8,58.3,7,4,,,,,,19:43
1120260507010010,hakodate,2026-05-07,10,◎5 ○2 注6 △1 ×3 ▲7,,,,,6,櫻井 利之,神奈川,39,101,A2,両,3.92,78.85,nan,0,0.0,3.7,18.5,1,0,,,,,,19:43
1120260507010010,hakodate,2026-05-07,10,◎5 ○2 注6 △1 ×3 ▲7,,,,,7,台 和紀  埼,玉,49,83,A2,追,3.92,87.57,×,1,28.5,38.0,61.9,0,0,,,,,,19:43
1120260507010011,hakodate,2026-05-07,11,×5 ▲2 注1 △6 ◎4 ○7,,,,,1,荒木 貴大  埼,玉,32,115,A1,両,3.92,91.00,注,2,20.0,40.0,40.0,0,5,,,,,,20:11
1120260507010011,hakodate,2026-05-07,11,×5 ▲2 注1 △6 ◎4 ○7,,,,,2,小橋 秀幸  青,森,47,85,A1,追,3.93,91.91,▲,3,29.1,41.6,54.1,0,0,,,,,,20:11
1120260507010011,hakodate,2026-05-07,11,×5 ▲2 注1 △6 ◎4 ○7,,,,,3,加藤 圭一,神奈川,48,85,A1,追,3.92,91.80,○,5,14.2,28.5,57.1,0,0,,,,,,20:11
1120260507010011,hakodate,2026-05-07,11,×5 ▲2 注1 △6 ◎4 ○7,,,,,4,古川 宗行  東,京,39,96,A1,追,3.92,94.33,nan,0,28.5,28.5,71.4,0,0,,,,,,20:11
1120260507010011,hakodate,2026-05-07,11,×5 ▲2 注1 △6 ◎4 ○7,,,,,5,稲毛 知也,和歌山,27,123,A1,逃,3.92,91.75,×,1,29.1,45.8,62.5,2,9,,,,,,20:11
1120260507010011,hakodate,2026-05-07,11,×5 ▲2 注1 △6 ◎4 ○7,,,,,6,吉田 裕全  埼,玉,41,90,A1,追,3.93,90.52,△,4,20.0,35.0,50.0,0,3,,,,,,20:11
1120260507010011,hakodate,2026-05-07,11,×5 ▲2 注1 △6 ◎4 ○7,,,,,7,塚本 瑠羽,神奈川,28,119,A1,逃,3.92,93.33,◎,6,26.6,33.3,80.0,3,2,,,,,,20:11
4320260505030001,gifu,2026-05-07,1,×1 △6 注4 ◎3 ○5 ▲2,,,,,1,桜井 雄太  愛,知,34,100,A2,逃,3.92,82.95,×,1,22.7,40.9,45.4,5,3,,,,,,08:25
4320260505030001,gifu,2026-05-07,1,×1 △6 注4 ◎3 ○5 ▲2,,,,,2,河上 陽一  千,葉,50,99,A2,両,3.92,80.27,▲,3,0.0,5.5,16.6,0,0,,,,,,08:25
4320260505030001,gifu,2026-05-07,1,×1 △6 注4 ◎3 ○5 ▲2,,,,,3,市川 健太  東,京,50,82,A2,両,3.85,83.23,◎,6,14.2,28.5,33.3,1,1,,,,,,08:25
4320260505030001,gifu,2026-05-07,1,×1 △6 注4 ◎3 ○5 ▲2,,,,,4,河村 章憲  京,都,49,83,A2,追,3.92,81.77,注,2,0.0,4.5,22.7,0,0,,,,,,08:25
4320260505030001,gifu,2026-05-07,1,×1 △6 注4 ◎3 ○5 ▲2,,,,,5,新井 剛央  埼,玉,47,86,A2,追,3.93,82.04,○,5,0.0,9.5,23.8,0,0,,,,,,08:25
4320260505030001,gifu,2026-05-07,1,×1 △6 注4 ◎3 ○5 ▲2,,,,,6,本村 隆文  岐,阜,47,81,A2,追,3.92,80.90,△,4,4.7,14.2,33.3,0,1,,,,,,08:25
4320260505030002,gifu,2026-05-07,2,注6 ×1 ▲5 ○3 ◎7 △4,,,,,1,山信田 学  埼,玉,49,83,A2,追,3.93,83.54,×,1,8.3,8.3,45.8,0,0,,,,,,08:45
4320260505030002,gifu,2026-05-07,2,注6 ×1 ▲5 ○3 ◎7 △4,,,,,2,深見 仁哉  愛,知,43,91,A2,追,3.92,81.52,△,4,0.0,12.0,36.0,0,1,,,,,,08:45
4320260505030002,gifu,2026-05-07,2,注6 ×1 ▲5 ○3 ◎7 △4,,,,,3,柳 充  青,森,51,79,A2,追,3.92,79.09,nan,0,0.0,0.0,14.2,0,0,,,,,,08:45
4320260505030002,gifu,2026-05-07,2,注6 ×1 ▲5 ○3 ◎7 △4,,,,,4,東 鉄也  三,重,45,88,A2,両,3.92,85.61,◎,6,23.8,33.3,42.8,1,0,,,,,,08:45
4320260505030002,gifu,2026-05-07,2,注6 ×1 ▲5 ○3 ◎7 △4,,,,,5,関 敬  栃,木,49,81,A2,追,3.92,81.85,▲,3,0.0,0.0,38.0,0,0,,,,,,08:45
4320260505030002,gifu,2026-05-07,2,注6 ×1 ▲5 ○3 ◎7 △4,,,,,6,桜井 大地  静,岡,32,111,A2,逃,3.85,77.63,注,2,5.2,5.2,5.2,1,0,,,,,,08:45
4320260505030002,gifu,2026-05-07,2,注6 ×1 ▲5 ○3 ◎7 △4,,,,,7,勝谷 勝治  三,重,35,115,A2,両,3.92,82.33,○,5,8.3,20.8,41.6,0,0,,,,,,08:45
4320260505030003,gifu,2026-05-07,3,◎3 ○7 ▲4 注1 ×6 △5,,,,,1,阿部 英光  宮,城,44,89,A2,追,3.85,80.65,▲,3,0.0,10.0,30.0,0,0,,,,,,09:06
4320260505030003,gifu,2026-05-07,3,◎3 ○7 ▲4 注1 ×6 △5,,,,,2,表 大暁  富,山,51,82,A2,追,3.83,80.85,△,4,0.0,14.2,28.5,0,0,,,,,,09:06
4320260505030003,gifu,2026-05-07,3,◎3 ○7 ▲4 注1 ×6 △5,,,,,3,吉竹 尚城  静,岡,33,109,A1,逃,3.92,86.65,◎,6,30.4,39.1,52.1,8,1,,,,,,09:06
4320260505030003,gifu,2026-05-07,3,◎3 ○7 ▲4 注1 ×6 △5,,,,,4,齋藤 輝彦,神奈川,43,93,A2,追,3.93,80.33,nan,0,0.0,5.5,11.1,0,0,,,,,,09:06
4320260505030003,gifu,2026-05-07,3,◎3 ○7 ▲4 注1 ×6 △5,,,,,5,堀 僚介  大,阪,31,109,A1,逃,3.92,82.44,×,1,24.0,28.0,32.0,0,3,,,,,,09:06
4320260505030003,gifu,2026-05-07,3,◎3 ○7 ▲4 注1 ×6 △5,,,,,6,臼井 昌巨  愛,知,42,89,A2,両,3.92,79.66,注,2,0.0,12.5,20.8,0,1,,,,,,09:06
4320260505030003,gifu,2026-05-07,3,◎3 ○7 ▲4 注1 ×6 △5,,,,,7,深澤 伸介  静,岡,50,76,A2,追,3.93,81.36,○,5,0.0,13.6,22.7,0,0,,,,,,09:06
4320260505030004,gifu,2026-05-07,4,◎5 ○1 注6 ×3 △7 ▲2,,,,,1,筒井 裕哉  兵,庫,44,89,A1,追,3.92,90.15,○,5,25.0,50.0,60.0,0,2,,,,,,09:27
4320260505030004,gifu,2026-05-07,4,◎5 ○1 注6 ×3 △7 ▲2,,,,,2,山口 貴弘  栃,木,48,84,A2,追,3.92,85.76,△,4,19.0,42.8,42.8,0,1,,,,,,09:27
4320260505030004,gifu,2026-05-07,4,◎5 ○1 注6 ×3 △7 ▲2,,,,,3,伊藤 健詞  石,川,56,68,A1,追,3.92,84.44,nan,0,5.5,38.8,44.4,0,0,,,,,,09:27
4320260505030004,gifu,2026-05-07,4,◎5 ○1 注6 ×3 △7 ▲2,,,,,4,塚本 和宏  栃,木,43,90,A1,追,3.92,86.16,▲,3,11.1,16.6,38.8,0,0,,,,,,09:27
4320260505030004,gifu,2026-05-07,4,◎5 ○1 注6 ×3 △7 ▲2,,,,,5,中武 三四郎  大,阪,33,113,A1,逃,3.92,85.61,◎,6,38.0,52.3,61.9,6,4,,,,,,09:27
4320260505030004,gifu,2026-05-07,4,◎5 ○1 注6 ×3 △7 ▲2,,,,,6,野村 純宏,神奈川,49,82,A1,追,3.86,82.09,注,2,0.0,9.5,28.5,0,0,,,,,,09:27
4320260505030004,gifu,2026-05-07,4,◎5 ○1 注6 ×3 △7 ▲2,,,,,7,齋藤 一茂  群,馬,37,97,A1,逃,3.92,83.85,×,1,23.8,42.8,52.3,7,2,,,,,,09:27
4320260505030005,gifu,2026-05-07,5,×4 注2 ▲7 △6 ◎1 ○3,,,,,1,太田 剛司  愛,知,45,97,A1,両,3.92,88.91,△,4,30.7,38.4,53.8,0,0,,,,,,09:48
4320260505030005,gifu,2026-05-07,5,×4 注2 ▲7 △6 ◎1 ○3,,,,,2,須藤 誠  千,葉,41,92,A1,追,3.85,85.57,注,2,4.7,33.3,47.6,0,0,,,,,,09:48
4320260505030005,gifu,2026-05-07,5,×4 注2 ▲7 △6 ◎1 ○3,,,,,3,小原 唯志  茨,城,42,101,A1,逃,3.92,90.43,◎,6,17.3,56.5,69.5,3,5,,,,,,09:48
4320260505030005,gifu,2026-05-07,5,×4 注2 ▲7 △6 ◎1 ○3,,,,,4,田頭 寛之  千,葉,37,109,A1,両,3.93,84.25,×,1,10.7,21.4,46.4,1,1,,,,,,09:48
4320260505030005,gifu,2026-05-07,5,×4 注2 ▲7 △6 ◎1 ○3,,,,,5,工藤 政志  青,森,46,84,A1,追,3.92,87.28,○,5,9.5,28.5,52.3,0,0,,,,,,09:48
4320260505030005,gifu,2026-05-07,5,×4 注2 ▲7 △6 ◎1 ○3,,,,,6,山元 大夢  石,川,26,123,A2,両,3.92,79.33,nan,0,0.0,14.2,19.0,2,1,,,,,,09:48
4320260505030005,gifu,2026-05-07,5,×4 注2 ▲7 △6 ◎1 ○3,,,,,7,大竹 哲也  静,岡,46,93,A1,追,3.92,84.90,▲,3,8.6,17.3,39.1,0,0,,,,,,09:48
4320260505030006,gifu,2026-05-07,6,×5 △1 注2 ◎6 ○3 ▲7,,,,,1,武田 憲祐,神奈川,43,93,A1,追,3.92,84.87,△,4,4.1,16.6,37.5,0,0,,,,,,10:09
4320260505030006,gifu,2026-05-07,6,×5 △1 注2 ◎6 ○3 ▲7,,,,,2,坂本 匡洋  大,阪,42,91,A2,追,3.92,87.50,注,2,10.0,35.0,50.0,0,0,,,,,,10:09
4320260505030006,gifu,2026-05-07,6,×5 △1 注2 ◎6 ○3 ▲7,,,,,3,川田 真也  埼,玉,25,125,A2,逃,3.85,91.66,◎,6,38.8,72.2,83.3,11,2,,,,,,10:09
4320260505030006,gifu,2026-05-07,6,×5 △1 注2 ◎6 ○3 ▲7,,,,,4,宇賀神 浩幸  栃,木,52,73,A2,追,3.92,83.16,▲,3,0.0,4.1,20.8,0,0,,,,,,10:09
4320260505030006,gifu,2026-05-07,6,×5 △1 注2 ◎6 ○3 ▲7,,,,,5,金田 涼馬,神奈川,27,119,A1,逃,3.92,86.66,×,1,19.0,42.8,52.3,5,4,,,,,,10:09
4320260505030006,gifu,2026-05-07,6,×5 △1 注2 ◎6 ○3 ▲7,,,,,6,小西 誠也  三,重,49,80,A2,追,3.92,81.72,nan,0,0.0,11.1,22.2,0,0,,,,,,10:09
4320260505030006,gifu,2026-05-07,6,×5 △1 注2 ◎6 ○3 ▲7,,,,,7,内田 英介  東,京,44,91,A1,追,3.92,90.66,○,5,14.2,38.0,61.9,0,0,,,,,,10:09
4320260505030007,gifu,2026-05-07,7,×1 ▲7 △2 ○6 ◎3 注4,,,,,1,安達 光伸  岐,阜,24,127,A2,逃,3.92,91.42,×,1,52.3,71.4,76.1,10,5,,,,,,10:30
4320260505030007,gifu,2026-05-07,7,×1 ▲7 △2 ○6 ◎3 注4,,,,,2,角田 光  福,島,26,125,A2,逃,3.92,91.88,△,4,44.4,61.1,72.2,8,3,,,,,,10:30
4320260505030007,gifu,2026-05-07,7,×1 ▲7 △2 ○6 ◎3 注4,,,,,3,小榑 佑弥  群,馬,26,121,A1,逃,3.92,91.11,○,5,16.6,33.3,55.5,2,2,,,,,,10:30
4320260505030007,gifu,2026-05-07,7,×1 ▲7 △2 ○6 ◎3 注4,,,,,4,中田 健太  埼,玉,36,99,A1,追,3.85,95.12,◎,6,33.3,70.8,83.3,0,0,,,,,,10:30
4320260505030007,gifu,2026-05-07,7,×1 ▲7 △2 ○6 ◎3 注4,,,,,5,常次 勇人  大,阪,24,121,A1,逃,3.92,89.04,注,2,28.5,42.8,57.1,6,2,,,,,,10:30
4320260505030007,gifu,2026-05-07,7,×1 ▲7 △2 ○6 ◎3 注4,,,,,6,會澤 龍  宮,城,36,105,A1,両,3.92,86.08,nan,0,20.8,29.1,45.8,0,0,,,,,,10:30
4320260505030007,gifu,2026-05-07,7,×1 ▲7 △2 ○6 ◎3 注4,,,,,7,竹田 和幸  岐,阜,49,78,A1,追,3.93,86.95,▲,3,4.7,28.5,66.6,0,0,,,,,,10:30
5320260507010001,nara,2026-05-07,1,◎1 ○5 ×2 ▲6 △3 注7,,,,,1,角田 吏  福,島,23,127,A3,逃,3.92,77.00,◎,6,55.5,66.6,88.8,1,5,,,,,,20:35
5320260507010001,nara,2026-05-07,1,◎1 ○5 ×2 ▲6 △3 注7,,,,,2,加藤 健一,神奈川,33,107,A3,逃,3.86,75.45,×,1,41.6,54.1,70.8,9,1,,,,,,20:35
5320260507010001,nara,2026-05-07,1,◎1 ○5 ×2 ▲6 △3 注7,,,,,3,吉田 昌弘  埼,玉,41,97,A3,追,3.92,72.70,nan,0,18.1,36.3,45.4,0,0,,,,,,20:35
5320260507010001,nara,2026-05-07,1,◎1 ○5 ×2 ▲6 △3 注7,,,,,4,曽我部 匡史  愛,媛,52,82,A3,追,3.92,72.52,注,2,4.7,28.5,38.0,0,1,,,,,,20:35
5320260507010001,nara,2026-05-07,1,◎1 ○5 ×2 ▲6 △3 注7,,,,,5,桂馬 将人  福,島,44,89,A3,両,3.92,69.12,○,5,8.3,20.8,33.3,0,0,,,,,,20:35
5320260507010001,nara,2026-05-07,1,◎1 ○5 ×2 ▲6 △3 注7,,,,,6,吉澤 賢  千,葉,47,94,A3,追,3.92,68.25,▲,3,0.0,20.0,28.0,0,0,,,,,,20:35
5320260507010001,nara,2026-05-07,1,◎1 ○5 ×2 ▲6 △3 注7,,,,,7,柏野 健吾  岡,山,23,127,A3,逃,3.92,66.92,△,4,7.6,15.3,15.3,2,0,,,,,,20:35
5320260507010002,nara,2026-05-07,2,◎1 ○4 注5 ×6 △2 ▲3,,,,,1,秋末 蓮  兵,庫,25,125,A3,逃,3.92,76.28,◎,6,52.3,66.6,80.9,7,7,,,,,,20:55
5320260507010002,nara,2026-05-07,2,◎1 ○4 注5 ×6 △2 ▲3,,,,,2,川西 康彦  徳,島,22,127,A3,逃,3.85,75.44,×,1,33.3,48.1,62.9,7,4,,,,,,20:55
5320260507010002,nara,2026-05-07,2,◎1 ○4 注5 ×6 △2 ▲3,,,,,3,眞鍋 伸也  香,川,45,85,A3,追,3.92,73.51,△,4,22.2,37.0,51.8,0,0,,,,,,20:55
5320260507010002,nara,2026-05-07,2,◎1 ○4 注5 ×6 △2 ▲3,,,,,4,井上 将志  兵,庫,41,100,A3,両,3.92,71.48,○,5,7.4,29.6,44.4,1,0,,,,,,20:55
5320260507010002,nara,2026-05-07,2,◎1 ○4 注5 ×6 △2 ▲3,,,,,5,肥後 公允  奈,良,41,91,A3,両,3.92,64.72,注,2,5.5,5.5,16.6,0,1,,,,,,20:55
5320260507010002,nara,2026-05-07,2,◎1 ○4 注5 ×6 △2 ▲3,,,,,6,藤原 義晴  岩,手,45,88,A3,追,3.86,64.68,nan,0,0.0,7.6,11.5,0,0,,,,,,20:55
5320260507010002,nara,2026-05-07,2,◎1 ○4 注5 ×6 △2 ▲3,,,,,7,原 司  佐,賀,54,70,A3,追,3.85,64.05,▲,3,0.0,5.2,5.2,0,0,,,,,,20:55
5320260507010003,nara,2026-05-07,3,◎1 ○2 注4 ×3 ▲6 △5,,,,,1,野津 宏介  福,岡,29,127,A3,逃,3.92,78.08,◎,6,58.3,83.3,87.5,15,5,,,,,,21:15
5320260507010003,nara,2026-05-07,3,◎1 ○2 注4 ×3 ▲6 △5,,,,,2,白川 有司  福,岡,51,76,A3,追,3.92,71.76,○,5,9.5,28.5,47.6,0,0,,,,,,21:15
5320260507010003,nara,2026-05-07,3,◎1 ○2 注4 ×3 ▲6 △5,,,,,3,野見 泰要  岡,山,44,101,A3,逃,3.93,71.14,×,1,36.5,46.3,58.5,14,2,,,,,,21:15
5320260507010003,nara,2026-05-07,3,◎1 ○2 注4 ×3 ▲6 △5,,,,,4,山田 圭二  愛,知,54,70,A3,追,3.92,70.75,注,2,8.3,16.6,50.0,0,0,,,,,,21:15
5320260507010003,nara,2026-05-07,3,◎1 ○2 注4 ×3 ▲6 △5,,,,,5,日浦 崇道,和歌山,35,109,A3,逃,3.92,70.36,△,4,9.0,45.4,45.4,3,1,,,,,,21:15
5320260507010003,nara,2026-05-07,3,◎1 ○2 注4 ×3 ▲6 △5,,,,,6,取鳥 敬一  岡,山,54,69,A3,追,3.93,65.84,▲,3,3.8,7.6,15.3,0,1,,,,,,21:15
5320260507010003,nara,2026-05-07,3,◎1 ○2 注4 ×3 ▲6 △5,,,,,7,中村 敏之輔,北海道,40,91,A3,追,3.93,63.07,nan,0,0.0,0.0,0.0,0,0,,,,,,21:15
5320260507010004,nara,2026-05-07,4,◎1 ○3 ×6 △2 注4 ▲7,,,,,1,椎名 俊介  茨,城,25,127,A3,逃,3.93,79.31,◎,6,82.6,91.3,95.6,15,4,,,,,,21:35
5320260507010004,nara,2026-05-07,4,◎1 ○3 ×6 △2 注4 ▲7,,,,,2,林 佳宗依  富,山,24,127,A3,逃,3.92,73.79,×,1,36.0,48.0,56.0,10,2,,,,,,21:35
5320260507010004,nara,2026-05-07,4,◎1 ○3 ×6 △2 注4 ▲7,,,,,3,松根 真  東,京,45,90,A3,追,3.92,72.91,○,5,16.6,37.5,45.8,0,0,,,,,,21:35
5320260507010004,nara,2026-05-07,4,◎1 ○3 ×6 △2 注4 ▲7,,,,,4,太田 雅之  三,重,48,86,A3,追,3.92,72.14,△,4,7.4,25.9,48.1,0,0,,,,,,21:35
5320260507010004,nara,2026-05-07,4,◎1 ○3 ×6 △2 注4 ▲7,,,,,5,大林 亮介  香,川,45,86,A3,追,3.92,71.73,▲,3,12.5,43.7,56.2,0,0,,,,,,21:35
5320260507010004,nara,2026-05-07,4,◎1 ○3 ×6 △2 注4 ▲7,,,,,6,植田 誠  静,岡,58,61,A3,追,3.92,67.95,nan,0,0.0,8.0,28.0,0,0,,,,,,21:35
5320260507010004,nara,2026-05-07,4,◎1 ○3 ×6 △2 注4 ▲7,,,,,7,田村 裕也  徳,島,30,113,A3,逃,3.92,65.90,注,2,12.9,22.5,35.4,4,1,,,,,,21:35
5320260507010005,nara,2026-05-07,5,×1 △2 ▲6 注5 ◎3 ○4,,,,,1,重倉 高史  富,山,40,95,A1,両,3.92,87.40,×,1,3.7,25.9,51.8,2,2,,,,,,21:55
5320260507010005,nara,2026-05-07,5,×1 △2 ▲6 注5 ◎3 ○4,,,,,2,大庭 正紀  富,山,55,70,A1,追,3.92,87.15,△,4,19.0,28.5,47.6,0,0,,,,,,21:55
5320260507010005,nara,2026-05-07,5,×1 △2 ▲6 注5 ◎3 ○4,,,,,3,峯口 司  長,崎,23,123,A1,逃,3.92,87.04,◎,6,33.3,50.0,62.5,7,3,,,,,,21:55
5320260507010005,nara,2026-05-07,5,×1 △2 ▲6 注5 ◎3 ○4,,,,,4,内山 拓  福,岡,43,88,A1,追,3.92,84.50,○,5,16.6,55.5,55.5,0,1,,,,,,21:55
5320260507010005,nara,2026-05-07,5,×1 △2 ▲6 注5 ◎3 ○4,,,,,5,中曽 直彦  千,葉,53,74,A1,追,3.92,83.05,注,2,5.2,15.7,31.5,0,0,,,,,,21:55
5320260507010005,nara,2026-05-07,5,×1 △2 ▲6 注5 ◎3 ○4,,,,,6,鰐渕 正利  愛,知,56,65,A2,追,3.92,82.46,▲,3,0.0,0.0,46.6,0,0,,,,,,21:55
5320260507010005,nara,2026-05-07,5,×1 △2 ▲6 注5 ◎3 ○4,,,,,7,坂本 昌宏  青,森,41,91,A2,追,3.92,80.54,nan,0,4.1,8.3,29.1,0,0,,,,,,21:55
5320260507010006,nara,2026-05-07,6,○2 ◎1 △5 ▲7 ×3 注6,,,,,1,田村 風起  奈,良,31,107,A1,追,3.92,87.88,◎,6,11.1,33.3,44.4,0,0,,,,,,22:15
5320260507010006,nara,2026-05-07,6,○2 ◎1 △5 ▲7 ×3 注6,,,,,2,弓矢 輪太郎  三,重,22,125,A2,逃,3.92,85.80,○,5,4.7,19.0,47.6,1,2,,,,,,22:15
5320260507010006,nara,2026-05-07,6,○2 ◎1 △5 ▲7 ×3 注6,,,,,3,山崎 悟  茨,城,41,92,A2,追,3.92,82.59,×,1,0.0,18.1,31.8,0,0,,,,,,22:15
5320260507010006,nara,2026-05-07,6,○2 ◎1 △5 ▲7 ×3 注6,,,,,4,梶山 裕次郎  福,岡,45,87,A2,追,3.93,80.84,nan,0,0.0,8.0,16.0,0,0,,,,,,22:15
5320260507010006,nara,2026-05-07,6,○2 ◎1 △5 ▲7 ×3 注6,,,,,5,有馬 雄二  奈,良,43,90,A2,追,3.92,80.45,△,4,9.5,9.5,23.8,0,0,,,,,,22:15
5320260507010006,nara,2026-05-07,6,○2 ◎1 △5 ▲7 ×3 注6,,,,,6,廣田 樹里  熊,本,45,89,A2,両,3.93,80.25,注,2,8.3,12.5,20.8,2,1,,,,,,22:15
5320260507010006,nara,2026-05-07,6,○2 ◎1 △5 ▲7 ×3 注6,,,,,7,松田 昂己  茨,城,24,123,A2,逃,3.92,80.13,▲,3,0.0,13.3,26.6,1,1,,,,,,22:15
5320260507010007,nara,2026-05-07,7,◎1 ○4 ×2 ▲5 注6 △3,,,,,1,石田 典大  東,京,28,123,A2,逃,3.93,90.85,◎,6,42.8,57.1,66.6,11,1,,,,,,22:35
5320260507010007,nara,2026-05-07,7,◎1 ○4 ×2 ▲5 注6 △3,,,,,2,戸伏 康夫  岡,山,46,96,A2,追,3.92,87.47,×,1,23.8,33.3,57.1,0,0,,,,,,22:35
5320260507010007,nara,2026-05-07,7,◎1 ○4 ×2 ▲5 注6 △3,,,,,3,玉手 翔  兵,庫,42,91,A2,追,3.92,87.33,△,4,14.8,33.3,48.1,0,0,,,,,,22:35
5320260507010007,nara,2026-05-07,7,◎1 ○4 ×2 ▲5 注6 △3,,,,,4,寺沼 将彦  東,京,33,111,A1,追,3.92,84.47,○,5,16.6,33.3,41.6,0,0,,,,,,22:35
5320260507010007,nara,2026-05-07,7,◎1 ○4 ×2 ▲5 注6 △3,,,,,5,榊原 洋  岡,山,48,85,A2,追,3.92,83.68,▲,3,5.2,15.7,26.3,0,0,,,,,,22:35
5320260507010007,nara,2026-05-07,7,◎1 ○4 ×2 ▲5 注6 △3,,,,,6,中村 泰輔,和歌山,32,117,A2,逃,3.92,82.61,注,2,9.5,28.5,42.8,2,4,,,,,,22:35
5320260507010007,nara,2026-05-07,7,◎1 ○4 ×2 ▲5 注6 △3,,,,,7,岡崎 祥伍  岐,阜,37,97,A2,追,3.92,79.00,nan,0,0.0,0.0,0.0,0,0,,,,,,22:35
5320260507010008,nara,2026-05-07,8,◎1 ○3 △5 ▲7 ×6 注2,,,,,1,中村 龍吉  福,島,25,125,A2,逃,3.92,94.42,◎,6,61.9,80.9,95.2,8,7,,,,,,22:55
5320260507010008,nara,2026-05-07,8,◎1 ○3 △5 ▲7 ×6 注2,,,,,2,二條 祐也  徳,島,40,97,A1,追,3.92,85.28,×,1,9.5,28.5,57.1,0,0,,,,,,22:55
5320260507010008,nara,2026-05-07,8,◎1 ○3 △5 ▲7 ×6 注2,,,,,3,高谷 雅彦  青,森,54,67,A1,両,3.92,84.21,○,5,10.0,25.0,40.0,0,2,,,,,,22:55
5320260507010008,nara,2026-05-07,8,◎1 ○3 △5 ▲7 ×6 注2,,,,,4,橋本 勝弘  愛,媛,43,89,A2,追,3.92,83.15,注,2,10.5,21.0,42.1,0,0,,,,,,22:55
5320260507010008,nara,2026-05-07,8,◎1 ○3 △5 ▲7 ×6 注2,,,,,5,田原 大広,北海道,46,87,A1,追,3.92,83.11,△,4,5.5,16.6,38.8,0,0,,,,,,22:55
5320260507010008,nara,2026-05-07,8,◎1 ○3 △5 ▲7 ×6 注2,,,,,6,戸田 康平  香,川,34,101,A2,逃,3.93,80.66,▲,3,5.5,16.6,27.7,2,0,,,,,,22:55
5320260507010008,nara,2026-05-07,8,◎1 ○3 △5 ▲7 ×6 注2,,,,,7,森川 剛,神奈川,46,89,A2,追,3.92,77.54,nan,0,0.0,4.1,12.5,0,0,,,,,,22:55
5320260507010009,nara,2026-05-07,9,◎1 ○5 △2 注7 ×4 ▲3,,,,,1,張野 幸聖,和歌山,26,115,A1,逃,3.92,93.91,◎,6,41.6,58.3,62.5,2,6,,,,,,23:15
5320260507010009,nara,2026-05-07,9,◎1 ○5 △2 注7 ×4 ▲3,,,,,2,森山 智徳  熊,本,42,98,A1,両,3.92,91.92,△,4,33.3,51.8,70.3,3,5,,,,,,23:15
5320260507010009,nara,2026-05-07,9,◎1 ○5 △2 注7 ×4 ▲3,,,,,3,矢部 駿人  岡,山,27,121,A1,逃,3.92,91.42,×,1,14.2,38.0,57.1,6,2,,,,,,23:15
5320260507010009,nara,2026-05-07,9,◎1 ○5 △2 注7 ×4 ▲3,,,,,4,日野 博幸  愛,媛,42,103,A1,逃,3.92,91.12,注,2,41.6,54.1,62.5,8,3,,,,,,23:15
5320260507010009,nara,2026-05-07,9,◎1 ○5 △2 注7 ×4 ▲3,,,,,5,鷲見 逸喜  岐,阜,48,79,A1,追,3.92,91.12,○,5,17.6,47.0,58.8,0,0,,,,,,23:15
5320260507010009,nara,2026-05-07,9,◎1 ○5 △2 注7 ×4 ▲3,,,,,6,伊藤 亮  埼,玉,43,92,A1,追,3.92,88.68,▲,3,17.3,26.0,43.4,0,0,,,,,,23:15
5320260507010009,nara,2026-05-07,9,◎1 ○5 △2 注7 ×4 ▲3,,,,,7,紫原 政文  福,岡,58,61,A1,追,3.92,88.61,nan,0,4.7,38.0,57.1,0,0,,,,,,23:15
6220260506020001,hiroshima,2026-05-07,1,△3 ▲7 注4 ×1 ◎2 ○5,,,,,1,瀧野 勝太  群,馬,39,92,A2,追,3.93,82.75,×,1,12.5,25.0,41.6,0,2,,,,,,15:40
6220260506020001,hiroshima,2026-05-07,1,△3 ▲7 注4 ×1 ◎2 ○5,,,,,2,石坂 永伍  岡,山,39,93,A1,両,3.92,85.62,◎,6,17.6,41.1,41.1,0,2,,,,,,15:40
6220260506020001,hiroshima,2026-05-07,1,△3 ▲7 注4 ×1 ◎2 ○5,,,,,3,渡邉 直弥  静,岡,29,113,A2,両,3.92,83.61,△,4,0.0,21.0,42.1,0,2,,,,,,15:40
6220260506020001,hiroshima,2026-05-07,1,△3 ▲7 注4 ×1 ◎2 ○5,,,,,4,小玉 勇一  埼,玉,31,113,A1,両,3.85,82.87,注,2,0.0,12.5,37.5,2,0,,,,,,15:40
6220260506020001,hiroshima,2026-05-07,1,△3 ▲7 注4 ×1 ◎2 ○5,,,,,5,松尾 玄太  佐,賀,40,93,A1,両,3.92,82.85,○,5,9.5,28.5,47.6,0,1,,,,,,15:40
6220260506020001,hiroshima,2026-05-07,1,△3 ▲7 注4 ×1 ◎2 ○5,,,,,6,松尾 淳  岐,阜,51,77,A2,追,3.92,80.80,nan,0,4.7,14.2,19.0,0,0,,,,,,15:40
6220260506020001,hiroshima,2026-05-07,1,△3 ▲7 注4 ×1 ◎2 ○5,,,,,7,浅沼 聖士  静,岡,44,87,A2,追,3.92,81.66,▲,3,8.3,8.3,37.5,0,1,,,,,,15:40
6220260506020002,hiroshima,2026-05-07,2,○1 ◎5 ▲4 △7 ×2 注6,,,,,1,山本 天平  千,葉,28,125,A2,逃,3.92,82.73,○,5,11.5,26.9,34.6,4,3,,,,,,16:02
6220260506020002,hiroshima,2026-05-07,2,○1 ◎5 ▲4 △7 ×2 注6,,,,,2,高橋 紀史  佐,賀,39,91,A2,追,3.92,82.05,×,1,5.2,15.7,31.5,0,0,,,,,,16:02
6220260506020002,hiroshima,2026-05-07,2,○1 ◎5 ▲4 △7 ×2 注6,,,,,3,高橋 大輝  秋,田,32,111,A1,両,3.92,82.71,注,2,19.0,28.5,47.6,1,3,,,,,,16:02
6220260506020002,hiroshima,2026-05-07,2,○1 ◎5 ▲4 △7 ×2 注6,,,,,4,高谷 進太郎  三,重,46,85,A2,両,3.92,80.75,▲,3,4.1,12.5,25.0,0,0,,,,,,16:02
6220260506020002,hiroshima,2026-05-07,2,○1 ◎5 ▲4 △7 ×2 注6,,,,,5,田村 真広  群,馬,51,83,A2,追,3.92,84.95,◎,6,9.5,19.0,52.3,0,0,,,,,,16:02
6220260506020002,hiroshima,2026-05-07,2,○1 ◎5 ▲4 △7 ×2 注6,,,,,6,中里 福太郎,北海道,30,113,A2,逃,3.92,79.11,nan,0,5.5,22.2,27.7,3,0,,,,,,16:02
6220260506020002,hiroshima,2026-05-07,2,○1 ◎5 ▲4 △7 ×2 注6,,,,,7,山口 幸太郎  長,崎,47,99,A2,両,3.92,82.05,△,4,9.5,14.2,28.5,2,0,,,,,,16:02
6220260506020003,hiroshima,2026-05-07,3,◎5 △1 ▲6 ×2 注3 ○7,,,,,1,石田 洋秀  広,島,56,64,A1,追,3.92,87.14,△,4,4.7,38.0,57.1,0,0,,,,,,16:28
6220260506020003,hiroshima,2026-05-07,3,◎5 △1 ▲6 ×2 注3 ○7,,,,,2,上野 恭哉  福,岡,28,119,A1,逃,3.92,88.18,▲,3,27.2,36.3,54.5,1,2,,,,,,16:28
6220260506020003,hiroshima,2026-05-07,3,◎5 △1 ▲6 ×2 注3 ○7,,,,,3,溝口 葵  三,重,33,117,A1,逃,3.93,89.66,×,1,20.8,37.5,54.1,8,1,,,,,,16:28
6220260506020003,hiroshima,2026-05-07,3,◎5 △1 ▲6 ×2 注3 ○7,,,,,4,鰐淵 圭佑  群,馬,42,90,A1,追,3.92,92.38,○,5,33.3,42.8,66.6,0,0,,,,,,16:28
6220260506020003,hiroshima,2026-05-07,3,◎5 △1 ▲6 ×2 注3 ○7,,,,,5,伊藤 涼介  広,島,25,127,A2,逃,3.92,89.47,◎,6,36.3,54.5,59.0,9,2,,,,,,16:28
6220260506020003,hiroshima,2026-05-07,3,◎5 △1 ▲6 ×2 注3 ○7,,,,,6,吉岡 篤志  徳,島,47,82,A2,追,3.92,82.76,nan,0,5.5,16.6,38.8,0,0,,,,,,16:28
6220260506020003,hiroshima,2026-05-07,3,◎5 △1 ▲6 ×2 注3 ○7,,,,,7,島野 浩司  愛,知,57,62,A1,追,3.92,86.50,注,2,8.3,33.3,50.0,0,0,,,,,,16:28
6220260506020004,hiroshima,2026-05-07,4,◎1 ○7 △4 ▲2 ×6 注5,,,,,1,松本 京太  静,岡,27,123,A1,逃,3.93,93.87,◎,6,37.5,58.3,62.5,6,8,,,,,,16:54
6220260506020004,hiroshima,2026-05-07,4,◎1 ○7 △4 ▲2 ×6 注5,,,,,2,野村 典嗣  愛,媛,35,109,A1,追,3.92,88.47,△,4,4.7,23.8,38.0,0,0,,,,,,16:54
6220260506020004,hiroshima,2026-05-07,4,◎1 ○7 △4 ▲2 ×6 注5,,,,,3,白上 翔  滋,賀,37,95,A1,両,3.83,87.28,注,2,23.8,33.3,52.3,0,3,,,,,,16:54
6220260506020004,hiroshima,2026-05-07,4,◎1 ○7 △4 ▲2 ×6 注5,,,,,4,眞砂 英作  香,川,30,121,A2,逃,3.92,83.31,nan,0,0.0,31.5,47.3,3,2,,,,,,16:54
6220260506020004,hiroshima,2026-05-07,4,◎1 ○7 △4 ▲2 ×6 注5,,,,,5,伊原 克彦  福,井,44,91,A1,両,3.92,90.83,×,1,27.7,50.0,77.7,1,6,,,,,,16:54
6220260506020004,hiroshima,2026-05-07,4,◎1 ○7 △4 ▲2 ×6 注5,,,,,6,細川 貴史  広,島,45,87,A2,追,3.92,82.38,▲,3,0.0,9.5,38.0,0,0,,,,,,16:54
6220260506020004,hiroshima,2026-05-07,4,◎1 ○7 △4 ▲2 ×6 注5,,,,,7,植草 亮介  千,葉,41,90,A1,追,3.92,86.47,○,5,19.0,38.0,57.1,0,0,,,,,,16:54
6220260506020005,hiroshima,2026-05-07,5,×4 △1 ◎5 ○2 注6 ▲3,,,,,1,藤野 貴章  佐,賀,37,97,A2,両,3.92,83.57,△,4,7.4,22.2,37.0,0,0,,,,,,17:20
6220260506020005,hiroshima,2026-05-07,5,×4 △1 ◎5 ○2 注6 ▲3,,,,,2,近藤 誠二  香,川,48,80,A1,追,3.92,92.57,○,5,21.0,52.6,63.1,0,1,,,,,,17:20
6220260506020005,hiroshima,2026-05-07,5,×4 △1 ◎5 ○2 注6 ▲3,,,,,3,山本 和虎  愛,知,23,125,A2,逃,3.85,84.73,nan,0,13.3,40.0,46.6,3,2,,,,,,17:20
6220260506020005,hiroshima,2026-05-07,5,×4 △1 ◎5 ○2 注6 ▲3,,,,,4,松本 定  福,岡,29,125,A2,逃,3.93,92.76,×,1,47.6,71.4,80.9,11,4,,,,,,17:20
6220260506020005,hiroshima,2026-05-07,5,×4 △1 ◎5 ○2 注6 ▲3,,,,,5,林 昌幸  愛,媛,23,119,A1,逃,3.92,95.70,◎,6,61.9,76.1,85.7,8,8,,,,,,17:20
6220260506020005,hiroshima,2026-05-07,5,×4 △1 ◎5 ○2 注6 ▲3,,,,,6,日浅 保幸  岡,山,48,84,A2,追,3.92,81.85,注,2,7.1,21.4,42.8,0,0,,,,,,17:20
6220260506020005,hiroshima,2026-05-07,5,×4 △1 ◎5 ○2 注6 ▲3,,,,,7,大島 将人  福,島,37,94,A1,追,3.92,86.52,▲,3,9.5,38.0,52.3,0,0,,,,,,17:20
6220260506020006,hiroshima,2026-05-07,6,◎1 ×5 ▲2 ○4 △3 注7,,,,,1,三浦 貴大  岐,阜,27,115,S2,両,3.92,103.80,◎,6,16.0,28.0,52.0,0,0,,,,,,17:46
6220260506020006,hiroshima,2026-05-07,6,◎1 ×5 ▲2 ○4 △3 注7,,,,,2,池田 憲昭  香,川,44,90,S2,追,3.92,95.26,▲,3,3.8,15.3,19.2,0,1,,,,,,17:46
6220260506020006,hiroshima,2026-05-07,6,◎1 ×5 ▲2 ○4 △3 注7,,,,,3,中井 達郎  静,岡,51,74,S2,追,3.92,93.78,△,4,0.0,0.0,8.6,0,0,,,,,,17:46
6220260506020006,hiroshima,2026-05-07,6,◎1 ×5 ▲2 ○4 △3 注7,,,,,4,望月 一成  静,岡,29,111,S2,逃,3.93,93.82,○,5,6.8,13.7,24.1,4,0,,,,,,17:46
6220260506020006,hiroshima,2026-05-07,6,◎1 ×5 ▲2 ○4 △3 注7,,,,,5,藤原 誠  岐,阜,54,69,S2,追,3.93,95.08,×,1,12.0,16.0,28.0,0,0,,,,,,17:46
6220260506020006,hiroshima,2026-05-07,6,◎1 ×5 ▲2 ○4 △3 注7,,,,,6,竹元 健竜  福,岡,28,115,S2,両,3.92,91.09,nan,0,0.0,0.0,0.0,0,0,,,,,,17:46
6220260506020006,hiroshima,2026-05-07,6,◎1 ×5 ▲2 ○4 △3 注7,,,,,7,内藤 高裕  東,京,37,96,S2,追,3.92,96.00,注,2,15.0,25.0,45.0,0,0,,,,,,17:46
6220260506020007,hiroshima,2026-05-07,7,△1 ×5 注6 ◎2 ○3 ▲7,,,,,1,梁島 邦友  茨,城,27,117,S2,逃,3.92,99.14,△,4,7.1,35.7,50.0,3,1,,,,,,18:12
6220260506020007,hiroshima,2026-05-07,7,△1 ×5 注6 ◎2 ○3 ▲7,,,,,2,菊谷 信一  大,阪,41,90,S2,追,3.92,95.25,nan,0,0.0,0.0,0.0,0,0,,,,,,18:12
6220260506020007,hiroshima,2026-05-07,7,△1 ×5 注6 ◎2 ○3 ▲7,,,,,3,佐藤 幸治  長,崎,40,92,S2,両,3.92,106.30,◎,6,23.0,46.1,69.2,2,9,,,,,,18:12
6220260506020007,hiroshima,2026-05-07,7,△1 ×5 注6 ◎2 ○3 ▲7,,,,,4,高原 仁志  徳,島,45,85,S2,追,3.92,95.00,▲,3,0.0,0.0,18.1,0,0,,,,,,18:12
6220260506020007,hiroshima,2026-05-07,7,△1 ×5 注6 ◎2 ○3 ▲7,,,,,5,小笠原 光  岩,手,30,117,S2,両,3.92,102.50,×,1,23.5,29.4,52.9,0,4,,,,,,18:12
6220260506020007,hiroshima,2026-05-07,7,△1 ×5 注6 ◎2 ○3 ▲7,,,,,6,山本 巨樹  大,阪,35,100,S2,追,3.92,94.68,注,2,0.0,5.8,17.6,0,0,,,,,,18:12
6220260506020007,hiroshima,2026-05-07,7,△1 ×5 注6 ◎2 ○3 ▲7,,,,,7,西田 将士  長,崎,42,105,S2,追,3.93,98.38,○,5,9.5,14.2,28.5,0,0,,,,,,18:12
6220260506020008,hiroshima,2026-05-07,8,×1 ◎5 ○7 △2 ▲3 注6,,,,,1,小原 丈一郎  青,森,27,115,S2,両,3.92,100.45,×,1,21.7,34.7,39.1,0,0,,,,,,18:38
6220260506020008,hiroshima,2026-05-07,8,×1 ◎5 ○7 △2 ▲3 注6,,,,,2,松尾 透  福,岡,41,96,S2,追,3.92,96.79,○,5,7.6,15.3,34.6,0,0,,,,,,18:38
6220260506020008,hiroshima,2026-05-07,8,×1 ◎5 ○7 △2 ▲3 注6,,,,,3,昼田 達哉  岡,山,27,121,S2,逃,3.92,99.20,△,4,15.0,20.0,35.0,3,0,,,,,,18:38
6220260506020008,hiroshima,2026-05-07,8,×1 ◎5 ○7 △2 ▲3 注6,,,,,4,古賀 勝大,和歌山,34,115,S2,両,3.93,98.40,注,2,13.6,31.8,45.4,0,3,,,,,,18:38
6220260506020008,hiroshima,2026-05-07,8,×1 ◎5 ○7 △2 ▲3 注6,,,,,5,杉山 悠也  秋,田,42,89,S2,追,3.93,96.80,nan,0,0.0,5.0,20.0,0,0,,,,,,18:38
6220260506020008,hiroshima,2026-05-07,8,×1 ◎5 ○7 △2 ▲3 注6,,,,,6,森本 桂太郎  愛,媛,27,121,S2,逃,3.92,95.25,▲,3,5.0,10.0,20.0,0,0,,,,,,18:38
6220260506020008,hiroshima,2026-05-07,8,×1 ◎5 ○7 △2 ▲3 注6,,,,,7,立部 楓真  佐,賀,27,115,S2,逃,3.92,101.42,◎,6,7.6,26.9,34.6,4,2,,,,,,18:38
6220260506020009,hiroshima,2026-05-07,9,▲5 ×1 ◎2 ○3 注6 △7,,,,,1,高橋 和也  愛,知,39,91,S2,両,3.93,102.16,×,1,11.5,38.4,46.1,2,2,,,,,,19:04
6220260506020009,hiroshima,2026-05-07,9,▲5 ×1 ◎2 ○3 注6 △7,,,,,2,伊勢崎 彰大  千,葉,47,81,S2,追,3.92,98.66,nan,0,3.7,18.5,33.3,0,0,,,,,,19:04
6220260506020009,hiroshima,2026-05-07,9,▲5 ×1 ◎2 ○3 注6 △7,,,,,3,遠藤 拓巳  香,川,26,125,S2,逃,3.92,102.21,◎,6,13.0,39.1,47.8,6,3,,,,,,19:04
6220260506020009,hiroshima,2026-05-07,9,▲5 ×1 ◎2 ○3 注6 △7,,,,,4,柿沼 信也  埼,玉,41,91,S2,追,3.92,99.04,△,4,8.3,20.8,41.6,0,1,,,,,,19:04
6220260506020009,hiroshima,2026-05-07,9,▲5 ×1 ◎2 ○3 注6 △7,,,,,5,長谷部 龍一  岐,阜,29,117,S2,逃,3.92,99.63,▲,3,5.2,31.5,31.5,2,2,,,,,,19:04
6220260506020009,hiroshima,2026-05-07,9,▲5 ×1 ◎2 ○3 注6 △7,,,,,6,野崎 将史  岡,山,39,109,S2,両,3.93,98.21,○,5,0.0,13.3,33.3,0,0,,,,,,19:04
6220260506020009,hiroshima,2026-05-07,9,▲5 ×1 ◎2 ○3 注6 △7,,,,,7,蕗澤 鴻太郎  群,馬,31,111,S2,逃,3.92,99.92,注,2,15.3,23.0,30.7,4,1,,,,,,19:04
6220260506020010,hiroshima,2026-05-07,10,○4 ◎1 注2 △6 ×3 ▲5,,,,,1,岡崎 智哉  大,阪,40,96,S1,両,3.92,109.69,◎,6,17.3,52.1,73.9,0,3,,,,,,19:30
6220260506020010,hiroshima,2026-05-07,10,○4 ◎1 注2 △6 ×3 ▲5,,,,,2,橋本 凌汰  岡,山,25,119,S2,逃,3.92,98.36,注,2,0.0,11.5,23.0,0,2,,,,,,19:30
6220260506020010,hiroshima,2026-05-07,10,○4 ◎1 注2 △6 ×3 ▲5,,,,,3,山口 多聞  埼,玉,24,121,S2,逃,3.92,102.69,△,4,25.0,37.5,41.6,9,0,,,,,,19:30
6220260506020010,hiroshima,2026-05-07,10,○4 ◎1 注2 △6 ×3 ▲5,,,,,4,石塚 慶一郎,和歌山,24,119,S2,両,3.92,104.89,○,5,21.0,47.3,52.6,0,3,,,,,,19:30
6220260506020010,hiroshima,2026-05-07,10,○4 ◎1 注2 △6 ×3 ▲5,,,,,5,河野 通孝  茨,城,43,88,S2,追,3.92,104.87,×,1,16.6,44.4,61.1,0,0,,,,,,19:30
6220260506020010,hiroshima,2026-05-07,10,○4 ◎1 注2 △6 ×3 ▲5,,,,,6,木村 幸希  広,島,34,109,S2,両,3.92,95.03,nan,0,3.8,3.8,11.5,0,0,,,,,,19:30
6220260506020010,hiroshima,2026-05-07,10,○4 ◎1 注2 △6 ×3 ▲5,,,,,7,磯田 旭  栃,木,36,96,S1,追,3.92,100.50,▲,3,21.0,21.0,42.1,0,0,,,,,,19:30
6220260506020011,hiroshima,2026-05-07,11,◎5 ○3 △7 ×4 ▲1 注6,,,,,1,中本 匠栄  熊,本,39,97,S1,追,3.92,99.50,▲,3,0.0,0.0,0.0,0,0,,,,,,19:57
6220260506020011,hiroshima,2026-05-07,11,◎5 ○3 △7 ×4 ▲1 注6,,,,,2,近藤 翔馬  愛,媛,28,119,S2,逃,3.92,98.15,注,2,11.5,11.5,19.2,0,2,,,,,,19:57
6220260506020011,hiroshima,2026-05-07,11,◎5 ○3 △7 ×4 ▲1 注6,,,,,3,川津 悠揮,北海道,37,96,S1,追,3.85,103.63,○,5,10.5,21.0,47.3,0,1,,,,,,19:57
6220260506020011,hiroshima,2026-05-07,11,◎5 ○3 △7 ×4 ▲1 注6,,,,,4,宮本 隼輔  熊,本,31,113,S2,両,3.92,102.33,×,1,50.0,50.0,61.1,0,7,,,,,,19:57
6220260506020011,hiroshima,2026-05-07,11,◎5 ○3 △7 ×4 ▲1 注6,,,,,5,安彦 統賀  埼,玉,27,121,S2,両,3.92,104.62,◎,6,18.5,40.7,59.2,1,3,,,,,,19:57
6220260506020011,hiroshima,2026-05-07,11,◎5 ○3 △7 ×4 ▲1 注6,,,,,6,松岡 孔明  熊,本,44,91,S2,両,3.92,98.12,nan,0,16.0,24.0,44.0,0,0,,,,,,19:57
6220260506020011,hiroshima,2026-05-07,11,◎5 ○3 △7 ×4 ▲1 注6,,,,,7,荻原 尚人  宮,城,42,89,S2,追,3.92,99.88,△,4,15.3,30.7,42.3,0,0,,,,,,19:57
6220260506020012,hiroshima,2026-05-07,12,◎1 ○4 ▲7 △6 ×2 注5,,,,,1,黒瀬 浩太郎  広,島,26,123,S1,逃,3.92,106.37,◎,6,35.2,41.1,52.9,3,3,,,,,,20:25
6220260506020012,hiroshima,2026-05-07,12,◎1 ○4 ▲7 △6 ×2 注5,,,,,2,山口 富生  岐,阜,56,68,S1,追,3.93,101.64,△,4,0.0,13.3,40.0,0,0,,,,,,20:25
6220260506020012,hiroshima,2026-05-07,12,◎1 ○4 ▲7 △6 ×2 注5,,,,,3,岡本 大嗣  東,京,46,88,S2,追,3.92,99.12,注,2,18.7,18.7,43.7,0,0,,,,,,20:25
6220260506020012,hiroshima,2026-05-07,12,◎1 ○4 ▲7 △6 ×2 注5,,,,,4,木村 隆弘  徳,島,40,91,S1,追,3.92,107.77,○,5,26.3,31.5,52.6,0,0,,,,,,20:25
6220260506020012,hiroshima,2026-05-07,12,◎1 ○4 ▲7 △6 ×2 注5,,,,,5,渡邉 雄太  静,岡,31,105,S2,両,3.93,101.65,×,1,19.0,33.3,52.3,0,2,,,,,,20:25
6220260506020012,hiroshima,2026-05-07,12,◎1 ○4 ▲7 △6 ×2 注5,,,,,6,小松原 正登  福,井,27,117,S2,逃,3.92,97.77,▲,3,30.0,30.0,40.0,0,2,,,,,,20:25
6220260506020012,hiroshima,2026-05-07,12,◎1 ○4 ▲7 △6 ×2 注5,,,,,7,山口 敦也  佐,賀,28,113,S2,追,3.92,100.00,nan,0,0.0,14.2,42.8,0,0,,,,,,20:25
8620260507010001,beppu,2026-05-07,1,◎1 ○4 ▲6 ×2 △3 注5,,,,,1,土井 慎二  岡,山,29,127,A3,逃,3.92,76.72,◎,6,38.4,61.5,76.9,5,3,,,,,,20:45
8620260507010001,beppu,2026-05-07,1,◎1 ○4 ▲6 ×2 △3 注5,,,,,2,丸林 駿太  福,岡,24,123,A3,逃,3.92,74.77,×,1,30.4,52.1,60.8,10,1,,,,,,20:45
8620260507010001,beppu,2026-05-07,1,◎1 ○4 ▲6 ×2 △3 注5,,,,,3,田中 孝法  福,岡,44,91,A3,追,3.92,72.95,△,4,22.7,45.4,54.5,0,0,,,,,,20:45
8620260507010001,beppu,2026-05-07,1,◎1 ○4 ▲6 ×2 △3 注5,,,,,4,細田 純平  広,島,36,99,A3,両,3.85,71.31,○,5,21.0,42.1,52.6,0,1,,,,,,20:45
8620260507010001,beppu,2026-05-07,1,◎1 ○4 ▲6 ×2 △3 注5,,,,,5,富永 昌久  佐,賀,45,88,A3,追,3.92,66.81,注,2,4.3,8.6,30.4,0,0,,,,,,20:45
8620260507010001,beppu,2026-05-07,1,◎1 ○4 ▲6 ×2 △3 注5,,,,,6,赤松 誠一  高,知,58,61,A3,追,3.86,66.52,▲,3,4.0,8.0,32.0,0,0,,,,,,20:45
8620260507010001,beppu,2026-05-07,1,◎1 ○4 ▲6 ×2 △3 注5,,,,,7,屋宜 浩二  沖,縄,40,97,A3,追,3.92,63.80,nan,0,0.0,0.0,19.0,0,0,,,,,,20:45
8620260507010002,beppu,2026-05-07,2,○2 ◎1 △5 ×7 注3 ▲4,,,,,1,安谷屋 将志  沖,縄,37,96,A3,両,3.93,74.72,◎,6,40.9,45.4,59.0,0,0,,,,,,21:05
8620260507010002,beppu,2026-05-07,2,○2 ◎1 △5 ×7 注3 ▲4,,,,,2,山本 康旗  大,分,25,127,A3,逃,3.92,73.44,○,5,11.1,33.3,44.4,3,2,,,,,,21:05
8620260507010002,beppu,2026-05-07,2,○2 ◎1 △5 ×7 注3 ▲4,,,,,3,土居 佑次  高,知,28,113,A3,逃,3.92,72.77,×,1,27.7,38.8,44.4,2,3,,,,,,21:05
8620260507010002,beppu,2026-05-07,2,○2 ◎1 △5 ×7 注3 ▲4,,,,,4,志村 達也  広,島,53,71,A3,追,3.92,70.81,注,2,13.0,26.0,34.7,0,0,,,,,,21:05
8620260507010002,beppu,2026-05-07,2,○2 ◎1 △5 ×7 注3 ▲4,,,,,5,川添 輝彦  沖,縄,61,56,A3,追,3.92,67.00,△,4,4.7,4.7,19.0,0,0,,,,,,21:05
8620260507010002,beppu,2026-05-07,2,○2 ◎1 △5 ×7 注3 ▲4,,,,,6,坂本 智哉  岡,山,47,82,A3,追,3.92,65.66,▲,3,0.0,16.6,16.6,0,0,,,,,,21:05
8620260507010002,beppu,2026-05-07,2,○2 ◎1 △5 ×7 注3 ▲4,,,,,7,清水 広幸  愛,知,59,57,A3,追,3.92,62.25,nan,0,0.0,0.0,0.0,0,0,,,,,,21:05
8620260507010003,beppu,2026-05-07,3,◎1 ○2 △5 ×3 ▲7 注4,,,,,1,新垣 慶晃  沖,縄,25,127,A3,逃,3.93,77.89,◎,6,50.0,85.0,85.0,8,9,,,,,,21:25
8620260507010003,beppu,2026-05-07,3,◎1 ○2 △5 ×3 ▲7 注4,,,,,2,神開 将暢  福,岡,53,69,A3,追,3.92,74.73,○,5,13.3,53.3,73.3,0,1,,,,,,21:25
8620260507010003,beppu,2026-05-07,3,◎1 ○2 △5 ×3 ▲7 注4,,,,,3,岡崎 克政  岡,山,40,92,A3,逃,3.92,71.20,×,1,16.0,24.0,44.0,4,1,,,,,,21:25
8620260507010003,beppu,2026-05-07,3,◎1 ○2 △5 ×3 ▲7 注4,,,,,4,陶器 一馬  大,阪,47,86,A3,追,3.85,69.26,注,2,4.3,26.0,47.8,1,0,,,,,,21:25
8620260507010003,beppu,2026-05-07,3,◎1 ○2 △5 ×3 ▲7 注4,,,,,5,倉岡 慎太郎  熊,本,58,59,A3,追,3.92,69.13,△,4,8.3,25.0,41.6,1,1,,,,,,21:25
8620260507010003,beppu,2026-05-07,3,◎1 ○2 △5 ×3 ▲7 注4,,,,,6,岡田 大門  愛,知,44,87,A3,両,3.92,67.84,nan,0,10.0,25.0,30.0,1,2,,,,,,21:25
8620260507010003,beppu,2026-05-07,3,◎1 ○2 △5 ×3 ▲7 注4,,,,,7,藤原 義浩  徳,島,53,76,A3,追,3.92,66.77,▲,3,5.5,11.1,33.3,0,0,,,,,,21:25
8620260507010004,beppu,2026-05-07,4,◎1 ○4 △2 ×7 注3 ▲5,,,,,1,真木 寛斗  愛,知,23,127,A3,逃,3.92,78.00,◎,6,53.3,76.6,93.3,17,4,,,,,,21:45
8620260507010004,beppu,2026-05-07,4,◎1 ○4 △2 ×7 注3 ▲5,,,,,2,武田 哲二  京,都,55,65,A3,追,3.93,73.73,△,4,3.7,48.1,62.9,0,0,,,,,,21:45
8620260507010004,beppu,2026-05-07,4,◎1 ○4 △2 ×7 注3 ▲5,,,,,3,中野 真吾  佐,賀,39,111,A3,逃,3.92,73.25,×,1,35.7,53.5,64.2,2,11,,,,,,21:45
8620260507010004,beppu,2026-05-07,4,◎1 ○4 △2 ×7 注3 ▲5,,,,,4,有賀 高士  石,川,57,61,A3,追,3.93,72.62,○,5,8.0,48.0,64.0,0,0,,,,,,21:45
8620260507010004,beppu,2026-05-07,4,◎1 ○4 △2 ×7 注3 ▲5,,,,,5,仙石 淳  沖,縄,53,73,A3,追,3.85,69.44,注,2,10.3,20.6,34.4,0,0,,,,,,21:45
8620260507010004,beppu,2026-05-07,4,◎1 ○4 △2 ×7 注3 ▲5,,,,,6,松尾 正人  熊,本,55,66,A3,追,3.92,65.22,▲,3,0.0,3.1,12.5,0,0,,,,,,21:45
8620260507010004,beppu,2026-05-07,4,◎1 ○4 △2 ×7 注3 ▲5,,,,,7,梶應 弘樹  愛,媛,60,57,A3,追,3.85,61.70,nan,0,0.0,0.0,0.0,0,0,,,,,,21:45
8620260507010005,beppu,2026-05-07,5,○2 ◎1 △6 ×7 注4 ▲3,,,,,1,佐藤 亙  愛,知,46,85,A1,追,3.92,88.09,◎,6,14.2,19.0,66.6,0,0,,,,,,22:05
8620260507010005,beppu,2026-05-07,5,○2 ◎1 △6 ×7 注4 ▲3,,,,,2,泉谷 元樹  愛,知,37,101,A1,逃,3.92,87.04,○,5,16.6,29.1,50.0,3,2,,,,,,22:05
8620260507010005,beppu,2026-05-07,5,○2 ◎1 △6 ×7 注4 ▲3,,,,,3,南部 亮太  長,崎,41,93,A2,追,3.92,82.83,注,2,11.1,22.2,27.7,0,0,,,,,,22:05
8620260507010005,beppu,2026-05-07,5,○2 ◎1 △6 ×7 注4 ▲3,,,,,4,北川 大成  熊,本,25,119,A2,逃,3.92,82.61,×,1,19.0,33.3,33.3,3,1,,,,,,22:05
8620260507010005,beppu,2026-05-07,5,○2 ◎1 △6 ×7 注4 ▲3,,,,,5,中井 大介  福,岡,56,65,A2,追,3.92,81.00,▲,3,5.5,5.5,22.2,0,0,,,,,,22:05
8620260507010005,beppu,2026-05-07,5,○2 ◎1 △6 ×7 注4 ▲3,,,,,6,山田 純也  岐,阜,37,99,A2,両,3.92,78.40,△,4,5.0,10.0,20.0,1,0,,,,,,22:05
8620260507010005,beppu,2026-05-07,5,○2 ◎1 △6 ×7 注4 ▲3,,,,,7,樫村 伸平  兵,庫,38,99,A2,追,3.92,76.80,nan,0,0.0,4.0,4.0,0,0,,,,,,22:05
8620260507010006,beppu,2026-05-07,6,△2 ○3 ◎6 注1 ▲7 ×4,,,,,1,市本 隆司  広,島,54,72,A2,両,3.93,88.92,◎,6,23.0,46.1,69.2,0,1,,,,,,22:25
8620260507010006,beppu,2026-05-07,6,△2 ○3 ◎6 注1 ▲7 ×4,,,,,2,魚屋 周成  大,分,35,99,A1,逃,3.93,86.20,△,4,13.3,33.3,46.6,2,1,,,,,,22:25
8620260507010006,beppu,2026-05-07,6,△2 ○3 ◎6 注1 ▲7 ×4,,,,,3,松本 大地  熊,本,48,81,A2,追,3.71,85.04,○,5,0.0,4.7,38.0,0,0,,,,,,22:25
8620260507010006,beppu,2026-05-07,6,△2 ○3 ◎6 注1 ▲7 ×4,,,,,4,小川 祐司  愛,媛,43,96,A2,両,3.92,84.92,▲,3,18.5,37.0,48.1,5,5,,,,,,22:25
8620260507010006,beppu,2026-05-07,6,△2 ○3 ◎6 注1 ▲7 ×4,,,,,5,小川 巧  岡,山,59,57,A2,追,3.92,82.80,×,1,3.8,30.7,34.6,0,0,,,,,,22:25
8620260507010006,beppu,2026-05-07,6,△2 ○3 ◎6 注1 ▲7 ×4,,,,,6,園田 鉄兵  熊,本,42,93,A2,追,3.92,81.05,nan,0,0.0,27.7,33.3,0,1,,,,,,22:25
8620260507010006,beppu,2026-05-07,6,△2 ○3 ◎6 注1 ▲7 ×4,,,,,7,阪本 正和  長,崎,55,70,A2,追,3.92,79.10,注,2,0.0,0.0,5.0,0,0,,,,,,22:25
8620260507010007,beppu,2026-05-07,7,○2 ◎1 注7 △4 ×3 ▲5,,,,,1,青井 賢治  徳,島,49,81,A1,追,3.92,90.36,◎,6,21.0,36.8,42.1,0,1,,,,,,22:45
8620260507010007,beppu,2026-05-07,7,○2 ◎1 注7 △4 ×3 ▲5,,,,,2,宗崎 世連  高,知,34,100,A1,両,3.92,86.89,○,5,26.3,42.1,57.8,5,2,,,,,,22:45
8620260507010007,beppu,2026-05-07,7,○2 ◎1 注7 △4 ×3 ▲5,,,,,3,上田 隼  岐,阜,36,97,A1,追,3.92,86.50,×,1,30.0,35.0,60.0,0,1,,,,,,22:45
8620260507010007,beppu,2026-05-07,7,○2 ◎1 注7 △4 ×3 ▲5,,,,,4,中川 繁樹  京,都,39,93,A1,逃,3.93,84.65,△,4,26.9,42.3,50.0,7,2,,,,,,22:45
8620260507010007,beppu,2026-05-07,7,○2 ◎1 注7 △4 ×3 ▲5,,,,,5,井上 将志  福,岡,39,98,A2,両,3.92,83.45,▲,3,20.8,25.0,45.8,0,1,,,,,,22:45
8620260507010007,beppu,2026-05-07,7,○2 ◎1 注7 △4 ×3 ▲5,,,,,6,原田 礼  福,岡,45,90,A2,追,3.92,82.25,nan,0,14.2,19.0,33.3,0,0,,,,,,22:45
8620260507010007,beppu,2026-05-07,7,○2 ◎1 注7 △4 ×3 ▲5,,,,,7,三槻 智清  佐,賀,49,80,A2,追,3.92,80.80,注,2,9.5,19.0,19.0,0,0,,,,,,22:45
8620260507010008,beppu,2026-05-07,8,○2 ◎1 △6 ×3 注4 ▲7,,,,,1,坂本 晃輝  佐,賀,47,81,A1,追,3.93,89.42,◎,6,35.0,60.0,60.0,0,0,,,,,,23:05
8620260507010008,beppu,2026-05-07,8,○2 ◎1 △6 ×3 注4 ▲7,,,,,2,梶原 大地  福,岡,28,119,A2,逃,3.92,87.38,○,5,23.8,47.6,61.9,10,0,,,,,,23:05
8620260507010008,beppu,2026-05-07,8,○2 ◎1 △6 ×3 注4 ▲7,,,,,3,横内 裕人  愛,媛,34,100,A1,両,3.92,85.25,×,1,20.8,37.5,50.0,1,3,,,,,,23:05
8620260507010008,beppu,2026-05-07,8,○2 ◎1 △6 ×3 注4 ▲7,,,,,4,高橋 清太郎  岡,山,41,97,A1,追,3.92,83.04,注,2,9.5,23.8,38.0,0,0,,,,,,23:05
8620260507010008,beppu,2026-05-07,8,○2 ◎1 △6 ×3 注4 ▲7,,,,,5,倉野 隆太郎  三,重,41,91,A2,追,3.92,80.84,nan,0,0.0,9.0,13.6,0,0,,,,,,23:05
8620260507010008,beppu,2026-05-07,8,○2 ◎1 △6 ×3 注4 ▲7,,,,,6,松田 直也  大,分,41,92,A2,追,3.93,79.68,△,4,5.2,15.7,21.0,0,0,,,,,,23:05
8620260507010008,beppu,2026-05-07,8,○2 ◎1 △6 ×3 注4 ▲7,,,,,7,牛田 樹希斗  愛,知,27,119,A2,逃,3.92,79.43,▲,3,3.8,15.3,26.9,1,1,,,,,,23:05
8620260507010009,beppu,2026-05-07,9,○2 ◎1 注6 ×3 △5 ▲7,,,,,1,野口 大誠  熊,本,36,105,A1,両,3.92,93.66,◎,6,33.3,61.9,66.6,0,2,,,,,,23:25
8620260507010009,beppu,2026-05-07,9,○2 ◎1 注6 ×3 △5 ▲7,,,,,2,中川 聖大  福,岡,27,121,A1,逃,3.92,93.62,○,5,29.1,62.5,79.1,5,8,,,,,,23:25
8620260507010009,beppu,2026-05-07,9,○2 ◎1 注6 ×3 △5 ▲7,,,,,3,畝木 聖  岡,山,29,117,A1,逃,3.92,93.50,×,1,37.5,62.5,75.0,5,8,,,,,,23:25
8620260507010009,beppu,2026-05-07,9,○2 ◎1 注6 ×3 △5 ▲7,,,,,4,富永 益生  愛,知,55,66,A1,追,3.92,93.38,nan,0,19.0,42.8,71.4,0,0,,,,,,23:25
8620260507010009,beppu,2026-05-07,9,○2 ◎1 注6 ×3 △5 ▲7,,,,,5,福元 啓太  大,阪,29,119,A1,逃,3.93,93.12,△,4,33.3,54.1,62.5,2,6,,,,,,23:25
8620260507010009,beppu,2026-05-07,9,○2 ◎1 注6 ×3 △5 ▲7,,,,,6,船瀬 惇平  広,島,32,111,A1,逃,3.93,90.79,注,2,25.0,41.6,62.5,3,5,,,,,,23:25
8620260507010009,beppu,2026-05-07,9,○2 ◎1 注6 ×3 △5 ▲7,,,,,7,肥後 尚己  大,阪,49,83,A1,追,3.92,90.66,▲,3,26.6,53.3,60.0,0,0,,,,,,23:25
8720260507010001,kumamoto,2026-05-07,1,▲6 ×3 ◎5 ○1 注4 △2,,,,,1,山崎 航  山,口,31,119,A1,逃,3.92,86.33,◎,6,26.6,46.6,46.6,5,2,,,,,,10:40
8720260507010001,kumamoto,2026-05-07,1,▲6 ×3 ◎5 ○1 注4 △2,,,,,2,高倉 俊宏  福,岡,39,93,A2,両,3.92,84.22,注,2,22.2,27.7,44.4,0,4,,,,,,10:40
8720260507010001,kumamoto,2026-05-07,1,▲6 ×3 ◎5 ○1 注4 △2,,,,,3,藤田 大輔  千,葉,41,91,A1,追,3.92,88.37,×,1,4.1,29.1,45.8,0,0,,,,,,10:40
8720260507010001,kumamoto,2026-05-07,1,▲6 ×3 ◎5 ○1 注4 △2,,,,,4,作田 悦章  徳,島,43,92,A1,追,3.92,87.39,○,5,12.5,33.3,62.5,0,0,,,,,,10:40
8720260507010001,kumamoto,2026-05-07,1,▲6 ×3 ◎5 ○1 注4 △2,,,,,5,鈴木 達也  福,島,40,97,A2,追,3.92,83.69,nan,0,0.0,4.1,25.0,0,0,,,,,,10:40
8720260507010001,kumamoto,2026-05-07,1,▲6 ×3 ◎5 ○1 注4 △2,,,,,6,大関 祐也  千,葉,31,107,A2,逃,3.92,81.86,▲,3,8.6,21.7,30.4,2,1,,,,,,10:40
8720260507010001,kumamoto,2026-05-07,1,▲6 ×3 ◎5 ○1 注4 △2,,,,,7,大竹野 裕樹,鹿児島,44,88,A2,両,3.92,82.70,△,4,25.0,33.3,37.5,0,7,,,,,,10:40
8720260507010002,kumamoto,2026-05-07,2,△6 ◎4 ○1 ×2 注5 ▲3,,,,,1,徳吉 広紀  福,岡,49,84,A2,追,3.92,85.25,○,5,8.3,12.5,50.0,0,0,,,,,,11:08
8720260507010002,kumamoto,2026-05-07,2,△6 ◎4 ○1 ×2 注5 ▲3,,,,,2,下岡 将也  三,重,29,111,A1,逃,3.92,82.07,×,1,18.5,25.9,25.9,2,3,,,,,,11:08
8720260507010002,kumamoto,2026-05-07,2,△6 ◎4 ○1 ×2 注5 ▲3,,,,,3,櫻井 宏智  広,島,56,72,A2,追,3.92,86.47,注,2,9.0,18.1,36.3,0,0,,,,,,11:08
8720260507010002,kumamoto,2026-05-07,2,△6 ◎4 ○1 ×2 注5 ▲3,,,,,4,井寺 亮太  長,崎,34,113,A2,両,3.93,81.88,◎,6,16.6,16.6,27.7,0,1,,,,,,11:08
8720260507010002,kumamoto,2026-05-07,2,△6 ◎4 ○1 ×2 注5 ▲3,,,,,5,岡本 翔  愛,媛,24,123,A2,逃,3.92,83.66,nan,0,16.6,27.7,38.8,0,4,,,,,,11:08
8720260507010002,kumamoto,2026-05-07,2,△6 ◎4 ○1 ×2 注5 ▲3,,,,,6,緒方 慎太朗  熊,本,27,115,A2,逃,3.92,81.06,△,4,12.5,18.7,31.2,3,0,,,,,,11:08
8720260507010002,kumamoto,2026-05-07,2,△6 ◎4 ○1 ×2 注5 ▲3,,,,,7,山田 哲也  愛,知,44,99,A2,追,3.92,82.21,▲,3,10.5,15.7,31.5,0,0,,,,,,11:08
8720260507010003,kumamoto,2026-05-07,3,▲4 注3 ◎7 ○1 △6 ×5,,,,,1,太田黒 大心  熊,本,51,74,A1,追,3.85,83.63,○,5,0.0,10.0,30.0,0,0,,,,,,11:37
8720260507010003,kumamoto,2026-05-07,3,▲4 注3 ◎7 ○1 △6 ×5,,,,,2,三浦 稔希  愛,知,50,76,A1,追,3.86,87.00,×,1,4.7,23.8,47.6,0,0,,,,,,11:37
8720260507010003,kumamoto,2026-05-07,3,▲4 注3 ◎7 ○1 △6 ×5,,,,,3,佐藤 正吾  宮,城,43,88,A2,追,3.92,83.95,注,2,17.3,30.4,39.1,0,2,,,,,,11:37
8720260507010003,kumamoto,2026-05-07,3,▲4 注3 ◎7 ○1 △6 ×5,,,,,4,菅田 謙仁  宮,城,33,109,A2,両,3.92,81.90,▲,3,8.6,21.7,34.7,1,0,,,,,,11:37
8720260507010003,kumamoto,2026-05-07,3,▲4 注3 ◎7 ○1 △6 ×5,,,,,5,岩城 佑典  愛,知,26,119,A2,逃,3.92,82.60,△,4,15.0,15.0,20.0,0,1,,,,,,11:37
8720260507010003,kumamoto,2026-05-07,3,▲4 注3 ◎7 ○1 △6 ×5,,,,,6,城戸崎 隆史  福,岡,53,76,A2,両,3.92,80.82,nan,0,0.0,8.6,13.0,0,0,,,,,,11:37
8720260507010003,kumamoto,2026-05-07,3,▲4 注3 ◎7 ○1 △6 ×5,,,,,7,石川 航大  宮,崎,26,123,A1,逃,3.92,88.08,◎,6,20.8,33.3,54.1,3,4,,,,,,11:37
8720260507010004,kumamoto,2026-05-07,4,◎7 ○2 △5 ×1 注6 ▲3,,,,,1,村上 貴彦  栃,木,40,100,A2,両,3.85,82.54,×,1,12.5,16.6,25.0,0,4,,,,,,12:06
8720260507010004,kumamoto,2026-05-07,4,◎7 ○2 △5 ×1 注6 ▲3,,,,,2,上田 学  愛,媛,54,69,A1,追,3.93,89.61,○,5,4.7,23.8,38.0,0,0,,,,,,12:06
8720260507010004,kumamoto,2026-05-07,4,◎7 ○2 △5 ×1 注6 ▲3,,,,,3,北村 篤  岐,阜,39,94,A2,追,3.92,81.41,注,2,15.3,15.3,30.7,0,0,,,,,,12:06
8720260507010004,kumamoto,2026-05-07,4,◎7 ○2 △5 ×1 注6 ▲3,,,,,4,寺林 正秋  宮,城,41,93,A1,追,3.85,82.10,▲,3,0.0,9.5,28.5,0,0,,,,,,12:06
8720260507010004,kumamoto,2026-05-07,4,◎7 ○2 △5 ×1 注6 ▲3,,,,,5,近藤 寛央  東,京,39,97,A1,追,3.92,85.00,△,4,0.0,14.2,28.5,0,0,,,,,,12:06
8720260507010004,kumamoto,2026-05-07,4,◎7 ○2 △5 ×1 注6 ▲3,,,,,6,中村 美千隆  兵,庫,49,80,A2,両,3.92,80.00,nan,0,4.1,16.6,33.3,2,0,,,,,,12:06
8720260507010004,kumamoto,2026-05-07,4,◎7 ○2 △5 ×1 注6 ▲3,,,,,7,野村 賢  山,口,22,125,A2,逃,3.92,89.38,◎,6,16.6,50.0,72.2,8,0,,,,,,12:06
8720260507010005,kumamoto,2026-05-07,5,◎5 ○1 注2 △4 ▲3 ×7,,,,,1,小笹 隼人  奈,良,36,105,A1,両,3.93,92.26,○,5,26.6,60.0,73.3,0,0,,,,,,12:35
8720260507010005,kumamoto,2026-05-07,5,◎5 ○1 注2 △4 ▲3 ×7,,,,,2,神開 一輝  福,岡,32,119,A1,逃,3.92,90.68,注,2,26.0,34.7,43.4,0,1,,,,,,12:35
8720260507010005,kumamoto,2026-05-07,5,◎5 ○1 注2 △4 ▲3 ×7,,,,,3,高本 和也,神奈川,29,121,A1,逃,3.92,91.20,▲,3,20.8,37.5,54.1,0,6,,,,,,12:35
8720260507010005,kumamoto,2026-05-07,5,◎5 ○1 注2 △4 ▲3 ×7,,,,,4,吉本 哲郎  広,島,46,84,A1,両,3.92,90.00,△,4,16.6,33.3,50.0,0,2,,,,,,12:35
8720260507010005,kumamoto,2026-05-07,5,◎5 ○1 注2 △4 ▲3 ×7,,,,,5,末廣 快理  兵,庫,27,121,A1,逃,3.92,92.29,◎,6,41.6,58.3,75.0,4,10,,,,,,12:35
8720260507010005,kumamoto,2026-05-07,5,◎5 ○1 注2 △4 ▲3 ×7,,,,,6,伊藤 奎  福,島,27,115,A1,追,3.92,89.76,nan,0,14.2,23.8,38.0,0,2,,,,,,12:35
8720260507010005,kumamoto,2026-05-07,5,◎5 ○1 注2 △4 ▲3 ×7,,,,,7,丸山 直樹  埼,玉,40,93,A1,追,3.92,90.28,×,1,28.5,35.7,42.8,0,0,,,,,,12:35
8720260507010006,kumamoto,2026-05-07,6,△1 ○5 ◎2 注4 ▲6 ×7,,,,,1,成松 春樹  佐,賀,40,93,S2,両,3.93,96.76,△,4,4.0,8.0,20.0,1,1,,,,,,13:04
8720260507010006,kumamoto,2026-05-07,6,△1 ○5 ◎2 注4 ▲6 ×7,,,,,2,竹内 雄作  岐,阜,38,99,S2,逃,3.92,98.75,○,5,6.8,17.2,34.4,2,2,,,,,,13:04
8720260507010006,kumamoto,2026-05-07,6,△1 ○5 ◎2 注4 ▲6 ×7,,,,,3,大矢 将大  埼,玉,47,81,S2,追,3.92,97.59,×,1,4.5,22.7,31.8,0,0,,,,,,13:04
8720260507010006,kumamoto,2026-05-07,6,△1 ○5 ◎2 注4 ▲6 ×7,,,,,4,横関 裕樹  岐,阜,38,99,S2,両,3.92,102.36,◎,6,22.7,36.3,50.0,0,0,,,,,,13:04
8720260507010006,kumamoto,2026-05-07,6,△1 ○5 ◎2 注4 ▲6 ×7,,,,,5,中園 和剛  福,岡,43,89,S2,追,3.92,95.74,nan,0,3.7,11.1,22.2,0,0,,,,,,13:04
8720260507010006,kumamoto,2026-05-07,6,△1 ○5 ◎2 注4 ▲6 ×7,,,,,6,伊藤 勝太  愛,知,38,95,S2,追,3.92,94.40,注,2,0.0,3.7,11.1,0,0,,,,,,13:04
8720260507010006,kumamoto,2026-05-07,6,△1 ○5 ◎2 注4 ▲6 ×7,,,,,7,中村 隆生  栃,木,25,117,S2,逃,3.92,97.27,▲,3,9.0,22.7,40.9,5,0,,,,,,13:04
8720260507010007,kumamoto,2026-05-07,7,○1 ◎7 ×5 △2 注4 ▲6,,,,,1,徳田 匠  京,都,29,119,S2,逃,3.92,97.54,○,5,9.6,25.8,35.4,5,3,,,,,,13:33
8720260507010007,kumamoto,2026-05-07,7,○1 ◎7 ×5 △2 注4 ▲6,,,,,2,阪本 和也  長,崎,30,115,S2,追,3.92,99.22,△,4,5.5,16.6,44.4,0,0,,,,,,13:33
8720260507010007,kumamoto,2026-05-07,7,○1 ◎7 ×5 △2 注4 ▲6,,,,,3,金成 和幸  福,島,47,88,S2,追,3.92,98.74,▲,3,3.7,11.1,33.3,0,0,,,,,,13:33
8720260507010007,kumamoto,2026-05-07,7,○1 ◎7 ×5 △2 注4 ▲6,,,,,4,神尾 敬冬  静,岡,26,123,S2,逃,3.92,93.14,注,2,7.4,7.4,18.5,1,1,,,,,,13:33
8720260507010007,kumamoto,2026-05-07,7,○1 ◎7 ×5 △2 注4 ▲6,,,,,5,瀬戸 栄作  長,崎,32,109,S2,両,3.92,98.95,×,1,5.0,5.0,25.0,0,0,,,,,,13:33
8720260507010007,kumamoto,2026-05-07,7,○1 ◎7 ×5 △2 注4 ▲6,,,,,6,金澤 竜二  福,島,40,91,S2,両,3.92,92.06,nan,0,3.2,6.4,6.4,0,1,,,,,,13:33
8720260507010007,kumamoto,2026-05-07,7,○1 ◎7 ×5 △2 注4 ▲6,,,,,7,渡辺 十夢  福,井,45,85,S2,追,3.93,102.46,◎,6,6.4,25.8,48.3,0,0,,,,,,13:33
8720260507010008,kumamoto,2026-05-07,8,◎5 ○1 注7 ×4 △2 ▲6,,,,,1,成清 貴之  千,葉,52,73,S2,追,3.92,98.65,○,5,7.6,30.7,46.1,0,0,,,,,,14:02
8720260507010008,kumamoto,2026-05-07,8,◎5 ○1 注7 ×4 △2 ▲6,,,,,2,高津 晃治  岡,山,46,87,S2,追,3.92,101.03,△,4,11.1,18.5,48.1,0,0,,,,,,14:02
8720260507010008,kumamoto,2026-05-07,8,◎5 ○1 注7 ×4 △2 ▲6,,,,,3,鷲田 幸司  福,井,40,92,S2,追,3.93,98.84,▲,3,7.6,23.0,38.4,0,0,,,,,,14:02
8720260507010008,kumamoto,2026-05-07,8,◎5 ○1 注7 ×4 △2 ▲6,,,,,4,村上 竜馬  広,島,30,115,S2,逃,3.92,98.30,×,1,8.6,17.3,30.4,0,2,,,,,,14:02
8720260507010008,kumamoto,2026-05-07,8,◎5 ○1 注7 ×4 △2 ▲6,,,,,5,丸山 留依  静,岡,20,127,S2,逃,3.92,99.63,◎,6,68.4,68.4,84.2,5,7,,,,,,14:02
8720260507010008,kumamoto,2026-05-07,8,◎5 ○1 注7 ×4 △2 ▲6,,,,,6,疋田 力也  愛,知,25,119,S2,両,3.92,95.00,nan,0,2.7,5.5,13.8,1,0,,,,,,14:02
8720260507010008,kumamoto,2026-05-07,8,◎5 ○1 注7 ×4 △2 ▲6,,,,,7,岸澤 賢太  埼,玉,39,91,S2,両,3.92,96.86,注,2,6.2,6.2,25.0,0,0,,,,,,14:02
8720260507010009,kumamoto,2026-05-07,9,○7 ◎4 △1 ▲6 注2 ×5,,,,,1,丸山 貴秀  秋,田,45,89,S2,追,3.92,97.26,△,4,4.1,4.1,37.5,0,0,,,,,,14:32
8720260507010009,kumamoto,2026-05-07,9,○7 ◎4 △1 ▲6 注2 ×5,,,,,2,稲垣 裕之  京,都,48,86,S2,両,3.92,96.00,▲,3,0.0,8.3,25.0,0,0,,,,,,14:32
8720260507010009,kumamoto,2026-05-07,9,○7 ◎4 △1 ▲6 注2 ×5,,,,,3,守谷 陽介  岡,山,45,87,S2,両,3.92,97.21,×,1,7.8,15.7,26.3,0,0,,,,,,14:32
8720260507010009,kumamoto,2026-05-07,9,○7 ◎4 △1 ▲6 注2 ×5,,,,,4,土屋 壮登  埼,玉,39,101,S2,追,3.92,102.65,◎,6,3.7,33.3,40.7,0,0,,,,,,14:32
8720260507010009,kumamoto,2026-05-07,9,○7 ◎4 △1 ▲6 注2 ×5,,,,,5,竹内 翼  広,島,34,109,S2,逃,3.92,96.61,注,2,19.0,23.8,23.8,3,2,,,,,,14:32
8720260507010009,kumamoto,2026-05-07,9,○7 ◎4 △1 ▲6 注2 ×5,,,,,6,佐藤 竜太  愛,知,25,119,S2,逃,3.92,93.44,nan,0,8.0,8.0,12.0,1,1,,,,,,14:32
8720260507010009,kumamoto,2026-05-07,9,○7 ◎4 △1 ▲6 注2 ×5,,,,,7,朝倉 智仁  茨,城,26,115,S2,逃,3.92,102.37,○,5,24.0,32.0,44.0,2,6,,,,,,14:32
8720260507010010,kumamoto,2026-05-07,10,▲2 ◎6 ○1 注5 △7 ×4,,,,,1,梶原 海斗  福,岡,26,123,S2,逃,3.93,101.34,◎,6,21.7,34.7,43.4,5,3,,,,,,15:02
8720260507010010,kumamoto,2026-05-07,10,▲2 ◎6 ○1 注5 △7 ×4,,,,,2,薦田 将伍  愛,媛,28,113,S2,逃,3.92,94.60,▲,3,4.7,4.7,14.2,0,1,,,,,,15:02
8720260507010010,kumamoto,2026-05-07,10,▲2 ◎6 ○1 注5 △7 ×4,,,,,3,高塩 讓次  栃,木,42,90,S2,追,3.92,98.76,×,1,0.0,13.3,36.6,0,0,,,,,,15:02
8720260507010010,kumamoto,2026-05-07,10,▲2 ◎6 ○1 注5 △7 ×4,,,,,4,幸田 望夢  栃,木,26,115,S2,逃,3.92,97.28,△,4,11.1,18.5,25.9,4,1,,,,,,15:02
8720260507010010,kumamoto,2026-05-07,10,▲2 ◎6 ○1 注5 △7 ×4,,,,,5,山口 貴嗣  福,岡,47,82,S2,追,3.92,100.60,○,5,9.5,23.8,38.0,0,0,,,,,,15:02
8720260507010010,kumamoto,2026-05-07,10,▲2 ◎6 ○1 注5 △7 ×4,,,,,6,福島 栄一  香,川,42,93,S2,追,3.93,93.95,nan,0,4.3,13.0,17.3,0,0,,,,,,15:02
8720260507010010,kumamoto,2026-05-07,10,▲2 ◎6 ○1 注5 △7 ×4,,,,,7,合志 正臣  熊,本,48,81,S2,追,3.92,95.59,注,2,4.5,9.0,18.1,0,0,,,,,,15:02
8720260507010011,kumamoto,2026-05-07,11,○2 ◎7 注1 ▲4 △6 ×5,,,,,1,吉武 信太朗  愛,媛,32,107,S2,逃,3.93,96.55,注,2,3.3,3.3,20.0,0,1,,,,,,15:33
8720260507010011,kumamoto,2026-05-07,11,○2 ◎7 注1 ▲4 △6 ×5,,,,,2,大川 剛  青,森,27,121,S2,逃,3.92,101.88,○,5,7.6,30.7,38.4,4,3,,,,,,15:33
8720260507010011,kumamoto,2026-05-07,11,○2 ◎7 注1 ▲4 △6 ×5,,,,,3,小林 大介  群,馬,48,79,S2,追,3.92,99.07,×,1,10.7,25.0,50.0,0,1,,,,,,15:33
8720260507010011,kumamoto,2026-05-07,11,○2 ◎7 注1 ▲4 △6 ×5,,,,,4,森安 崇之  香,川,48,84,S2,追,3.92,95.84,nan,0,0.0,9.0,18.1,0,0,,,,,,15:33
8720260507010011,kumamoto,2026-05-07,11,○2 ◎7 注1 ▲4 △6 ×5,,,,,5,太田 龍希  埼,玉,25,117,S2,逃,3.92,98.65,△,4,4.3,13.0,30.4,1,1,,,,,,15:33
8720260507010011,kumamoto,2026-05-07,11,○2 ◎7 注1 ▲4 △6 ×5,,,,,6,児玉 慎一郎  香,川,51,76,S2,追,3.92,93.50,▲,3,0.0,0.0,18.1,0,0,,,,,,15:33
8720260507010011,kumamoto,2026-05-07,11,○2 ◎7 注1 ▲4 △6 ×5,,,,,7,佐藤 和也  青,森,46,95,S2,追,3.92,103.58,◎,6,16.6,33.3,50.0,0,0,,,,,,15:33
8720260507010012,kumamoto,2026-05-07,12,△5 ×2 注1 ▲7 ◎4 ○6,,,,,1,黒沢 征治  埼,玉,34,113,S1,両,3.93,106.45,注,2,25.0,33.3,41.6,0,0,,,,,,16:09
8720260507010012,kumamoto,2026-05-07,12,△5 ×2 注1 ▲7 ◎4 ○6,,,,,2,上野 優太  熊,本,29,113,S1,追,3.92,109.08,×,1,20.0,52.0,64.0,0,0,,,,,,16:09
8720260507010012,kumamoto,2026-05-07,12,△5 ×2 注1 ▲7 ◎4 ○6,,,,,3,柴崎 淳  三,重,39,91,S1,両,3.92,103.75,○,5,15.0,25.0,30.0,0,0,,,,,,16:09
8720260507010012,kumamoto,2026-05-07,12,△5 ×2 注1 ▲7 ◎4 ○6,,,,,4,中村 浩士  千,葉,48,79,S1,追,3.85,101.04,nan,0,7.6,23.0,38.4,0,0,,,,,,16:09
8720260507010012,kumamoto,2026-05-07,12,△5 ×2 注1 ▲7 ◎4 ○6,,,,,5,岸田 剛  福,井,27,121,S1,逃,3.92,105.56,△,4,25.0,41.6,45.8,4,5,,,,,,16:09
8720260507010012,kumamoto,2026-05-07,12,△5 ×2 注1 ▲7 ◎4 ○6,,,,,6,栗山 和樹  岐,阜,28,125,S2,逃,3.92,104.00,◎,6,36.3,40.9,45.4,2,5,,,,,,16:09
8720260507010012,kumamoto,2026-05-07,12,△5 ×2 注1 ▲7 ◎4 ○6,,,,,7,朝倉 佳弘  東,京,45,90,S1,追,3.93,99.80,▲,3,11.5,23.0,38.4,0,0,,,,,,16:09
