race_id,venue_slug,date,race_no,lineup,ni_sha_tan,san_ren_tan,san_ren_fuku,wide,banum,player_name,pref,age,term,player_class,running_style,gear,race_score,mark,mark_num,win_rate_4m,top2_rate_4m,top3_rate_4m,nige_4m,maku_4m,rank,agari,finish_type,margin,win_lose,close_time
1120260701010001,hakodate,2026-07-01,1,△5 ×1 注4 ◎7 ○3 ▲2,,,,,1,松山 桂輔  愛,知,42,88,A1,追,3.92,87.95,×,1,17.3,39.1,65.2,0,1,,,,,,20:44
1120260701010001,hakodate,2026-07-01,1,△5 ×1 注4 ◎7 ○3 ▲2,,,,,2,和田 禎嗣  埼,玉,41,99,A2,追,3.92,86.0,○,5,16.6,37.5,54.1,1,0,,,,,,20:44
1120260701010001,hakodate,2026-07-01,1,△5 ×1 注4 ◎7 ○3 ▲2,,,,,3,川越 宏臣  東,京,29,125,A2,逃,3.92,85.91,◎,6,16.6,41.6,50.0,5,4,,,,,,20:44
1120260701010001,hakodate,2026-07-01,1,△5 ×1 注4 ◎7 ○3 ▲2,,,,,4,柳原 司  大,阪,41,98,A2,両,3.92,85.75,注,2,16.6,29.1,45.8,0,1,,,,,,20:44
1120260701010001,hakodate,2026-07-01,1,△5 ×1 注4 ◎7 ○3 ▲2,,,,,5,瀧川 幸広  愛,知,30,125,A2,逃,3.93,84.85,△,4,9.5,33.3,47.6,6,1,,,,,,20:44
1120260701010001,hakodate,2026-07-01,1,△5 ×1 注4 ◎7 ○3 ▲2,,,,,6,井上 雄三  埼,玉,43,88,A1,追,3.92,81.6,▲,3,8.6,21.7,26.0,0,0,,,,,,20:44
1120260701010001,hakodate,2026-07-01,1,△5 ×1 注4 ◎7 ○3 ▲2,,,,,7,西郷 剛  兵,庫,57,69,A2,追,3.92,72.95,,0,8.3,37.5,58.3,0,0,,,,,,20:44
1120260701010002,hakodate,2026-07-01,2,◎2 ○1 △3 ×4 ▲6 注7,,,,,1,竹田 和幸  岐,阜,49,78,A1,追,3.93,87.22,○,5,11.1,38.8,61.1,0,0,,,,,,21:08
1120260701010002,hakodate,2026-07-01,2,◎2 ○1 △3 ×4 ▲6 注7,,,,,2,弓矢 輪太郎  三,重,22,125,A1,逃,3.92,86.47,◎,6,9.5,33.3,47.6,0,4,,,,,,21:08
1120260701010002,hakodate,2026-07-01,2,◎2 ○1 △3 ×4 ▲6 注7,,,,,3,竹山 慶太  宮,城,33,105,A1,逃,3.92,85.11,△,4,22.2,38.8,50.0,5,2,,,,,,21:08
1120260701010002,hakodate,2026-07-01,2,◎2 ○1 △3 ×4 ▲6 注7,,,,,4,佐山 俊樹  埼,玉,36,97,A1,追,3.92,84.14,×,1,14.2,19.0,47.6,0,1,,,,,,21:08
1120260701010002,hakodate,2026-07-01,2,◎2 ○1 △3 ×4 ▲6 注7,,,,,5,山田 和巧,神奈川,48,87,A2,追,3.92,83.36,注,2,5.0,20.0,40.0,0,0,,,,,,21:08
1120260701010002,hakodate,2026-07-01,2,◎2 ○1 △3 ×4 ▲6 注7,,,,,6,新井 剛央  埼,玉,48,86,A2,追,3.92,80.55,,0,0.0,5.5,16.6,0,0,,,,,,21:08
1120260701010002,hakodate,2026-07-01,2,◎2 ○1 △3 ×4 ▲6 注7,,,,,7,齊藤 健人  静,岡,39,92,A2,両,3.92,79.57,▲,3,9.5,14.2,23.8,3,0,,,,,,21:08
1120260701010003,hakodate,2026-07-01,3,○2 ◎1 注4 △5 ×3 ▲6,,,,,1,玉手 翔  兵,庫,42,91,A1,追,3.92,87.88,◎,6,22.2,33.3,59.2,0,0,,,,,,21:32
1120260701010003,hakodate,2026-07-01,3,○2 ◎1 注4 △5 ×3 ▲6,,,,,2,松田 安綱  大,阪,24,127,A2,逃,3.93,87.8,○,5,33.3,42.8,61.9,6,1,,,,,,21:32
1120260701010003,hakodate,2026-07-01,3,○2 ◎1 注4 △5 ×3 ▲6,,,,,3,原岡 泰志郎  千,葉,37,100,A2,両,3.92,87.29,×,1,12.5,25.0,45.8,0,0,,,,,,21:32
1120260701010003,hakodate,2026-07-01,3,○2 ◎1 注4 △5 ×3 ▲6,,,,,4,川木 敬大  兵,庫,47,84,A1,追,3.92,82.41,注,2,7.6,15.3,53.8,0,0,,,,,,21:32
1120260701010003,hakodate,2026-07-01,3,○2 ◎1 注4 △5 ×3 ▲6,,,,,5,栗田 万生  千,葉,32,111,A2,逃,3.92,82.26,△,4,8.6,21.7,34.7,1,3,,,,,,21:32
1120260701010003,hakodate,2026-07-01,3,○2 ◎1 注4 △5 ×3 ▲6,,,,,6,渡邊 一洋  静,岡,53,72,A2,追,3.92,81.55,▲,3,10.5,15.7,26.3,0,0,,,,,,21:32
1120260701010003,hakodate,2026-07-01,3,○2 ◎1 注4 △5 ×3 ▲6,,,,,7,川口 聖翔  三,重,37,100,A2,追,3.92,80.9,,0,4.7,9.5,23.8,0,0,,,,,,21:32
1120260701010004,hakodate,2026-07-01,4,▲7 ×1 ◎2 ○4 注3 △5,,,,,1,山田 祥明  岐,阜,46,97,A1,追,3.92,87.5,×,1,20.0,33.3,40.0,0,0,,,,,,21:56
1120260701010004,hakodate,2026-07-01,4,▲7 ×1 ◎2 ○4 注3 △5,,,,,2,福田 健太  宮,城,25,125,A1,逃,3.92,86.83,◎,6,25.0,45.8,50.0,7,2,,,,,,21:56
1120260701010004,hakodate,2026-07-01,4,▲7 ×1 ◎2 ○4 注3 △5,,,,,3,宮倉 勇  千,葉,61,58,A2,追,3.92,83.4,注,2,4.3,8.6,26.0,0,0,,,,,,21:56
1120260701010004,hakodate,2026-07-01,4,▲7 ×1 ◎2 ○4 注3 △5,,,,,4,竹内 優也,北海道,46,89,A2,両,3.77,82.83,○,5,12.5,29.1,37.5,1,2,,,,,,21:56
1120260701010004,hakodate,2026-07-01,4,▲7 ×1 ◎2 ○4 注3 △5,,,,,5,新井 僚太郎  山,梨,34,100,A2,両,3.92,82.53,△,4,7.1,35.7,39.2,2,2,,,,,,21:56
1120260701010004,hakodate,2026-07-01,4,▲7 ×1 ◎2 ○4 注3 △5,,,,,6,渡邉 高志  栃,木,49,84,A1,追,3.93,82.33,,0,4.1,8.3,20.8,0,0,,,,,,21:56
1120260701010004,hakodate,2026-07-01,4,▲7 ×1 ◎2 ○4 注3 △5,,,,,7,下岡 将也  三,重,29,111,A2,逃,3.92,81.21,▲,3,17.3,21.7,21.7,0,4,,,,,,21:56
1120260701010005,hakodate,2026-07-01,5,○2 ◎1 △4 ×3 注6 ▲5,,,,,1,水谷 将司  愛,知,38,105,A2,追,3.92,90.87,◎,6,33.3,58.3,70.8,0,0,,,,,,22:22
1120260701010005,hakodate,2026-07-01,5,○2 ◎1 △4 ×3 注6 ▲5,,,,,2,下岡 優季  愛,知,36,105,A1,逃,3.92,88.0,○,5,20.8,45.8,62.5,7,1,,,,,,22:22
1120260701010005,hakodate,2026-07-01,5,○2 ◎1 △4 ×3 注6 ▲5,,,,,3,栗田 雄矢  静,岡,40,96,A1,追,3.92,86.75,×,1,16.6,33.3,41.6,0,1,,,,,,22:22
1120260701010005,hakodate,2026-07-01,5,○2 ◎1 △4 ×3 注6 ▲5,,,,,4,渡邉 直弥  静,岡,29,113,A2,両,3.92,82.7,△,4,8.3,29.1,37.5,1,1,,,,,,22:22
1120260701010005,hakodate,2026-07-01,5,○2 ◎1 △4 ×3 注6 ▲5,,,,,5,大橋 直人  埼,玉,49,77,A2,追,3.92,82.0,▲,3,8.3,16.6,41.6,0,0,,,,,,22:22
1120260701010005,hakodate,2026-07-01,5,○2 ◎1 △4 ×3 注6 ▲5,,,,,6,樋口 開土  東,京,29,113,A1,逃,3.85,81.87,注,2,8.3,25.0,37.5,1,2,,,,,,22:22
1120260701010005,hakodate,2026-07-01,5,○2 ◎1 △4 ×3 注6 ▲5,,,,,7,篠崎 高志  栃,木,53,72,A2,追,3.92,80.04,,0,0.0,4.1,16.6,0,0,,,,,,22:22
1120260701010006,hakodate,2026-07-01,6,◎1 ○3 ▲6 △5 ×2 注4,,,,,1,邊見 竜馬  福,島,24,127,A2,逃,3.92,87.05,◎,6,77.7,94.4,100.0,9,5,,,,,,22:49
1120260701010006,hakodate,2026-07-01,6,◎1 ○3 ▲6 △5 ×2 注4,,,,,2,植木 和広,神奈川,46,98,A1,追,3.92,86.0,×,1,5.8,23.5,35.2,0,0,,,,,,22:49
1120260701010006,hakodate,2026-07-01,6,◎1 ○3 ▲6 △5 ×2 注4,,,,,3,田原 大広,北海道,46,87,A1,追,3.92,85.88,○,5,0.0,16.6,50.0,0,0,,,,,,22:49
1120260701010006,hakodate,2026-07-01,6,◎1 ○3 ▲6 △5 ×2 注4,,,,,4,本村 隆文  岐,阜,47,81,A2,追,3.92,83.79,注,2,12.5,41.6,50.0,0,0,,,,,,22:49
1120260701010006,hakodate,2026-07-01,6,◎1 ○3 ▲6 △5 ×2 注4,,,,,5,池邉 聖,神奈川,31,123,A1,逃,3.92,82.09,△,4,14.2,23.8,33.3,2,2,,,,,,22:49
1120260701010006,hakodate,2026-07-01,6,◎1 ○3 ▲6 △5 ×2 注4,,,,,6,佐々木 健司  青,森,52,76,A2,追,3.92,80.18,▲,3,7.4,7.4,18.5,0,0,,,,,,22:49
1120260701010006,hakodate,2026-07-01,6,◎1 ○3 ▲6 △5 ×2 注4,,,,,7,中村 賢二  愛,知,43,97,A2,追,3.92,72.52,,0,22.7,40.9,59.0,2,1,,,,,,22:49
1120260701010007,hakodate,2026-07-01,7,◎3 ○1 △2 注4 ▲5 ×6,,,,,1,川口 満宏  東,京,59,58,A1,追,3.92,94.66,○,5,0.0,4.0,16.0,0,0,,,,,,23:16
1120260701010007,hakodate,2026-07-01,7,◎3 ○1 △2 注4 ▲5 ×6,,,,,2,二藤 元太  静,岡,42,95,A1,追,3.92,93.22,△,4,11.1,44.4,88.8,0,0,,,,,,23:16
1120260701010007,hakodate,2026-07-01,7,◎3 ○1 △2 注4 ▲5 ×6,,,,,3,片桐 善也  新,潟,32,117,A1,逃,3.92,92.42,◎,6,38.0,52.3,66.6,4,2,,,,,,23:16
1120260701010007,hakodate,2026-07-01,7,◎3 ○1 △2 注4 ▲5 ×6,,,,,4,宇佐見 優介  福,島,32,115,A1,追,3.92,90.88,注,2,33.3,55.5,77.7,0,0,,,,,,23:16
1120260701010007,hakodate,2026-07-01,7,◎3 ○1 △2 注4 ▲5 ×6,,,,,5,中釜 健次  大,阪,27,121,A1,逃,3.92,90.2,▲,3,33.3,37.5,50.0,2,6,,,,,,23:16
1120260701010007,hakodate,2026-07-01,7,◎3 ○1 △2 注4 ▲5 ×6,,,,,6,吉村 和之  岐,阜,49,80,A1,追,3.93,89.95,×,1,14.2,42.8,42.8,0,0,,,,,,23:16
1120260701010007,hakodate,2026-07-01,7,◎3 ○1 △2 注4 ▲5 ×6,,,,,7,佐藤 朋也  秋,田,46,89,A1,追,3.85,89.08,,0,19.2,42.3,53.8,0,4,,,,,,23:16
2520260701010001,omiya,2026-07-01,1,◎6 ○3 注1 ×2 △5 ▲4,,,,,1,金子 浩貴  京,都,39,95,A2,追,3.92,82.41,注,2,0.0,8.3,25.0,0,0,,,,,,10:40
2520260701010001,omiya,2026-07-01,1,◎6 ○3 注1 ×2 △5 ▲4,,,,,2,入江 航太  熊,本,24,119,A2,逃,3.92,87.94,×,1,22.2,44.4,66.6,2,2,,,,,,10:40
2520260701010001,omiya,2026-07-01,1,◎6 ○3 注1 ×2 △5 ▲4,,,,,3,山崎 司  福,島,42,95,A1,追,3.92,87.04,○,5,8.3,20.8,45.8,0,0,,,,,,10:40
2520260701010001,omiya,2026-07-01,1,◎6 ○3 注1 ×2 △5 ▲4,,,,,4,越智 展孝  愛,媛,44,88,A2,追,3.92,83.85,,0,9.5,19.0,28.5,0,0,,,,,,10:40
2520260701010001,omiya,2026-07-01,1,◎6 ○3 注1 ×2 △5 ▲4,,,,,5,八尋 英輔  福,岡,46,89,A1,追,3.92,88.19,△,4,19.0,42.8,52.3,0,0,,,,,,10:40
2520260701010001,omiya,2026-07-01,1,◎6 ○3 注1 ×2 △5 ▲4,,,,,6,水澤 秀哉  千,葉,22,127,A2,逃,3.92,78.71,◎,6,80.9,80.9,95.2,15,2,,,,,,10:40
2520260701010001,omiya,2026-07-01,1,◎6 ○3 注1 ×2 △5 ▲4,,,,,7,篠塚 光一  兵,庫,46,90,A1,追,3.93,81.38,▲,3,14.2,23.8,33.3,0,0,,,,,,10:40
2520260701010002,omiya,2026-07-01,2,△7 ×2 注5 ◎3 ○4 ▲1,,,,,1,浅沼 聖士  静,岡,44,87,A2,追,3.92,80.85,▲,3,0.0,0.0,23.8,0,0,,,,,,11:05
2520260701010002,omiya,2026-07-01,2,△7 ×2 注5 ◎3 ○4 ▲1,,,,,2,紫原 政文  福,岡,58,61,A1,追,3.92,87.28,×,1,0.0,23.8,42.8,0,0,,,,,,11:05
2520260701010002,omiya,2026-07-01,2,△7 ×2 注5 ◎3 ○4 ▲1,,,,,3,西村 剛  新,潟,26,125,A1,逃,3.92,87.22,◎,6,22.7,36.3,50.0,6,2,,,,,,11:05
2520260701010002,omiya,2026-07-01,2,△7 ×2 注5 ◎3 ○4 ▲1,,,,,4,小島 雅章  埼,玉,50,83,A2,追,3.92,80.42,○,5,7.1,21.4,21.4,0,0,,,,,,11:05
2520260701010002,omiya,2026-07-01,2,△7 ×2 注5 ◎3 ○4 ▲1,,,,,5,山本 貴章  岡,山,51,76,A2,追,3.92,82.26,注,2,5.0,20.0,30.0,0,0,,,,,,11:05
2520260701010002,omiya,2026-07-01,2,△7 ×2 注5 ◎3 ○4 ▲1,,,,,6,鈴木 裕斗  宮,城,35,99,A2,両,3.92,64.83,,0,8.3,8.3,16.6,1,0,,,,,,11:05
2520260701010002,omiya,2026-07-01,2,△7 ×2 注5 ◎3 ○4 ▲1,,,,,7,池部 壮太  大,分,33,109,A1,逃,3.92,84.55,△,4,11.1,33.3,44.4,4,1,,,,,,11:05
2520260701010003,omiya,2026-07-01,3,○4 ◎1 △5 ▲6 ×2 注3,,,,,1,藤田 竜矢  埼,玉,46,88,A1,両,3.92,87.62,◎,6,16.6,37.5,50.0,0,1,,,,,,11:32
2520260701010003,omiya,2026-07-01,3,○4 ◎1 △5 ▲6 ×2 注3,,,,,2,深見 仁哉  愛,知,43,91,A2,追,3.92,80.2,▲,3,0.0,16.6,20.8,0,0,,,,,,11:32
2520260701010003,omiya,2026-07-01,3,○4 ◎1 △5 ▲6 ×2 注3,,,,,3,長松 大祐  大,分,28,121,A2,逃,3.92,84.87,×,1,8.3,20.8,45.8,2,3,,,,,,11:32
2520260701010003,omiya,2026-07-01,3,○4 ◎1 △5 ▲6 ×2 注3,,,,,4,戸塚 涼介  埼,玉,32,111,A2,逃,3.92,87.42,○,5,14.2,38.0,71.4,8,0,,,,,,11:32
2520260701010003,omiya,2026-07-01,3,○4 ◎1 △5 ▲6 ×2 注3,,,,,5,佐藤 謙  栃,木,40,90,A2,追,3.92,82.96,△,4,3.8,15.3,26.9,0,0,,,,,,11:32
2520260701010003,omiya,2026-07-01,3,○4 ◎1 △5 ▲6 ×2 注3,,,,,6,山田 純也  岐,阜,37,99,A2,両,3.92,77.61,,0,0.0,0.0,4.7,0,0,,,,,,11:32
2520260701010003,omiya,2026-07-01,3,○4 ◎1 △5 ▲6 ×2 注3,,,,,7,中園 朋亨  福,岡,39,93,A2,追,3.92,79.81,注,2,6.2,12.5,25.0,0,0,,,,,,11:32
2520260701010004,omiya,2026-07-01,4,×1 △5 ◎7 ○2 注6 ▲3,,,,,1,中野 光太郎  徳,島,26,121,A1,逃,3.93,86.8,×,1,9.0,18.1,18.1,0,0,,,,,,12:00
2520260701010004,omiya,2026-07-01,4,×1 △5 ◎7 ○2 注6 ▲3,,,,,2,奥谷 広巳  兵,庫,49,78,A2,追,3.92,84.5,○,5,8.3,25.0,33.3,0,0,,,,,,12:00
2520260701010004,omiya,2026-07-01,4,×1 △5 ◎7 ○2 注6 ▲3,,,,,3,菊池 翔  福,島,31,119,A2,逃,3.92,82.7,注,2,7.4,22.2,29.6,2,1,,,,,,12:00
2520260701010004,omiya,2026-07-01,4,×1 △5 ◎7 ○2 注6 ▲3,,,,,4,成清 謙二郎  千,葉,42,90,A1,追,3.92,81.52,▲,3,0.0,4.7,33.3,0,0,,,,,,12:00
2520260701010004,omiya,2026-07-01,4,×1 △5 ◎7 ○2 注6 ▲3,,,,,5,宇根 秀俊  愛,媛,49,80,A2,追,3.92,86.14,△,4,14.2,19.0,33.3,0,0,,,,,,12:00
2520260701010004,omiya,2026-07-01,4,×1 △5 ◎7 ○2 注6 ▲3,,,,,6,白川 有司  福,岡,51,76,A2,追,3.92,73.4,,0,7.4,37.0,55.5,0,0,,,,,,12:00
2520260701010004,omiya,2026-07-01,4,×1 △5 ◎7 ○2 注6 ▲3,,,,,7,石田 拓真  愛,知,25,119,A1,逃,3.92,90.25,◎,6,43.7,43.7,50.0,4,2,,,,,,12:00
2520260701010005,omiya,2026-07-01,5,◎4 ○1 △7 ▲2 注6 ×3,,,,,1,保科 千春  宮,城,34,100,A1,追,3.92,95.66,○,5,0.0,6.8,20.6,0,0,,,,,,12:28
2520260701010005,omiya,2026-07-01,5,◎4 ○1 △7 ▲2 注6 ×3,,,,,2,小埜 正義  千,葉,45,88,A1,追,3.92,92.14,△,4,22.7,40.9,68.1,0,0,,,,,,12:28
2520260701010005,omiya,2026-07-01,5,◎4 ○1 △7 ▲2 注6 ×3,,,,,3,原井 剣也  福,岡,32,119,A1,逃,3.92,90.85,注,2,33.3,42.8,71.4,2,2,,,,,,12:28
2520260701010005,omiya,2026-07-01,5,◎4 ○1 △7 ▲2 注6 ×3,,,,,4,齊藤 英伊須  青,森,22,125,A1,逃,3.92,92.88,◎,6,37.0,70.3,81.4,15,3,,,,,,12:28
2520260701010005,omiya,2026-07-01,5,◎4 ○1 △7 ▲2 注6 ×3,,,,,5,村田 瑞季  京,都,29,117,A1,逃,3.92,92.9,×,1,28.5,47.6,61.9,4,4,,,,,,12:28
2520260701010005,omiya,2026-07-01,5,◎4 ○1 △7 ▲2 注6 ×3,,,,,6,藤井 優希  山,口,27,125,A1,逃,3.92,90.72,▲,3,50.0,66.6,77.7,9,3,,,,,,12:28
2520260701010005,omiya,2026-07-01,5,◎4 ○1 △7 ▲2 注6 ×3,,,,,7,神尾 敬冬  静,岡,26,123,A1,逃,3.92,92.87,,0,4.1,4.1,12.5,0,1,,,,,,12:28
2520260701010006,omiya,2026-07-01,6,▲1 △5 ◎2 ○7 ×6 注3,,,,,1,熊崎 麻人  埼,玉,26,123,S2,逃,3.92,96.7,▲,3,8.3,20.8,29.1,2,0,,,,,,12:56
2520260701010006,omiya,2026-07-01,6,▲1 △5 ◎2 ○7 ×6 注3,,,,,2,菅原 大也,神奈川,35,107,S1,両,3.92,103.0,◎,6,27.5,34.4,44.8,8,2,,,,,,12:56
2520260701010006,omiya,2026-07-01,6,▲1 △5 ◎2 ○7 ×6 注3,,,,,3,月森 亮輔  岡,山,34,101,S2,両,3.92,99.18,×,1,9.0,31.8,40.9,3,1,,,,,,12:56
2520260701010006,omiya,2026-07-01,6,▲1 △5 ◎2 ○7 ×6 注3,,,,,4,高津 晃治  岡,山,46,87,S2,追,3.92,98.57,注,2,11.1,18.5,33.3,0,0,,,,,,12:56
2520260701010006,omiya,2026-07-01,6,▲1 △5 ◎2 ○7 ×6 注3,,,,,5,柿沼 信也  埼,玉,41,91,S2,追,3.92,98.93,△,4,6.2,25.0,37.5,0,0,,,,,,12:56
2520260701010006,omiya,2026-07-01,6,▲1 △5 ◎2 ○7 ×6 注3,,,,,6,房州 輝也  福,島,40,91,S2,両,3.92,95.41,,0,0.0,2.9,23.5,0,0,,,,,,12:56
2520260701010006,omiya,2026-07-01,6,▲1 △5 ◎2 ○7 ×6 注3,,,,,7,佐々木 和紀,神奈川,29,117,S2,追,3.92,100.78,○,5,0.0,13.0,30.4,0,0,,,,,,12:56
2520260701010007,omiya,2026-07-01,7,○4 ◎5 △1 ×7 注3 ▲2,,,,,1,今井 聡  東,京,38,113,S2,追,3.92,92.38,△,4,47.6,61.9,66.6,1,1,,,,,,13:24
2520260701010007,omiya,2026-07-01,7,○4 ◎5 △1 ×7 注3 ▲2,,,,,2,山内 卓也  愛,知,49,77,S2,追,3.92,97.56,▲,3,10.0,16.6,23.3,0,0,,,,,,13:24
2520260701010007,omiya,2026-07-01,7,○4 ◎5 △1 ×7 注3 ▲2,,,,,3,丸山 啓一  静,岡,51,74,S2,追,3.92,100.92,注,2,8.0,24.0,36.0,0,0,,,,,,13:24
2520260701010007,omiya,2026-07-01,7,○4 ◎5 △1 ×7 注3 ▲2,,,,,4,川上 隆義  栃,木,25,125,S2,逃,3.92,100.5,○,5,27.7,33.3,50.0,6,0,,,,,,13:24
2520260701010007,omiya,2026-07-01,7,○4 ◎5 △1 ×7 注3 ▲2,,,,,5,中田 健太  埼,玉,36,99,S2,追,3.85,95.57,◎,6,45.0,65.0,90.0,0,0,,,,,,13:24
2520260701010007,omiya,2026-07-01,7,○4 ◎5 △1 ×7 注3 ▲2,,,,,6,高橋 成英  愛,知,43,89,S2,両,3.92,78.19,,0,4.7,14.2,19.0,3,0,,,,,,13:24
2520260701010007,omiya,2026-07-01,7,○4 ◎5 △1 ×7 注3 ▲2,,,,,7,村上 直久,神奈川,45,95,S2,両,3.92,101.85,×,1,11.1,29.6,40.7,4,2,,,,,,13:24
2520260701010008,omiya,2026-07-01,8,△1 ×7 ◎6 ○2 注5 ▲3,,,,,1,棚瀬 義大  岐,阜,26,123,S2,逃,3.92,102.8,△,4,10.0,35.0,55.0,6,1,,,,,,13:52
2520260701010008,omiya,2026-07-01,8,△1 ×7 ◎6 ○2 注5 ▲3,,,,,2,板垣 昴,北海道,34,115,S2,逃,3.92,103.56,◎,6,21.7,30.4,52.1,2,5,,,,,,13:52
2520260701010008,omiya,2026-07-01,8,△1 ×7 ◎6 ○2 注5 ▲3,,,,,3,藤田 昌宏  岡,山,51,82,S2,両,3.92,93.12,注,2,41.6,58.3,70.8,5,4,,,,,,13:52
2520260701010008,omiya,2026-07-01,8,△1 ×7 ◎6 ○2 注5 ▲3,,,,,4,大崎 飛雄馬  愛,媛,47,88,S2,追,3.92,93.38,▲,3,28.5,47.6,76.1,0,1,,,,,,13:52
2520260701010008,omiya,2026-07-01,8,△1 ×7 ◎6 ○2 注5 ▲3,,,,,5,佐藤 雅春  宮,城,39,94,S2,追,3.92,101.73,○,5,11.7,11.7,23.5,0,0,,,,,,13:52
2520260701010008,omiya,2026-07-01,8,△1 ×7 ◎6 ○2 注5 ▲3,,,,,6,中村 一将  兵,庫,50,86,S2,両,3.92,92.44,,0,22.2,50.0,61.1,3,4,,,,,,13:52
2520260701010008,omiya,2026-07-01,8,△1 ×7 ◎6 ○2 注5 ▲3,,,,,7,山口 富生  岐,阜,56,68,S1,追,3.93,104.53,×,1,0.0,15.3,46.1,0,0,,,,,,13:52
2520260701010009,omiya,2026-07-01,9,△4 ×7 注1 ▲6 ◎2 ○5,,,,,1,荻原 尚人  宮,城,42,89,S2,追,3.92,98.03,注,2,7.6,23.0,30.7,0,0,,,,,,14:20
2520260701010009,omiya,2026-07-01,9,△4 ×7 注1 ▲6 ◎2 ○5,,,,,2,大野 悟郎  大,分,46,83,S2,追,3.92,92.76,,0,0.0,0.0,0.0,0,0,,,,,,14:20
2520260701010009,omiya,2026-07-01,9,△4 ×7 注1 ▲6 ◎2 ○5,,,,,3,大石 崇晴  大,阪,33,109,S1,両,3.92,100.46,○,5,3.8,15.3,30.7,0,3,,,,,,14:20
2520260701010009,omiya,2026-07-01,9,△4 ×7 注1 ▲6 ◎2 ○5,,,,,4,塩島 嵩一朗,神奈川,26,125,S1,逃,3.92,101.92,△,4,26.6,33.3,53.3,3,2,,,,,,14:20
2520260701010009,omiya,2026-07-01,9,△4 ×7 注1 ▲6 ◎2 ○5,,,,,5,脇本 勇希  福,井,27,115,S1,逃,3.92,106.28,◎,6,19.0,28.5,38.0,3,3,,,,,,14:20
2520260701010009,omiya,2026-07-01,9,△4 ×7 注1 ▲6 ◎2 ○5,,,,,6,森山 智徳  熊,本,42,98,S2,両,3.92,91.0,▲,3,37.5,50.0,58.3,4,4,,,,,,14:20
2520260701010009,omiya,2026-07-01,9,△4 ×7 注1 ▲6 ◎2 ○5,,,,,7,金成 和幸  福,島,47,88,S2,追,3.92,100.32,×,1,3.4,13.7,27.5,0,0,,,,,,14:20
2520260701010010,omiya,2026-07-01,10,△1 ×4 注2 ◎6 ○7 ▲3,,,,,1,田村 大  宮,崎,28,119,S2,逃,3.92,100.2,△,4,17.2,27.5,51.7,5,3,,,,,,14:48
2520260701010010,omiya,2026-07-01,10,△1 ×4 注2 ◎6 ○7 ▲3,,,,,2,橋本 瑠偉  栃,木,31,113,S1,逃,3.92,98.04,注,2,21.7,26.0,30.4,1,4,,,,,,14:48
2520260701010010,omiya,2026-07-01,10,△1 ×4 注2 ◎6 ○7 ▲3,,,,,3,菊地 圭尚,北海道,46,89,S2,追,3.92,103.35,○,5,0.0,28.5,35.7,0,0,,,,,,14:48
2520260701010010,omiya,2026-07-01,10,△1 ×4 注2 ◎6 ○7 ▲3,,,,,4,宮崎 大空  熊,本,27,115,S2,両,3.92,101.81,×,1,11.1,25.9,48.1,0,0,,,,,,14:48
2520260701010010,omiya,2026-07-01,10,△1 ×4 注2 ◎6 ○7 ▲3,,,,,5,佐伯 翔  福,島,39,97,S2,追,3.92,97.0,▲,3,0.0,20.0,30.0,0,0,,,,,,14:48
2520260701010010,omiya,2026-07-01,10,△1 ×4 注2 ◎6 ○7 ▲3,,,,,6,飯嶋 則之  栃,木,47,81,S2,追,3.92,89.47,,0,9.5,23.8,38.0,0,0,,,,,,14:48
2520260701010010,omiya,2026-07-01,10,△1 ×4 注2 ◎6 ○7 ▲3,,,,,7,嵯峨 昇喜郎  青,森,27,113,S1,両,3.92,108.27,◎,6,12.5,37.5,45.8,2,5,,,,,,14:48
2520260701010011,omiya,2026-07-01,11,◎1 ○7 ▲6 注5 ×2 △3,,,,,1,福永 大智  大,阪,28,113,S2,逃,3.92,108.86,◎,6,18.1,40.9,63.6,1,4,,,,,,15:17
2520260701010011,omiya,2026-07-01,11,◎1 ○7 ▲6 注5 ×2 △3,,,,,2,西田 雅志  広,島,48,82,S2,追,3.92,95.58,注,2,4.1,12.5,25.0,0,0,,,,,,15:17
2520260701010011,omiya,2026-07-01,11,◎1 ○7 ▲6 注5 ×2 △3,,,,,3,鈴木 浩太  千,葉,29,119,S2,逃,3.92,100.84,×,1,20.0,24.0,40.0,4,2,,,,,,15:17
2520260701010011,omiya,2026-07-01,11,◎1 ○7 ▲6 注5 ×2 △3,,,,,4,福田 知也,神奈川,43,88,S1,追,3.92,97.69,△,4,7.4,18.5,33.3,0,1,,,,,,15:17
2520260701010011,omiya,2026-07-01,11,◎1 ○7 ▲6 注5 ×2 △3,,,,,5,森本 桂太郎  愛,媛,27,121,S2,逃,3.92,94.73,▲,3,0.0,21.0,31.5,1,2,,,,,,15:17
2520260701010011,omiya,2026-07-01,11,◎1 ○7 ▲6 注5 ×2 △3,,,,,6,内山 貴裕  京,都,38,95,S2,追,3.92,90.27,,0,16.6,38.8,55.5,1,0,,,,,,15:17
2520260701010011,omiya,2026-07-01,11,◎1 ○7 ▲6 注5 ×2 △3,,,,,7,松村 友和  大,阪,46,88,S2,追,3.92,105.37,○,5,12.5,41.6,62.5,0,0,,,,,,15:17
2520260701010012,omiya,2026-07-01,12,×3 ▲7 △6 注1 ○4 ◎2,,,,,1,柏野 智典  岡,山,47,88,S1,追,3.92,110.73,△,4,17.2,31.0,55.1,0,0,,,,,,15:47
2520260701010012,omiya,2026-07-01,12,×3 ▲7 △6 注1 ○4 ◎2,,,,,2,長島 大介  栃,木,37,96,S1,両,3.92,108.8,○,5,24.0,32.0,44.0,0,1,,,,,,15:47
2520260701010012,omiya,2026-07-01,12,×3 ▲7 △6 注1 ○4 ◎2,,,,,3,渡邉 雅也  静,岡,25,117,S1,両,3.92,111.48,×,1,40.0,52.0,68.0,0,7,,,,,,15:47
2520260701010012,omiya,2026-07-01,12,×3 ▲7 △6 注1 ○4 ◎2,,,,,4,村上 博幸  京,都,47,86,S1,追,3.92,109.0,注,2,0.0,11.7,29.4,0,0,,,,,,15:47
2520260701010012,omiya,2026-07-01,12,×3 ▲7 △6 注1 ○4 ◎2,,,,,5,武藤 龍生  埼,玉,35,98,S1,追,3.92,112.0,◎,6,10.5,26.3,36.8,0,0,,,,,,15:47
2520260701010012,omiya,2026-07-01,12,×3 ▲7 △6 注1 ○4 ◎2,,,,,6,中村 圭志  熊,本,45,86,S1,追,3.93,108.52,,0,9.0,31.8,54.5,0,0,,,,,,15:47
2520260701010012,omiya,2026-07-01,12,×3 ▲7 △6 注1 ○4 ◎2,,,,,7,佐藤 友和  岩,手,43,88,S1,両,3.92,109.16,▲,3,22.2,27.7,33.3,0,0,,,,,,15:47
3120260701010001,matsudo,2026-07-01,1,◎1 ○3 ▲5 △7 ×6 注2,,,,,1,坂本 拓也  福,島,40,111,A1,両,3.92,86.81,◎,6,31.8,31.8,59.0,0,2,,,,,,20:36
3120260701010001,matsudo,2026-07-01,1,◎1 ○3 ▲5 △7 ×6 注2,,,,,2,渋谷 錬,神奈川,35,103,A1,追,3.92,85.2,×,1,20.8,25.0,45.8,0,0,,,,,,20:36
3120260701010001,matsudo,2026-07-01,1,◎1 ○3 ▲5 △7 ×6 注2,,,,,3,山口 慎吾,北海道,43,93,A2,追,3.92,83.73,○,5,4.3,17.3,47.8,0,0,,,,,,20:36
3120260701010001,matsudo,2026-07-01,1,◎1 ○3 ▲5 △7 ×6 注2,,,,,4,野村 純宏,神奈川,49,82,A2,追,3.92,82.83,注,2,8.3,20.8,33.3,0,0,,,,,,20:36
3120260701010001,matsudo,2026-07-01,1,◎1 ○3 ▲5 △7 ×6 注2,,,,,5,坂本 昌宏  青,森,41,91,A2,追,3.92,81.87,▲,3,0.0,4.1,37.5,0,0,,,,,,20:36
3120260701010001,matsudo,2026-07-01,1,◎1 ○3 ▲5 △7 ×6 注2,,,,,6,坂木田 雄介  千,葉,52,78,A2,逃,3.92,81.25,△,4,4.1,20.8,37.5,4,1,,,,,,20:36
3120260701010001,matsudo,2026-07-01,1,◎1 ○3 ▲5 △7 ×6 注2,,,,,7,神開 将暢  福,岡,53,69,A2,追,3.92,75.66,,0,5.5,61.1,72.2,0,0,,,,,,20:36
3120260701010002,matsudo,2026-07-01,2,○5 ◎1 △6 ▲7 ×2 注3,,,,,1,小原 亮哉  大,分,36,113,A1,追,3.92,87.29,◎,6,22.2,40.7,55.5,0,1,,,,,,21:00
3120260701010002,matsudo,2026-07-01,2,○5 ◎1 △6 ▲7 ×2 注3,,,,,2,吉竹 尚城  静,岡,33,109,A1,逃,3.92,85.95,×,1,37.5,45.8,54.1,5,5,,,,,,21:00
3120260701010002,matsudo,2026-07-01,2,○5 ◎1 △6 ▲7 ×2 注3,,,,,3,山崎 敦雄  静,岡,53,70,A1,追,3.85,85.58,注,2,5.8,17.6,35.2,0,0,,,,,,21:00
3120260701010002,matsudo,2026-07-01,2,○5 ◎1 △6 ▲7 ×2 注3,,,,,4,上野 真吾,神奈川,38,93,A1,追,3.93,83.2,,0,10.0,40.0,50.0,0,0,,,,,,21:00
3120260701010002,matsudo,2026-07-01,2,○5 ◎1 △6 ▲7 ×2 注3,,,,,5,吉野 太晟  岡,山,24,127,A2,逃,3.92,82.2,○,5,58.3,70.8,79.1,14,3,,,,,,21:00
3120260701010002,matsudo,2026-07-01,2,○5 ◎1 △6 ▲7 ×2 注3,,,,,6,岩橋 則明  埼,玉,54,78,A2,追,3.92,80.75,△,4,0.0,0.0,33.3,0,0,,,,,,21:00
3120260701010002,matsudo,2026-07-01,2,○5 ◎1 △6 ▲7 ×2 注3,,,,,7,樋口 絢土  東,京,38,96,A2,追,3.92,74.75,▲,3,33.3,45.8,66.6,0,0,,,,,,21:00
3120260701010003,matsudo,2026-07-01,3,◎1 ○2 注3 ×4 △5 ▲6,,,,,1,中島 淳  埼,玉,26,125,A2,逃,3.85,88.75,◎,6,23.5,35.2,58.8,4,2,,,,,,21:24
3120260701010003,matsudo,2026-07-01,3,◎1 ○2 注3 ×4 △5 ▲6,,,,,2,台 和紀  埼,玉,49,83,A1,追,3.92,87.5,○,5,25.0,33.3,50.0,0,0,,,,,,21:24
3120260701010003,matsudo,2026-07-01,3,◎1 ○2 注3 ×4 △5 ▲6,,,,,3,秋葉 大輔  東,京,43,90,A2,追,3.92,85.5,注,2,4.1,20.8,45.8,0,0,,,,,,21:24
3120260701010003,matsudo,2026-07-01,3,◎1 ○2 注3 ×4 △5 ▲6,,,,,4,橋本 陸  福,岡,29,121,A1,逃,3.93,84.66,×,1,12.5,25.0,41.6,4,2,,,,,,21:24
3120260701010003,matsudo,2026-07-01,3,◎1 ○2 注3 ×4 △5 ▲6,,,,,5,滝山 実  徳,島,48,84,A2,追,3.92,84.28,△,4,0.0,23.8,28.5,0,0,,,,,,21:24
3120260701010003,matsudo,2026-07-01,3,◎1 ○2 注3 ×4 △5 ▲6,,,,,6,佐野 恭太  静,岡,46,94,A2,両,3.92,81.96,▲,3,0.0,18.5,37.0,0,1,,,,,,21:24
3120260701010003,matsudo,2026-07-01,3,◎1 ○2 注3 ×4 △5 ▲6,,,,,7,渡辺 聖,神奈川,40,100,A2,追,3.92,81.0,,0,0.0,0.0,0.0,0,0,,,,,,21:24
3120260701010004,matsudo,2026-07-01,4,◎1 ○2 ×6 △4 ▲3 注7,,,,,1,阿部 架惟都  宮,城,27,115,A1,逃,3.92,89.44,◎,6,27.7,50.0,72.2,6,3,,,,,,21:48
3120260701010004,matsudo,2026-07-01,4,◎1 ○2 ×6 △4 ▲3 注7,,,,,2,本多 哲也  千,葉,38,97,A1,両,3.92,88.08,○,5,20.8,37.5,66.6,1,6,,,,,,21:48
3120260701010004,matsudo,2026-07-01,4,◎1 ○2 ×6 △4 ▲3 注7,,,,,3,堀 政美  茨,城,57,65,A2,追,3.93,85.66,△,4,4.7,19.0,47.6,0,0,,,,,,21:48
3120260701010004,matsudo,2026-07-01,4,◎1 ○2 ×6 △4 ▲3 注7,,,,,4,神山 尚  栃,木,35,109,A1,両,3.92,83.7,×,1,18.5,22.2,44.4,1,1,,,,,,21:48
3120260701010004,matsudo,2026-07-01,4,◎1 ○2 ×6 △4 ▲3 注7,,,,,5,吉成 貴博  熊,本,38,97,A2,追,3.92,82.26,注,2,4.3,17.3,39.1,0,1,,,,,,21:48
3120260701010004,matsudo,2026-07-01,4,◎1 ○2 ×6 △4 ▲3 注7,,,,,6,河上 陽一  千,葉,50,99,A2,両,3.92,82.04,,0,0.0,9.5,33.3,0,0,,,,,,21:48
3120260701010004,matsudo,2026-07-01,4,◎1 ○2 ×6 △4 ▲3 注7,,,,,7,高鍋 邦彰  福,岡,39,95,A2,両,3.92,72.93,▲,3,23.3,43.3,50.0,7,4,,,,,,21:48
3120260701010005,matsudo,2026-07-01,5,◎1 ○2 △3 注6 ×4 ▲5,,,,,1,泉 文人  福,島,35,99,A2,両,3.92,91.42,◎,6,28.5,42.8,57.1,1,3,,,,,,22:13
3120260701010005,matsudo,2026-07-01,5,◎1 ○2 △3 注6 ×4 ▲5,,,,,2,高橋 秀吉  秋,田,43,88,A1,追,3.92,88.46,○,5,26.6,26.6,53.3,0,0,,,,,,22:13
3120260701010005,matsudo,2026-07-01,5,◎1 ○2 △3 注6 ×4 ▲5,,,,,3,大西 健士,神奈川,45,88,A2,追,3.93,83.75,△,4,0.0,8.3,41.6,0,0,,,,,,22:13
3120260701010005,matsudo,2026-07-01,5,◎1 ○2 △3 注6 ×4 ▲5,,,,,4,萱島 大介  大,分,46,99,A2,追,3.93,83.38,×,1,9.5,28.5,38.0,0,1,,,,,,22:13
3120260701010005,matsudo,2026-07-01,5,◎1 ○2 △3 注6 ×4 ▲5,,,,,5,小川 圭二  徳,島,55,68,A1,追,3.92,82.05,▲,3,5.5,11.1,27.7,0,0,,,,,,22:13
3120260701010005,matsudo,2026-07-01,5,◎1 ○2 △3 注6 ×4 ▲5,,,,,6,小山 峻汰  熊,本,26,125,A2,逃,3.92,81.14,注,2,4.7,14.2,28.5,1,1,,,,,,22:13
3120260701010005,matsudo,2026-07-01,5,◎1 ○2 △3 注6 ×4 ▲5,,,,,7,甲斐下 智  広,島,57,64,A2,追,3.92,65.96,,0,0.0,0.0,21.4,0,0,,,,,,22:13
3120260701010006,matsudo,2026-07-01,6,◎1 ○2 ▲6 △7 ×4 注3,,,,,1,諸隈 健太郎  高,知,25,127,A2,逃,3.92,91.66,◎,6,38.8,66.6,72.2,10,1,,,,,,22:40
3120260701010006,matsudo,2026-07-01,6,◎1 ○2 ▲6 △7 ×4 注3,,,,,2,大瀬戸 潤一郎  広,島,44,95,A1,追,3.92,88.47,○,5,22.7,36.3,59.0,0,0,,,,,,22:40
3120260701010006,matsudo,2026-07-01,6,◎1 ○2 ▲6 △7 ×4 注3,,,,,3,山田 義彦  埼,玉,40,92,A1,両,3.92,86.3,×,1,6.6,20.0,33.3,0,1,,,,,,22:40
3120260701010006,matsudo,2026-07-01,6,◎1 ○2 ▲6 △7 ×4 注3,,,,,4,助川 翔太郎  埼,玉,29,123,A1,逃,3.85,83.66,△,4,16.6,25.0,50.0,1,1,,,,,,22:40
3120260701010006,matsudo,2026-07-01,6,◎1 ○2 ▲6 △7 ×4 注3,,,,,5,長沼 謙太  東,京,37,99,A1,追,3.92,83.5,注,2,27.7,38.8,50.0,0,0,,,,,,22:40
3120260701010006,matsudo,2026-07-01,6,◎1 ○2 ▲6 △7 ×4 注3,,,,,6,吉良 勝信  福,岡,52,75,A2,追,3.93,80.9,▲,3,5.0,15.0,25.0,0,0,,,,,,22:40
3120260701010006,matsudo,2026-07-01,6,◎1 ○2 ▲6 △7 ×4 注3,,,,,7,城戸崎 隆史  福,岡,53,76,A2,両,3.92,80.43,,0,0.0,8.6,21.7,0,0,,,,,,22:40
3120260701010007,matsudo,2026-07-01,7,◎2 ○1 △3 ×5 ▲4 注6,,,,,1,中島 将尊  東,京,31,105,A1,両,3.85,96.2,○,5,12.5,18.7,37.5,0,0,,,,,,23:07
3120260701010007,matsudo,2026-07-01,7,◎2 ○1 △3 ×5 ▲4 注6,,,,,2,坪内 恒  千,葉,34,123,A1,逃,3.92,92.66,◎,6,33.3,50.0,58.3,3,9,,,,,,23:07
3120260701010007,matsudo,2026-07-01,7,◎2 ○1 △3 ×5 ▲4 注6,,,,,3,三澤 康人  宮,城,41,91,A1,追,3.92,92.41,,0,8.3,33.3,41.6,0,0,,,,,,23:07
3120260701010007,matsudo,2026-07-01,7,◎2 ○1 △3 ×5 ▲4 注6,,,,,4,久樹 克門  徳,島,34,113,A1,逃,3.92,92.26,×,1,29.1,50.0,54.1,0,3,,,,,,23:07
3120260701010007,matsudo,2026-07-01,7,◎2 ○1 △3 ×5 ▲4 注6,,,,,5,細中 翔太  岡,山,27,125,A1,逃,3.92,91.88,△,4,41.1,58.8,82.3,8,2,,,,,,23:07
3120260701010007,matsudo,2026-07-01,7,◎2 ○1 △3 ×5 ▲4 注6,,,,,6,篠原 龍馬  高,知,44,89,A1,両,3.92,90.8,▲,3,28.5,47.6,57.1,3,3,,,,,,23:07
3120260701010007,matsudo,2026-07-01,7,◎2 ○1 △3 ×5 ▲4 注6,,,,,7,松澤 敬輔,北海道,38,97,A1,両,3.92,90.58,注,2,16.6,66.6,75.0,0,3,,,,,,23:07
3520260630020001,hiratsuka,2026-07-01,1,◎1 ○3 ▲6 ×7 △4 注5,,,,,1,佐々木 祐太  岩,手,26,123,A1,逃,3.92,85.76,◎,6,14.2,33.3,47.6,4,3,,,,,,15:40
3520260630020001,hiratsuka,2026-07-01,1,◎1 ○3 ▲6 ×7 △4 注5,,,,,2,寺崎 祐樹  熊,本,38,97,A1,追,3.92,84.28,注,2,14.2,33.3,38.0,0,0,,,,,,15:40
3520260630020001,hiratsuka,2026-07-01,1,◎1 ○3 ▲6 ×7 △4 注5,,,,,3,小笠原 昭太  青,森,50,76,A1,追,3.92,85.92,○,5,22.2,33.3,48.1,0,0,,,,,,15:40
3520260630020001,hiratsuka,2026-07-01,1,◎1 ○3 ▲6 ×7 △4 注5,,,,,4,天野 純平  佐,賀,28,115,A2,逃,3.92,84.72,×,1,33.3,44.4,44.4,2,5,,,,,,15:40
3520260630020001,hiratsuka,2026-07-01,1,◎1 ○3 ▲6 ×7 △4 注5,,,,,5,井上 将志  福,岡,39,98,A2,両,3.92,82.25,△,4,12.5,20.8,29.1,0,0,,,,,,15:40
3520260630020001,hiratsuka,2026-07-01,1,◎1 ○3 ▲6 ×7 △4 注5,,,,,6,森川 剛,神奈川,47,89,A2,追,3.92,78.52,,0,4.0,4.0,16.0,0,0,,,,,,15:40
3520260630020001,hiratsuka,2026-07-01,1,◎1 ○3 ▲6 ×7 △4 注5,,,,,7,伊原 弘幸  福,井,41,90,A1,追,3.93,81.43,▲,3,4.1,8.3,29.1,0,0,,,,,,15:40
3520260630020002,hiratsuka,2026-07-01,2,▲7 ×2 ◎1 ○5 △3 注4,,,,,1,山本 天平  千,葉,28,125,A2,逃,3.92,83.52,◎,6,17.3,21.7,34.7,4,1,,,,,,16:02
3520260630020002,hiratsuka,2026-07-01,2,▲7 ×2 ◎1 ○5 △3 注4,,,,,2,白石 大輔  福,島,43,88,A1,両,3.92,86.75,×,1,16.6,33.3,54.1,0,0,,,,,,16:02
3520260630020002,hiratsuka,2026-07-01,2,▲7 ×2 ◎1 ○5 △3 注4,,,,,3,廣川 泰昭  愛,媛,43,90,A2,追,3.92,85.2,△,4,20.0,26.6,33.3,0,2,,,,,,16:02
3520260630020002,hiratsuka,2026-07-01,2,▲7 ×2 ◎1 ○5 △3 注4,,,,,4,松崎 貴久  富,山,52,82,A2,追,3.92,85.62,注,2,18.5,37.0,59.2,0,0,,,,,,16:02
3520260630020002,hiratsuka,2026-07-01,2,▲7 ×2 ◎1 ○5 △3 注4,,,,,5,山信田 学  埼,玉,50,83,A2,追,3.92,83.08,○,5,8.0,12.0,36.0,0,0,,,,,,16:02
3520260630020002,hiratsuka,2026-07-01,2,▲7 ×2 ◎1 ○5 △3 注4,,,,,6,片山 直人  福,岡,44,87,A2,両,3.92,76.91,,0,0.0,0.0,4.1,0,0,,,,,,16:02
3520260630020002,hiratsuka,2026-07-01,2,▲7 ×2 ◎1 ○5 △3 注4,,,,,7,菅田 和宏  宮,城,44,88,A2,逃,3.92,81.33,▲,3,7.4,14.8,25.9,1,1,,,,,,16:02
3520260630020003,hiratsuka,2026-07-01,3,△1 ×7 ◎5 ○4 ▲2 注6,,,,,1,戸邉 捺希  埼,玉,27,117,A1,逃,3.92,82.82,△,4,5.5,22.2,33.3,2,2,,,,,,16:26
3520260630020003,hiratsuka,2026-07-01,3,△1 ×7 ◎5 ○4 ▲2 注6,,,,,2,落合 達彦  静,岡,39,96,A1,追,3.92,92.0,○,5,25.0,50.0,50.0,0,0,,,,,,16:26
3520260630020003,hiratsuka,2026-07-01,3,△1 ×7 ◎5 ○4 ▲2 注6,,,,,3,愛敬 博之  愛,知,42,94,A1,追,3.93,86.0,注,2,9.5,28.5,42.8,0,1,,,,,,16:26
3520260630020003,hiratsuka,2026-07-01,3,△1 ×7 ◎5 ○4 ▲2 注6,,,,,4,松本 定  福,岡,29,125,A1,逃,3.93,93.61,◎,6,57.1,80.9,85.7,13,4,,,,,,16:26
3520260630020003,hiratsuka,2026-07-01,3,△1 ×7 ◎5 ○4 ▲2 注6,,,,,5,小佐野 文秀  山,梨,50,83,A2,追,3.93,87.0,,0,25.0,25.0,45.8,0,0,,,,,,16:26
3520260630020003,hiratsuka,2026-07-01,3,△1 ×7 ◎5 ○4 ▲2 注6,,,,,6,枠元 一葵  福,井,26,117,A2,逃,3.92,82.52,▲,3,19.0,23.8,42.8,3,2,,,,,,16:26
3520260630020003,hiratsuka,2026-07-01,3,△1 ×7 ◎5 ○4 ▲2 注6,,,,,7,根本 雄紀  茨,城,49,80,A1,追,3.92,87.87,×,1,16.6,20.8,54.1,0,0,,,,,,16:26
3520260630020004,hiratsuka,2026-07-01,4,×1 注5 ◎2 ○7 ▲4 △3,,,,,1,松坂 侑亮,神奈川,28,115,A1,逃,3.92,88.2,×,1,33.3,50.0,58.3,7,5,,,,,,16:50
3520260630020004,hiratsuka,2026-07-01,4,×1 注5 ◎2 ○7 ▲4 △3,,,,,2,岡部 陸斗  栃,木,23,125,A1,逃,3.85,92.33,◎,6,61.1,72.2,83.3,8,4,,,,,,16:50
3520260630020004,hiratsuka,2026-07-01,4,×1 注5 ◎2 ○7 ▲4 △3,,,,,3,篠原 忍  愛,知,43,91,A1,両,3.92,92.45,△,4,15.0,40.0,55.0,0,0,,,,,,16:50
3520260630020004,hiratsuka,2026-07-01,4,×1 注5 ◎2 ○7 ▲4 △3,,,,,4,重倉 高史  富,山,40,95,A1,両,3.92,85.81,▲,3,14.8,33.3,59.2,5,0,,,,,,16:50
3520260630020004,hiratsuka,2026-07-01,4,×1 注5 ◎2 ○7 ▲4 △3,,,,,5,河野 要,神奈川,42,94,A2,追,3.92,85.16,注,2,16.6,33.3,41.6,0,0,,,,,,16:50
3520260630020004,hiratsuka,2026-07-01,4,×1 注5 ◎2 ○7 ▲4 △3,,,,,6,白井 優太朗  広,島,24,119,A1,逃,3.92,84.47,,0,10.0,20.0,45.0,0,2,,,,,,16:50
3520260630020004,hiratsuka,2026-07-01,4,×1 注5 ◎2 ○7 ▲4 △3,,,,,7,星野 辰也  栃,木,40,95,A1,追,3.92,88.83,○,5,16.6,37.5,45.8,0,0,,,,,,16:50
3520260630020005,hiratsuka,2026-07-01,5,△1 ▲5 ◎6 ○2 ×4 注7,,,,,1,谷口 友真  大,阪,36,109,A1,逃,3.92,90.14,△,4,23.8,38.0,52.3,0,1,,,,,,17:14
3520260630020005,hiratsuka,2026-07-01,5,△1 ▲5 ◎6 ○2 ×4 注7,,,,,2,岩辺 陸  静,岡,21,127,A2,逃,3.92,91.5,◎,6,33.3,66.6,83.3,3,8,,,,,,17:14
3520260630020005,hiratsuka,2026-07-01,5,△1 ▲5 ◎6 ○2 ×4 注7,,,,,3,市本 隆司  広,島,54,72,A2,両,3.93,87.95,注,2,23.8,33.3,57.1,0,1,,,,,,17:14
3520260630020005,hiratsuka,2026-07-01,5,△1 ▲5 ◎6 ○2 ×4 注7,,,,,4,太刀川 一成  千,葉,45,100,A1,追,3.92,96.17,○,5,2.8,17.1,25.7,0,0,,,,,,17:14
3520260630020005,hiratsuka,2026-07-01,5,△1 ▲5 ◎6 ○2 ×4 注7,,,,,5,坂本 匡洋  大,阪,42,91,A2,追,3.92,86.66,▲,3,25.0,41.6,50.0,1,0,,,,,,17:14
3520260630020005,hiratsuka,2026-07-01,5,△1 ▲5 ◎6 ○2 ×4 注7,,,,,6,土岐 幹多  岐,阜,47,83,A2,追,3.92,85.22,,0,0.0,11.1,33.3,0,0,,,,,,17:14
3520260630020005,hiratsuka,2026-07-01,5,△1 ▲5 ◎6 ○2 ×4 注7,,,,,7,高井 流星  岡,山,31,113,A2,逃,3.92,91.4,×,1,26.0,56.5,60.8,6,6,,,,,,17:14
3520260630020006,hiratsuka,2026-07-01,6,注2 ×4 △1 ▲3 ◎6 ○7,,,,,1,中村 由香里  東,京,45,102,L1,追,3.79,51.33,△,4,4.7,19.0,47.6,0,0,,,,,,17:38
3520260630020006,hiratsuka,2026-07-01,6,注2 ×4 △1 ▲3 ◎6 ○7,,,,,2,赤池 七虹  静,岡,23,128,L1,両,3.77,48.36,注,2,0.0,9.0,27.2,0,0,,,,,,17:38
3520260630020006,hiratsuka,2026-07-01,6,注2 ×4 △1 ▲3 ◎6 ○7,,,,,3,菅原 ななこ  宮,城,25,120,L1,両,3.71,47.45,▲,3,5.0,10.0,20.0,0,0,,,,,,17:38
3520260630020006,hiratsuka,2026-07-01,6,注2 ×4 △1 ▲3 ◎6 ○7,,,,,4,當銘 沙恵美  愛,知,27,118,L1,両,3.79,52.44,×,1,12.0,48.0,56.0,5,1,,,,,,17:38
3520260630020006,hiratsuka,2026-07-01,6,注2 ×4 △1 ▲3 ◎6 ○7,,,,,5,溝口 香奈  大,分,40,108,L1,追,3.79,46.95,,0,0.0,0.0,4.7,0,0,,,,,,17:38
3520260630020006,hiratsuka,2026-07-01,6,注2 ×4 △1 ▲3 ◎6 ○7,,,,,6,西島 叶子  熊,本,31,118,L1,両,3.79,53.14,◎,6,19.0,42.8,71.4,1,2,,,,,,17:38
3520260630020006,hiratsuka,2026-07-01,6,注2 ×4 △1 ▲3 ◎6 ○7,,,,,7,細田 愛未  埼,玉,31,108,L1,両,3.79,52.5,○,5,5.5,50.0,66.6,1,0,,,,,,17:38
3520260630020007,hiratsuka,2026-07-01,7,▲3 ×1 ○2 注4 ◎5 △6,,,,,1,成田 可菜絵  大,阪,39,112,L1,両,3.77,47.8,×,1,5.0,15.0,25.0,3,0,,,,,,18:02
3520260630020007,hiratsuka,2026-07-01,7,▲3 ×1 ○2 注4 ◎5 △6,,,,,2,又多 風緑  石,川,24,122,L1,両,3.77,52.16,○,5,20.8,33.3,50.0,1,3,,,,,,18:02
3520260630020007,hiratsuka,2026-07-01,7,▲3 ×1 ○2 注4 ◎5 △6,,,,,3,藤巻 絵里佳  福,島,30,110,L1,追,3.79,47.32,▲,3,0.0,0.0,14.2,0,0,,,,,,18:02
3520260630020007,hiratsuka,2026-07-01,7,▲3 ×1 ○2 注4 ◎5 △6,,,,,4,新井 美菜  埼,玉,26,116,L1,追,3.71,46.68,注,2,6.2,12.5,25.0,1,1,,,,,,18:02
3520260630020007,hiratsuka,2026-07-01,7,▲3 ×1 ○2 注4 ◎5 △6,,,,,5,尾崎 睦,神奈川,41,108,L1,両,3.79,57.52,◎,6,66.6,75.0,83.3,1,16,,,,,,18:02
3520260630020007,hiratsuka,2026-07-01,7,▲3 ×1 ○2 注4 ◎5 △6,,,,,6,田口 梓乃  山,口,33,102,L1,追,3.79,46.81,,0,0.0,12.5,25.0,0,0,,,,,,18:02
3520260630020007,hiratsuka,2026-07-01,7,▲3 ×1 ○2 注4 ◎5 △6,,,,,7,川原 未紀  千,葉,26,128,L1,両,3.71,49.22,△,4,0.0,10.5,36.8,1,0,,,,,,18:02
3520260630020008,hiratsuka,2026-07-01,8,注6 ×1 △5 ▲4 ◎2 ○3,,,,,1,五十嵐 綾  福,島,25,121,S2,逃,3.92,93.68,×,1,40.9,59.0,63.6,2,8,,,,,,18:26
3520260630020008,hiratsuka,2026-07-01,8,注6 ×1 △5 ▲4 ◎2 ○3,,,,,2,小川 真太郎  徳,島,34,107,S1,両,3.92,106.57,◎,6,21.0,26.3,42.1,0,3,,,,,,18:26
3520260630020008,hiratsuka,2026-07-01,8,注6 ×1 △5 ▲4 ◎2 ○3,,,,,3,黒田 淳  岡,山,41,97,S2,追,3.92,97.45,○,5,5.0,20.0,30.0,0,0,,,,,,18:26
3520260630020008,hiratsuka,2026-07-01,8,注6 ×1 △5 ▲4 ◎2 ○3,,,,,4,木村 直隆  兵,庫,47,86,S2,追,3.93,92.31,▲,3,17.6,41.1,58.8,0,0,,,,,,18:26
3520260630020008,hiratsuka,2026-07-01,8,注6 ×1 △5 ▲4 ◎2 ○3,,,,,5,渡辺 十夢  福,井,45,85,S2,追,3.93,102.13,△,4,4.0,32.0,44.0,0,0,,,,,,18:26
3520260630020008,hiratsuka,2026-07-01,8,注6 ×1 △5 ▲4 ◎2 ○3,,,,,6,佐々木 亮太  青,森,21,125,S2,逃,3.92,90.45,注,2,29.1,37.5,50.0,5,4,,,,,,18:26
3520260630020009,hiratsuka,2026-07-01,9,◎1 ○7 注4 ▲2 ×3 △5,,,,,1,山口 多聞  埼,玉,24,121,S1,逃,3.92,100.45,◎,6,12.5,29.1,41.6,5,1,,,,,,18:51
3520260630020009,hiratsuka,2026-07-01,9,◎1 ○7 注4 ▲2 ×3 △5,,,,,2,徳丸 泰教  兵,庫,40,95,S2,追,3.92,89.19,▲,3,14.2,23.8,38.0,0,1,,,,,,18:51
3520260630020009,hiratsuka,2026-07-01,9,◎1 ○7 注4 ▲2 ×3 △5,,,,,3,門田 凌  愛,媛,32,111,S2,両,3.92,91.25,×,1,37.5,58.3,66.6,1,5,,,,,,18:51
3520260630020009,hiratsuka,2026-07-01,9,◎1 ○7 注4 ▲2 ×3 △5,,,,,4,加藤 圭一,神奈川,48,85,S2,追,3.92,91.0,注,2,0.0,22.2,33.3,0,0,,,,,,18:51
3520260630020009,hiratsuka,2026-07-01,9,◎1 ○7 注4 ▲2 ×3 △5,,,,,5,高市 訓但  愛,媛,38,97,S2,追,3.92,93.11,△,4,22.2,55.5,77.7,0,0,,,,,,18:51
3520260630020009,hiratsuka,2026-07-01,9,◎1 ○7 注4 ▲2 ×3 △5,,,,,6,野村 典嗣  愛,媛,36,109,S2,追,3.92,88.66,,0,8.3,33.3,45.8,0,1,,,,,,18:51
3520260630020009,hiratsuka,2026-07-01,9,◎1 ○7 注4 ▲2 ×3 △5,,,,,7,櫻井 学  群,馬,46,84,S2,両,3.92,97.57,○,5,7.1,25.0,35.7,0,0,,,,,,18:51
3520260630020010,hiratsuka,2026-07-01,10,◎2 ○6 ▲5 △1 ×7 注3,,,,,1,小松崎 大地  福,島,43,99,S1,両,3.92,107.62,△,4,41.6,45.8,50.0,0,4,,,,,,19:17
3520260630020010,hiratsuka,2026-07-01,10,◎2 ○6 ▲5 △1 ×7 注3,,,,,2,北井 佑季,神奈川,36,119,S2,逃,3.92,106.69,◎,6,58.3,62.5,70.8,4,10,,,,,,19:17
3520260630020010,hiratsuka,2026-07-01,10,◎2 ○6 ▲5 △1 ×7 注3,,,,,3,横関 裕樹  岐,阜,38,99,S2,両,3.92,102.38,,0,15.3,34.6,53.8,0,0,,,,,,19:17
3520260630020010,hiratsuka,2026-07-01,10,◎2 ○6 ▲5 △1 ×7 注3,,,,,4,松本 秀之慎  熊,本,23,121,S2,逃,3.92,102.44,注,2,8.0,24.0,56.0,0,5,,,,,,19:17
3520260630020010,hiratsuka,2026-07-01,10,◎2 ○6 ▲5 △1 ×7 注3,,,,,5,桑名 僚也  埼,玉,28,119,S2,追,3.92,105.16,▲,3,24.0,44.0,64.0,0,0,,,,,,19:17
3520260630020010,hiratsuka,2026-07-01,10,◎2 ○6 ▲5 △1 ×7 注3,,,,,6,川越 勇星,神奈川,29,111,S2,両,3.92,102.0,○,5,17.3,30.4,56.5,3,3,,,,,,19:17
3520260630020010,hiratsuka,2026-07-01,10,◎2 ○6 ▲5 △1 ×7 注3,,,,,7,和田 圭  宮,城,40,92,S1,追,3.92,109.82,×,1,21.7,30.4,47.8,0,0,,,,,,19:17
3520260630020011,hiratsuka,2026-07-01,11,○7 ◎1 ×2 ▲5 注6 △4,,,,,1,松坂 洋平,神奈川,43,89,S1,両,3.92,105.69,◎,6,0.0,33.3,50.0,0,0,,,,,,19:43
3520260630020011,hiratsuka,2026-07-01,11,○7 ◎1 ×2 ▲5 注6 △4,,,,,2,岩谷 拓磨  福,岡,29,115,S1,逃,3.92,105.6,×,1,21.4,28.5,39.2,0,6,,,,,,19:43
3520260630020011,hiratsuka,2026-07-01,11,○7 ◎1 ×2 ▲5 注6 △4,,,,,3,五日市 誠  青,森,41,89,S1,追,3.92,109.08,△,4,24.0,56.0,64.0,0,1,,,,,,19:43
3520260630020011,hiratsuka,2026-07-01,11,○7 ◎1 ×2 ▲5 注6 △4,,,,,4,治田 知也  新,潟,28,121,S2,逃,3.93,102.08,注,2,39.1,52.1,56.5,8,3,,,,,,19:43
3520260630020011,hiratsuka,2026-07-01,11,○7 ◎1 ×2 ▲5 注6 △4,,,,,5,田中 誠  福,岡,42,89,S1,追,3.92,104.23,▲,3,9.0,40.9,54.5,0,0,,,,,,19:43
3520260630020011,hiratsuka,2026-07-01,11,○7 ◎1 ×2 ▲5 注6 △4,,,,,6,山口 敦也  佐,賀,28,113,S2,追,3.92,101.1,,0,0.0,33.3,47.6,0,0,,,,,,19:43
3520260630020011,hiratsuka,2026-07-01,11,○7 ◎1 ×2 ▲5 注6 △4,,,,,7,根田 空史  千,葉,37,94,S1,逃,3.92,107.36,○,5,12.0,40.0,48.0,6,4,,,,,,19:43
3520260630020012,hiratsuka,2026-07-01,12,◎1 ○5 注4 ×7 ▲2 △6,,,,,1,中釜 章成  大,阪,29,113,S1,逃,3.92,112.16,◎,6,38.8,50.0,66.6,1,5,,,,,,20:10
3520260630020012,hiratsuka,2026-07-01,12,◎1 ○5 注4 ×7 ▲2 △6,,,,,2,長尾 拳太  岐,阜,33,103,S2,両,3.93,104.76,×,1,23.0,38.4,50.0,0,2,,,,,,20:10
3520260630020012,hiratsuka,2026-07-01,12,◎1 ○5 注4 ×7 ▲2 △6,,,,,3,横山 尚則  茨,城,34,100,S1,追,3.92,106.05,△,4,5.2,26.3,47.3,0,1,,,,,,20:10
3520260630020012,hiratsuka,2026-07-01,12,◎1 ○5 注4 ×7 ▲2 △6,,,,,4,三宅 達也  岡,山,48,79,S1,追,3.92,105.31,,0,6.8,27.5,44.8,0,1,,,,,,20:10
3520260630020012,hiratsuka,2026-07-01,12,◎1 ○5 注4 ×7 ▲2 △6,,,,,5,村田 雅一  兵,庫,41,90,S1,追,3.92,111.5,○,5,25.0,41.6,62.5,0,0,,,,,,20:10
3520260630020012,hiratsuka,2026-07-01,12,◎1 ○5 注4 ×7 ▲2 △6,,,,,6,荒川 達郎  埼,玉,27,123,S2,逃,3.92,98.64,▲,3,6.6,13.3,33.3,0,2,,,,,,20:10
3520260630020012,hiratsuka,2026-07-01,12,◎1 ○5 注4 ×7 ▲2 △6,,,,,7,平野 想真  愛,知,27,123,S2,逃,3.92,101.75,注,2,23.8,38.0,38.0,5,3,,,,,,20:10
4520260630020001,toyohashi,2026-07-01,1,注1 ○7 ◎4 ×2 ▲5 △6,,,,,1,日浅 保幸  岡,山,48,84,A2,追,3.92,83.19,注,2,4.7,14.2,38.0,0,0,,,,,,08:25
4520260630020001,toyohashi,2026-07-01,1,注1 ○7 ◎4 ×2 ▲5 △6,,,,,2,東 鉄也  三,重,45,88,A2,両,3.92,84.45,◎,6,15.0,25.0,30.0,0,2,,,,,,08:25
4520260630020001,toyohashi,2026-07-01,1,注1 ○7 ◎4 ×2 ▲5 △6,,,,,3,西谷 岳文  京,都,47,93,A2,両,3.92,84.52,△,4,28.5,42.8,47.6,0,0,,,,,,08:25
4520260630020001,toyohashi,2026-07-01,1,注1 ○7 ◎4 ×2 ▲5 △6,,,,,4,山崎 晃  石,川,40,95,A2,両,3.92,82.19,○,5,14.2,19.0,42.8,3,0,,,,,,08:25
4520260630020001,toyohashi,2026-07-01,1,注1 ○7 ◎4 ×2 ▲5 △6,,,,,5,上田 学  愛,媛,55,69,A1,追,3.86,86.76,×,1,9.5,19.0,38.0,0,0,,,,,,08:25
4520260630020001,toyohashi,2026-07-01,1,注1 ○7 ◎4 ×2 ▲5 △6,,,,,6,中村 美千隆  兵,庫,49,80,A2,両,3.92,80.6,▲,3,8.6,21.7,34.7,2,1,,,,,,08:25
4520260630020001,toyohashi,2026-07-01,1,注1 ○7 ◎4 ×2 ▲5 △6,,,,,7,三宅 旬  岡,山,48,80,A2,追,3.93,81.58,,0,4.1,16.6,29.1,0,0,,,,,,08:25
4520260630020002,toyohashi,2026-07-01,2,×1 △6 注3 ◎4 ○2 ▲5,,,,,1,中村 泰輔,和歌山,33,117,A2,逃,3.92,84.04,×,1,9.5,38.0,42.8,3,4,,,,,,08:45
4520260630020002,toyohashi,2026-07-01,2,×1 △6 注3 ◎4 ○2 ▲5,,,,,2,梶山 裕次郎  福,岡,45,87,A2,追,3.92,80.63,○,5,5.2,5.2,21.0,0,0,,,,,,08:45
4520260630020002,toyohashi,2026-07-01,2,×1 △6 注3 ◎4 ○2 ▲5,,,,,3,山田 哲也  愛,知,44,99,A2,追,3.92,81.48,注,2,11.1,22.2,25.9,0,3,,,,,,08:45
4520260630020002,toyohashi,2026-07-01,2,×1 △6 注3 ◎4 ○2 ▲5,,,,,4,生野 優翔  大,分,24,127,A2,逃,3.92,78.06,◎,6,64.7,70.5,82.3,4,7,,,,,,08:45
4520260630020002,toyohashi,2026-07-01,2,×1 △6 注3 ◎4 ○2 ▲5,,,,,5,穴井 利久  福,岡,56,65,A2,追,3.92,68.28,▲,3,4.7,4.7,42.8,0,0,,,,,,08:45
4520260630020002,toyohashi,2026-07-01,2,×1 △6 注3 ◎4 ○2 ▲5,,,,,6,坂田 学  兵,庫,50,83,A2,両,3.85,84.66,△,4,4.5,27.2,40.9,0,1,,,,,,08:45
4520260630020003,toyohashi,2026-07-01,3,○5 ◎1 △6 ▲3 注2 ×4,,,,,1,筒井 裕哉  兵,庫,45,89,A1,追,3.92,90.62,◎,6,29.6,40.7,55.5,0,2,,,,,,09:05
4520260630020003,toyohashi,2026-07-01,3,○5 ◎1 △6 ▲3 注2 ×4,,,,,2,平 総一  熊,本,54,76,A2,追,3.92,83.41,▲,3,4.1,20.8,33.3,0,0,,,,,,09:05
4520260630020003,toyohashi,2026-07-01,3,○5 ◎1 △6 ▲3 注2 ×4,,,,,3,吉永 好宏  広,島,51,80,A1,追,3.92,87.84,△,4,10.5,31.5,47.3,0,0,,,,,,09:05
4520260630020003,toyohashi,2026-07-01,3,○5 ◎1 △6 ▲3 注2 ×4,,,,,4,高倉 俊宏  福,岡,39,93,A2,両,3.93,81.66,注,2,12.5,16.6,29.1,1,2,,,,,,09:05
4520260630020003,toyohashi,2026-07-01,3,○5 ◎1 △6 ▲3 注2 ×4,,,,,5,中武 三四郎  大,阪,33,113,A2,逃,3.92,83.75,○,5,16.6,41.6,50.0,8,1,,,,,,09:05
4520260630020003,toyohashi,2026-07-01,3,○5 ◎1 △6 ▲3 注2 ×4,,,,,6,中川 貴史  三,重,49,79,A1,追,3.92,81.38,,0,4.7,9.5,23.8,0,0,,,,,,09:05
4520260630020003,toyohashi,2026-07-01,3,○5 ◎1 △6 ▲3 注2 ×4,,,,,7,池田 浩士  佐,賀,47,86,A2,追,3.92,87.52,×,1,0.0,23.8,42.8,1,0,,,,,,09:05
4520260630020004,toyohashi,2026-07-01,4,◎1 ○7 注5 △2 ▲4 ×3,,,,,1,辻田 祥大  三,重,23,127,A2,逃,3.93,77.26,◎,6,53.3,80.0,86.6,10,2,,,,,,09:25
4520260630020004,toyohashi,2026-07-01,4,◎1 ○7 注5 △2 ▲4 ×3,,,,,2,古川 貴之  佐,賀,42,93,A1,追,3.93,83.5,△,4,16.6,37.5,58.3,1,3,,,,,,09:25
4520260630020004,toyohashi,2026-07-01,4,◎1 ○7 注5 △2 ▲4 ×3,,,,,3,藤田 真  兵,庫,45,89,A1,両,3.92,85.95,×,1,26.0,30.4,47.8,2,2,,,,,,09:25
4520260630020004,toyohashi,2026-07-01,4,◎1 ○7 注5 △2 ▲4 ×3,,,,,4,川野 正芳  大,分,49,80,A2,追,3.92,86.0,▲,3,0.0,15.3,30.7,0,0,,,,,,09:25
4520260630020004,toyohashi,2026-07-01,4,◎1 ○7 注5 △2 ▲4 ×3,,,,,5,境 啓亨  熊,本,33,111,A2,逃,3.92,82.28,注,2,4.7,9.5,28.5,0,0,,,,,,09:25
4520260630020004,toyohashi,2026-07-01,4,◎1 ○7 注5 △2 ▲4 ×3,,,,,6,吉川 悟  大,阪,49,79,A2,追,3.92,73.37,,0,16.6,45.8,58.3,0,1,,,,,,09:25
4520260630020004,toyohashi,2026-07-01,4,◎1 ○7 注5 △2 ▲4 ×3,,,,,7,宮西 翼  石,川,46,100,A2,両,3.86,82.38,○,5,0.0,16.6,27.7,0,0,,,,,,09:25
4520260630020005,toyohashi,2026-07-01,5,△2 注6 ○1 ◎7 ×3 ▲5,,,,,1,矢部 駿人  岡,山,27,121,A1,逃,3.92,92.33,○,5,14.2,38.0,66.6,5,1,,,,,,09:45
4520260630020005,toyohashi,2026-07-01,5,△2 注6 ○1 ◎7 ×3 ▲5,,,,,2,森崎 英登  愛,知,26,125,A1,逃,3.92,85.47,△,4,4.7,23.8,52.3,3,2,,,,,,09:45
4520260630020005,toyohashi,2026-07-01,5,△2 注6 ○1 ◎7 ×3 ▲5,,,,,3,小川 祐司  愛,媛,44,96,A2,両,3.92,85.25,×,1,12.5,33.3,37.5,4,4,,,,,,09:45
4520260630020005,toyohashi,2026-07-01,5,△2 注6 ○1 ◎7 ×3 ▲5,,,,,4,志水 祐彦  大,阪,41,94,A2,追,3.92,83.95,,0,10.0,40.0,45.0,0,0,,,,,,09:45
4520260630020005,toyohashi,2026-07-01,5,△2 注6 ○1 ◎7 ×3 ▲5,,,,,5,芳野 匠  愛,媛,41,93,A1,追,3.92,87.45,▲,3,8.3,29.1,45.8,0,0,,,,,,09:45
4520260630020005,toyohashi,2026-07-01,5,△2 注6 ○1 ◎7 ×3 ▲5,,,,,6,田中 雅史  愛,知,49,79,A2,追,3.92,83.76,注,2,23.8,38.0,47.6,0,2,,,,,,09:45
4520260630020005,toyohashi,2026-07-01,5,△2 注6 ○1 ◎7 ×3 ▲5,,,,,7,滝本 泰行  岡,山,30,107,A1,両,3.92,90.16,◎,6,12.5,45.8,66.6,0,0,,,,,,09:45
4520260630020006,toyohashi,2026-07-01,6,◎4 ○1 注7 ▲2 △6 ×5,,,,,1,渡邊 健  愛,知,53,76,A1,追,3.92,88.09,○,5,8.6,34.7,47.8,0,0,,,,,,10:05
4520260630020006,toyohashi,2026-07-01,6,◎4 ○1 注7 ▲2 △6 ×5,,,,,2,伊藤 大彦  徳,島,43,89,A1,追,3.92,85.52,▲,3,5.5,22.2,50.0,0,1,,,,,,10:05
4520260630020006,toyohashi,2026-07-01,6,◎4 ○1 注7 ▲2 △6 ×5,,,,,3,中村 雅仁  熊,本,44,90,A1,追,3.93,91.28,×,1,0.0,35.7,57.1,0,0,,,,,,10:05
4520260630020006,toyohashi,2026-07-01,6,◎4 ○1 注7 ▲2 △6 ×5,,,,,4,常次 勇人  大,阪,24,121,A1,逃,3.92,93.58,◎,6,50.0,75.0,83.3,12,5,,,,,,10:05
4520260630020006,toyohashi,2026-07-01,6,◎4 ○1 注7 ▲2 △6 ×5,,,,,5,田中 会心  熊,本,25,123,A1,逃,3.92,85.41,△,4,12.5,41.6,50.0,9,1,,,,,,10:05
4520260630020006,toyohashi,2026-07-01,6,◎4 ○1 注7 ▲2 △6 ×5,,,,,6,木村 浩宣  香,川,39,97,A1,逃,3.93,84.27,,0,13.7,20.6,37.9,4,1,,,,,,10:05
4520260630020006,toyohashi,2026-07-01,6,◎4 ○1 注7 ▲2 △6 ×5,,,,,7,島野 浩司  愛,知,57,62,A1,追,3.92,87.33,注,2,13.3,46.6,53.3,0,0,,,,,,10:05
4520260630020007,toyohashi,2026-07-01,7,◎3 ○7 ×6 ▲2 注5 △1,,,,,1,八谷 誠賢  福,岡,51,77,A1,逃,3.93,91.88,注,2,27.7,50.0,61.1,2,5,,,,,,10:25
4520260630020007,toyohashi,2026-07-01,7,◎3 ○7 ×6 ▲2 注5 △1,,,,,2,山口 聖矢  岐,阜,32,115,A1,両,3.92,86.5,▲,3,23.0,30.7,46.1,0,1,,,,,,10:25
4520260630020007,toyohashi,2026-07-01,7,◎3 ○7 ×6 ▲2 注5 △1,,,,,3,末廣 快理  兵,庫,28,121,A2,逃,3.92,94.92,◎,6,44.4,70.3,85.1,7,12,,,,,,10:25
4520260630020007,toyohashi,2026-07-01,7,◎3 ○7 ×6 ▲2 注5 △1,,,,,4,藤井 將  広,島,32,113,A1,両,3.92,89.59,△,4,29.6,44.4,74.0,2,2,,,,,,10:25
4520260630020007,toyohashi,2026-07-01,7,◎3 ○7 ×6 ▲2 注5 △1,,,,,5,小浦 凪  岐,阜,26,117,A2,両,3.92,83.61,,0,19.0,23.8,42.8,1,1,,,,,,10:25
4520260630020007,toyohashi,2026-07-01,7,◎3 ○7 ×6 ▲2 注5 △1,,,,,6,谷澤 優貴  三,重,21,127,A2,逃,3.92,83.23,×,1,57.1,61.9,66.6,6,7,,,,,,10:25
4520260630020007,toyohashi,2026-07-01,7,◎3 ○7 ×6 ▲2 注5 △1,,,,,7,中井 勇介  大,阪,44,100,A1,逃,3.92,88.75,○,5,29.4,47.0,64.7,4,2,,,,,,10:25
4720260701010001,matsusaka,2026-07-01,1,◎6 ○7 ×4 ▲1 注5 △3,,,,,1,大竹野 裕樹,鹿児島,44,88,A3,両,3.92,84.25,×,1,25.0,41.6,50.0,0,7,,,,,,20:52
4720260701010001,matsusaka,2026-07-01,1,◎6 ○7 ×4 ▲1 注5 △3,,,,,2,女屋 文伸  埼,玉,48,83,A3,追,3.92,80.26,△,4,0.0,13.3,20.0,0,0,,,,,,20:52
4720260701010001,matsusaka,2026-07-01,1,◎6 ○7 ×4 ▲1 注5 △3,,,,,3,小川 辰徳  埼,玉,38,100,A3,両,3.92,77.52,注,2,0.0,10.5,10.5,1,0,,,,,,20:52
4720260701010001,matsusaka,2026-07-01,1,◎6 ○7 ×4 ▲1 注5 △3,,,,,4,川本 恵二  兵,庫,51,78,A3,追,3.92,70.91,,0,16.6,29.1,41.6,0,0,,,,,,20:52
4720260701010001,matsusaka,2026-07-01,1,◎6 ○7 ×4 ▲1 注5 △3,,,,,5,濱田 昭一郎,鹿児島,57,67,A3,追,3.85,70.58,▲,3,4.0,20.0,44.0,0,0,,,,,,20:52
4720260701010001,matsusaka,2026-07-01,1,◎6 ○7 ×4 ▲1 注5 △3,,,,,6,児玉 東次郎  岐,阜,19,129,A3,逃,3.85,69.66,◎,6,0.0,0.0,16.6,0,0,,,,,,20:52
4720260701010001,matsusaka,2026-07-01,1,◎6 ○7 ×4 ▲1 注5 △3,,,,,7,花村 直人  三,重,56,71,A3,両,3.92,66.89,○,5,0.0,3.4,27.5,0,0,,,,,,20:52
4720260701010002,matsusaka,2026-07-01,2,◎4 ○2 ×7 ▲1 △6 注5,,,,,1,桜井 雄太  愛,知,34,100,A3,逃,3.92,83.08,×,1,24.0,36.0,52.0,6,1,,,,,,21:16
4720260701010002,matsusaka,2026-07-01,2,◎4 ○2 ×7 ▲1 △6 注5,,,,,2,松永 真太  福,岡,44,92,A3,追,3.92,80.65,○,5,13.0,21.7,30.4,0,0,,,,,,21:16
4720260701010002,matsusaka,2026-07-01,2,◎4 ○2 ×7 ▲1 △6 注5,,,,,3,川上 真二郎  新,潟,46,86,A3,追,3.92,78.33,注,2,0.0,5.5,11.1,0,0,,,,,,21:16
4720260701010002,matsusaka,2026-07-01,2,◎4 ○2 ×7 ▲1 △6 注5,,,,,4,森田 瑞基  福,岡,25,129,A3,逃,3.92,71.66,◎,6,0.0,0.0,28.5,0,0,,,,,,21:16
4720260701010002,matsusaka,2026-07-01,2,◎4 ○2 ×7 ▲1 △6 注5,,,,,5,星野 京旺  新,潟,26,127,A3,逃,3.92,69.45,△,4,8.3,20.8,45.8,5,0,,,,,,21:16
4720260701010002,matsusaka,2026-07-01,2,◎4 ○2 ×7 ▲1 △6 注5,,,,,6,服部 竜二  愛,知,54,76,A3,追,3.92,69.36,▲,3,15.7,21.0,36.8,0,0,,,,,,21:16
4720260701010002,matsusaka,2026-07-01,2,◎4 ○2 ×7 ▲1 △6 注5,,,,,7,志村 達也  広,島,54,71,A3,追,3.92,67.66,,0,6.6,26.6,40.0,0,0,,,,,,21:16
4720260701010003,matsusaka,2026-07-01,3,◎1 ○7 注2 ×3 △4 ▲6,,,,,1,廣田 敦士  三,重,33,107,A3,逃,3.92,78.9,◎,6,9.5,19.0,19.0,3,0,,,,,,21:40
4720260701010003,matsusaka,2026-07-01,3,◎1 ○7 注2 ×3 △4 ▲6,,,,,2,樫村 伸平  兵,庫,38,99,A3,追,3.85,77.45,注,2,0.0,8.3,8.3,0,0,,,,,,21:40
4720260701010003,matsusaka,2026-07-01,3,◎1 ○7 注2 ×3 △4 ▲6,,,,,3,里見 恒平  千,葉,49,99,A3,逃,3.92,72.83,×,1,28.1,50.0,56.2,1,5,,,,,,21:40
4720260701010003,matsusaka,2026-07-01,3,◎1 ○7 注2 ×3 △4 ▲6,,,,,4,佐藤 有輝,神奈川,47,85,A3,追,3.92,70.84,△,4,3.7,29.6,37.0,0,0,,,,,,21:40
4720260701010003,matsusaka,2026-07-01,3,◎1 ○7 注2 ×3 △4 ▲6,,,,,5,榊枝 輝文  福,島,49,79,A3,追,3.93,69.77,▲,3,7.4,40.7,51.8,0,1,,,,,,21:40
4720260701010003,matsusaka,2026-07-01,3,◎1 ○7 注2 ×3 △4 ▲6,,,,,6,島田 茂希,北海道,40,92,A3,逃,3.92,69.33,,0,0.0,33.3,66.6,0,1,,,,,,21:40
4720260701010003,matsusaka,2026-07-01,3,◎1 ○7 注2 ×3 △4 ▲6,,,,,7,古田 義明  三,重,53,79,A3,追,3.93,68.5,○,5,5.2,10.5,31.5,0,0,,,,,,21:40
4720260701010004,matsusaka,2026-07-01,4,◎3 ○1 ▲6 ×7 △2 注5,,,,,1,小川 大地  愛,知,35,98,A3,追,3.92,81.37,○,5,8.3,29.1,33.3,0,0,,,,,,22:04
4720260701010004,matsusaka,2026-07-01,4,◎3 ○1 ▲6 ×7 △2 注5,,,,,2,山田 祐太  福,島,37,113,A3,逃,3.92,79.08,×,1,4.1,16.6,20.8,2,2,,,,,,22:04
4720260701010004,matsusaka,2026-07-01,4,◎3 ○1 ▲6 ×7 △2 注5,,,,,3,永田 吏玖  岐,阜,28,129,A3,逃,3.92,74.55,◎,6,0.0,44.4,66.6,0,2,,,,,,22:04
4720260701010004,matsusaka,2026-07-01,4,◎3 ○1 ▲6 ×7 △2 注5,,,,,4,茂木 和臣  埼,玉,57,63,A3,追,3.92,73.36,注,2,5.2,31.5,57.8,0,0,,,,,,22:04
4720260701010004,matsusaka,2026-07-01,4,◎3 ○1 ▲6 ×7 △2 注5,,,,,5,浦崎 貴史,北海道,54,75,A3,追,3.93,72.85,△,4,7.1,28.5,64.2,0,0,,,,,,22:04
4720260701010004,matsusaka,2026-07-01,4,◎3 ○1 ▲6 ×7 △2 注5,,,,,6,柴田 昌樹  愛,知,50,79,A3,追,3.92,67.51,▲,3,3.7,14.8,25.9,0,0,,,,,,22:04
4720260701010004,matsusaka,2026-07-01,4,◎3 ○1 ▲6 ×7 △2 注5,,,,,7,高森 圭介  栃,木,49,83,A3,追,3.92,67.36,,0,9.0,18.1,27.2,0,0,,,,,,22:04
4720260701010005,matsusaka,2026-07-01,5,◎4 ○1 注6 ×2 △3 ▲5,,,,,1,田中 弘章  福,岡,54,68,A3,追,3.93,81.38,○,5,4.7,4.7,28.5,0,0,,,,,,22:31
4720260701010005,matsusaka,2026-07-01,5,◎4 ○1 注6 ×2 △3 ▲5,,,,,2,望月 嘉人  静,岡,29,123,A3,逃,3.92,80.13,×,1,13.0,21.7,34.7,5,0,,,,,,22:31
4720260701010005,matsusaka,2026-07-01,5,◎4 ○1 注6 ×2 △3 ▲5,,,,,3,河合 康晴  静,岡,56,68,A3,追,3.93,79.55,△,4,0.0,5.2,21.0,0,0,,,,,,22:31
4720260701010005,matsusaka,2026-07-01,5,◎4 ○1 注6 ×2 △3 ▲5,,,,,4,飯田 怜治  熊,本,26,129,A3,逃,3.92,73.44,◎,6,0.0,11.1,44.4,0,0,,,,,,22:31
4720260701010005,matsusaka,2026-07-01,5,◎4 ○1 注6 ×2 △3 ▲5,,,,,5,眞原 健一,神奈川,53,69,A3,追,3.92,69.4,▲,3,9.0,27.2,45.4,0,0,,,,,,22:31
4720260701010005,matsusaka,2026-07-01,5,◎4 ○1 注6 ×2 △3 ▲5,,,,,6,高尾 剛文  福,岡,56,66,A3,追,3.92,68.4,注,2,0.0,11.1,33.3,0,0,,,,,,22:31
4720260701010005,matsusaka,2026-07-01,5,◎4 ○1 注6 ×2 △3 ▲5,,,,,7,長田 彰人  宮,城,40,95,A3,追,3.85,66.33,,0,0.0,0.0,28.5,0,0,,,,,,22:31
4720260701010006,matsusaka,2026-07-01,6,△2 ×1 ▲6 ◎4 ○3 注5,,,,,1,中野 彰人,和歌山,38,93,A3,追,3.92,82.23,×,1,0.0,14.2,28.5,0,0,,,,,,22:58
4720260701010006,matsusaka,2026-07-01,6,△2 ×1 ▲6 ◎4 ○3 注5,,,,,2,小出 慎也,和歌山,34,109,A3,逃,3.92,79.08,△,4,4.1,16.6,16.6,3,1,,,,,,22:58
4720260701010006,matsusaka,2026-07-01,6,△2 ×1 ▲6 ◎4 ○3 注5,,,,,3,光畑 政志  岡,山,46,84,A3,追,3.92,77.61,○,5,0.0,0.0,4.7,0,0,,,,,,22:58
4720260701010006,matsusaka,2026-07-01,6,△2 ×1 ▲6 ◎4 ○3 注5,,,,,4,吉岡 竜太  広,島,26,129,A3,逃,3.92,75.44,◎,6,22.2,33.3,77.7,1,1,,,,,,22:58
4720260701010006,matsusaka,2026-07-01,6,△2 ×1 ▲6 ◎4 ○3 注5,,,,,5,佐々木 英之  香,川,51,78,A3,追,3.86,70.7,注,2,0.0,10.0,40.0,0,0,,,,,,22:58
4720260701010006,matsusaka,2026-07-01,6,△2 ×1 ▲6 ◎4 ○3 注5,,,,,6,市川 博章  静,岡,49,80,A3,追,3.93,69.61,▲,3,0.0,19.0,42.8,0,0,,,,,,22:58
4720260701010006,matsusaka,2026-07-01,6,△2 ×1 ▲6 ◎4 ○3 注5,,,,,7,吉田 英二  東,京,52,76,A3,追,3.92,66.45,,0,4.1,12.5,25.0,0,0,,,,,,22:58
4720260701010007,matsusaka,2026-07-01,7,◎2 ○1 ×7 △4 注3 ▲5,,,,,1,荒木 真慈  熊,本,54,69,A3,追,3.77,81.8,○,5,4.7,23.8,38.0,0,0,,,,,,23:25
4720260701010007,matsusaka,2026-07-01,7,◎2 ○1 ×7 △4 注3 ▲5,,,,,2,滿田 光紀  熊,本,27,129,A3,逃,3.92,80.77,◎,6,66.6,88.8,100.0,1,5,,,,,,23:25
4720260701010007,matsusaka,2026-07-01,7,◎2 ○1 ×7 △4 注3 ▲5,,,,,3,金田 健一郎  大,阪,59,60,A3,追,3.92,78.75,△,4,0.0,4.1,16.6,0,0,,,,,,23:25
4720260701010007,matsusaka,2026-07-01,7,◎2 ○1 ×7 △4 注3 ▲5,,,,,4,井坂 泰誓  大,阪,32,115,A3,両,3.92,72.44,×,1,29.6,40.7,55.5,3,7,,,,,,23:25
4720260701010007,matsusaka,2026-07-01,7,◎2 ○1 ×7 △4 注3 ▲5,,,,,5,野見 泰要  岡,山,44,101,A3,逃,3.93,71.48,注,2,29.7,45.9,62.1,13,3,,,,,,23:25
4720260701010007,matsusaka,2026-07-01,7,◎2 ○1 ×7 △4 注3 ▲5,,,,,6,古城 英之  広,島,50,78,A3,追,3.92,69.27,▲,3,18.1,27.2,27.2,0,0,,,,,,23:25
4720260701010007,matsusaka,2026-07-01,7,◎2 ○1 ×7 △4 注3 ▲5,,,,,7,東 隆之  宮,崎,38,100,A3,追,3.92,65.66,,0,0.0,0.0,0.0,0,0,,,,,,23:25
5320260701010001,nara,2026-07-01,1,◎1 ○5 注3 △6 ×4 ▲2,,,,,1,平根 優大  福,島,22,125,A2,逃,3.92,93.77,◎,6,77.7,77.7,88.8,3,4,,,,,,08:35
5320260701010001,nara,2026-07-01,1,◎1 ○5 注3 △6 ×4 ▲2,,,,,2,大庭 正紀  富,山,56,70,A1,追,3.92,86.9,×,1,9.5,23.8,42.8,0,0,,,,,,08:35
5320260701010001,nara,2026-07-01,1,◎1 ○5 注3 △6 ×4 ▲2,,,,,3,近藤 寛央  東,京,39,97,A2,追,3.92,83.52,注,2,0.0,9.5,23.8,0,0,,,,,,08:35
5320260701010001,nara,2026-07-01,1,◎1 ○5 注3 △6 ×4 ▲2,,,,,4,井田 晶之  三,重,35,113,A2,両,3.92,82.29,△,4,0.0,8.0,24.0,2,0,,,,,,08:35
5320260701010001,nara,2026-07-01,1,◎1 ○5 注3 △6 ×4 ▲2,,,,,5,武田 憲祐,神奈川,43,93,A1,追,3.92,84.19,○,5,3.8,19.2,50.0,0,0,,,,,,08:35
5320260701010001,nara,2026-07-01,1,◎1 ○5 注3 △6 ×4 ▲2,,,,,6,太田 真一  埼,玉,50,75,A2,追,3.92,78.76,,0,0.0,4.7,9.5,0,0,,,,,,08:35
5320260701010001,nara,2026-07-01,1,◎1 ○5 注3 △6 ×4 ▲2,,,,,7,疋田 敏  愛,知,58,59,A2,追,3.92,84.09,▲,3,4.7,19.0,38.0,0,1,,,,,,08:35
5320260701010002,nara,2026-07-01,2,注6 ×1 ○7 ◎3 △4 ▲5,,,,,1,土屋 仁  茨,城,51,84,A1,追,3.92,86.16,×,1,16.6,33.3,54.1,0,0,,,,,,08:55
5320260701010002,nara,2026-07-01,2,注6 ×1 ○7 ◎3 △4 ▲5,,,,,2,堺 文人,和歌山,47,85,A2,追,3.92,82.63,▲,3,13.6,18.1,36.3,0,0,,,,,,08:55
5320260701010002,nara,2026-07-01,2,注6 ×1 ○7 ◎3 △4 ▲5,,,,,3,溝口 葵  三,重,33,117,A1,逃,3.92,86.79,○,5,12.5,20.8,37.5,5,0,,,,,,08:55
5320260701010002,nara,2026-07-01,2,注6 ×1 ○7 ◎3 △4 ▲5,,,,,4,佐藤 亙  愛,知,46,85,A1,追,3.92,89.14,◎,6,25.9,37.0,66.6,0,0,,,,,,08:55
5320260701010002,nara,2026-07-01,2,注6 ×1 ○7 ◎3 △4 ▲5,,,,,5,大利 航平,和歌山,34,109,A1,両,3.92,82.58,△,4,0.0,23.0,30.7,0,1,,,,,,08:55
5320260701010002,nara,2026-07-01,2,注6 ×1 ○7 ◎3 △4 ▲5,,,,,6,五輪 拓巳  東,京,27,127,A2,逃,3.92,73.38,注,2,27.7,38.8,50.0,5,1,,,,,,08:55
5320260701010002,nara,2026-07-01,2,注6 ×1 ○7 ◎3 △4 ▲5,,,,,7,金子 兼久  宮,城,48,81,A2,追,3.92,79.0,,0,0.0,7.6,7.6,0,0,,,,,,08:55
5320260701010003,nara,2026-07-01,3,○1 ◎4 △6 ▲2 注3 ×5,,,,,1,伊藤 歩登  兵,庫,27,113,A2,逃,3.92,85.79,○,5,25.0,50.0,62.5,8,3,,,,,,09:15
5320260701010003,nara,2026-07-01,3,○1 ◎4 △6 ▲2 注3 ×5,,,,,2,宇佐見 裕輝  福,島,41,94,A1,両,3.92,79.33,▲,3,11.1,11.1,11.1,0,1,,,,,,09:15
5320260701010003,nara,2026-07-01,3,○1 ◎4 △6 ▲2 注3 ×5,,,,,3,野崎 翼  岐,阜,28,121,A2,両,3.92,83.22,注,2,13.6,27.2,31.8,3,2,,,,,,09:15
5320260701010003,nara,2026-07-01,3,○1 ◎4 △6 ▲2 注3 ×5,,,,,4,中澤 央治  大,阪,58,59,A2,追,3.92,87.66,◎,6,9.5,23.8,52.3,0,0,,,,,,09:15
5320260701010003,nara,2026-07-01,3,○1 ◎4 △6 ▲2 注3 ×5,,,,,5,伊藤 健詞  石,川,56,68,A2,追,3.92,87.57,×,1,4.7,28.5,42.8,0,0,,,,,,09:15
5320260701010003,nara,2026-07-01,3,○1 ◎4 △6 ▲2 注3 ×5,,,,,6,有馬 雄二  奈,良,44,90,A2,追,3.92,79.26,△,4,4.3,8.6,13.0,0,0,,,,,,09:15
5320260701010003,nara,2026-07-01,3,○1 ◎4 △6 ▲2 注3 ×5,,,,,7,坂本 毅  岩,手,54,77,A2,追,3.92,80.33,,0,0.0,5.5,16.6,0,0,,,,,,09:15
5320260701010004,nara,2026-07-01,4,注5 ×1 ▲6 ○2 ◎4 △3,,,,,1,市村 昌樹  兵,庫,35,103,A1,両,3.92,81.35,×,1,5.5,11.1,22.2,0,1,,,,,,09:35
5320260701010004,nara,2026-07-01,4,注5 ×1 ▲6 ○2 ◎4 △3,,,,,2,亀井 久幸  千,葉,44,95,A2,追,3.92,79.33,▲,3,0.0,0.0,15.3,0,0,,,,,,09:35
5320260701010004,nara,2026-07-01,4,注5 ×1 ▲6 ○2 ◎4 △3,,,,,3,安部 達也  埼,玉,48,83,A1,追,3.92,90.4,◎,6,6.6,26.6,53.3,0,0,,,,,,09:35
5320260701010004,nara,2026-07-01,4,注5 ×1 ▲6 ○2 ◎4 △3,,,,,4,貝原 涼太  栃,木,28,125,A1,逃,3.92,87.95,○,5,12.5,33.3,62.5,4,3,,,,,,09:35
5320260701010004,nara,2026-07-01,4,注5 ×1 ▲6 ○2 ◎4 △3,,,,,5,堀 僚介  大,阪,31,109,A2,逃,3.92,81.56,注,2,16.6,16.6,29.1,0,2,,,,,,09:35
5320260701010004,nara,2026-07-01,4,注5 ×1 ▲6 ○2 ◎4 △3,,,,,6,三浦 靖  岐,阜,61,53,A2,追,3.92,78.35,,0,0.0,6.6,20.0,0,0,,,,,,09:35
5320260701010004,nara,2026-07-01,4,注5 ×1 ▲6 ○2 ◎4 △3,,,,,7,荻野 哲,神奈川,52,75,A2,追,3.92,83.75,△,4,0.0,23.8,38.0,0,0,,,,,,09:35
5320260701010005,nara,2026-07-01,5,◎5 ○3 △1 注6 ×7 ▲4,,,,,1,高本 和也,神奈川,29,121,A1,逃,3.92,92.16,△,4,16.6,33.3,61.1,2,3,,,,,,09:55
5320260701010005,nara,2026-07-01,5,◎5 ○3 △1 注6 ×7 ▲4,,,,,2,野口 正則  奈,良,35,105,A1,両,3.92,94.66,,0,9.0,13.6,22.7,0,0,,,,,,09:55
5320260701010005,nara,2026-07-01,5,◎5 ○3 △1 注6 ×7 ▲4,,,,,3,高塩 讓次  栃,木,42,90,A1,追,3.92,99.08,○,5,0.0,17.3,43.4,0,0,,,,,,09:55
5320260701010005,nara,2026-07-01,5,◎5 ○3 △1 注6 ×7 ▲4,,,,,4,鈴木 幸紀  三,重,50,78,A1,追,3.92,92.54,▲,3,0.0,5.7,8.5,0,0,,,,,,09:55
5320260701010005,nara,2026-07-01,5,◎5 ○3 △1 注6 ×7 ▲4,,,,,5,菊地 圭  宮,城,25,123,A1,逃,3.92,92.57,◎,6,19.0,38.0,61.9,4,4,,,,,,09:55
5320260701010005,nara,2026-07-01,5,◎5 ○3 △1 注6 ×7 ▲4,,,,,6,岡本 英之  千,葉,47,85,A1,追,3.93,91.11,注,2,11.1,33.3,33.3,0,0,,,,,,09:55
5320260701010005,nara,2026-07-01,5,◎5 ○3 △1 注6 ×7 ▲4,,,,,7,林 敬宏  愛,知,34,117,A1,逃,3.92,97.78,×,1,7.1,14.2,25.0,0,3,,,,,,09:55
5320260701010006,nara,2026-07-01,6,○7 ▲2 ◎1 △3 ×4 注5,,,,,1,小林 莉子  東,京,33,102,L1,両,3.77,56.41,◎,6,45.8,66.6,87.5,0,3,,,,,,10:15
5320260701010006,nara,2026-07-01,6,○7 ▲2 ◎1 △3 ×4 注5,,,,,2,佐伯 智恵  愛,媛,27,114,L1,両,3.77,46.79,▲,3,0.0,8.3,12.5,0,0,,,,,,10:15
5320260701010006,nara,2026-07-01,6,○7 ▲2 ◎1 △3 ×4 注5,,,,,3,高木 佑真,神奈川,27,116,L1,両,3.79,50.68,△,4,5.0,20.0,50.0,0,2,,,,,,10:15
5320260701010006,nara,2026-07-01,6,○7 ▲2 ◎1 △3 ×4 注5,,,,,4,今西 瑠花  大,阪,23,128,L1,両,3.77,45.18,,0,0.0,0.0,0.0,0,0,,,,,,10:15
5320260701010006,nara,2026-07-01,6,○7 ▲2 ◎1 △3 ×4 注5,,,,,5,永禮 美瑠  愛,知,26,118,L1,両,3.77,52.76,×,1,15.3,42.3,65.3,1,5,,,,,,10:15
5320260701010006,nara,2026-07-01,6,○7 ▲2 ◎1 △3 ×4 注5,,,,,6,梶原 百香  福,岡,29,114,L1,両,3.77,48.2,注,2,0.0,12.5,25.0,0,0,,,,,,10:15
5320260701010006,nara,2026-07-01,6,○7 ▲2 ◎1 △3 ×4 注5,,,,,7,五味田 奈穂  千,葉,28,124,L1,逃,3.71,53.76,○,5,28.5,42.8,61.9,3,5,,,,,,10:15
5320260701010007,nara,2026-07-01,7,▲7 ×2 注1 ◎3 △4 ○5,,,,,1,宮西 令奈  石,川,25,124,L1,両,3.69,50.38,注,2,0.0,27.7,38.8,0,0,,,,,,10:35
5320260701010007,nara,2026-07-01,7,▲7 ×2 注1 ◎3 △4 ○5,,,,,2,田中 月菜  佐,賀,25,118,L1,両,3.77,50.88,×,1,0.0,11.1,44.4,0,0,,,,,,10:35
5320260701010007,nara,2026-07-01,7,▲7 ×2 注1 ◎3 △4 ○5,,,,,3,橋本 のこ  愛,知,21,128,L1,両,3.77,45.59,,0,0.0,0.0,7.4,0,0,,,,,,10:35
5320260701010007,nara,2026-07-01,7,▲7 ×2 注1 ◎3 △4 ○5,,,,,4,吉川 美穂,和歌山,33,120,L1,両,3.79,56.83,◎,6,62.5,75.0,87.5,2,8,,,,,,10:35
5320260701010007,nara,2026-07-01,7,▲7 ×2 注1 ◎3 △4 ○5,,,,,5,蛯原 杏奈,北海道,26,120,L1,追,3.77,49.83,△,4,6.6,13.3,40.0,0,0,,,,,,10:35
5320260701010007,nara,2026-07-01,7,▲7 ×2 注1 ◎3 △4 ○5,,,,,6,村田 奈穂  熊,本,34,116,L1,両,3.77,53.75,○,5,24.0,48.0,60.0,0,8,,,,,,10:35
5320260701010007,nara,2026-07-01,7,▲7 ×2 注1 ◎3 △4 ○5,,,,,7,浦部 郁里  千,葉,39,102,L1,追,3.77,46.76,▲,3,0.0,0.0,12.0,0,0,,,,,,10:35
7420260629030001,kochi,2026-07-01,1,○5 ◎1 △7 ×4 注3 ▲2,,,,,1,原田 泰志  新,潟,40,91,A1,追,3.92,87.38,◎,6,14.2,28.5,47.6,0,0,,,,,,10:52
7420260629030001,kochi,2026-07-01,1,○5 ◎1 △7 ×4 注3 ▲2,,,,,2,小西 誠也  三,重,49,80,A2,追,3.92,83.5,▲,3,4.1,12.5,41.6,0,0,,,,,,10:52
7420260629030001,kochi,2026-07-01,1,○5 ◎1 △7 ×4 注3 ▲2,,,,,3,四元 慎也  宮,崎,50,77,A2,追,3.92,81.29,注,2,7.4,11.1,33.3,0,0,,,,,,10:52
7420260629030001,kochi,2026-07-01,1,○5 ◎1 △7 ×4 注3 ▲2,,,,,4,高橋 幸司  沖,縄,38,99,A2,逃,3.92,89.17,×,1,27.5,41.3,62.0,8,2,,,,,,10:52
7420260629030001,kochi,2026-07-01,1,○5 ◎1 △7 ×4 注3 ▲2,,,,,5,今井 希  埼,玉,25,125,A2,逃,3.92,88.81,○,5,11.1,51.8,59.2,13,1,,,,,,10:52
7420260629030001,kochi,2026-07-01,1,○5 ◎1 △7 ×4 注3 ▲2,,,,,6,黒川 渉  奈,良,38,103,A2,両,3.92,78.34,,0,0.0,5.0,10.0,0,0,,,,,,10:52
7420260629030001,kochi,2026-07-01,1,○5 ◎1 △7 ×4 注3 ▲2,,,,,7,宮澤 晃  山,梨,51,75,A2,追,3.92,82.54,△,4,9.0,18.1,27.2,0,0,,,,,,10:52
7420260629030002,kochi,2026-07-01,2,○7 ◎4 △1 ×2 ▲5 注6,,,,,1,阿部 功  高,知,42,93,A2,追,3.92,79.15,△,4,0.0,10.0,25.0,0,0,,,,,,11:18
7420260629030002,kochi,2026-07-01,2,○7 ◎4 △1 ×2 ▲5 注6,,,,,2,遠藤 勝弥  静,岡,36,109,A1,両,3.93,84.79,×,1,12.0,20.0,36.0,1,3,,,,,,11:18
7420260629030002,kochi,2026-07-01,2,○7 ◎4 △1 ×2 ▲5 注6,,,,,3,安東 英博  大,分,45,87,A1,追,3.92,83.84,,0,0.0,11.1,40.7,0,0,,,,,,11:18
7420260629030002,kochi,2026-07-01,2,○7 ◎4 △1 ×2 ▲5 注6,,,,,4,藤原 俊太郎  岡,山,30,111,A1,逃,3.92,88.25,◎,6,33.3,58.3,66.6,4,3,,,,,,11:18
7420260629030002,kochi,2026-07-01,2,○7 ◎4 △1 ×2 ▲5 注6,,,,,5,山本 淳,神奈川,50,94,A2,両,3.92,79.1,▲,3,0.0,7.1,14.2,0,1,,,,,,11:18
7420260629030002,kochi,2026-07-01,2,○7 ◎4 △1 ×2 ▲5 注6,,,,,6,山崎 翼  大,分,37,95,A2,逃,3.92,78.94,注,2,16.6,16.6,16.6,0,3,,,,,,11:18
7420260629030002,kochi,2026-07-01,2,○7 ◎4 △1 ×2 ▲5 注6,,,,,7,野村 賢  山,口,22,125,A2,逃,3.92,88.83,○,5,29.1,50.0,62.5,9,2,,,,,,11:18
7420260629030003,kochi,2026-07-01,3,×4 △1 ◎5 ○2 注6 ▲3,,,,,1,山崎 岳志  佐,賀,52,74,A2,追,3.92,83.26,△,4,11.5,23.0,42.3,0,0,,,,,,11:46
7420260629030003,kochi,2026-07-01,3,×4 △1 ◎5 ○2 注6 ▲3,,,,,2,赤塚 悠人  山,形,40,97,A1,両,3.92,82.92,○,5,21.4,28.5,50.0,0,3,,,,,,11:46
7420260629030003,kochi,2026-07-01,3,×4 △1 ◎5 ○2 注6 ▲3,,,,,3,隅 貴史  山,口,45,91,A2,追,3.92,86.73,注,2,17.3,39.1,52.1,0,0,,,,,,11:46
7420260629030003,kochi,2026-07-01,3,×4 △1 ◎5 ○2 注6 ▲3,,,,,4,浅見 隼  福,岡,29,115,A1,逃,3.85,82.33,×,1,7.4,22.2,22.2,3,2,,,,,,11:46
7420260629030003,kochi,2026-07-01,3,×4 △1 ◎5 ○2 注6 ▲3,,,,,5,磯島 康祐  青,森,34,105,A1,逃,3.85,91.95,◎,6,25.0,45.8,58.3,6,4,,,,,,11:46
7420260629030003,kochi,2026-07-01,3,×4 △1 ◎5 ○2 注6 ▲3,,,,,6,大内 達也  宮,城,54,72,A2,追,3.93,81.75,,0,4.1,8.3,20.8,0,1,,,,,,11:46
7420260629030003,kochi,2026-07-01,3,×4 △1 ◎5 ○2 注6 ▲3,,,,,7,山田 隼司  岐,阜,39,91,A2,両,3.92,82.12,▲,3,20.8,20.8,33.3,2,2,,,,,,11:46
7420260629030004,kochi,2026-07-01,4,○1 ◎7 △4 注6 ×2 ▲3,,,,,1,中川 繁樹  京,都,40,93,A1,逃,3.93,85.33,○,5,23.3,43.3,43.3,8,1,,,,,,12:14
7420260629030004,kochi,2026-07-01,4,○1 ◎7 △4 注6 ×2 ▲3,,,,,2,大木 雅也  静,岡,50,83,A1,追,3.92,88.61,×,1,0.0,15.3,30.7,0,0,,,,,,12:14
7420260629030004,kochi,2026-07-01,4,○1 ◎7 △4 注6 ×2 ▲3,,,,,3,渡辺 航平  東,京,48,79,A1,追,3.93,85.33,▲,3,10.0,26.6,50.0,0,0,,,,,,12:14
7420260629030004,kochi,2026-07-01,4,○1 ◎7 △4 注6 ×2 ▲3,,,,,4,安部 龍文  大,分,41,94,A2,追,3.92,82.96,△,4,4.0,28.0,44.0,0,0,,,,,,12:14
7420260629030004,kochi,2026-07-01,4,○1 ◎7 △4 注6 ×2 ▲3,,,,,5,佐藤 政利  新,潟,43,91,A2,追,3.92,83.14,,0,3.7,14.8,44.4,0,0,,,,,,12:14
7420260629030004,kochi,2026-07-01,4,○1 ◎7 △4 注6 ×2 ▲3,,,,,6,中里 福太郎,北海道,30,113,A2,逃,3.93,80.15,注,2,4.7,23.8,23.8,2,0,,,,,,12:14
7420260629030004,kochi,2026-07-01,4,○1 ◎7 △4 注6 ×2 ▲3,,,,,7,谷口 幸司  高,知,32,111,A1,追,3.92,86.65,◎,6,8.3,41.6,58.3,0,0,,,,,,12:14
7420260629030005,kochi,2026-07-01,5,×6 注1 ○3 ◎4 △5 ▲2,,,,,1,小酒 大勇  宮,崎,32,103,S2,両,3.92,98.56,注,2,6.2,28.1,40.6,0,0,,,,,,12:42
7420260629030005,kochi,2026-07-01,5,×6 注1 ○3 ◎4 △5 ▲2,,,,,2,笹倉 慎也  富,山,40,91,S2,追,3.92,96.27,▲,3,6.0,12.1,27.2,0,0,,,,,,12:42
7420260629030005,kochi,2026-07-01,5,×6 注1 ○3 ◎4 △5 ▲2,,,,,3,池野 健太  兵,庫,34,109,S1,逃,3.92,102.56,○,5,27.0,29.7,40.5,2,4,,,,,,12:42
7420260629030005,kochi,2026-07-01,5,×6 注1 ○3 ◎4 △5 ▲2,,,,,4,瓜生 崇智  熊,本,31,109,S2,追,3.92,102.43,◎,6,21.8,37.5,59.3,0,0,,,,,,12:42
7420260629030005,kochi,2026-07-01,5,×6 注1 ○3 ◎4 △5 ▲2,,,,,5,小嶋 敬二  石,川,56,74,S2,両,3.92,94.7,△,4,9.3,12.5,21.8,0,1,,,,,,12:42
7420260629030005,kochi,2026-07-01,5,×6 注1 ○3 ◎4 △5 ▲2,,,,,6,津村 洸次郎  福,岡,35,101,S2,両,3.93,94.13,×,1,3.4,6.8,17.2,1,0,,,,,,12:42
7420260629030006,kochi,2026-07-01,6,○1 ◎4 ×3 ▲6 △5 注2,,,,,1,吉田 智哉  愛,媛,28,111,S2,逃,3.92,95.03,○,5,3.4,10.3,20.6,1,0,,,,,,13:10
7420260629030006,kochi,2026-07-01,6,○1 ◎4 ×3 ▲6 △5 注2,,,,,2,飯田 憲司  静,岡,43,96,S2,両,3.93,94.03,注,2,3.1,9.3,15.6,1,0,,,,,,13:10
7420260629030006,kochi,2026-07-01,6,○1 ◎4 ×3 ▲6 △5 注2,,,,,3,米嶋 恵介  岡,山,34,119,S2,両,3.92,97.71,×,1,11.4,11.4,25.7,0,2,,,,,,13:10
7420260629030006,kochi,2026-07-01,6,○1 ◎4 ×3 ▲6 △5 注2,,,,,4,佐々木 則幸  高,知,49,79,S2,追,3.93,100.59,◎,6,3.1,25.0,37.5,0,0,,,,,,13:10
7420260629030006,kochi,2026-07-01,6,○1 ◎4 ×3 ▲6 △5 注2,,,,,5,高橋 雅之  千,葉,43,90,S2,追,3.92,97.47,△,4,2.8,22.8,34.2,0,0,,,,,,13:10
7420260629030006,kochi,2026-07-01,6,○1 ◎4 ×3 ▲6 △5 注2,,,,,6,小林 稜武  栃,木,33,113,S2,逃,3.92,92.8,▲,3,2.7,5.5,11.1,2,0,,,,,,13:10
7420260629030007,kochi,2026-07-01,7,○7 ◎3 △5 ×1 注2 ▲4,,,,,1,近藤 夏樹  千,葉,38,97,S2,両,3.92,101.0,×,1,10.0,40.0,50.0,0,1,,,,,,13:38
7420260629030007,kochi,2026-07-01,7,○7 ◎3 △5 ×1 注2 ▲4,,,,,2,大西 祐  愛,媛,39,91,S2,両,3.92,93.51,注,2,2.8,8.5,17.1,0,0,,,,,,13:38
7420260629030007,kochi,2026-07-01,7,○7 ◎3 △5 ×1 注2 ▲4,,,,,3,藤井 栄二  兵,庫,35,99,S2,両,3.92,97.28,◎,6,67.8,71.4,89.2,0,11,,,,,,13:38
7420260629030007,kochi,2026-07-01,7,○7 ◎3 △5 ×1 注2 ▲4,,,,,4,山田 敦也,北海道,42,88,S2,追,3.92,98.12,▲,3,8.3,16.6,41.6,0,0,,,,,,13:38
7420260629030007,kochi,2026-07-01,7,○7 ◎3 △5 ×1 注2 ▲4,,,,,5,桑原 亮  福,岡,41,91,S2,追,3.92,95.69,△,4,2.3,11.9,21.4,0,1,,,,,,13:38
7420260629030007,kochi,2026-07-01,7,○7 ◎3 △5 ×1 注2 ▲4,,,,,6,江連 和洋  栃,木,54,76,S2,追,3.85,93.0,,0,0.0,0.0,0.0,0,0,,,,,,13:38
7420260629030007,kochi,2026-07-01,7,○7 ◎3 △5 ×1 注2 ▲4,,,,,7,稲毛 健太,和歌山,37,97,S2,逃,3.92,102.96,○,5,14.8,25.9,44.4,1,2,,,,,,13:38
7420260629030008,kochi,2026-07-01,8,◎7 ○3 △1 ×2 注4 ▲5,,,,,1,渡部 哲男  愛,媛,46,84,S1,追,3.92,105.78,△,4,25.0,31.2,46.8,0,0,,,,,,14:06
7420260629030008,kochi,2026-07-01,8,◎7 ○3 △1 ×2 注4 ▲5,,,,,2,中井 俊亮  奈,良,33,103,S1,両,3.92,102.0,×,1,15.3,26.9,38.4,0,2,,,,,,14:06
7420260629030008,kochi,2026-07-01,8,◎7 ○3 △1 ×2 注4 ▲5,,,,,3,田尾 駿介  高,知,34,111,S1,追,3.92,103.85,○,5,9.5,19.0,19.0,0,0,,,,,,14:06
7420260629030008,kochi,2026-07-01,8,◎7 ○3 △1 ×2 注4 ▲5,,,,,4,藤田 勝也,和歌山,37,94,S2,追,3.92,102.38,注,2,16.1,29.0,38.7,0,0,,,,,,14:06
7420260629030008,kochi,2026-07-01,8,◎7 ○3 △1 ×2 注4 ▲5,,,,,5,山口 貴弘  佐,賀,42,92,S2,追,3.92,101.29,▲,3,3.1,9.3,40.6,0,0,,,,,,14:06
7420260629030008,kochi,2026-07-01,8,◎7 ○3 △1 ×2 注4 ▲5,,,,,6,松岡 孔明  熊,本,44,91,S2,両,3.92,99.41,,0,10.2,25.6,43.5,0,0,,,,,,14:06
7420260629030008,kochi,2026-07-01,8,◎7 ○3 △1 ×2 注4 ▲5,,,,,7,松井 宏佑,神奈川,33,113,S1,逃,3.92,107.03,◎,6,11.5,23.0,26.9,3,2,,,,,,14:06
7420260629030009,kochi,2026-07-01,9,×3 注2 △1 ◎4 ○7 ▲5,,,,,1,寺沼 拓摩  東,京,27,115,S2,両,3.93,101.75,△,4,8.3,20.8,37.5,2,2,,,,,,14:34
7420260629030009,kochi,2026-07-01,9,×3 注2 △1 ◎4 ○7 ▲5,,,,,2,福島 武士  香,川,40,96,S2,追,3.92,99.14,注,2,3.5,21.4,25.0,0,0,,,,,,14:34
7420260629030009,kochi,2026-07-01,9,×3 注2 △1 ◎4 ○7 ▲5,,,,,3,遠藤 拓巳  香,川,26,125,S2,逃,3.92,101.4,×,1,10.0,30.0,40.0,5,4,,,,,,14:34
7420260629030009,kochi,2026-07-01,9,×3 注2 △1 ◎4 ○7 ▲5,,,,,4,谷内 健太  京,都,25,125,S2,逃,3.92,107.73,◎,6,26.0,52.1,69.5,10,1,,,,,,14:34
7420260629030009,kochi,2026-07-01,9,×3 注2 △1 ◎4 ○7 ▲5,,,,,5,栗山 俊介  奈,良,38,103,S2,両,3.92,101.4,▲,3,10.0,20.0,36.6,1,0,,,,,,14:34
7420260629030009,kochi,2026-07-01,9,×3 注2 △1 ◎4 ○7 ▲5,,,,,6,菅野 航基  宮,城,25,119,S2,逃,3.92,95.68,,0,6.2,15.6,21.8,3,0,,,,,,14:34
7420260629030009,kochi,2026-07-01,9,×3 注2 △1 ◎4 ○7 ▲5,,,,,7,椎木尾 拓哉,和歌山,40,93,S1,追,3.92,106.28,○,5,15.6,21.8,40.6,0,0,,,,,,14:34
7420260629030010,kochi,2026-07-01,10,○7 ◎1 注2 ×4 ▲6 △3,,,,,1,志智 俊夫  岐,阜,53,70,S1,追,3.92,109.23,◎,6,14.8,44.4,55.5,0,1,,,,,,15:02
7420260629030010,kochi,2026-07-01,10,○7 ◎1 注2 ×4 ▲6 △3,,,,,2,小川 将二郎  徳,島,23,121,S2,逃,3.92,98.64,注,2,12.5,25.0,34.3,1,7,,,,,,15:02
7420260629030010,kochi,2026-07-01,10,○7 ◎1 注2 ×4 ▲6 △3,,,,,3,山田 駿斗  千,葉,22,123,S2,逃,3.92,100.6,△,4,11.7,17.6,29.4,0,2,,,,,,15:02
7420260629030010,kochi,2026-07-01,10,○7 ◎1 注2 ×4 ▲6 △3,,,,,4,筒井 敦史  岡,山,50,85,S1,追,3.92,105.03,×,1,30.0,40.0,43.3,0,1,,,,,,15:02
7420260629030010,kochi,2026-07-01,10,○7 ◎1 注2 ×4 ▲6 △3,,,,,5,小島 歩,神奈川,36,97,S2,追,3.93,98.87,,0,6.2,25.0,34.3,0,0,,,,,,15:02
7420260629030010,kochi,2026-07-01,10,○7 ◎1 注2 ×4 ▲6 △3,,,,,6,山崎 泰己  岡,山,37,101,S2,追,3.92,96.74,▲,3,2.7,10.8,24.3,0,0,,,,,,15:02
7420260629030010,kochi,2026-07-01,10,○7 ◎1 注2 ×4 ▲6 △3,,,,,7,田中 大我  奈,良,27,115,S2,逃,3.92,100.0,○,5,33.3,33.3,38.8,2,4,,,,,,15:02
7420260629030011,kochi,2026-07-01,11,◎5 ○1 ×2 ▲4 注3 △7,,,,,1,吉松 直人  高,知,45,90,A1,追,3.92,93.44,○,5,35.7,50.0,71.4,0,1,,,,,,15:32
7420260629030011,kochi,2026-07-01,11,◎5 ○1 ×2 ▲4 注3 △7,,,,,2,長松 空吾  大,分,26,123,A1,逃,3.92,93.18,×,1,39.1,52.1,52.1,4,4,,,,,,15:32
7420260629030011,kochi,2026-07-01,11,◎5 ○1 ×2 ▲4 注3 △7,,,,,3,伊藤 世哉  三,重,45,87,A1,追,3.92,91.41,注,2,12.5,29.1,41.6,0,0,,,,,,15:32
7420260629030011,kochi,2026-07-01,11,◎5 ○1 ×2 ▲4 注3 △7,,,,,4,内山 慧大  福,井,24,123,A1,逃,3.92,90.79,▲,3,33.3,45.8,58.3,7,4,,,,,,15:32
7420260629030011,kochi,2026-07-01,11,◎5 ○1 ×2 ▲4 注3 △7,,,,,5,林 昌幸  愛,媛,23,119,A1,逃,3.92,95.79,◎,6,56.0,76.0,80.0,8,9,,,,,,15:32
7420260629030011,kochi,2026-07-01,11,◎5 ○1 ×2 ▲4 注3 △7,,,,,6,後藤 彰仁  岐,阜,41,92,A1,追,3.92,87.38,,0,25.0,40.0,50.0,0,0,,,,,,15:32
7420260629030011,kochi,2026-07-01,11,◎5 ○1 ×2 ▲4 注3 △7,,,,,7,上杉 有弘  福,井,24,127,A2,逃,3.92,91.28,△,4,64.0,68.0,68.0,10,7,,,,,,15:32
7420260629030012,kochi,2026-07-01,12,○2 ◎7 注1 △4 ×6 ▲3,,,,,1,佐々木 眞也,神奈川,31,117,S1,両,3.92,112.04,注,2,25.0,45.8,54.1,0,1,,,,,,16:09
7420260629030012,kochi,2026-07-01,12,○2 ◎7 注1 △4 ×6 ▲3,,,,,2,町田 太我  広,島,25,117,S1,逃,3.93,112.0,○,5,17.2,41.3,48.2,9,3,,,,,,16:09
7420260629030012,kochi,2026-07-01,12,○2 ◎7 注1 △4 ×6 ▲3,,,,,3,阿部 力也  宮,城,38,100,S1,追,3.92,112.96,×,1,27.5,44.8,68.9,0,0,,,,,,16:09
7420260629030012,kochi,2026-07-01,12,○2 ◎7 注1 △4 ×6 ▲3,,,,,4,松谷 秀幸,神奈川,43,96,S1,追,3.93,112.64,△,4,24.1,34.4,41.3,0,0,,,,,,16:09
7420260629030012,kochi,2026-07-01,12,○2 ◎7 注1 △4 ×6 ▲3,,,,,5,神山 拓弥  栃,木,39,91,S1,追,3.92,108.58,▲,3,13.3,26.6,40.0,0,0,,,,,,16:09
7420260629030012,kochi,2026-07-01,12,○2 ◎7 注1 △4 ×6 ▲3,,,,,6,木村 弘  青,森,34,100,S1,逃,3.92,101.62,,0,10.7,28.5,39.2,6,2,,,,,,16:09
7420260629030012,kochi,2026-07-01,12,○2 ◎7 注1 △4 ×6 ▲3,,,,,7,河端 朋之  岡,山,41,95,S1,逃,3.93,110.97,◎,6,27.9,44.1,55.8,2,10,,,,,,16:09
8420260629030001,takeo,2026-07-01,1,◎1 ○5 △7 ×3 注2 ▲4,,,,,1,上吹越 俊一,鹿児島,49,99,A1,両,3.92,85.8,◎,6,38.0,38.0,52.3,2,6,,,,,,15:54
8420260629030001,takeo,2026-07-01,1,◎1 ○5 △7 ×3 注2 ▲4,,,,,2,奥出 健士郎  福,井,37,99,A2,追,3.92,79.43,注,2,6.6,6.6,16.6,0,1,,,,,,15:54
8420260629030001,takeo,2026-07-01,1,◎1 ○5 △7 ×3 注2 ▲4,,,,,3,隅 直幸  山,口,47,84,A1,追,3.92,85.06,×,1,6.6,30.0,46.6,0,0,,,,,,15:54
8420260629030001,takeo,2026-07-01,1,◎1 ○5 △7 ×3 注2 ▲4,,,,,4,柴田 祐也  岐,阜,42,94,A2,追,3.92,80.28,▲,3,16.0,16.0,24.0,0,0,,,,,,15:54
8420260629030001,takeo,2026-07-01,1,◎1 ○5 △7 ×3 注2 ▲4,,,,,5,飯塚 直人  佐,賀,35,98,A2,両,3.92,83.37,○,5,3.7,11.1,25.9,0,0,,,,,,15:54
8420260629030001,takeo,2026-07-01,1,◎1 ○5 △7 ×3 注2 ▲4,,,,,6,沢田 勇治  山,口,37,98,A2,両,3.92,78.54,,0,0.0,6.4,12.9,0,0,,,,,,15:54
8420260629030001,takeo,2026-07-01,1,◎1 ○5 △7 ×3 注2 ▲4,,,,,7,松尾 大樹  長,崎,45,87,A2,追,3.92,82.62,△,4,0.0,14.8,29.6,0,0,,,,,,15:54
8420260629030002,takeo,2026-07-01,2,◎2 ○7 △5 注3 ×1 ▲6,,,,,1,荻原 寿嗣,北海道,32,119,A2,逃,3.85,83.91,×,1,25.0,33.3,41.6,5,2,,,,,,16:16
8420260629030002,takeo,2026-07-01,2,◎2 ○7 △5 注3 ×1 ▲6,,,,,2,犬塚 貴之  愛,知,25,117,A2,両,3.92,91.33,◎,6,50.0,58.3,75.0,1,5,,,,,,16:16
8420260629030002,takeo,2026-07-01,2,◎2 ○7 △5 注3 ×1 ▲6,,,,,3,高比良 豪  福,岡,46,84,A1,追,3.92,83.14,注,2,7.1,21.4,28.5,0,2,,,,,,16:16
8420260629030002,takeo,2026-07-01,2,◎2 ○7 △5 注3 ×1 ▲6,,,,,4,船曳 義之  香,川,49,83,A2,追,3.92,81.06,,0,3.3,10.0,20.0,0,0,,,,,,16:16
8420260629030002,takeo,2026-07-01,2,◎2 ○7 △5 注3 ×1 ▲6,,,,,5,坂上 忠克  石,川,52,71,A1,追,3.92,87.0,△,4,6.6,33.3,56.6,0,0,,,,,,16:16
8420260629030002,takeo,2026-07-01,2,◎2 ○7 △5 注3 ×1 ▲6,,,,,6,武田 靖夫  茨,城,53,76,A2,追,3.92,77.7,▲,3,0.0,5.5,5.5,0,0,,,,,,16:16
8420260629030002,takeo,2026-07-01,2,◎2 ○7 △5 注3 ×1 ▲6,,,,,7,朝日 勇  愛,知,52,74,A2,追,3.92,83.13,○,5,13.3,23.3,33.3,0,0,,,,,,16:16
8420260629030003,takeo,2026-07-01,3,○7 ◎3 ×2 注4 △5 ▲1,,,,,1,松尾 玄太  佐,賀,40,93,A1,両,3.92,84.14,▲,3,13.6,22.7,40.9,0,1,,,,,,16:38
8420260629030003,takeo,2026-07-01,3,○7 ◎3 ×2 注4 △5 ▲1,,,,,2,舛井 幹雄  三,重,54,71,A1,追,3.93,91.08,×,1,13.0,34.7,47.8,0,0,,,,,,16:38
8420260629030003,takeo,2026-07-01,3,○7 ◎3 ×2 注4 △5 ▲1,,,,,3,大島 将人  福,島,37,94,A1,追,3.92,84.52,◎,6,3.8,26.9,42.3,0,0,,,,,,16:38
8420260629030003,takeo,2026-07-01,3,○7 ◎3 ×2 注4 △5 ▲1,,,,,4,中西 勇  福,岡,34,125,A2,逃,3.93,84.07,注,2,11.1,33.3,44.4,8,1,,,,,,16:38
8420260629030003,takeo,2026-07-01,3,○7 ◎3 ×2 注4 △5 ▲1,,,,,5,安東 宏高  大,分,44,90,A2,追,3.92,86.66,△,4,8.3,25.0,50.0,0,0,,,,,,16:38
8420260629030003,takeo,2026-07-01,3,○7 ◎3 ×2 注4 △5 ▲1,,,,,6,榊原 洋  岡,山,48,85,A2,追,3.92,83.0,,0,4.0,16.0,24.0,0,0,,,,,,16:38
8420260629030003,takeo,2026-07-01,3,○7 ◎3 ×2 注4 △5 ▲1,,,,,7,田原 宥明,北海道,35,105,A1,両,3.92,86.96,○,5,17.2,48.2,58.6,4,2,,,,,,16:38
8420260629030004,takeo,2026-07-01,4,◎1 ○7 ×6 ▲2 注4 △5,,,,,1,北川 大五郎  大,阪,35,103,A1,両,3.92,88.14,◎,6,19.0,23.8,28.5,2,0,,,,,,17:02
8420260629030004,takeo,2026-07-01,4,◎1 ○7 ×6 ▲2 注4 △5,,,,,2,西田 大志  福,岡,35,98,A1,追,3.92,87.69,×,1,22.2,37.0,55.5,0,0,,,,,,17:02
8420260629030004,takeo,2026-07-01,4,◎1 ○7 ×6 ▲2 注4 △5,,,,,3,鈴木 良太  静,岡,49,86,A2,追,3.92,84.25,△,4,7.6,30.7,30.7,0,0,,,,,,17:02
8420260629030004,takeo,2026-07-01,4,◎1 ○7 ×6 ▲2 注4 △5,,,,,4,内山 拓  福,岡,43,88,A1,追,3.92,85.96,▲,3,14.8,37.0,51.8,0,1,,,,,,17:02
8420260629030004,takeo,2026-07-01,4,◎1 ○7 ×6 ▲2 注4 △5,,,,,5,大畑 裕貴  埼,玉,41,92,A2,両,3.92,85.33,注,2,14.8,25.9,48.1,6,1,,,,,,17:02
8420260629030004,takeo,2026-07-01,4,◎1 ○7 ×6 ▲2 注4 △5,,,,,6,入田 龍馬,鹿児島,23,125,A2,逃,3.92,83.75,,0,22.2,22.2,44.4,1,1,,,,,,17:02
8420260629030004,takeo,2026-07-01,4,◎1 ○7 ×6 ▲2 注4 △5,,,,,7,橋本 勝弘  愛,媛,43,89,A2,追,3.92,83.79,○,5,12.5,16.6,37.5,0,0,,,,,,17:02
8420260629030005,takeo,2026-07-01,5,×7 注3 △1 ▲5 ○4 ◎6,,,,,1,瀬戸 栄作  長,崎,33,109,S2,両,3.92,97.96,注,2,7.4,14.8,33.3,0,3,,,,,,17:26
8420260629030005,takeo,2026-07-01,5,×7 注3 △1 ▲5 ○4 ◎6,,,,,2,天田 裕輝  群,馬,41,91,S2,両,3.92,99.34,◎,6,15.3,23.0,38.4,0,0,,,,,,17:26
8420260629030005,takeo,2026-07-01,5,×7 注3 △1 ▲5 ○4 ◎6,,,,,3,山崎 将幸  宮,城,39,92,S2,追,3.92,102.87,×,1,18.7,31.2,46.8,0,0,,,,,,17:26
8420260629030005,takeo,2026-07-01,5,×7 注3 △1 ▲5 ○4 ◎6,,,,,4,池田 憲昭  香,川,44,90,S2,追,3.92,94.88,▲,3,2.3,9.5,16.6,0,0,,,,,,17:26
8420260629030005,takeo,2026-07-01,5,×7 注3 △1 ▲5 ○4 ◎6,,,,,5,本郷 雄三  熊,本,37,99,S2,両,3.92,98.69,△,4,12.8,12.8,33.3,1,3,,,,,,17:26
8420260629030005,takeo,2026-07-01,5,×7 注3 △1 ▲5 ○4 ◎6,,,,,6,岡田 亮太  東,京,25,117,S2,逃,3.92,93.3,○,5,0.0,7.1,21.4,1,0,,,,,,17:26
8420260629030005,takeo,2026-07-01,5,×7 注3 △1 ▲5 ○4 ◎6,,,,,7,金澤 竜二  福,島,40,91,S2,両,3.92,93.7,,0,5.0,10.0,10.0,0,3,,,,,,17:26
8420260629030006,takeo,2026-07-01,6,×6 △2 ◎1 ○3 注4 ▲7,,,,,1,山下 一輝  山,口,36,96,S2,追,3.92,97.41,△,4,11.7,23.5,38.2,0,3,,,,,,17:50
8420260629030006,takeo,2026-07-01,6,×6 △2 ◎1 ○3 注4 ▲7,,,,,2,川津 悠揮,北海道,38,96,S1,追,3.85,105.04,×,1,8.0,24.0,52.0,0,1,,,,,,17:50
8420260629030006,takeo,2026-07-01,6,×6 △2 ◎1 ○3 注4 ▲7,,,,,3,格清 洋介  静,岡,31,111,S2,逃,3.93,99.68,◎,6,24.1,44.8,51.7,6,6,,,,,,17:50
8420260629030006,takeo,2026-07-01,6,×6 △2 ◎1 ○3 注4 ▲7,,,,,4,渡邉 晴智  静,岡,52,73,S2,追,3.92,99.28,○,5,6.2,21.8,37.5,0,0,,,,,,17:50
8420260629030006,takeo,2026-07-01,6,×6 △2 ◎1 ○3 注4 ▲7,,,,,5,隅田 洋介  岡,山,38,107,S1,両,3.92,99.4,▲,3,0.0,0.0,0.0,0,0,,,,,,17:50
8420260629030006,takeo,2026-07-01,6,×6 △2 ◎1 ○3 注4 ▲7,,,,,6,鈴木 涼介  福,島,28,115,S2,逃,3.92,93.09,,0,3.1,3.1,18.7,0,1,,,,,,17:50
8420260629030006,takeo,2026-07-01,6,×6 △2 ◎1 ○3 注4 ▲7,,,,,7,伊代野 貴照  奈,良,45,101,S2,追,3.92,101.78,注,2,4.1,12.5,25.0,0,0,,,,,,17:50
8420260629030007,takeo,2026-07-01,7,◎7 ○1 △6 ▲5 注3 ×4,,,,,1,近藤 俊明,神奈川,47,87,S2,追,3.92,101.45,○,5,5.8,20.5,35.2,0,0,,,,,,18:14
8420260629030007,takeo,2026-07-01,7,◎7 ○1 △6 ▲5 注3 ×4,,,,,2,大坪 功一  福,岡,49,81,S1,追,3.92,99.28,×,1,5.7,20.0,28.5,0,0,,,,,,18:14
8420260629030007,takeo,2026-07-01,7,◎7 ○1 △6 ▲5 注3 ×4,,,,,3,小谷 実  京,都,39,93,S2,追,3.92,94.81,▲,3,0.0,5.4,16.2,0,0,,,,,,18:14
8420260629030007,takeo,2026-07-01,7,◎7 ○1 △6 ▲5 注3 ×4,,,,,4,谷口 力也  熊,本,28,119,S2,逃,3.92,94.71,注,2,9.3,18.7,28.1,3,2,,,,,,18:14
8420260629030007,takeo,2026-07-01,7,◎7 ○1 △6 ▲5 注3 ×4,,,,,5,伊藤 正樹  愛,知,53,71,S2,追,3.54,99.64,△,4,7.1,19.0,42.8,0,1,,,,,,18:14
8420260629030007,takeo,2026-07-01,7,◎7 ○1 △6 ▲5 注3 ×4,,,,,6,山本 恵介  福,島,46,100,S2,両,3.92,93.37,,0,0.0,2.4,14.6,0,0,,,,,,18:14
8420260629030007,takeo,2026-07-01,7,◎7 ○1 △6 ▲5 注3 ×4,,,,,7,堀内 俊介,神奈川,36,107,S2,両,3.93,103.95,◎,6,26.0,43.4,60.8,2,4,,,,,,18:14
8420260629030008,takeo,2026-07-01,8,注1 ×5 ▲3 ○6 ◎4 △7,,,,,1,福田 稔希  栃,木,23,125,S2,逃,3.92,104.57,注,2,22.7,36.3,50.0,5,1,,,,,,18:38
8420260629030008,takeo,2026-07-01,8,注1 ×5 ▲3 ○6 ◎4 △7,,,,,2,成松 春樹  佐,賀,40,93,S2,両,3.93,97.8,△,4,10.0,16.6,20.0,1,2,,,,,,18:38
8420260629030008,takeo,2026-07-01,8,注1 ×5 ▲3 ○6 ◎4 △7,,,,,3,内藤 秀久,神奈川,44,89,S1,追,3.92,104.65,▲,3,13.3,20.0,43.3,0,1,,,,,,18:38
8420260629030008,takeo,2026-07-01,8,注1 ×5 ▲3 ○6 ◎4 △7,,,,,4,猿樂 楓樹  岡,山,25,127,S2,逃,3.92,98.54,○,5,72.7,81.8,86.3,16,2,,,,,,18:38
8420260629030008,takeo,2026-07-01,8,注1 ×5 ▲3 ○6 ◎4 △7,,,,,5,須永 優太  福,島,38,94,S1,追,3.92,105.66,×,1,18.5,33.3,40.7,0,0,,,,,,18:38
8420260629030008,takeo,2026-07-01,8,注1 ×5 ▲3 ○6 ◎4 △7,,,,,6,土生 敦弘  大,阪,27,117,S2,逃,3.92,96.45,,0,15.1,21.2,24.2,0,6,,,,,,18:38
8420260629030008,takeo,2026-07-01,8,注1 ×5 ▲3 ○6 ◎4 △7,,,,,7,松川 高大  熊,本,37,94,S1,両,3.92,103.45,◎,6,12.0,24.0,32.0,0,0,,,,,,18:38
8420260629030009,takeo,2026-07-01,9,×6 ◎1 ○2 ▲5 △4 注7,,,,,1,原井 博斗  福,岡,30,115,S2,追,3.92,107.33,×,1,33.3,43.3,70.0,0,0,,,,,,19:04
8420260629030009,takeo,2026-07-01,9,×6 ◎1 ○2 ▲5 △4 注7,,,,,2,窓場 千加頼  京,都,34,100,S1,両,3.92,106.22,◎,6,22.2,40.7,59.2,0,4,,,,,,19:04
8420260629030009,takeo,2026-07-01,9,×6 ◎1 ○2 ▲5 △4 注7,,,,,3,友定 祐己  岡,山,47,82,S2,追,3.92,102.52,注,2,5.0,25.0,50.0,0,0,,,,,,19:04
8420260629030009,takeo,2026-07-01,9,×6 ◎1 ○2 ▲5 △4 注7,,,,,4,鈴木 伸之  愛,知,45,87,S2,追,3.92,100.17,▲,3,5.8,11.7,32.3,0,0,,,,,,19:04
8420260629030009,takeo,2026-07-01,9,×6 ◎1 ○2 ▲5 △4 注7,,,,,5,川口 公太朗  岐,阜,36,98,S1,追,3.92,105.32,○,5,12.1,30.3,45.4,0,0,,,,,,19:04
8420260629030009,takeo,2026-07-01,9,×6 ◎1 ○2 ▲5 △4 注7,,,,,6,橋本 宇宙  佐,賀,26,123,S2,逃,3.92,97.1,,0,10.0,26.6,36.6,5,2,,,,,,19:04
8420260629030009,takeo,2026-07-01,9,×6 ◎1 ○2 ▲5 △4 注7,,,,,7,原田 研太朗  徳,島,35,98,S1,逃,3.92,103.52,△,4,23.9,32.6,45.6,4,9,,,,,,19:04
8420260629030010,takeo,2026-07-01,10,◎1 ○7 △4 ▲2 注5 ×3,,,,,1,志田 龍星  岐,阜,28,119,S1,逃,3.92,110.3,◎,6,16.6,43.3,56.6,7,3,,,,,,19:30
8420260629030010,takeo,2026-07-01,10,◎1 ○7 △4 ▲2 注5 ×3,,,,,2,岡本 大嗣  東,京,46,88,S2,追,3.92,98.75,▲,3,13.7,20.6,41.3,0,0,,,,,,19:30
8420260629030010,takeo,2026-07-01,10,◎1 ○7 △4 ▲2 注5 ×3,,,,,3,山本 奨  岡,山,37,94,S2,両,3.92,100.25,×,1,19.3,22.5,41.9,0,3,,,,,,19:30
8420260629030010,takeo,2026-07-01,10,◎1 ○7 △4 ▲2 注5 ×3,,,,,4,菅原 裕太  静,岡,35,100,S2,追,3.92,101.25,△,4,23.0,38.4,51.2,0,0,,,,,,19:30
8420260629030010,takeo,2026-07-01,10,◎1 ○7 △4 ▲2 注5 ×3,,,,,5,佐伯 亮輔  岡,山,31,113,S2,逃,3.92,98.44,注,2,20.5,26.4,41.1,6,3,,,,,,19:30
8420260629030010,takeo,2026-07-01,10,◎1 ○7 △4 ▲2 注5 ×3,,,,,6,中村 昌弘  広,島,49,81,S2,追,3.92,95.8,,0,0.0,6.6,13.3,0,0,,,,,,19:30
8420260629030010,takeo,2026-07-01,10,◎1 ○7 △4 ▲2 注5 ×3,,,,,7,小堺 浩二  石,川,43,91,S2,両,3.92,102.06,○,5,18.1,25.0,45.4,0,8,,,,,,19:30
8420260629030011,takeo,2026-07-01,11,注7 ×1 ◎2 ○4 ▲6 △5,,,,,1,奥村 諭志  岡,山,32,111,A1,両,3.92,90.81,×,1,22.2,37.0,59.2,0,1,,,,,,19:56
8420260629030011,takeo,2026-07-01,11,注7 ×1 ◎2 ○4 ▲6 △5,,,,,2,永井 哉多  東,京,24,121,A1,逃,3.92,95.72,◎,6,68.0,76.0,80.0,9,8,,,,,,19:56
8420260629030011,takeo,2026-07-01,11,注7 ×1 ◎2 ○4 ▲6 △5,,,,,3,川口 直人,神奈川,49,84,A1,追,3.92,92.26,△,4,20.0,40.0,66.6,0,0,,,,,,19:56
8420260629030011,takeo,2026-07-01,11,注7 ×1 ◎2 ○4 ▲6 △5,,,,,4,山口 貴弘  栃,木,48,84,A2,追,3.92,87.83,○,5,25.0,45.8,58.3,0,1,,,,,,19:56
8420260629030011,takeo,2026-07-01,11,注7 ×1 ◎2 ○4 ▲6 △5,,,,,5,山本 健也  千,葉,44,89,A1,追,3.92,88.78,▲,3,17.2,31.0,55.1,1,1,,,,,,19:56
8420260629030011,takeo,2026-07-01,11,注7 ×1 ◎2 ○4 ▲6 △5,,,,,6,梅山 英樹  群,馬,54,72,A2,追,3.92,85.74,,0,3.7,37.0,48.1,0,0,,,,,,19:56
8420260629030011,takeo,2026-07-01,11,注7 ×1 ◎2 ○4 ▲6 △5,,,,,7,近藤 雄太  岡,山,27,121,A1,逃,3.92,93.08,注,2,50.0,66.6,66.6,0,4,,,,,,19:56
8420260629030012,takeo,2026-07-01,12,◎5 ○1 ×2 ▲6 △4 注3,,,,,1,山田 英明  佐,賀,43,89,S1,両,3.92,113.05,○,5,19.0,33.3,52.3,0,1,,,,,,20:25
8420260629030012,takeo,2026-07-01,12,◎5 ○1 ×2 ▲6 △4 注3,,,,,2,松本 貴治  愛,媛,32,111,S1,両,3.92,111.79,×,1,28.0,52.0,56.0,1,5,,,,,,20:25
8420260629030012,takeo,2026-07-01,12,◎5 ○1 ×2 ▲6 △4 注3,,,,,3,芦澤 大輔  茨,城,44,90,S1,追,3.92,108.48,注,2,17.2,31.0,34.4,0,0,,,,,,20:25
8420260629030012,takeo,2026-07-01,12,◎5 ○1 ×2 ▲6 △4 注3,,,,,4,森田 優弥  埼,玉,27,113,S1,逃,3.92,111.16,△,4,37.0,51.8,66.6,3,10,,,,,,20:25
8420260629030012,takeo,2026-07-01,12,◎5 ○1 ×2 ▲6 △4 注3,,,,,5,山崎 賢人  長,崎,33,111,S1,逃,3.93,114.96,◎,6,36.6,63.3,66.6,7,10,,,,,,20:25
8420260629030012,takeo,2026-07-01,12,◎5 ○1 ×2 ▲6 △4 注3,,,,,6,田中 勇二  岡,山,38,95,S1,追,3.92,103.85,▲,3,13.3,30.0,46.6,0,0,,,,,,20:25
8420260629030012,takeo,2026-07-01,12,◎5 ○1 ×2 ▲6 △4 注3,,,,,7,近藤 保  千,葉,43,95,S1,追,3.92,104.42,,0,17.1,34.2,51.4,0,1,,,,,,20:25
1120260701020001,hakodate,2026-07-02,1,,,,,,1,山田 祥明  岐,阜,46,97,A1,追,3.92,87.5,,0,20.0,33.3,40.0,0,0,,,,,,20:44
1120260701020001,hakodate,2026-07-02,1,,,,,,2,瀧川 幸広  愛,知,30,125,A2,逃,3.93,84.85,,0,9.5,33.3,47.6,6,1,,,,,,20:44
1120260701020001,hakodate,2026-07-02,1,,,,,,3,池邉 聖,神奈川,31,123,A1,逃,3.92,82.09,,0,14.2,23.8,33.3,2,2,,,,,,20:44
1120260701020001,hakodate,2026-07-02,1,,,,,,4,井上 雄三  埼,玉,43,88,A1,追,3.92,81.6,,0,8.6,21.7,26.0,0,0,,,,,,20:44
1120260701020001,hakodate,2026-07-02,1,,,,,,5,渡邊 一洋  静,岡,53,72,A2,追,3.92,81.55,,0,10.5,15.7,26.3,0,0,,,,,,20:44
1120260701020001,hakodate,2026-07-02,1,,,,,,6,川口 聖翔  三,重,37,100,A2,追,3.92,80.9,,0,4.7,9.5,23.8,0,0,,,,,,20:44
1120260701020001,hakodate,2026-07-02,1,,,,,,7,篠崎 高志  栃,木,54,72,A2,追,3.92,80.04,,0,0.0,4.1,16.6,0,0,,,,,,20:44
1120260701020002,hakodate,2026-07-02,2,,,,,,1,弓矢 輪太郎  三,重,22,125,A1,逃,3.92,86.47,,0,9.5,33.3,47.6,0,4,,,,,,21:08
1120260701020002,hakodate,2026-07-02,2,,,,,,2,和田 禎嗣  埼,玉,41,99,A2,追,3.92,86.0,,0,16.6,37.5,54.1,1,0,,,,,,21:08
1120260701020002,hakodate,2026-07-02,2,,,,,,3,植木 和広,神奈川,46,98,A1,追,3.92,86.0,,0,5.8,23.5,35.2,0,0,,,,,,21:08
1120260701020002,hakodate,2026-07-02,2,,,,,,4,樋口 開土  東,京,29,113,A1,逃,3.85,81.87,,0,8.3,25.0,37.5,1,2,,,,,,21:08
1120260701020002,hakodate,2026-07-02,2,,,,,,5,下岡 将也  三,重,29,111,A2,逃,3.92,81.21,,0,17.3,21.7,21.7,0,4,,,,,,21:08
1120260701020002,hakodate,2026-07-02,2,,,,,,6,新井 剛央  埼,玉,48,86,A2,追,3.92,80.55,,0,0.0,5.5,16.6,0,0,,,,,,21:08
1120260701020002,hakodate,2026-07-02,2,,,,,,7,齊藤 健人  静,岡,39,92,A2,両,3.92,79.57,,0,9.5,14.2,23.8,3,0,,,,,,21:08
1120260701020003,hakodate,2026-07-02,3,,,,,,1,栗田 雄矢  静,岡,40,96,A1,追,3.92,86.75,,0,16.6,33.3,41.6,0,1,,,,,,21:32
1120260701020003,hakodate,2026-07-02,3,,,,,,2,本村 隆文  岐,阜,47,81,A2,追,3.92,83.79,,0,12.5,41.6,50.0,0,0,,,,,,21:32
1120260701020003,hakodate,2026-07-02,3,,,,,,3,新井 僚太郎  山,梨,34,100,A2,両,3.92,82.53,,0,7.1,35.7,39.2,2,2,,,,,,21:32
1120260701020003,hakodate,2026-07-02,3,,,,,,4,渡邉 高志  栃,木,49,84,A1,追,3.93,82.33,,0,4.1,8.3,20.8,0,0,,,,,,21:32
1120260701020003,hakodate,2026-07-02,3,,,,,,5,栗田 万生  千,葉,32,111,A2,逃,3.92,82.26,,0,8.6,21.7,34.7,1,3,,,,,,21:32
1120260701020003,hakodate,2026-07-02,3,,,,,,6,大橋 直人  埼,玉,49,77,A2,追,3.92,82.0,,0,8.3,16.6,41.6,0,0,,,,,,21:32
1120260701020003,hakodate,2026-07-02,3,,,,,,7,西郷 剛  兵,庫,57,69,A2,追,3.92,72.95,,0,8.3,37.5,58.3,0,0,,,,,,21:32
1120260701020004,hakodate,2026-07-02,4,,,,,,1,竹田 和幸  岐,阜,49,78,A1,追,3.93,87.22,,0,11.1,38.8,61.1,0,0,,,,,,21:56
1120260701020004,hakodate,2026-07-02,4,,,,,,2,竹山 慶太  宮,城,33,105,A1,逃,3.92,85.11,,0,22.2,38.8,50.0,5,2,,,,,,21:56
1120260701020004,hakodate,2026-07-02,4,,,,,,3,宮倉 勇  千,葉,61,58,A2,追,3.92,83.4,,0,4.3,8.6,26.0,0,0,,,,,,21:56
1120260701020004,hakodate,2026-07-02,4,,,,,,4,渡邉 直弥  静,岡,29,113,A2,両,3.92,82.7,,0,8.3,29.1,37.5,1,1,,,,,,21:56
1120260701020004,hakodate,2026-07-02,4,,,,,,5,川木 敬大  兵,庫,47,84,A1,追,3.92,82.41,,0,7.6,15.3,53.8,0,0,,,,,,21:56
1120260701020004,hakodate,2026-07-02,4,,,,,,6,佐々木 健司  青,森,52,76,A2,追,3.92,80.18,,0,7.4,7.4,18.5,0,0,,,,,,21:56
1120260701020004,hakodate,2026-07-02,4,,,,,,7,中村 賢二  愛,知,43,97,A2,追,3.92,72.52,,0,22.7,40.9,59.0,2,1,,,,,,21:56
1120260701020005,hakodate,2026-07-02,5,,,,,,1,二藤 元太  静,岡,42,95,A1,追,3.92,93.22,,0,11.1,44.4,88.8,0,0,,,,,,22:22
1120260701020005,hakodate,2026-07-02,5,,,,,,2,水谷 将司  愛,知,38,105,A2,追,3.92,90.87,,0,33.3,58.3,70.8,0,0,,,,,,22:22
1120260701020005,hakodate,2026-07-02,5,,,,,,3,中釜 健次  大,阪,27,121,A1,逃,3.92,90.2,,0,33.3,37.5,50.0,2,6,,,,,,22:22
1120260701020005,hakodate,2026-07-02,5,,,,,,4,松山 桂輔  愛,知,42,88,A1,追,3.92,87.95,,0,17.3,39.1,65.2,0,1,,,,,,22:22
1120260701020005,hakodate,2026-07-02,5,,,,,,5,原岡 泰志郎  千,葉,37,100,A2,両,3.92,87.29,,0,12.5,25.0,45.8,0,0,,,,,,22:22
1120260701020005,hakodate,2026-07-02,5,,,,,,6,福田 健太  宮,城,25,125,A1,逃,3.92,86.83,,0,25.0,45.8,50.0,7,2,,,,,,22:22
1120260701020005,hakodate,2026-07-02,5,,,,,,7,佐山 俊樹  埼,玉,36,97,A1,追,3.92,84.14,,0,14.2,19.0,47.6,0,1,,,,,,22:22
1120260701020006,hakodate,2026-07-02,6,,,,,,1,片桐 善也  新,潟,32,117,A1,逃,3.92,92.42,,0,38.0,52.3,66.6,4,2,,,,,,22:49
1120260701020006,hakodate,2026-07-02,6,,,,,,2,吉村 和之  岐,阜,49,80,A1,追,3.93,89.95,,0,14.2,42.8,42.8,0,0,,,,,,22:49
1120260701020006,hakodate,2026-07-02,6,,,,,,3,佐藤 朋也  秋,田,46,89,A1,追,3.85,89.08,,0,19.2,42.3,53.8,0,4,,,,,,22:49
1120260701020006,hakodate,2026-07-02,6,,,,,,4,下岡 優季  愛,知,36,105,A1,逃,3.92,88.0,,0,20.8,45.8,62.5,7,1,,,,,,22:49
1120260701020006,hakodate,2026-07-02,6,,,,,,5,玉手 翔  兵,庫,42,91,A1,追,3.92,87.88,,0,22.2,33.3,59.2,0,0,,,,,,22:49
1120260701020006,hakodate,2026-07-02,6,,,,,,6,山田 和巧,神奈川,48,87,A2,追,3.92,83.36,,0,5.0,20.0,40.0,0,0,,,,,,22:49
1120260701020006,hakodate,2026-07-02,6,,,,,,7,竹内 優也,北海道,46,89,A2,両,3.77,82.83,,0,12.5,29.1,37.5,1,2,,,,,,22:49
1120260701020007,hakodate,2026-07-02,7,,,,,,1,川口 満宏  東,京,59,58,A1,追,3.92,94.66,,0,0.0,4.0,16.0,0,0,,,,,,23:16
1120260701020007,hakodate,2026-07-02,7,,,,,,2,宇佐見 優介  福,島,32,115,A1,追,3.92,90.88,,0,33.3,55.5,77.7,0,0,,,,,,23:16
1120260701020007,hakodate,2026-07-02,7,,,,,,3,松田 安綱  大,阪,24,127,A2,逃,3.93,87.8,,0,33.3,42.8,61.9,6,1,,,,,,23:16
1120260701020007,hakodate,2026-07-02,7,,,,,,4,邊見 竜馬  福,島,24,127,A2,逃,3.92,87.05,,0,77.7,94.4,100.0,9,5,,,,,,23:16
1120260701020007,hakodate,2026-07-02,7,,,,,,5,川越 宏臣  東,京,29,125,A2,逃,3.92,85.91,,0,16.6,41.6,50.0,5,4,,,,,,23:16
1120260701020007,hakodate,2026-07-02,7,,,,,,6,田原 大広,北海道,46,87,A1,追,3.92,85.88,,0,0.0,16.6,50.0,0,0,,,,,,23:16
1120260701020007,hakodate,2026-07-02,7,,,,,,7,柳原 司  大,阪,41,98,A2,両,3.92,85.75,,0,16.6,29.1,45.8,0,1,,,,,,23:16
2120260702010001,yahiko,2026-07-02,1,×1 注7 ▲4 ○2 ◎5 △3,,,,,1,右近 陸人  山,口,26,127,A3,逃,3.93,72.23,×,1,20.0,33.3,53.3,6,2,,,,,,16:05
2120260702010001,yahiko,2026-07-02,1,×1 注7 ▲4 ○2 ◎5 △3,,,,,2,勝沼 遼  東,京,27,129,A3,逃,3.92,71.22,○,5,0.0,0.0,11.1,0,0,,,,,,16:05
2120260702010001,yahiko,2026-07-02,1,×1 注7 ▲4 ○2 ◎5 △3,,,,,3,長崎 達也,神奈川,44,89,A3,両,3.93,71.72,△,4,12.0,28.0,40.0,0,0,,,,,,16:05
2120260702010001,yahiko,2026-07-02,1,×1 注7 ▲4 ○2 ◎5 △3,,,,,4,龍門 慎太郎  岡,山,41,96,A3,追,3.92,68.4,▲,3,23.3,26.6,36.6,1,3,,,,,,16:05
2120260702010001,yahiko,2026-07-02,1,×1 注7 ▲4 ○2 ◎5 △3,,,,,5,大越 啓介  栃,木,37,97,A3,追,3.92,80.31,◎,6,8.0,12.0,32.0,0,0,,,,,,16:05
2120260702010001,yahiko,2026-07-02,1,×1 注7 ▲4 ○2 ◎5 △3,,,,,6,吉澤 賢  千,葉,47,94,A3,追,3.92,66.51,,0,7.4,14.8,18.5,1,0,,,,,,16:05
2120260702010001,yahiko,2026-07-02,1,×1 注7 ▲4 ○2 ◎5 △3,,,,,7,井山 和裕  山,口,47,84,A3,追,3.92,75.16,注,2,14.2,28.5,71.4,0,0,,,,,,16:05
2120260702010002,yahiko,2026-07-02,2,◎1 ○4 注7 ▲6 △2 ×3,,,,,1,織茂 雄一郎  山,梨,28,125,A3,両,3.92,74.45,◎,6,20.8,50.0,62.5,4,3,,,,,,16:27
2120260702010002,yahiko,2026-07-02,2,◎1 ○4 注7 ▲6 △2 ×3,,,,,2,松丸 裕紀  福,岡,45,86,A3,追,3.92,69.58,▲,3,0.0,16.0,36.0,0,0,,,,,,16:27
2120260702010002,yahiko,2026-07-02,2,◎1 ○4 注7 ▲6 △2 ×3,,,,,3,石田 宏樹  青,森,44,91,A3,両,3.92,72.85,△,4,17.8,35.7,53.5,6,2,,,,,,16:27
2120260702010002,yahiko,2026-07-02,2,◎1 ○4 注7 ▲6 △2 ×3,,,,,4,村松 俊弥  山,梨,39,96,A3,追,3.92,70.94,○,5,11.1,22.2,50.0,0,0,,,,,,16:27
2120260702010002,yahiko,2026-07-02,2,◎1 ○4 注7 ▲6 △2 ×3,,,,,5,及川 裕奨  岩,手,44,86,A3,追,3.92,79.07,×,1,3.5,10.7,17.8,0,1,,,,,,16:27
2120260702010002,yahiko,2026-07-02,2,◎1 ○4 注7 ▲6 △2 ×3,,,,,6,五反田 豊和  宮,崎,49,80,A3,両,3.92,66.8,,0,4.7,28.5,33.3,4,1,,,,,,16:27
2120260702010002,yahiko,2026-07-02,2,◎1 ○4 注7 ▲6 △2 ×3,,,,,7,櫻井 紀幸  群,馬,55,68,A3,追,3.92,78.42,注,2,0.0,0.0,4.7,0,0,,,,,,16:27
2120260702010003,yahiko,2026-07-02,3,◎5 ○1 注3 ×7 △2 ▲4,,,,,1,渡辺 馨,神奈川,42,96,A3,両,3.92,72.3,○,5,9.5,23.8,38.0,0,0,,,,,,16:49
2120260702010003,yahiko,2026-07-02,3,◎5 ○1 注3 ×7 △2 ▲4,,,,,2,丸林 一孝  福,岡,48,81,A3,追,3.85,71.3,△,4,0.0,23.0,30.7,0,0,,,,,,16:49
2120260702010003,yahiko,2026-07-02,3,◎5 ○1 注3 ×7 △2 ▲4,,,,,3,渡邊 政幸  埼,玉,43,90,A3,追,3.92,79.37,注,2,0.0,4.1,16.6,0,0,,,,,,16:49
2120260702010003,yahiko,2026-07-02,3,◎5 ○1 注3 ×7 △2 ▲4,,,,,4,飯田 威文  埼,玉,54,67,A3,追,3.92,69.79,▲,3,12.5,29.1,45.8,1,0,,,,,,16:49
2120260702010003,yahiko,2026-07-02,3,◎5 ○1 注3 ×7 △2 ▲4,,,,,5,鈴木 那樹  静,岡,20,129,A3,逃,3.92,75.66,◎,6,44.4,44.4,44.4,0,4,,,,,,16:49
2120260702010003,yahiko,2026-07-02,3,◎5 ○1 注3 ×7 △2 ▲4,,,,,6,牧田 賢也  福,島,29,111,A3,逃,3.92,65.21,,0,7.1,7.1,7.1,0,1,,,,,,16:49
2120260702010003,yahiko,2026-07-02,3,◎5 ○1 注3 ×7 △2 ▲4,,,,,7,真崎 章徳  佐,賀,30,113,A3,逃,3.92,70.87,×,1,16.6,33.3,45.8,1,4,,,,,,16:49
2120260702010004,yahiko,2026-07-02,4,△4 ×1 ◎6 ○5 注2 ▲3,,,,,1,邊見 斎  福,島,41,92,A3,追,3.92,73.12,×,1,4.1,20.8,58.3,0,0,,,,,,17:13
2120260702010004,yahiko,2026-07-02,4,△4 ×1 ◎6 ○5 注2 ▲3,,,,,2,宮崎 一彰  高,知,51,99,A3,両,3.92,75.66,○,5,41.6,58.3,75.0,0,0,,,,,,17:13
2120260702010004,yahiko,2026-07-02,4,△4 ×1 ◎6 ○5 注2 ▲3,,,,,3,永田 隼一  福,岡,45,95,A3,逃,3.92,68.33,注,2,13.3,23.3,36.6,3,4,,,,,,17:13
2120260702010004,yahiko,2026-07-02,4,△4 ×1 ◎6 ○5 注2 ▲3,,,,,4,福地 晶  福,島,24,129,A3,逃,3.92,73.66,△,4,16.6,33.3,50.0,0,0,,,,,,17:13
2120260702010004,yahiko,2026-07-02,4,△4 ×1 ◎6 ○5 注2 ▲3,,,,,5,宮道 良輔  徳,島,23,123,A3,逃,3.93,80.95,◎,6,12.5,29.1,29.1,6,0,,,,,,17:13
2120260702010004,yahiko,2026-07-02,4,△4 ×1 ◎6 ○5 注2 ▲3,,,,,6,坂本 英一  栃,木,58,59,A3,追,3.92,0.0,,0,0.0,0.0,0.0,0,0,,,,,,17:13
2120260702010004,yahiko,2026-07-02,4,△4 ×1 ◎6 ○5 注2 ▲3,,,,,7,倉岡 慎太郎  熊,本,58,59,A3,追,3.85,69.63,▲,3,13.6,31.8,40.9,0,1,,,,,,17:13
2120260702010005,yahiko,2026-07-02,5,×6 △7 ○4 注1 ◎5 ▲2,,,,,1,吉村 美有紀  愛,媛,24,124,L1,両,3.71,47.89,注,2,10.5,15.7,21.0,2,0,,,,,,17:37
2120260702010005,yahiko,2026-07-02,5,×6 △7 ○4 注1 ◎5 ▲2,,,,,2,保立 沙織,神奈川,42,118,L1,両,3.79,45.33,,0,0.0,0.0,0.0,0,0,,,,,,17:37
2120260702010005,yahiko,2026-07-02,5,×6 △7 ○4 注1 ◎5 ▲2,,,,,3,鈴木 媛子  愛,知,28,130,L1,両,3.77,48.66,▲,3,11.1,22.2,44.4,0,1,,,,,,17:37
2120260702010005,yahiko,2026-07-02,5,×6 △7 ○4 注1 ◎5 ▲2,,,,,4,畠山 ひすい,神奈川,24,122,L1,逃,3.77,54.31,○,5,45.4,59.0,77.2,6,5,,,,,,17:37
2120260702010005,yahiko,2026-07-02,5,×6 △7 ○4 注1 ◎5 ▲2,,,,,5,藤田 まりあ  埼,玉,26,116,L1,両,3.77,54.66,◎,6,38.8,61.1,66.6,0,2,,,,,,17:37
2120260702010005,yahiko,2026-07-02,5,×6 △7 ○4 注1 ◎5 ▲2,,,,,6,加瀬 加奈子  新,潟,46,102,L1,逃,3.77,49.33,×,1,4.7,14.2,38.0,2,1,,,,,,17:37
2120260702010005,yahiko,2026-07-02,5,×6 △7 ○4 注1 ◎5 ▲2,,,,,7,野口 諭実可  大,分,33,102,L1,両,3.77,47.84,△,4,3.8,19.2,23.0,1,0,,,,,,17:37
2120260702010006,yahiko,2026-07-02,6,×1 ▲6 ◎5 ○2 △3 注4,,,,,1,橋本 佳耶  熊,本,30,114,L1,両,3.79,50.21,×,1,3.5,21.4,53.5,1,0,,,,,,18:01
2120260702010006,yahiko,2026-07-02,6,×1 ▲6 ◎5 ○2 △3 注4,,,,,2,尾方 真生  福,岡,27,118,L1,逃,3.79,56.33,◎,6,75.0,83.3,87.5,7,12,,,,,,18:01
2120260702010006,yahiko,2026-07-02,6,×1 ▲6 ◎5 ○2 △3 注4,,,,,3,東 美月  兵,庫,24,124,L1,両,3.77,52.08,○,5,0.0,16.6,58.3,0,2,,,,,,18:01
2120260702010006,yahiko,2026-07-02,6,×1 ▲6 ◎5 ○2 △3 注4,,,,,4,松崎 光優  新,潟,20,130,L1,両,3.77,46.88,△,4,0.0,0.0,22.2,0,0,,,,,,18:01
2120260702010006,yahiko,2026-07-02,6,×1 ▲6 ◎5 ○2 △3 注4,,,,,5,杉沢 毛伊子  静,岡,40,104,L1,両,3.79,47.36,,0,0.0,9.0,22.7,0,0,,,,,,18:01
2120260702010006,yahiko,2026-07-02,6,×1 ▲6 ◎5 ○2 △3 注4,,,,,6,山本 さくら  愛,知,25,120,L1,両,3.77,48.44,▲,3,11.1,18.5,33.3,2,2,,,,,,18:01
2120260702010006,yahiko,2026-07-02,6,×1 ▲6 ◎5 ○2 △3 注4,,,,,7,鈴木 彩夏  東,京,31,110,L1,追,3.79,49.95,注,2,9.5,14.2,38.0,0,1,,,,,,18:01
2120260702010007,yahiko,2026-07-02,7,△6 ×1 ◎5 ○2 注4 ▲7,,,,,1,森岡 正臣  高,知,51,75,A1,追,3.92,86.0,×,1,4.7,23.8,42.8,0,0,,,,,,18:25
2120260702010007,yahiko,2026-07-02,7,△6 ×1 ◎5 ○2 注4 ▲7,,,,,2,山本 修平  東,京,30,115,A2,逃,3.92,89.0,◎,6,14.2,38.0,57.1,3,1,,,,,,18:25
2120260702010007,yahiko,2026-07-02,7,△6 ×1 ◎5 ○2 注4 ▲7,,,,,3,阿部 英光  宮,城,44,89,A2,追,3.85,81.95,▲,3,5.0,25.0,40.0,0,0,,,,,,18:25
2120260702010007,yahiko,2026-07-02,7,△6 ×1 ◎5 ○2 注4 ▲7,,,,,4,寺沼 伊織  東,京,28,115,A1,両,3.92,87.66,○,5,23.0,46.1,46.1,0,1,,,,,,18:25
2120260702010007,yahiko,2026-07-02,7,△6 ×1 ◎5 ○2 注4 ▲7,,,,,5,渡邉 満  福,岡,53,73,A2,追,3.92,73.73,,0,20.0,33.3,46.6,0,0,,,,,,18:25
2120260702010007,yahiko,2026-07-02,7,△6 ×1 ◎5 ○2 注4 ▲7,,,,,6,柏野 健吾  岡,山,23,127,A2,逃,3.92,68.52,△,4,11.7,35.2,35.2,10,2,,,,,,18:25
2120260702010007,yahiko,2026-07-02,7,△6 ×1 ◎5 ○2 注4 ▲7,,,,,7,樋口 瑛土  東,京,35,109,A2,追,3.92,82.0,注,2,14.2,14.2,21.4,0,0,,,,,,18:25
2120260702010008,yahiko,2026-07-02,8,◎7 ○1 注2 ▲4 △3 ×5,,,,,1,佐藤 明  静,岡,50,77,A2,追,3.92,82.66,○,5,0.0,4.7,42.8,0,0,,,,,,18:51
2120260702010008,yahiko,2026-07-02,8,◎7 ○1 注2 ▲4 △3 ×5,,,,,2,高山 雄丞  愛,媛,33,109,A2,両,3.85,82.9,注,2,4.7,14.2,23.8,0,0,,,,,,18:51
2120260702010008,yahiko,2026-07-02,8,◎7 ○1 注2 ▲4 △3 ×5,,,,,3,尾崎 悠生  埼,玉,29,113,A1,逃,3.85,85.14,△,4,29.6,48.1,55.5,12,1,,,,,,18:51
2120260702010008,yahiko,2026-07-02,8,◎7 ○1 注2 ▲4 △3 ×5,,,,,4,阿部 充宏  山,口,42,98,A2,両,3.92,84.25,▲,3,4.1,16.6,37.5,0,0,,,,,,18:51
2120260702010008,yahiko,2026-07-02,8,◎7 ○1 注2 ▲4 △3 ×5,,,,,5,田村 真広  群,馬,51,83,A1,追,3.92,85.37,×,1,8.3,20.8,54.1,0,0,,,,,,18:51
2120260702010008,yahiko,2026-07-02,8,◎7 ○1 注2 ▲4 △3 ×5,,,,,6,田中 孝法  福,岡,44,91,A2,追,3.92,73.66,,0,33.3,53.3,53.3,0,0,,,,,,18:51
2120260702010008,yahiko,2026-07-02,8,◎7 ○1 注2 ▲4 △3 ×5,,,,,7,金野 俊秋  千,葉,42,92,A1,両,3.92,89.21,◎,6,25.0,41.6,66.6,1,4,,,,,,18:51
2120260702010009,yahiko,2026-07-02,9,△7 ×3 ◎1 ○4 注6 ▲5,,,,,1,宮下 一歩  長,野,33,115,A1,逃,3.92,87.14,◎,6,19.0,52.3,57.1,9,1,,,,,,19:17
2120260702010009,yahiko,2026-07-02,9,△7 ×3 ◎1 ○4 注6 ▲5,,,,,2,十文字 菊雄  福,島,55,75,A1,追,3.92,82.92,▲,3,7.6,30.7,46.1,0,0,,,,,,19:17
2120260702010009,yahiko,2026-07-02,9,△7 ×3 ◎1 ○4 注6 ▲5,,,,,3,坂本 晃輝  佐,賀,47,81,A1,追,3.93,89.52,×,1,23.8,47.6,61.9,0,0,,,,,,19:17
2120260702010009,yahiko,2026-07-02,9,△7 ×3 ◎1 ○4 注6 ▲5,,,,,4,本田 拓也  新,潟,43,92,A2,追,3.92,80.65,○,5,4.3,4.3,8.6,0,0,,,,,,19:17
2120260702010009,yahiko,2026-07-02,9,△7 ×3 ◎1 ○4 注6 ▲5,,,,,5,相笠 翔太  福,島,36,96,A2,両,3.92,84.12,注,2,20.8,29.1,41.6,0,2,,,,,,19:17
2120260702010009,yahiko,2026-07-02,9,△7 ×3 ◎1 ○4 注6 ▲5,,,,,6,緒方 剛  埼,玉,43,92,A2,追,3.93,78.2,,0,0.0,0.0,6.6,0,0,,,,,,19:17
2120260702010009,yahiko,2026-07-02,9,△7 ×3 ◎1 ○4 注6 ▲5,,,,,7,田川 翔琉  熊,本,28,119,A1,逃,3.92,85.9,△,4,4.5,18.1,45.4,3,0,,,,,,19:17
2120260702010010,yahiko,2026-07-02,10,○5 ◎7 △1 ×2 ▲4 注6,,,,,1,太田黒 大心  熊,本,51,74,A2,追,3.85,83.11,△,4,0.0,5.5,38.8,0,0,,,,,,19:43
2120260702010010,yahiko,2026-07-02,10,○5 ◎7 △1 ×2 ▲4 注6,,,,,2,石坂 永伍  岡,山,39,93,A1,両,3.92,85.33,×,1,18.5,33.3,37.0,0,1,,,,,,19:43
2120260702010010,yahiko,2026-07-02,10,○5 ◎7 △1 ×2 ▲4 注6,,,,,3,勝俣 亮,神奈川,48,82,A2,両,3.92,79.47,,0,9.5,19.0,28.5,2,2,,,,,,19:43
2120260702010010,yahiko,2026-07-02,10,○5 ◎7 △1 ×2 ▲4 注6,,,,,4,内藤 敦  岡,山,50,80,A2,追,3.92,81.11,▲,3,0.0,0.0,22.2,0,0,,,,,,19:43
2120260702010010,yahiko,2026-07-02,10,○5 ◎7 △1 ×2 ▲4 注6,,,,,5,鶴 淳志  福,岡,26,127,A2,逃,3.92,87.52,○,5,23.8,38.0,57.1,5,2,,,,,,19:43
2120260702010010,yahiko,2026-07-02,10,○5 ◎7 △1 ×2 ▲4 注6,,,,,6,山本 和瑳,神奈川,25,127,A2,逃,3.92,73.11,注,2,22.2,44.4,66.6,2,1,,,,,,19:43
2120260702010010,yahiko,2026-07-02,10,○5 ◎7 △1 ×2 ▲4 注6,,,,,7,中村 良二  福,岡,51,81,A1,追,3.92,90.9,◎,6,9.5,19.0,52.3,0,0,,,,,,19:43
2120260702010011,yahiko,2026-07-02,11,○1 ◎6 △2 注7 ▲5 ×3,,,,,1,小笠原 一真  青,森,26,123,A1,逃,3.92,91.8,○,5,23.8,42.8,57.1,5,4,,,,,,20:11
2120260702010011,yahiko,2026-07-02,11,○1 ◎6 △2 注7 ▲5 ×3,,,,,2,小林 則之  静,岡,50,85,A1,両,3.92,91.63,△,4,9.0,45.4,63.6,0,3,,,,,,20:11
2120260702010011,yahiko,2026-07-02,11,○1 ◎6 △2 注7 ▲5 ×3,,,,,3,片山 智晴  岡,山,42,92,A1,追,3.92,94.28,▲,3,4.0,12.0,16.0,0,0,,,,,,20:11
2120260702010011,yahiko,2026-07-02,11,○1 ◎6 △2 注7 ▲5 ×3,,,,,4,鈴木 輝大  東,京,31,113,A1,追,3.92,100.54,×,1,22.7,27.2,31.8,0,1,,,,,,20:11
2120260702010011,yahiko,2026-07-02,11,○1 ◎6 △2 注7 ▲5 ×3,,,,,5,薦田 将伍  愛,媛,28,113,A1,逃,3.92,95.83,注,2,8.3,8.3,29.1,0,1,,,,,,20:11
2120260702010011,yahiko,2026-07-02,11,○1 ◎6 △2 注7 ▲5 ×3,,,,,6,三浦 雄大  宮,城,39,98,A1,追,3.92,91.43,◎,6,39.1,52.1,60.8,0,1,,,,,,20:11
2120260702010011,yahiko,2026-07-02,11,○1 ◎6 △2 注7 ▲5 ×3,,,,,7,須藤 悟  千,葉,36,99,A1,追,3.92,95.17,,0,0.0,3.4,24.1,0,0,,,,,,20:11
2520260701020001,omiya,2026-07-02,1,◎2 ○7 △1 ▲4 ×3 注6,,,,,1,宇根 秀俊  愛,媛,49,80,A2,追,3.92,86.14,△,4,14.2,19.0,33.3,0,0,,,,,,10:40
2520260701020001,omiya,2026-07-02,1,◎2 ○7 △1 ▲4 ×3 注6,,,,,2,菊池 翔  福,島,31,119,A2,逃,3.92,82.7,◎,6,7.4,22.2,29.6,2,1,,,,,,10:40
2520260701020001,omiya,2026-07-02,1,◎2 ○7 △1 ▲4 ×3 注6,,,,,3,金子 浩貴  京,都,39,95,A2,追,3.92,82.41,×,1,0.0,8.3,25.0,0,0,,,,,,10:40
2520260701020001,omiya,2026-07-02,1,◎2 ○7 △1 ▲4 ×3 注6,,,,,4,山田 純也  岐,阜,37,99,A2,両,3.92,77.61,▲,3,0.0,0.0,4.7,0,0,,,,,,10:40
2520260701020001,omiya,2026-07-02,1,◎2 ○7 △1 ▲4 ×3 注6,,,,,5,越智 展孝  愛,媛,44,88,A2,追,3.92,83.85,注,2,9.5,19.0,28.5,0,0,,,,,,10:40
2520260701020001,omiya,2026-07-02,1,◎2 ○7 △1 ▲4 ×3 注6,,,,,6,白川 有司  福,岡,51,76,A2,追,3.92,73.4,,0,7.4,37.0,55.5,0,0,,,,,,10:40
2520260701020001,omiya,2026-07-02,1,◎2 ○7 △1 ▲4 ×3 注6,,,,,7,浅沼 聖士  静,岡,44,87,A2,追,3.92,80.85,○,5,0.0,0.0,23.8,0,0,,,,,,10:40
2520260701020002,omiya,2026-07-02,2,○4 ◎3 △5 注7 ▲1 ×6,,,,,1,深見 仁哉  愛,知,43,91,A2,追,3.92,80.2,▲,3,0.0,16.6,20.8,0,0,,,,,,11:07
2520260701020002,omiya,2026-07-02,2,○4 ◎3 △5 注7 ▲1 ×6,,,,,2,成清 謙二郎  千,葉,42,90,A1,追,3.92,81.52,×,1,0.0,4.7,33.3,0,0,,,,,,11:07
2520260701020002,omiya,2026-07-02,2,○4 ◎3 △5 注7 ▲1 ×6,,,,,3,八尋 英輔  福,岡,46,89,A1,追,3.92,88.19,◎,6,19.0,42.8,52.3,0,0,,,,,,11:07
2520260701020002,omiya,2026-07-02,2,○4 ◎3 △5 注7 ▲1 ×6,,,,,4,池部 壮太  大,分,33,109,A1,逃,3.85,84.55,○,5,11.1,33.3,44.4,4,1,,,,,,11:07
2520260701020002,omiya,2026-07-02,2,○4 ◎3 △5 注7 ▲1 ×6,,,,,5,中園 朋亨  福,岡,39,93,A2,追,3.92,79.81,△,4,6.2,12.5,25.0,0,0,,,,,,11:07
2520260701020002,omiya,2026-07-02,2,○4 ◎3 △5 注7 ▲1 ×6,,,,,6,鈴木 裕斗  宮,城,35,99,A2,両,3.92,64.83,,0,8.3,8.3,16.6,1,0,,,,,,11:07
2520260701020002,omiya,2026-07-02,2,○4 ◎3 △5 注7 ▲1 ×6,,,,,7,山本 貴章  岡,山,51,76,A2,追,3.92,82.26,注,2,5.0,20.0,30.0,0,0,,,,,,11:07
2520260701020003,omiya,2026-07-02,3,注1 ×4 △6 ▲2 ○5 ◎3,,,,,1,西村 剛  新,潟,26,125,A1,逃,3.92,87.22,注,2,22.7,36.3,50.0,6,2,,,,,,11:35
2520260701020003,omiya,2026-07-02,3,注1 ×4 △6 ▲2 ○5 ◎3,,,,,2,神尾 敬冬  静,岡,26,123,A1,逃,3.92,92.87,△,4,4.1,4.1,12.5,0,1,,,,,,11:35
2520260701020003,omiya,2026-07-02,3,注1 ×4 △6 ▲2 ○5 ◎3,,,,,3,藤井 優希  山,口,27,125,A1,逃,3.92,90.72,○,5,50.0,66.6,77.7,9,3,,,,,,11:35
2520260701020003,omiya,2026-07-02,3,注1 ×4 △6 ▲2 ○5 ◎3,,,,,4,藤田 竜矢  埼,玉,46,88,A1,両,3.92,87.62,×,1,16.6,37.5,50.0,0,1,,,,,,11:35
2520260701020003,omiya,2026-07-02,3,注1 ×4 △6 ▲2 ○5 ◎3,,,,,5,山崎 司  福,島,42,95,A1,追,3.92,87.04,▲,3,8.3,20.8,45.8,0,0,,,,,,11:35
2520260701020003,omiya,2026-07-02,3,注1 ×4 △6 ▲2 ○5 ◎3,,,,,6,佐藤 謙  栃,木,40,90,A2,追,3.92,82.96,,0,3.8,15.3,26.9,0,0,,,,,,11:35
2520260701020003,omiya,2026-07-02,3,注1 ×4 △6 ▲2 ○5 ◎3,,,,,7,中野 光太郎  徳,島,26,121,A1,逃,3.93,86.8,◎,6,9.0,18.1,18.1,0,0,,,,,,11:35
2520260701020004,omiya,2026-07-02,4,◎6 ○1 ×2 ▲5 注7 △3,,,,,1,小埜 正義  千,葉,45,88,A1,追,3.92,92.14,○,5,22.7,40.9,68.1,0,0,,,,,,12:03
2520260701020004,omiya,2026-07-02,4,◎6 ○1 ×2 ▲5 注7 △3,,,,,2,村田 瑞季  京,都,29,117,A1,逃,3.92,92.9,×,1,28.5,47.6,61.9,4,4,,,,,,12:03
2520260701020004,omiya,2026-07-02,4,◎6 ○1 ×2 ▲5 注7 △3,,,,,3,小島 雅章  埼,玉,50,83,A2,追,3.92,80.42,,0,7.1,21.4,21.4,0,0,,,,,,12:03
2520260701020004,omiya,2026-07-02,4,◎6 ○1 ×2 ▲5 注7 △3,,,,,4,入江 航太  熊,本,24,119,A2,逃,3.92,87.94,△,4,22.2,44.4,66.6,2,2,,,,,,12:03
2520260701020004,omiya,2026-07-02,4,◎6 ○1 ×2 ▲5 注7 △3,,,,,5,奥谷 広巳  兵,庫,49,78,A2,追,3.92,84.5,▲,3,8.3,25.0,33.3,0,0,,,,,,12:03
2520260701020004,omiya,2026-07-02,4,◎6 ○1 ×2 ▲5 注7 △3,,,,,6,水澤 秀哉  千,葉,22,127,A2,逃,3.92,78.71,◎,6,80.9,80.9,95.2,15,2,,,,,,12:03
2520260701020004,omiya,2026-07-02,4,◎6 ○1 ×2 ▲5 注7 △3,,,,,7,戸塚 涼介  埼,玉,32,111,A2,逃,3.92,87.42,注,2,14.2,38.0,71.4,8,0,,,,,,12:03
2520260701020005,omiya,2026-07-02,5,▲7 ×1 注5 △2 ◎6 ○3,,,,,1,原井 剣也  福,岡,32,119,A1,逃,3.92,90.85,×,1,33.3,42.8,71.4,2,2,,,,,,12:31
2520260701020005,omiya,2026-07-02,5,▲7 ×1 注5 △2 ◎6 ○3,,,,,2,石田 拓真  愛,知,25,119,A1,逃,3.92,90.25,△,4,43.7,43.7,50.0,4,2,,,,,,12:31
2520260701020005,omiya,2026-07-02,5,▲7 ×1 注5 △2 ◎6 ○3,,,,,3,齊藤 英伊須  青,森,22,125,A1,逃,3.92,92.88,◎,6,37.0,70.3,81.4,15,3,,,,,,12:31
2520260701020005,omiya,2026-07-02,5,▲7 ×1 注5 △2 ◎6 ○3,,,,,4,保科 千春  宮,城,34,100,A1,追,3.92,95.66,○,5,0.0,6.8,20.6,0,0,,,,,,12:31
2520260701020005,omiya,2026-07-02,5,▲7 ×1 注5 △2 ◎6 ○3,,,,,5,紫原 政文  福,岡,58,61,A1,追,3.92,87.28,注,2,0.0,23.8,42.8,0,0,,,,,,12:31
2520260701020005,omiya,2026-07-02,5,▲7 ×1 注5 △2 ◎6 ○3,,,,,6,篠塚 光一  兵,庫,46,90,A1,追,3.93,81.38,,0,14.2,23.8,33.3,0,0,,,,,,12:31
2520260701020005,omiya,2026-07-02,5,▲7 ×1 注5 △2 ◎6 ○3,,,,,7,長松 大祐  大,分,28,121,A2,逃,3.92,84.87,▲,3,8.3,20.8,45.8,2,3,,,,,,12:31
2520260701020006,omiya,2026-07-02,6,◎4 ○1 △3 ×2 注5 ▲6,,,,,1,高津 晃治  岡,山,46,87,S2,追,3.92,98.57,○,5,11.1,18.5,33.3,0,0,,,,,,12:59
2520260701020006,omiya,2026-07-02,6,◎4 ○1 △3 ×2 注5 ▲6,,,,,2,熊崎 麻人  埼,玉,26,123,S2,逃,3.92,96.7,×,1,8.3,20.8,29.1,2,0,,,,,,12:59
2520260701020006,omiya,2026-07-02,6,◎4 ○1 △3 ×2 注5 ▲6,,,,,3,内山 貴裕  京,都,38,95,S2,追,3.92,90.27,△,4,16.6,38.8,55.5,1,0,,,,,,12:59
2520260701020006,omiya,2026-07-02,6,◎4 ○1 △3 ×2 注5 ▲6,,,,,4,田村 大  宮,崎,28,119,S2,逃,3.92,100.2,◎,6,17.2,27.5,51.7,5,3,,,,,,12:59
2520260701020006,omiya,2026-07-02,6,◎4 ○1 △3 ×2 注5 ▲6,,,,,5,飯嶋 則之  栃,木,47,81,S2,追,3.92,89.47,注,2,9.5,23.8,38.0,0,0,,,,,,12:59
2520260701020006,omiya,2026-07-02,6,◎4 ○1 △3 ×2 注5 ▲6,,,,,6,高橋 成英  愛,知,43,89,S2,両,3.92,78.19,▲,3,4.7,14.2,19.0,3,0,,,,,,12:59
2520260701020007,omiya,2026-07-02,7,◎7 ○1 注2 ×5 ▲4 △6,,,,,1,佐藤 雅春  宮,城,39,94,S2,追,3.92,101.73,○,5,11.7,11.7,23.5,0,0,,,,,,13:27
2520260701020007,omiya,2026-07-02,7,◎7 ○1 注2 ×5 ▲4 △6,,,,,2,森本 桂太郎  愛,媛,27,121,S2,逃,3.92,94.73,注,2,0.0,21.0,31.5,1,2,,,,,,13:27
2520260701020007,omiya,2026-07-02,7,◎7 ○1 注2 ×5 ▲4 △6,,,,,3,山内 卓也  愛,知,49,77,S2,追,3.92,97.56,△,4,10.0,16.6,23.3,0,0,,,,,,13:27
2520260701020007,omiya,2026-07-02,7,◎7 ○1 注2 ×5 ▲4 △6,,,,,4,大野 悟郎  大,分,46,83,S2,追,3.92,92.76,▲,3,0.0,0.0,0.0,0,0,,,,,,13:27
2520260701020007,omiya,2026-07-02,7,◎7 ○1 注2 ×5 ▲4 △6,,,,,5,藤田 昌宏  岡,山,51,82,S2,両,3.92,93.12,×,1,41.6,58.3,70.8,5,4,,,,,,13:27
2520260701020007,omiya,2026-07-02,7,◎7 ○1 注2 ×5 ▲4 △6,,,,,6,中村 一将  兵,庫,50,86,S2,両,3.92,92.44,,0,22.2,50.0,61.1,3,4,,,,,,13:27
2520260701020007,omiya,2026-07-02,7,◎7 ○1 注2 ×5 ▲4 △6,,,,,7,塩島 嵩一朗,神奈川,26,125,S1,逃,3.92,101.92,◎,6,26.6,33.3,53.3,3,2,,,,,,13:27
2520260701020008,omiya,2026-07-02,8,○7 ◎1 △5 注2 ▲4 ×6,,,,,1,柿沼 信也  埼,玉,41,91,S2,追,3.92,98.93,◎,6,6.2,25.0,37.5,0,0,,,,,,13:56
2520260701020008,omiya,2026-07-02,8,○7 ◎1 △5 注2 ▲4 ×6,,,,,2,房州 輝也  福,島,40,91,S2,両,3.92,95.41,,0,0.0,2.9,23.5,0,0,,,,,,13:56
2520260701020008,omiya,2026-07-02,8,○7 ◎1 △5 注2 ▲4 ×6,,,,,3,宮崎 大空  熊,本,27,115,S2,両,3.92,101.81,×,1,11.1,25.9,48.1,0,0,,,,,,13:56
2520260701020008,omiya,2026-07-02,8,○7 ◎1 △5 注2 ▲4 ×6,,,,,4,松村 友和  大,阪,46,88,S2,追,3.92,105.37,注,2,12.5,41.6,62.5,0,0,,,,,,13:56
2520260701020008,omiya,2026-07-02,8,○7 ◎1 △5 注2 ▲4 ×6,,,,,5,今井 聡  東,京,38,113,S2,追,3.92,92.38,△,4,47.6,61.9,66.6,1,1,,,,,,13:56
2520260701020008,omiya,2026-07-02,8,○7 ◎1 △5 注2 ▲4 ×6,,,,,6,森山 智徳  熊,本,42,98,S2,両,3.92,91.0,▲,3,37.5,50.0,58.3,4,4,,,,,,13:56
2520260701020008,omiya,2026-07-02,8,○7 ◎1 △5 注2 ▲4 ×6,,,,,7,橋本 瑠偉  栃,木,31,113,S1,逃,3.92,98.04,○,5,21.7,26.0,30.4,1,4,,,,,,13:56
2520260701020009,omiya,2026-07-02,9,×1 注7 ○6 ◎4 △3 ▲5,,,,,1,月森 亮輔  岡,山,34,101,S2,両,3.92,99.18,×,1,9.0,31.8,40.9,3,1,,,,,,14:26
2520260701020009,omiya,2026-07-02,9,×1 注7 ○6 ◎4 △3 ▲5,,,,,2,丸山 啓一  静,岡,51,74,S2,追,3.92,100.92,▲,3,8.0,24.0,36.0,0,0,,,,,,14:26
2520260701020009,omiya,2026-07-02,9,×1 注7 ○6 ◎4 △3 ▲5,,,,,3,金成 和幸  福,島,47,88,S2,追,3.92,100.32,◎,6,3.4,13.7,27.5,0,0,,,,,,14:26
2520260701020009,omiya,2026-07-02,9,×1 注7 ○6 ◎4 △3 ▲5,,,,,4,板垣 昴,北海道,34,115,S2,逃,3.92,103.56,○,5,21.7,30.4,52.1,2,5,,,,,,14:26
2520260701020009,omiya,2026-07-02,9,×1 注7 ○6 ◎4 △3 ▲5,,,,,5,荻原 尚人  宮,城,42,89,S2,追,3.92,98.03,△,4,7.6,23.0,30.7,0,0,,,,,,14:26
2520260701020009,omiya,2026-07-02,9,×1 注7 ○6 ◎4 △3 ▲5,,,,,6,大崎 飛雄馬  愛,媛,47,88,S2,追,3.92,93.38,,0,28.5,47.6,76.1,0,1,,,,,,14:26
2520260701020009,omiya,2026-07-02,9,×1 注7 ○6 ◎4 △3 ▲5,,,,,7,西田 雅志  広,島,48,82,S2,追,3.92,95.58,注,2,4.1,12.5,25.0,0,0,,,,,,14:26
2520260701020010,omiya,2026-07-02,10,◎4 ○1 注2 ×7 △5 ▲3,,,,,1,村上 博幸  京,都,47,86,S1,追,3.92,109.0,○,5,0.0,11.7,29.4,0,0,,,,,,14:56
2520260701020010,omiya,2026-07-02,10,◎4 ○1 注2 ×7 △5 ▲3,,,,,2,川上 隆義  栃,木,25,125,S2,逃,3.92,100.5,注,2,27.7,33.3,50.0,6,0,,,,,,14:56
2520260701020010,omiya,2026-07-02,10,◎4 ○1 注2 ×7 △5 ▲3,,,,,3,菅原 大也,神奈川,35,107,S1,両,3.92,103.0,▲,3,27.5,34.4,44.8,8,2,,,,,,14:56
2520260701020010,omiya,2026-07-02,10,◎4 ○1 注2 ×7 △5 ▲3,,,,,4,福永 大智  大,阪,28,113,S2,逃,3.92,108.86,◎,6,18.1,40.9,63.6,1,4,,,,,,14:56
2520260701020010,omiya,2026-07-02,10,◎4 ○1 注2 ×7 △5 ▲3,,,,,5,中村 圭志  熊,本,45,86,S1,追,3.93,108.52,△,4,9.0,31.8,54.5,0,0,,,,,,14:56
2520260701020010,omiya,2026-07-02,10,◎4 ○1 注2 ×7 △5 ▲3,,,,,6,福田 知也,神奈川,43,88,S1,追,3.92,97.69,,0,7.4,18.5,33.3,0,1,,,,,,14:56
2520260701020010,omiya,2026-07-02,10,◎4 ○1 注2 ×7 △5 ▲3,,,,,7,長島 大介  栃,木,37,96,S1,両,3.92,108.8,×,1,24.0,32.0,44.0,0,1,,,,,,14:56
2520260701020011,omiya,2026-07-02,11,○1 ◎5 △4 ×2 注7 ▲3,,,,,1,嵯峨 昇喜郎  青,森,27,113,S1,両,3.92,108.27,○,5,12.5,37.5,45.8,2,5,,,,,,15:27
2520260701020011,omiya,2026-07-02,11,○1 ◎5 △4 ×2 注7 ▲3,,,,,2,脇本 勇希  福,井,27,115,S1,逃,3.92,106.28,×,1,19.0,28.5,38.0,3,3,,,,,,15:27
2520260701020011,omiya,2026-07-02,11,○1 ◎5 △4 ×2 注7 ▲3,,,,,3,村上 直久,神奈川,45,95,S2,両,3.92,101.85,▲,3,11.1,29.6,40.7,4,2,,,,,,15:27
2520260701020011,omiya,2026-07-02,11,○1 ◎5 △4 ×2 注7 ▲3,,,,,4,菊地 圭尚,北海道,46,89,S2,追,3.92,103.35,△,4,0.0,28.5,35.7,0,0,,,,,,15:27
2520260701020011,omiya,2026-07-02,11,○1 ◎5 △4 ×2 注7 ▲3,,,,,5,佐藤 友和  岩,手,43,88,S1,両,3.92,109.16,◎,6,22.2,27.7,33.3,0,0,,,,,,15:27
2520260701020011,omiya,2026-07-02,11,○1 ◎5 △4 ×2 注7 ▲3,,,,,6,佐々木 和紀,神奈川,29,117,S2,追,3.92,100.78,,0,0.0,13.0,30.4,0,0,,,,,,15:27
2520260701020011,omiya,2026-07-02,11,○1 ◎5 △4 ×2 注7 ▲3,,,,,7,柏野 智典  岡,山,47,88,S1,追,3.92,110.73,注,2,17.2,31.0,55.1,0,0,,,,,,15:27
2520260701020012,omiya,2026-07-02,12,○1 ◎4 △6 注2 ×5 ▲7,,,,,1,渡邉 雅也  静,岡,25,117,S1,両,3.92,111.48,○,5,40.0,52.0,68.0,0,7,,,,,,15:58
2520260701020012,omiya,2026-07-02,12,○1 ◎4 △6 注2 ×5 ▲7,,,,,2,棚瀬 義大  岐,阜,26,123,S2,逃,3.92,102.8,注,2,10.0,35.0,55.0,6,1,,,,,,15:58
2520260701020012,omiya,2026-07-02,12,○1 ◎4 △6 注2 ×5 ▲7,,,,,3,佐伯 翔  福,島,39,97,S2,追,3.92,97.0,,0,0.0,20.0,30.0,0,0,,,,,,15:58
2520260701020012,omiya,2026-07-02,12,○1 ◎4 △6 注2 ×5 ▲7,,,,,4,武藤 龍生  埼,玉,35,98,S1,追,3.92,112.0,◎,6,10.5,26.3,36.8,0,0,,,,,,15:58
2520260701020012,omiya,2026-07-02,12,○1 ◎4 △6 注2 ×5 ▲7,,,,,5,山口 富生  岐,阜,56,68,S1,追,3.93,104.53,×,1,0.0,15.3,46.1,0,0,,,,,,15:58
2520260701020012,omiya,2026-07-02,12,○1 ◎4 △6 注2 ×5 ▲7,,,,,6,中田 健太  埼,玉,36,99,S2,追,3.85,95.57,△,4,45.0,65.0,90.0,0,0,,,,,,15:58
2520260701020012,omiya,2026-07-02,12,○1 ◎4 △6 注2 ×5 ▲7,,,,,7,大石 崇晴  大,阪,33,109,S1,両,3.92,100.46,▲,3,3.8,15.3,30.7,0,3,,,,,,15:58
3120260701020001,matsudo,2026-07-02,1,,,,,,1,堀 政美  茨,城,57,65,A2,追,3.93,85.66,,0,4.7,19.0,47.6,0,0,,,,,,20:36
3120260701020001,matsudo,2026-07-02,1,,,,,,2,滝山 実  徳,島,48,84,A2,追,3.92,84.28,,0,0.0,23.8,28.5,0,0,,,,,,20:36
3120260701020001,matsudo,2026-07-02,1,,,,,,3,助川 翔太郎  埼,玉,29,123,A1,逃,3.85,83.66,,0,16.6,25.0,50.0,1,1,,,,,,20:36
3120260701020001,matsudo,2026-07-02,1,,,,,,4,野村 純宏,神奈川,49,82,A2,追,3.92,82.83,,0,8.3,20.8,33.3,0,0,,,,,,20:36
3120260701020001,matsudo,2026-07-02,1,,,,,,5,佐野 恭太  静,岡,46,94,A2,両,3.92,81.96,,0,0.0,18.5,37.0,0,1,,,,,,20:36
3120260701020001,matsudo,2026-07-02,1,,,,,,6,小山 峻汰  熊,本,26,125,A2,逃,3.92,81.14,,0,4.7,14.2,28.5,1,1,,,,,,20:36
3120260701020001,matsudo,2026-07-02,1,,,,,,7,甲斐下 智  広,島,57,64,A2,追,3.92,65.96,,0,0.0,0.0,21.4,0,0,,,,,,20:36
3120260701020002,matsudo,2026-07-02,2,,,,,,1,橋本 陸  福,岡,29,121,A1,逃,3.93,84.66,,0,12.5,25.0,41.6,4,2,,,,,,21:00
3120260701020002,matsudo,2026-07-02,2,,,,,,2,神山 尚  栃,木,35,109,A1,両,3.92,83.7,,0,18.5,22.2,44.4,1,1,,,,,,21:00
3120260701020002,matsudo,2026-07-02,2,,,,,,3,長沼 謙太  東,京,37,99,A1,追,3.92,83.5,,0,27.7,38.8,50.0,0,0,,,,,,21:00
3120260701020002,matsudo,2026-07-02,2,,,,,,4,上野 真吾,神奈川,39,93,A1,追,3.93,83.2,,0,10.0,40.0,50.0,0,0,,,,,,21:00
3120260701020002,matsudo,2026-07-02,2,,,,,,5,岩橋 則明  埼,玉,54,78,A2,追,3.92,80.75,,0,0.0,0.0,33.3,0,0,,,,,,21:00
3120260701020002,matsudo,2026-07-02,2,,,,,,6,佐藤 清之  千,葉,43,93,A2,追,3.92,80.75,,0,12.5,12.5,20.8,0,2,,,,,,21:00
3120260701020002,matsudo,2026-07-02,2,,,,,,7,樋口 絢土  東,京,38,96,A2,追,3.92,74.75,,0,33.3,45.8,66.6,0,0,,,,,,21:00
3120260701020003,matsudo,2026-07-02,3,,,,,,1,坂本 拓也  福,島,40,111,A1,両,3.92,86.81,,0,31.8,31.8,59.0,0,2,,,,,,21:24
3120260701020003,matsudo,2026-07-02,3,,,,,,2,山口 慎吾,北海道,43,93,A2,追,3.92,83.73,,0,4.3,17.3,47.8,0,0,,,,,,21:24
3120260701020003,matsudo,2026-07-02,3,,,,,,3,吉成 貴博  熊,本,38,97,A2,追,3.92,82.26,,0,4.3,17.3,39.1,0,1,,,,,,21:24
3120260701020003,matsudo,2026-07-02,3,,,,,,4,河上 陽一  千,葉,50,99,A2,両,3.92,82.04,,0,0.0,9.5,33.3,0,0,,,,,,21:24
3120260701020003,matsudo,2026-07-02,3,,,,,,5,吉良 勝信  福,岡,52,75,A2,追,3.93,80.9,,0,5.0,15.0,25.0,0,0,,,,,,21:24
3120260701020003,matsudo,2026-07-02,3,,,,,,6,神開 将暢  福,岡,53,69,A2,追,3.92,75.66,,0,5.5,61.1,72.2,0,0,,,,,,21:24
3120260701020003,matsudo,2026-07-02,3,,,,,,7,高鍋 邦彰  福,岡,39,95,A2,両,3.92,72.93,,0,23.3,43.3,50.0,7,4,,,,,,21:24
3120260701020004,matsudo,2026-07-02,4,,,,,,1,小原 亮哉  大,分,36,113,A1,追,3.92,87.29,,0,22.2,40.7,55.5,0,1,,,,,,21:48
3120260701020004,matsudo,2026-07-02,4,,,,,,2,山田 義彦  埼,玉,40,92,A1,両,3.92,86.3,,0,6.6,20.0,33.3,0,1,,,,,,21:48
3120260701020004,matsudo,2026-07-02,4,,,,,,3,萱島 大介  大,分,46,99,A2,追,3.93,83.38,,0,9.5,28.5,38.0,0,1,,,,,,21:48
3120260701020004,matsudo,2026-07-02,4,,,,,,4,吉野 太晟  岡,山,24,127,A2,逃,3.92,82.2,,0,58.3,70.8,79.1,14,3,,,,,,21:48
3120260701020004,matsudo,2026-07-02,4,,,,,,5,小川 圭二  徳,島,55,68,A1,追,3.92,82.05,,0,5.5,11.1,27.7,0,0,,,,,,21:48
3120260701020004,matsudo,2026-07-02,4,,,,,,6,渡辺 聖,神奈川,40,100,A2,追,3.92,81.0,,0,0.0,0.0,0.0,0,0,,,,,,21:48
3120260701020004,matsudo,2026-07-02,4,,,,,,7,城戸崎 隆史  福,岡,53,76,A2,両,3.92,80.43,,0,0.0,8.6,21.7,0,0,,,,,,21:48
3120260701020005,matsudo,2026-07-02,5,,,,,,1,中島 将尊  東,京,31,105,A1,両,3.85,96.2,,0,12.5,18.7,37.5,0,0,,,,,,22:13
3120260701020005,matsudo,2026-07-02,5,,,,,,2,久樹 克門  徳,島,34,113,A1,逃,3.92,92.26,,0,29.1,50.0,54.1,0,3,,,,,,22:13
3120260701020005,matsudo,2026-07-02,5,,,,,,3,諸隈 健太郎  高,知,25,127,A2,逃,3.92,91.66,,0,38.8,66.6,72.2,10,1,,,,,,22:13
3120260701020005,matsudo,2026-07-02,5,,,,,,4,中島 淳  埼,玉,26,125,A2,逃,3.85,88.75,,0,23.5,35.2,58.8,4,2,,,,,,22:13
3120260701020005,matsudo,2026-07-02,5,,,,,,5,山崎 敦雄  静,岡,53,70,A1,追,3.85,85.58,,0,5.8,17.6,35.2,0,0,,,,,,22:13
3120260701020005,matsudo,2026-07-02,5,,,,,,6,秋葉 大輔  東,京,43,90,A2,追,3.92,85.5,,0,4.1,20.8,45.8,0,0,,,,,,22:13
3120260701020005,matsudo,2026-07-02,5,,,,,,7,坂木田 雄介  千,葉,52,78,A2,逃,3.92,81.25,,0,4.1,20.8,37.5,4,1,,,,,,22:13
3120260701020006,matsudo,2026-07-02,6,,,,,,1,細中 翔太  岡,山,27,125,A1,逃,3.92,91.88,,0,41.1,58.8,82.3,8,2,,,,,,22:40
3120260701020006,matsudo,2026-07-02,6,,,,,,2,泉 文人  福,島,35,99,A2,両,3.92,91.42,,0,28.5,42.8,57.1,1,3,,,,,,22:40
3120260701020006,matsudo,2026-07-02,6,,,,,,3,松澤 敬輔,北海道,38,97,A1,両,3.92,90.58,,0,16.6,66.6,75.0,0,3,,,,,,22:40
3120260701020006,matsudo,2026-07-02,6,,,,,,4,大瀬戸 潤一郎  広,島,44,95,A1,追,3.92,88.47,,0,22.7,36.3,59.0,0,0,,,,,,22:40
3120260701020006,matsudo,2026-07-02,6,,,,,,5,高橋 秀吉  秋,田,43,88,A1,追,3.92,88.46,,0,26.6,26.6,53.3,0,0,,,,,,22:40
3120260701020006,matsudo,2026-07-02,6,,,,,,6,吉竹 尚城  静,岡,33,109,A1,逃,3.92,85.95,,0,37.5,45.8,54.1,5,5,,,,,,22:40
3120260701020006,matsudo,2026-07-02,6,,,,,,7,渋谷 錬,神奈川,35,103,A1,追,3.92,85.2,,0,20.8,25.0,45.8,0,0,,,,,,22:40
3120260701020007,matsudo,2026-07-02,7,,,,,,1,坪内 恒  千,葉,34,123,A1,逃,3.92,92.66,,0,33.3,50.0,58.3,3,9,,,,,,23:07
3120260701020007,matsudo,2026-07-02,7,,,,,,2,三澤 康人  宮,城,41,91,A1,追,3.92,92.41,,0,8.3,33.3,41.6,0,0,,,,,,23:07
3120260701020007,matsudo,2026-07-02,7,,,,,,3,篠原 龍馬  高,知,44,89,A1,両,3.92,90.8,,0,28.5,47.6,57.1,3,3,,,,,,23:07
3120260701020007,matsudo,2026-07-02,7,,,,,,4,阿部 架惟都  宮,城,27,115,A1,逃,3.92,89.44,,0,27.7,50.0,72.2,6,3,,,,,,23:07
3120260701020007,matsudo,2026-07-02,7,,,,,,5,本多 哲也  千,葉,38,97,A1,両,3.92,88.08,,0,20.8,37.5,66.6,1,6,,,,,,23:07
3120260701020007,matsudo,2026-07-02,7,,,,,,6,台 和紀  埼,玉,49,83,A1,追,3.92,87.5,,0,25.0,33.3,50.0,0,0,,,,,,23:07
3120260701020007,matsudo,2026-07-02,7,,,,,,7,大西 健士,神奈川,45,88,A2,追,3.93,83.75,,0,0.0,8.3,41.6,0,0,,,,,,23:07
3520260630030001,hiratsuka,2026-07-02,1,◎1 ○3 注2 △4 ×7 ▲5,,,,,1,松坂 侑亮,神奈川,28,115,A1,逃,3.92,88.2,◎,6,33.3,50.0,58.3,7,5,,,,,,15:50
3520260630030001,hiratsuka,2026-07-02,1,◎1 ○3 注2 △4 ×7 ▲5,,,,,2,廣川 泰昭  愛,媛,43,90,A2,追,3.92,85.2,注,2,20.0,26.6,33.3,0,2,,,,,,15:50
3520260630030001,hiratsuka,2026-07-02,1,◎1 ○3 注2 △4 ×7 ▲5,,,,,3,三住 博昭,神奈川,57,61,A2,追,3.92,82.9,○,5,4.7,19.0,33.3,0,0,,,,,,15:50
3520260630030001,hiratsuka,2026-07-02,1,◎1 ○3 注2 △4 ×7 ▲5,,,,,4,菅田 和宏  宮,城,44,88,A2,逃,3.92,81.33,△,4,7.4,14.8,25.9,1,1,,,,,,15:50
3520260630030001,hiratsuka,2026-07-02,1,◎1 ○3 注2 △4 ×7 ▲5,,,,,5,寺崎 祐樹  熊,本,38,97,A1,追,3.92,84.28,▲,3,14.2,33.3,38.0,0,0,,,,,,15:50
3520260630030001,hiratsuka,2026-07-02,1,◎1 ○3 注2 △4 ×7 ▲5,,,,,6,片山 直人  福,岡,44,87,A2,両,3.92,76.91,,0,0.0,0.0,4.1,0,0,,,,,,15:50
3520260630030001,hiratsuka,2026-07-02,1,◎1 ○3 注2 △4 ×7 ▲5,,,,,7,山信田 学  埼,玉,50,83,A2,追,3.92,83.08,×,1,8.0,12.0,36.0,0,0,,,,,,15:50
3520260630030002,hiratsuka,2026-07-02,2,×5 △1 注3 ○4 ◎7 ▲2,,,,,1,井上 将志  福,岡,39,98,A2,両,3.92,82.25,△,4,12.5,20.8,29.1,0,0,,,,,,16:13
3520260630030002,hiratsuka,2026-07-02,2,×5 △1 注3 ○4 ◎7 ▲2,,,,,2,太刀川 一成  千,葉,45,100,A1,追,3.92,96.17,◎,6,2.8,17.1,25.7,0,0,,,,,,16:13
3520260630030002,hiratsuka,2026-07-02,2,×5 △1 注3 ○4 ◎7 ▲2,,,,,3,松崎 貴久  富,山,52,82,A2,追,3.92,85.62,注,2,18.5,37.0,59.2,0,0,,,,,,16:13
3520260630030002,hiratsuka,2026-07-02,2,×5 △1 注3 ○4 ◎7 ▲2,,,,,4,伊原 弘幸  福,井,41,90,A1,追,3.93,81.43,,0,4.1,8.3,29.1,0,0,,,,,,16:13
3520260630030002,hiratsuka,2026-07-02,2,×5 △1 注3 ○4 ◎7 ▲2,,,,,5,天野 純平  佐,賀,28,115,A2,逃,3.92,84.72,×,1,33.3,44.4,44.4,2,5,,,,,,16:13
3520260630030002,hiratsuka,2026-07-02,2,×5 △1 注3 ○4 ◎7 ▲2,,,,,6,森川 剛,神奈川,47,89,A2,追,3.92,78.52,▲,3,4.0,4.0,16.0,0,0,,,,,,16:13
3520260630030002,hiratsuka,2026-07-02,2,×5 △1 注3 ○4 ◎7 ▲2,,,,,7,佐々木 祐太  岩,手,26,123,A1,逃,3.92,85.76,○,5,14.2,33.3,47.6,4,3,,,,,,16:13
3520260630030003,hiratsuka,2026-07-02,3,×1 △5 ◎4 ○2 ▲3 注6,,,,,1,重倉 高史  富,山,40,95,A1,両,3.92,85.81,×,1,14.8,33.3,59.2,5,0,,,,,,16:37
3520260630030003,hiratsuka,2026-07-02,3,×1 △5 ◎4 ○2 ▲3 注6,,,,,2,根本 雄紀  茨,城,49,80,A1,追,3.92,87.87,○,5,16.6,20.8,54.1,0,0,,,,,,16:37
3520260630030003,hiratsuka,2026-07-02,3,×1 △5 ◎4 ○2 ▲3 注6,,,,,3,白石 大輔  福,島,43,88,A1,両,3.92,86.75,,0,16.6,33.3,54.1,0,0,,,,,,16:37
3520260630030003,hiratsuka,2026-07-02,3,×1 △5 ◎4 ○2 ▲3 注6,,,,,4,高井 流星  岡,山,31,113,A2,逃,3.92,91.4,◎,6,26.0,56.5,60.8,6,6,,,,,,16:37
3520260630030003,hiratsuka,2026-07-02,3,×1 △5 ◎4 ○2 ▲3 注6,,,,,5,愛敬 博之  愛,知,42,94,A1,追,3.93,86.0,△,4,9.5,28.5,42.8,0,1,,,,,,16:37
3520260630030003,hiratsuka,2026-07-02,3,×1 △5 ◎4 ○2 ▲3 注6,,,,,6,山本 天平  千,葉,28,125,A2,逃,3.92,83.52,▲,3,17.3,21.7,34.7,4,1,,,,,,16:37
3520260630030003,hiratsuka,2026-07-02,3,×1 △5 ◎4 ○2 ▲3 注6,,,,,7,小佐野 文秀  山,梨,50,83,A2,追,3.93,87.0,注,2,25.0,25.0,45.8,0,0,,,,,,16:37
3520260630030004,hiratsuka,2026-07-02,4,△5 ×1 ◎7 ○2 注4 ▲6,,,,,1,市本 隆司  広,島,54,72,A2,両,3.93,87.95,×,1,23.8,33.3,57.1,0,1,,,,,,17:01
3520260630030004,hiratsuka,2026-07-02,4,△5 ×1 ◎7 ○2 注4 ▲6,,,,,2,河野 要,神奈川,42,94,A2,追,3.92,85.16,○,5,16.6,33.3,41.6,0,0,,,,,,17:01
3520260630030004,hiratsuka,2026-07-02,4,△5 ×1 ◎7 ○2 注4 ▲6,,,,,3,土岐 幹多  岐,阜,47,83,A2,追,3.92,85.22,▲,3,0.0,11.1,33.3,0,0,,,,,,17:01
3520260630030004,hiratsuka,2026-07-02,4,△5 ×1 ◎7 ○2 注4 ▲6,,,,,4,小笠原 昭太  青,森,50,76,A1,追,3.92,85.92,注,2,22.2,33.3,48.1,0,0,,,,,,17:01
3520260630030004,hiratsuka,2026-07-02,4,△5 ×1 ◎7 ○2 注4 ▲6,,,,,5,白井 優太朗  広,島,24,119,A1,逃,3.92,84.47,△,4,10.0,20.0,45.0,0,2,,,,,,17:01
3520260630030004,hiratsuka,2026-07-02,4,△5 ×1 ◎7 ○2 注4 ▲6,,,,,6,枠元 一葵  福,井,26,117,A2,逃,3.92,82.52,,0,19.0,23.8,42.8,3,2,,,,,,17:01
3520260630030004,hiratsuka,2026-07-02,4,△5 ×1 ◎7 ○2 注4 ▲6,,,,,7,岩辺 陸  静,岡,21,127,A2,逃,3.92,91.5,◎,6,33.3,66.6,83.3,3,8,,,,,,17:01
3520260630030005,hiratsuka,2026-07-02,5,◎3 △1 注2 ×4 ○5 ▲7,,,,,1,菅原 ななこ  宮,城,25,120,L1,両,3.79,47.45,△,4,5.0,10.0,20.0,0,0,,,,,,17:25
3520260630030005,hiratsuka,2026-07-02,5,◎3 △1 注2 ×4 ○5 ▲7,,,,,2,藤巻 絵里佳  福,島,30,110,L1,追,3.79,47.32,注,2,0.0,0.0,14.2,0,0,,,,,,17:25
3520260630030005,hiratsuka,2026-07-02,5,◎3 △1 注2 ×4 ○5 ▲7,,,,,3,當銘 沙恵美  愛,知,27,118,L1,両,3.79,52.44,◎,6,12.0,48.0,56.0,5,1,,,,,,17:25
3520260630030005,hiratsuka,2026-07-02,5,◎3 △1 注2 ×4 ○5 ▲7,,,,,4,溝口 香奈  大,分,40,108,L1,追,3.79,46.95,,0,0.0,0.0,4.7,0,0,,,,,,17:25
3520260630030005,hiratsuka,2026-07-02,5,◎3 △1 注2 ×4 ○5 ▲7,,,,,5,新井 美菜  埼,玉,26,116,L1,追,3.71,46.68,×,1,6.2,12.5,25.0,1,1,,,,,,17:25
3520260630030005,hiratsuka,2026-07-02,5,◎3 △1 注2 ×4 ○5 ▲7,,,,,6,田口 梓乃  山,口,33,102,L1,追,3.79,46.81,▲,3,0.0,12.5,25.0,0,0,,,,,,17:25
3520260630030005,hiratsuka,2026-07-02,5,◎3 △1 注2 ×4 ○5 ▲7,,,,,7,成田 可菜絵  大,阪,39,112,L1,両,3.77,47.8,○,5,5.0,15.0,25.0,3,0,,,,,,17:25
3520260630030006,hiratsuka,2026-07-02,6,◎2 ○1 注3 ▲6 ×4 △5,,,,,1,渡辺 十夢  福,井,45,85,S2,追,3.93,102.13,○,5,4.0,32.0,44.0,0,0,,,,,,17:49
3520260630030006,hiratsuka,2026-07-02,6,◎2 ○1 注3 ▲6 ×4 △5,,,,,2,治田 知也  新,潟,28,121,S2,逃,3.93,102.08,◎,6,39.1,52.1,56.5,8,3,,,,,,17:49
3520260630030006,hiratsuka,2026-07-02,6,◎2 ○1 注3 ▲6 ×4 △5,,,,,3,佐々木 亮太  青,森,21,125,S2,逃,3.92,90.45,注,2,29.1,37.5,50.0,5,4,,,,,,17:49
3520260630030006,hiratsuka,2026-07-02,6,◎2 ○1 注3 ▲6 ×4 △5,,,,,4,山口 多聞  埼,玉,24,121,S1,逃,3.92,100.45,×,1,12.5,29.1,41.6,5,1,,,,,,17:49
3520260630030006,hiratsuka,2026-07-02,6,◎2 ○1 注3 ▲6 ×4 △5,,,,,5,木村 直隆  兵,庫,47,86,S2,追,3.93,92.31,△,4,17.6,41.1,58.8,0,0,,,,,,17:49
3520260630030006,hiratsuka,2026-07-02,6,◎2 ○1 注3 ▲6 ×4 △5,,,,,6,野村 典嗣  愛,媛,36,109,S2,追,3.92,88.66,▲,3,8.3,33.3,45.8,0,1,,,,,,17:49
3520260630030007,hiratsuka,2026-07-02,7,◎1 ○5 注4 △2 ×3 ▲6,,,,,1,北井 佑季,神奈川,36,119,S2,逃,3.92,106.69,◎,6,58.3,62.5,70.8,4,10,,,,,,18:13
3520260630030007,hiratsuka,2026-07-02,7,◎1 ○5 注4 △2 ×3 ▲6,,,,,2,高市 訓但  愛,媛,38,97,S2,追,3.92,93.11,△,4,22.2,55.5,77.7,0,0,,,,,,18:13
3520260630030007,hiratsuka,2026-07-02,7,◎1 ○5 注4 △2 ×3 ▲6,,,,,3,五十嵐 綾  福,島,25,121,S2,逃,3.92,93.68,×,1,40.9,59.0,63.6,2,8,,,,,,18:13
3520260630030007,hiratsuka,2026-07-02,7,◎1 ○5 注4 △2 ×3 ▲6,,,,,4,門田 凌  愛,媛,32,111,S2,両,3.92,91.25,注,2,37.5,58.3,66.6,1,5,,,,,,18:13
3520260630030007,hiratsuka,2026-07-02,7,◎1 ○5 注4 △2 ×3 ▲6,,,,,5,加藤 圭一,神奈川,48,85,S2,追,3.92,91.0,○,5,0.0,22.2,33.3,0,0,,,,,,18:13
3520260630030007,hiratsuka,2026-07-02,7,◎1 ○5 注4 △2 ×3 ▲6,,,,,6,徳丸 泰教  兵,庫,40,95,S2,追,3.92,89.19,▲,3,14.2,23.8,38.0,0,1,,,,,,18:13
3520260630030008,hiratsuka,2026-07-02,8,▲1 注7 ◎5 ○2 △6 ×3,,,,,1,川越 勇星,神奈川,29,111,S2,両,3.92,102.0,▲,3,17.3,30.4,56.5,3,3,,,,,,18:38
3520260630030008,hiratsuka,2026-07-02,8,▲1 注7 ◎5 ○2 △6 ×3,,,,,2,横山 尚則  茨,城,34,100,S1,追,3.92,106.05,○,5,5.2,26.3,47.3,0,1,,,,,,18:38
3520260630030008,hiratsuka,2026-07-02,8,▲1 注7 ◎5 ○2 △6 ×3,,,,,3,平野 想真  愛,知,27,123,S2,逃,3.92,101.75,△,4,23.8,38.0,38.0,5,3,,,,,,18:38
3520260630030008,hiratsuka,2026-07-02,8,▲1 注7 ◎5 ○2 △6 ×3,,,,,4,横関 裕樹  岐,阜,38,99,S2,両,3.92,102.38,×,1,15.3,34.6,53.8,0,0,,,,,,18:38
3520260630030008,hiratsuka,2026-07-02,8,▲1 注7 ◎5 ○2 △6 ×3,,,,,5,岩谷 拓磨  福,岡,29,115,S1,逃,3.92,105.6,◎,6,21.4,28.5,39.2,0,6,,,,,,18:38
3520260630030008,hiratsuka,2026-07-02,8,▲1 注7 ◎5 ○2 △6 ×3,,,,,6,櫻井 学  群,馬,46,84,S2,両,3.92,97.57,,0,7.1,25.0,35.7,0,0,,,,,,18:38
3520260630030008,hiratsuka,2026-07-02,8,▲1 注7 ◎5 ○2 △6 ×3,,,,,7,松坂 洋平,神奈川,43,89,S1,両,3.92,105.69,注,2,0.0,33.3,50.0,0,0,,,,,,18:38
3520260630030009,hiratsuka,2026-07-02,9,◎5 ○1 △6 注7 ▲2 ×3,,,,,1,三宅 達也  岡,山,48,79,S1,追,3.92,105.31,○,5,6.8,27.5,44.8,0,1,,,,,,19:04
3520260630030009,hiratsuka,2026-07-02,9,◎5 ○1 △6 注7 ▲2 ×3,,,,,2,山口 敦也  佐,賀,28,113,S2,追,3.92,101.1,注,2,0.0,33.3,47.6,0,0,,,,,,19:04
3520260630030009,hiratsuka,2026-07-02,9,◎5 ○1 △6 注7 ▲2 ×3,,,,,3,荒川 達郎  埼,玉,27,123,S2,逃,3.92,98.64,▲,3,6.6,13.3,33.3,0,2,,,,,,19:04
3520260630030009,hiratsuka,2026-07-02,9,◎5 ○1 △6 注7 ▲2 ×3,,,,,4,五日市 誠  青,森,42,89,S1,追,3.92,109.08,×,1,24.0,56.0,64.0,0,1,,,,,,19:04
3520260630030009,hiratsuka,2026-07-02,9,◎5 ○1 △6 注7 ▲2 ×3,,,,,5,小川 真太郎  徳,島,34,107,S1,両,3.92,106.57,◎,6,21.0,26.3,42.1,0,3,,,,,,19:04
3520260630030009,hiratsuka,2026-07-02,9,◎5 ○1 △6 注7 ▲2 ×3,,,,,6,黒田 淳  岡,山,41,97,S2,追,3.92,97.45,,0,5.0,20.0,30.0,0,0,,,,,,19:04
3520260630030009,hiratsuka,2026-07-02,9,◎5 ○1 △6 注7 ▲2 ×3,,,,,7,松本 秀之慎  熊,本,23,121,S2,逃,3.92,102.44,△,4,8.0,24.0,56.0,0,5,,,,,,19:04
3520260630030010,hiratsuka,2026-07-02,10,◎1 ○5 △2 注7 ▲4 ×3,,,,,1,岡部 陸斗  栃,木,23,125,A1,逃,3.85,92.33,◎,6,61.1,72.2,83.3,8,4,,,,,,19:30
3520260630030010,hiratsuka,2026-07-02,10,◎1 ○5 △2 注7 ▲4 ×3,,,,,2,谷口 友真  大,阪,37,109,A1,逃,3.92,90.14,△,4,23.8,38.0,52.3,0,1,,,,,,19:30
3520260630030010,hiratsuka,2026-07-02,10,◎1 ○5 △2 注7 ▲4 ×3,,,,,3,松本 定  福,岡,29,125,A1,逃,3.93,93.61,×,1,57.1,80.9,85.7,13,4,,,,,,19:30
3520260630030010,hiratsuka,2026-07-02,10,◎1 ○5 △2 注7 ▲4 ×3,,,,,4,篠原 忍  愛,知,43,91,A1,両,3.92,92.45,▲,3,15.0,40.0,55.0,0,0,,,,,,19:30
3520260630030010,hiratsuka,2026-07-02,10,◎1 ○5 △2 注7 ▲4 ×3,,,,,5,星野 辰也  栃,木,40,95,A1,追,3.92,88.83,○,5,16.6,37.5,45.8,0,0,,,,,,19:30
3520260630030010,hiratsuka,2026-07-02,10,◎1 ○5 △2 注7 ▲4 ×3,,,,,6,戸邉 捺希  埼,玉,27,117,A1,逃,3.92,82.82,,0,5.5,22.2,33.3,2,2,,,,,,19:30
3520260630030010,hiratsuka,2026-07-02,10,◎1 ○5 △2 注7 ▲4 ×3,,,,,7,坂本 匡洋  大,阪,42,91,A2,追,3.92,86.66,注,2,25.0,41.6,50.0,1,0,,,,,,19:30
3520260630030011,hiratsuka,2026-07-02,11,◎3 △1 ○2 ▲4 ×5 注6,,,,,1,尾崎 睦,神奈川,41,108,L1,両,3.79,57.52,◎,6,66.6,75.0,83.3,1,16,,,,,,19:57
3520260630030011,hiratsuka,2026-07-02,11,◎3 △1 ○2 ▲4 ×5 注6,,,,,2,細田 愛未  埼,玉,31,108,L1,両,3.79,52.5,△,4,5.5,50.0,66.6,1,0,,,,,,19:57
3520260630030011,hiratsuka,2026-07-02,11,◎3 △1 ○2 ▲4 ×5 注6,,,,,3,赤池 七虹  静,岡,23,128,L1,両,3.77,48.36,,0,0.0,9.0,27.2,0,0,,,,,,19:57
3520260630030011,hiratsuka,2026-07-02,11,◎3 △1 ○2 ▲4 ×5 注6,,,,,4,西島 叶子  熊,本,31,118,L1,両,3.79,53.14,○,5,19.0,42.8,71.4,1,2,,,,,,19:57
3520260630030011,hiratsuka,2026-07-02,11,◎3 △1 ○2 ▲4 ×5 注6,,,,,5,川原 未紀  千,葉,26,128,L1,両,3.71,49.22,▲,3,0.0,10.5,36.8,1,0,,,,,,19:57
3520260630030011,hiratsuka,2026-07-02,11,◎3 △1 ○2 ▲4 ×5 注6,,,,,6,又多 風緑  石,川,24,122,L1,両,3.77,52.16,×,1,20.8,33.3,50.0,1,3,,,,,,19:57
3520260630030011,hiratsuka,2026-07-02,11,◎3 △1 ○2 ▲4 ×5 注6,,,,,7,中村 由香里  東,京,45,102,L1,追,3.79,51.33,注,2,4.7,19.0,47.6,0,0,,,,,,19:57
3520260630030012,hiratsuka,2026-07-02,12,×5 ▲1 ◎2 ○7 注3 △4,,,,,1,桑名 僚也  埼,玉,28,119,S2,追,3.92,105.16,▲,3,24.0,44.0,64.0,0,0,,,,,,20:25
3520260630030012,hiratsuka,2026-07-02,12,×5 ▲1 ◎2 ○7 注3 △4,,,,,2,中釜 章成  大,阪,29,113,S1,逃,3.92,112.16,◎,6,38.8,50.0,66.6,1,5,,,,,,20:25
3520260630030012,hiratsuka,2026-07-02,12,×5 ▲1 ◎2 ○7 注3 △4,,,,,3,小松崎 大地  福,島,43,99,S1,両,3.92,107.62,注,2,41.6,45.8,50.0,0,4,,,,,,20:25
3520260630030012,hiratsuka,2026-07-02,12,×5 ▲1 ◎2 ○7 注3 △4,,,,,4,和田 圭  宮,城,40,92,S1,追,3.92,109.82,△,4,21.7,30.4,47.8,0,0,,,,,,20:25
3520260630030012,hiratsuka,2026-07-02,12,×5 ▲1 ◎2 ○7 注3 △4,,,,,5,根田 空史  千,葉,37,94,S1,逃,3.92,107.36,×,1,12.0,40.0,48.0,6,4,,,,,,20:25
3520260630030012,hiratsuka,2026-07-02,12,×5 ▲1 ◎2 ○7 注3 △4,,,,,6,田中 誠  福,岡,42,89,S1,追,3.92,104.23,,0,9.0,40.9,54.5,0,0,,,,,,20:25
3520260630030012,hiratsuka,2026-07-02,12,×5 ▲1 ◎2 ○7 注3 △4,,,,,7,長尾 拳太  岐,阜,33,103,S2,両,3.93,104.76,○,5,23.0,38.4,50.0,0,2,,,,,,20:25
4520260630030001,toyohashi,2026-07-02,1,注7 △1 ▲4 ×3 ◎5 ○2,,,,,1,宮西 翼  石,川,46,100,A2,両,3.86,82.38,△,4,0.0,16.6,27.7,0,0,,,,,,08:25
4520260630030001,toyohashi,2026-07-02,1,注7 △1 ▲4 ×3 ◎5 ○2,,,,,2,坂田 学  兵,庫,50,83,A2,両,3.85,84.66,○,5,4.5,27.2,40.9,0,1,,,,,,08:25
4520260630030001,toyohashi,2026-07-02,1,注7 △1 ▲4 ×3 ◎5 ○2,,,,,3,上田 学  愛,媛,55,69,A1,追,3.86,86.76,×,1,9.5,19.0,38.0,0,0,,,,,,08:25
4520260630030001,toyohashi,2026-07-02,1,注7 △1 ▲4 ×3 ◎5 ○2,,,,,4,中川 貴史  三,重,49,79,A1,追,3.92,81.38,▲,3,4.7,9.5,23.8,0,0,,,,,,08:25
4520260630030001,toyohashi,2026-07-02,1,注7 △1 ▲4 ×3 ◎5 ○2,,,,,5,藤田 真  兵,庫,45,89,A1,両,3.92,85.95,◎,6,26.0,30.4,47.8,2,2,,,,,,08:25
4520260630030001,toyohashi,2026-07-02,1,注7 △1 ▲4 ×3 ◎5 ○2,,,,,6,穴井 利久  福,岡,56,65,A2,追,3.92,68.28,,0,4.7,4.7,42.8,0,0,,,,,,08:25
4520260630030001,toyohashi,2026-07-02,1,注7 △1 ▲4 ×3 ◎5 ○2,,,,,7,山崎 晃  石,川,40,95,A2,両,3.92,82.19,注,2,14.2,19.0,42.8,3,0,,,,,,08:25
4520260630030002,toyohashi,2026-07-02,2,注1 △6 ×2 ○3 ◎4 ▲5,,,,,1,高倉 俊宏  福,岡,39,93,A2,両,3.93,81.66,注,2,12.5,16.6,29.1,1,2,,,,,,08:45
4520260630030002,toyohashi,2026-07-02,2,注1 △6 ×2 ○3 ◎4 ▲5,,,,,2,吉永 好宏  広,島,51,80,A1,追,3.92,87.84,×,1,10.5,31.5,47.3,0,0,,,,,,08:45
4520260630030002,toyohashi,2026-07-02,2,注1 △6 ×2 ○3 ◎4 ▲5,,,,,3,中武 三四郎  大,阪,33,113,A2,逃,3.92,83.75,○,5,16.6,41.6,50.0,8,1,,,,,,08:45
4520260630030002,toyohashi,2026-07-02,2,注1 △6 ×2 ○3 ◎4 ▲5,,,,,4,東 鉄也  三,重,45,88,A2,両,3.92,84.45,◎,6,15.0,25.0,30.0,0,2,,,,,,08:45
4520260630030002,toyohashi,2026-07-02,2,注1 △6 ×2 ○3 ◎4 ▲5,,,,,5,日浅 保幸  岡,山,48,84,A2,追,3.92,83.19,▲,3,4.7,14.2,38.0,0,0,,,,,,08:45
4520260630030002,toyohashi,2026-07-02,2,注1 △6 ×2 ○3 ◎4 ▲5,,,,,6,川野 正芳  大,分,49,80,A2,追,3.92,86.0,△,4,0.0,15.3,30.7,0,0,,,,,,08:45
4520260630030003,toyohashi,2026-07-02,3,◎6 ○2 ▲1 ×7 △3 注4,,,,,1,三宅 旬  岡,山,48,80,A2,追,3.93,81.58,▲,3,4.1,16.6,29.1,0,0,,,,,,09:05
4520260630030003,toyohashi,2026-07-02,3,◎6 ○2 ▲1 ×7 △3 注4,,,,,2,山田 哲也  愛,知,44,99,A2,追,3.92,81.48,○,5,11.1,22.2,25.9,0,3,,,,,,09:05
4520260630030003,toyohashi,2026-07-02,3,◎6 ○2 ▲1 ×7 △3 注4,,,,,3,中村 美千隆  兵,庫,49,80,A2,両,3.92,80.6,△,4,8.6,21.7,34.7,2,1,,,,,,09:05
4520260630030003,toyohashi,2026-07-02,3,◎6 ○2 ▲1 ×7 △3 注4,,,,,4,池田 浩士  佐,賀,47,86,A2,追,3.92,87.52,注,2,0.0,23.8,42.8,1,0,,,,,,09:05
4520260630030003,toyohashi,2026-07-02,3,◎6 ○2 ▲1 ×7 △3 注4,,,,,5,梶山 裕次郎  福,岡,45,87,A2,追,3.92,80.63,,0,5.2,5.2,21.0,0,0,,,,,,09:05
4520260630030003,toyohashi,2026-07-02,3,◎6 ○2 ▲1 ×7 △3 注4,,,,,6,辻田 祥大  三,重,23,127,A2,逃,3.93,77.26,◎,6,53.3,80.0,86.6,10,2,,,,,,09:05
4520260630030003,toyohashi,2026-07-02,3,◎6 ○2 ▲1 ×7 △3 注4,,,,,7,中村 泰輔,和歌山,33,117,A2,逃,3.92,84.04,×,1,9.5,38.0,42.8,3,4,,,,,,09:05
4520260630030004,toyohashi,2026-07-02,4,○4 ◎2 △5 ×3 注6 ▲7,,,,,1,中村 雅仁  熊,本,44,90,A1,追,3.93,91.28,▲,3,0.0,35.7,57.1,0,0,,,,,,09:25
4520260630030004,toyohashi,2026-07-02,4,○4 ◎2 △5 ×3 注6 ▲7,,,,,2,筒井 裕哉  兵,庫,45,89,A1,追,3.92,90.62,◎,6,29.6,40.7,55.5,0,2,,,,,,09:25
4520260630030004,toyohashi,2026-07-02,4,○4 ◎2 △5 ×3 注6 ▲7,,,,,3,小浦 凪  岐,阜,26,117,A2,両,3.92,83.61,,0,19.0,23.8,42.8,1,1,,,,,,09:25
4520260630030004,toyohashi,2026-07-02,4,○4 ◎2 △5 ×3 注6 ▲7,,,,,4,中井 勇介  大,阪,44,100,A1,逃,3.92,88.75,○,5,29.4,47.0,64.7,4,2,,,,,,09:25
4520260630030004,toyohashi,2026-07-02,4,○4 ◎2 △5 ×3 注6 ▲7,,,,,5,西谷 岳文  京,都,47,93,A2,両,3.92,84.52,△,4,28.5,42.8,47.6,0,0,,,,,,09:25
4520260630030004,toyohashi,2026-07-02,4,○4 ◎2 △5 ×3 注6 ▲7,,,,,6,生野 優翔  大,分,24,127,A2,逃,3.92,78.06,×,1,64.7,70.5,82.3,4,7,,,,,,09:25
4520260630030004,toyohashi,2026-07-02,4,○4 ◎2 △5 ×3 注6 ▲7,,,,,7,古川 貴之  佐,賀,42,93,A1,追,3.93,83.5,注,2,16.6,37.5,58.3,1,3,,,,,,09:25
4520260630030005,toyohashi,2026-07-02,5,△3 ◎7 ○1 ×2 注5 ▲4,,,,,1,伊藤 大彦  徳,島,43,89,A1,追,3.92,85.52,○,5,5.5,22.2,50.0,0,1,,,,,,09:45
4520260630030005,toyohashi,2026-07-02,5,△3 ◎7 ○1 ×2 注5 ▲4,,,,,2,谷澤 優貴  三,重,21,127,A2,逃,3.92,83.23,×,1,57.1,61.9,66.6,6,7,,,,,,09:45
4520260630030005,toyohashi,2026-07-02,5,△3 ◎7 ○1 ×2 注5 ▲4,,,,,3,田中 会心  熊,本,25,123,A1,逃,3.92,85.41,△,4,12.5,41.6,50.0,9,1,,,,,,09:45
4520260630030005,toyohashi,2026-07-02,5,△3 ◎7 ○1 ×2 注5 ▲4,,,,,4,田中 雅史  愛,知,49,79,A2,追,3.92,83.76,▲,3,23.8,38.0,47.6,0,2,,,,,,09:45
4520260630030005,toyohashi,2026-07-02,5,△3 ◎7 ○1 ×2 注5 ▲4,,,,,5,山口 聖矢  岐,阜,32,115,A1,両,3.92,86.5,注,2,23.0,30.7,46.1,0,1,,,,,,09:45
4520260630030005,toyohashi,2026-07-02,5,△3 ◎7 ○1 ×2 注5 ▲4,,,,,6,吉川 悟  大,阪,49,79,A2,追,3.92,73.37,,0,16.6,45.8,58.3,0,1,,,,,,09:45
4520260630030005,toyohashi,2026-07-02,5,△3 ◎7 ○1 ×2 注5 ▲4,,,,,7,八谷 誠賢  福,岡,51,77,A1,逃,3.93,91.88,◎,6,27.7,50.0,61.1,2,5,,,,,,09:45
4520260630030006,toyohashi,2026-07-02,6,○1 ◎4 注7 △5 ×2 ▲6,,,,,1,森崎 英登  愛,知,26,125,A1,逃,3.92,85.47,○,5,4.7,23.8,52.3,3,2,,,,,,10:05
4520260630030006,toyohashi,2026-07-02,6,○1 ◎4 注7 △5 ×2 ▲6,,,,,2,芳野 匠  愛,媛,41,93,A1,追,3.92,87.45,×,1,8.3,29.1,45.8,0,0,,,,,,10:05
4520260630030006,toyohashi,2026-07-02,6,○1 ◎4 注7 △5 ×2 ▲6,,,,,3,平 総一  熊,本,54,76,A2,追,3.92,83.41,▲,3,4.1,20.8,33.3,0,0,,,,,,10:05
4520260630030006,toyohashi,2026-07-02,6,○1 ◎4 注7 △5 ×2 ▲6,,,,,4,島野 浩司  愛,知,57,62,A1,追,3.92,87.33,◎,6,13.3,46.6,53.3,0,0,,,,,,10:05
4520260630030006,toyohashi,2026-07-02,6,○1 ◎4 注7 △5 ×2 ▲6,,,,,5,木村 浩宣  香,川,39,97,A1,逃,3.93,84.27,△,4,13.7,20.6,37.9,4,1,,,,,,10:05
4520260630030006,toyohashi,2026-07-02,6,○1 ◎4 注7 △5 ×2 ▲6,,,,,6,境 啓亨  熊,本,33,111,A2,逃,3.92,82.28,,0,4.7,9.5,28.5,0,0,,,,,,10:05
4520260630030006,toyohashi,2026-07-02,6,○1 ◎4 注7 △5 ×2 ▲6,,,,,7,志水 祐彦  大,阪,41,94,A2,追,3.92,83.95,注,2,10.0,40.0,45.0,0,0,,,,,,10:05
4520260630030007,toyohashi,2026-07-02,7,注2 △4 ▲5 ×6 ◎1 ○7,,,,,1,末廣 快理  兵,庫,28,121,A2,逃,3.92,94.92,×,1,44.4,70.3,85.1,7,12,,,,,,10:25
4520260630030007,toyohashi,2026-07-02,7,注2 △4 ▲5 ×6 ◎1 ○7,,,,,2,矢部 駿人  岡,山,27,121,A1,逃,3.92,92.33,注,2,14.2,38.0,66.6,5,1,,,,,,10:25
4520260630030007,toyohashi,2026-07-02,7,注2 △4 ▲5 ×6 ◎1 ○7,,,,,3,渡邊 健  愛,知,53,76,A1,追,3.92,88.09,○,5,8.6,34.7,47.8,0,0,,,,,,10:25
4520260630030007,toyohashi,2026-07-02,7,注2 △4 ▲5 ×6 ◎1 ○7,,,,,4,滝本 泰行  岡,山,30,107,A1,両,3.92,90.16,△,4,12.5,45.8,66.6,0,0,,,,,,10:25
4520260630030007,toyohashi,2026-07-02,7,注2 △4 ▲5 ×6 ◎1 ○7,,,,,5,藤井 將  広,島,32,113,A1,両,3.92,89.59,▲,3,29.6,44.4,74.0,2,2,,,,,,10:25
4520260630030007,toyohashi,2026-07-02,7,注2 △4 ▲5 ×6 ◎1 ○7,,,,,6,小川 祐司  愛,媛,44,96,A2,両,3.92,85.25,,0,12.5,33.3,37.5,4,4,,,,,,10:25
4520260630030007,toyohashi,2026-07-02,7,注2 △4 ▲5 ×6 ◎1 ○7,,,,,7,常次 勇人  大,阪,24,121,A1,逃,3.92,93.58,◎,6,50.0,75.0,83.3,12,5,,,,,,10:25
4720260701020001,matsusaka,2026-07-02,1,,,,,,1,廣田 敦士  三,重,33,107,A3,逃,3.92,78.9,,0,9.5,19.0,19.0,3,0,,,,,,20:52
4720260701020001,matsusaka,2026-07-02,1,,,,,,2,金田 健一郎  大,阪,59,60,A3,追,3.92,78.75,,0,0.0,4.1,16.6,0,0,,,,,,20:52
4720260701020001,matsusaka,2026-07-02,1,,,,,,3,小川 辰徳  埼,玉,38,100,A3,両,3.92,77.52,,0,0.0,10.5,10.5,1,0,,,,,,20:52
4720260701020001,matsusaka,2026-07-02,1,,,,,,4,茂木 和臣  埼,玉,57,63,A3,追,3.92,73.36,,0,5.2,31.5,57.8,0,0,,,,,,20:52
4720260701020001,matsusaka,2026-07-02,1,,,,,,5,濱田 昭一郎,鹿児島,57,67,A3,追,3.85,70.58,,0,4.0,20.0,44.0,0,0,,,,,,20:52
4720260701020001,matsusaka,2026-07-02,1,,,,,,6,吉田 英二  東,京,52,76,A3,追,3.92,66.45,,0,4.1,12.5,25.0,0,0,,,,,,20:52
4720260701020002,matsusaka,2026-07-02,2,,,,,,1,桜井 雄太  愛,知,34,100,A3,逃,3.92,83.08,,0,24.0,36.0,52.0,6,1,,,,,,21:16
4720260701020002,matsusaka,2026-07-02,2,,,,,,2,河合 康晴  静,岡,56,68,A3,追,3.93,79.55,,0,0.0,5.2,21.0,0,0,,,,,,21:16
4720260701020002,matsusaka,2026-07-02,2,,,,,,3,山田 祐太  福,島,37,113,A3,逃,3.92,79.08,,0,4.1,16.6,20.8,2,2,,,,,,21:16
4720260701020002,matsusaka,2026-07-02,2,,,,,,4,野見 泰要  岡,山,44,101,A3,逃,3.93,71.48,,0,29.7,45.9,62.1,13,3,,,,,,21:16
4720260701020002,matsusaka,2026-07-02,2,,,,,,5,佐々木 英之  香,川,51,78,A3,追,3.86,70.7,,0,0.0,10.0,40.0,0,0,,,,,,21:16
4720260701020002,matsusaka,2026-07-02,2,,,,,,6,眞原 健一,神奈川,53,69,A3,追,3.92,69.4,,0,9.0,27.2,45.4,0,0,,,,,,21:16
4720260701020002,matsusaka,2026-07-02,2,,,,,,7,服部 竜二  愛,知,54,76,A3,追,3.92,69.36,,0,15.7,21.0,36.8,0,0,,,,,,21:16
4720260701020003,matsusaka,2026-07-02,3,,,,,,1,荒木 真慈  熊,本,54,69,A3,追,3.77,81.8,,0,4.7,23.8,38.0,0,0,,,,,,21:40
4720260701020003,matsusaka,2026-07-02,3,,,,,,2,川上 真二郎  新,潟,46,86,A3,追,3.92,78.33,,0,0.0,5.5,11.1,0,0,,,,,,21:40
4720260701020003,matsusaka,2026-07-02,3,,,,,,3,市川 博章  静,岡,49,80,A3,追,3.93,69.61,,0,0.0,19.0,42.8,0,0,,,,,,21:40
4720260701020003,matsusaka,2026-07-02,3,,,,,,4,島田 茂希,北海道,40,92,A3,逃,3.92,69.33,,0,0.0,33.3,66.6,0,1,,,,,,21:40
4720260701020003,matsusaka,2026-07-02,3,,,,,,5,古田 義明  三,重,53,79,A3,追,3.93,68.5,,0,5.2,10.5,31.5,0,0,,,,,,21:40
4720260701020003,matsusaka,2026-07-02,3,,,,,,6,高森 圭介  栃,木,49,83,A3,追,3.92,67.36,,0,9.0,18.1,27.2,0,0,,,,,,21:40
4720260701020003,matsusaka,2026-07-02,3,,,,,,7,東 隆之  宮,崎,38,100,A3,追,3.92,65.66,,0,0.0,0.0,0.0,0,0,,,,,,21:40
4720260701020004,matsusaka,2026-07-02,4,,,,,,1,女屋 文伸  埼,玉,48,83,A3,追,3.92,80.26,,0,0.0,13.3,20.0,0,0,,,,,,22:04
4720260701020004,matsusaka,2026-07-02,4,,,,,,2,望月 嘉人  静,岡,29,123,A3,逃,3.92,80.13,,0,13.0,21.7,34.7,5,0,,,,,,22:04
4720260701020004,matsusaka,2026-07-02,4,,,,,,3,光畑 政志  岡,山,46,84,A3,追,3.92,77.61,,0,0.0,0.0,4.7,0,0,,,,,,22:04
4720260701020004,matsusaka,2026-07-02,4,,,,,,4,浦崎 貴史,北海道,54,75,A3,追,3.93,72.85,,0,7.1,28.5,64.2,0,0,,,,,,22:04
4720260701020004,matsusaka,2026-07-02,4,,,,,,5,川本 恵二  兵,庫,51,78,A3,追,3.92,70.91,,0,16.6,29.1,41.6,0,0,,,,,,22:04
4720260701020004,matsusaka,2026-07-02,4,,,,,,6,志村 達也  広,島,54,71,A3,追,3.92,67.66,,0,6.6,26.6,40.0,0,0,,,,,,22:04
4720260701020004,matsusaka,2026-07-02,4,,,,,,7,長田 彰人  宮,城,40,95,A3,追,3.85,66.33,,0,0.0,0.0,28.5,0,0,,,,,,22:04
4720260701020005,matsusaka,2026-07-02,5,,,,,,1,小川 大地  愛,知,35,98,A3,追,3.92,81.37,,0,8.3,29.1,33.3,0,0,,,,,,22:31
4720260701020005,matsusaka,2026-07-02,5,,,,,,2,松永 真太  福,岡,44,92,A3,追,3.92,80.65,,0,13.0,21.7,30.4,0,0,,,,,,22:31
4720260701020005,matsusaka,2026-07-02,5,,,,,,3,永田 吏玖  岐,阜,28,129,A3,逃,3.92,74.55,,0,0.0,44.4,66.6,0,2,,,,,,22:31
4720260701020005,matsusaka,2026-07-02,5,,,,,,4,飯田 怜治  熊,本,26,129,A3,逃,3.92,73.44,,0,0.0,11.1,44.4,0,0,,,,,,22:31
4720260701020005,matsusaka,2026-07-02,5,,,,,,5,佐藤 有輝,神奈川,47,85,A3,追,3.92,70.84,,0,3.7,29.6,37.0,0,0,,,,,,22:31
4720260701020005,matsusaka,2026-07-02,5,,,,,,6,星野 京旺  新,潟,26,127,A3,逃,3.92,69.45,,0,8.3,20.8,45.8,5,0,,,,,,22:31
4720260701020005,matsusaka,2026-07-02,5,,,,,,7,花村 直人  三,重,56,71,A3,両,3.92,66.89,,0,0.0,3.4,27.5,0,0,,,,,,22:31
4720260701020006,matsusaka,2026-07-02,6,,,,,,1,田中 弘章  福,岡,54,68,A3,追,3.93,81.38,,0,4.7,4.7,28.5,0,0,,,,,,22:58
4720260701020006,matsusaka,2026-07-02,6,,,,,,2,吉岡 竜太  広,島,26,129,A3,逃,3.92,75.44,,0,22.2,33.3,77.7,1,1,,,,,,22:58
4720260701020006,matsusaka,2026-07-02,6,,,,,,3,里見 恒平  千,葉,49,99,A3,逃,3.92,72.83,,0,28.1,50.0,56.2,1,5,,,,,,22:58
4720260701020006,matsusaka,2026-07-02,6,,,,,,4,井坂 泰誓  大,阪,32,115,A3,両,3.92,72.44,,0,29.6,40.7,55.5,3,7,,,,,,22:58
4720260701020006,matsusaka,2026-07-02,6,,,,,,5,森田 瑞基  福,岡,25,129,A3,逃,3.92,71.66,,0,0.0,0.0,28.5,0,0,,,,,,22:58
4720260701020006,matsusaka,2026-07-02,6,,,,,,6,榊枝 輝文  福,島,49,79,A3,追,3.93,69.77,,0,7.4,40.7,51.8,0,1,,,,,,22:58
4720260701020006,matsusaka,2026-07-02,6,,,,,,7,古城 英之  広,島,50,78,A3,追,3.92,69.27,,0,18.1,27.2,27.2,0,0,,,,,,22:58
4720260701020007,matsusaka,2026-07-02,7,,,,,,1,大竹野 裕樹,鹿児島,44,88,A3,両,3.92,84.25,,0,25.0,41.6,50.0,0,7,,,,,,23:25
4720260701020007,matsusaka,2026-07-02,7,,,,,,2,中野 彰人,和歌山,38,93,A3,追,3.92,82.23,,0,0.0,14.2,28.5,0,0,,,,,,23:25
4720260701020007,matsusaka,2026-07-02,7,,,,,,3,滿田 光紀  熊,本,27,129,A3,逃,3.92,80.77,,0,66.6,88.8,100.0,1,5,,,,,,23:25
4720260701020007,matsusaka,2026-07-02,7,,,,,,4,小出 慎也,和歌山,34,109,A3,逃,3.92,79.08,,0,4.1,16.6,16.6,3,1,,,,,,23:25
4720260701020007,matsusaka,2026-07-02,7,,,,,,5,児玉 東次郎  岐,阜,19,129,A3,逃,3.85,69.66,,0,0.0,0.0,16.6,0,0,,,,,,23:25
4720260701020007,matsusaka,2026-07-02,7,,,,,,6,高尾 剛文  福,岡,56,66,A3,追,3.92,68.4,,0,0.0,11.1,33.3,0,0,,,,,,23:25
4720260701020007,matsusaka,2026-07-02,7,,,,,,7,柴田 昌樹  愛,知,50,79,A3,追,3.92,67.51,,0,3.7,14.8,25.9,0,0,,,,,,23:25
5320260701020001,nara,2026-07-02,1,◎2 ○7 △4 ×1 ▲3 注6,,,,,1,亀井 久幸  千,葉,44,95,A2,追,3.92,79.33,,0,0.0,0.0,15.3,0,0,,,,,,08:35
5320260701020001,nara,2026-07-02,1,◎2 ○7 △4 ×1 ▲3 注6,,,,,2,伊藤 歩登  兵,庫,27,113,A2,逃,3.92,85.79,◎,6,25.0,50.0,62.5,8,3,,,,,,08:35
5320260701020001,nara,2026-07-02,1,◎2 ○7 △4 ×1 ▲3 注6,,,,,3,井田 晶之  三,重,35,113,A2,両,3.92,82.29,×,1,0.0,8.0,24.0,2,0,,,,,,08:35
5320260701020001,nara,2026-07-02,1,◎2 ○7 △4 ×1 ▲3 注6,,,,,4,堺 文人,和歌山,47,85,A2,追,3.92,82.63,△,4,13.6,18.1,36.3,0,0,,,,,,08:35
5320260701020001,nara,2026-07-02,1,◎2 ○7 △4 ×1 ▲3 注6,,,,,5,坂本 毅  岩,手,54,77,A2,追,3.92,80.33,注,2,0.0,5.5,16.6,0,0,,,,,,08:35
5320260701020001,nara,2026-07-02,1,◎2 ○7 △4 ×1 ▲3 注6,,,,,6,三浦 靖  岐,阜,61,53,A2,追,3.92,78.35,▲,3,0.0,6.6,20.0,0,0,,,,,,08:35
5320260701020001,nara,2026-07-02,1,◎2 ○7 △4 ×1 ▲3 注6,,,,,7,市村 昌樹  兵,庫,35,103,A1,両,3.92,81.35,○,5,5.5,11.1,22.2,0,1,,,,,,08:35
5320260701020002,nara,2026-07-02,2,◎1 ○7 ×4 △2 ▲5 注6,,,,,1,野崎 翼  岐,阜,28,121,A2,両,3.92,83.22,◎,6,13.6,27.2,31.8,3,2,,,,,,08:55
5320260701020002,nara,2026-07-02,2,◎1 ○7 ×4 △2 ▲5 注6,,,,,2,堀 僚介  大,阪,31,109,A2,逃,3.92,81.56,△,4,16.6,16.6,29.1,0,2,,,,,,08:55
5320260701020002,nara,2026-07-02,2,◎1 ○7 ×4 △2 ▲5 注6,,,,,3,太田 真一  埼,玉,50,75,A2,追,3.92,78.76,,0,0.0,4.7,9.5,0,0,,,,,,08:55
5320260701020002,nara,2026-07-02,2,◎1 ○7 ×4 △2 ▲5 注6,,,,,4,大利 航平,和歌山,34,109,A1,両,3.92,82.58,×,1,0.0,23.0,30.7,0,1,,,,,,08:55
5320260701020002,nara,2026-07-02,2,◎1 ○7 ×4 △2 ▲5 注6,,,,,5,河村 章憲  京,都,49,83,A2,追,3.92,81.55,▲,3,0.0,11.1,25.9,0,0,,,,,,08:55
5320260701020002,nara,2026-07-02,2,◎1 ○7 ×4 △2 ▲5 注6,,,,,6,五輪 拓巳  東,京,27,127,A2,逃,3.92,73.38,注,2,27.7,38.8,50.0,5,1,,,,,,08:55
5320260701020002,nara,2026-07-02,2,◎1 ○7 ×4 △2 ▲5 注6,,,,,7,大庭 正紀  富,山,56,70,A1,追,3.92,86.9,○,5,9.5,23.8,42.8,0,0,,,,,,08:55
5320260701020003,nara,2026-07-02,3,○7 ◎1 ▲6 注5 ×2 △4,,,,,1,高塩 讓次  栃,木,42,90,A1,追,3.92,99.08,◎,6,0.0,17.3,43.4,0,0,,,,,,09:15
5320260701020003,nara,2026-07-02,3,○7 ◎1 ▲6 注5 ×2 △4,,,,,2,疋田 敏  愛,知,58,59,A2,追,3.92,84.09,,0,4.7,19.0,38.0,0,1,,,,,,09:15
5320260701020003,nara,2026-07-02,3,○7 ◎1 ▲6 注5 ×2 △4,,,,,3,岡本 英之  千,葉,47,85,A1,追,3.93,91.11,△,4,11.1,33.3,33.3,0,0,,,,,,09:15
5320260701020003,nara,2026-07-02,3,○7 ◎1 ▲6 注5 ×2 △4,,,,,4,高本 和也,神奈川,29,121,A1,逃,3.92,92.16,×,1,16.6,33.3,61.1,2,3,,,,,,09:15
5320260701020003,nara,2026-07-02,3,○7 ◎1 ▲6 注5 ×2 △4,,,,,5,佐藤 亙  愛,知,46,85,A1,追,3.92,89.14,注,2,25.9,37.0,66.6,0,0,,,,,,09:15
5320260701020003,nara,2026-07-02,3,○7 ◎1 ▲6 注5 ×2 △4,,,,,6,近藤 寛央  東,京,39,97,A2,追,3.92,83.52,▲,3,0.0,9.5,23.8,0,0,,,,,,09:15
5320260701020003,nara,2026-07-02,3,○7 ◎1 ▲6 注5 ×2 △4,,,,,7,平根 優大  福,島,22,125,A2,逃,3.92,93.77,○,5,77.7,77.7,88.8,3,4,,,,,,09:15
5320260701020004,nara,2026-07-02,4,△1 ×5 注7 ◎3 ○4 ▲2,,,,,1,溝口 葵  三,重,33,117,A1,逃,3.92,86.79,△,4,12.5,20.8,37.5,5,0,,,,,,09:35
5320260701020004,nara,2026-07-02,4,△1 ×5 注7 ◎3 ○4 ▲2,,,,,2,武田 憲祐,神奈川,43,93,A1,追,3.92,84.19,▲,3,3.8,19.2,50.0,0,0,,,,,,09:35
5320260701020004,nara,2026-07-02,4,△1 ×5 注7 ◎3 ○4 ▲2,,,,,3,菊地 圭  宮,城,25,123,A1,逃,3.92,92.57,◎,6,19.0,38.0,61.9,4,4,,,,,,09:35
5320260701020004,nara,2026-07-02,4,△1 ×5 注7 ◎3 ○4 ▲2,,,,,4,安部 達也  埼,玉,48,83,A1,追,3.92,90.4,○,5,6.6,26.6,53.3,0,0,,,,,,09:35
5320260701020004,nara,2026-07-02,4,△1 ×5 注7 ◎3 ○4 ▲2,,,,,5,鈴木 幸紀  三,重,50,78,A1,追,3.92,92.54,×,1,0.0,5.7,8.5,0,0,,,,,,09:35
5320260701020004,nara,2026-07-02,4,△1 ×5 注7 ◎3 ○4 ▲2,,,,,6,荻野 哲,神奈川,52,75,A2,追,3.92,83.75,,0,0.0,23.8,38.0,0,0,,,,,,09:35
5320260701020004,nara,2026-07-02,4,△1 ×5 注7 ◎3 ○4 ▲2,,,,,7,伊藤 健詞  石,川,56,68,A2,追,3.92,87.57,注,2,4.7,28.5,42.8,0,0,,,,,,09:35
5320260701020005,nara,2026-07-02,5,◎4 ○7 ▲1 注3 ×2 △5,,,,,1,有馬 雄二  奈,良,44,90,A2,追,3.92,79.26,▲,3,4.3,8.6,13.0,0,0,,,,,,09:55
5320260701020005,nara,2026-07-02,5,◎4 ○7 ▲1 注3 ×2 △5,,,,,2,貝原 涼太  栃,木,28,125,A1,逃,3.92,87.95,×,1,12.5,33.3,62.5,4,3,,,,,,09:55
5320260701020005,nara,2026-07-02,5,◎4 ○7 ▲1 注3 ×2 △5,,,,,3,宇佐見 裕輝  福,島,41,94,A1,両,3.92,79.33,注,2,11.1,11.1,11.1,0,1,,,,,,09:55
5320260701020005,nara,2026-07-02,5,◎4 ○7 ▲1 注3 ×2 △5,,,,,4,林 敬宏  愛,知,34,117,A1,逃,3.92,97.78,◎,6,7.1,14.2,25.0,0,3,,,,,,09:55
5320260701020005,nara,2026-07-02,5,◎4 ○7 ▲1 注3 ×2 △5,,,,,5,土屋 仁  茨,城,51,84,A1,追,3.92,86.16,△,4,16.6,33.3,54.1,0,0,,,,,,09:55
5320260701020005,nara,2026-07-02,5,◎4 ○7 ▲1 注3 ×2 △5,,,,,6,金子 兼久  宮,城,48,81,A2,追,3.92,79.0,,0,0.0,7.6,7.6,0,0,,,,,,09:55
5320260701020005,nara,2026-07-02,5,◎4 ○7 ▲1 注3 ×2 △5,,,,,7,野口 正則  奈,良,35,105,A1,両,3.92,94.66,○,5,9.0,13.6,22.7,0,0,,,,,,09:55
5320260701020006,nara,2026-07-02,6,▲4 ○2 注3 ◎6 ×7 △1,,,,,1,今西 瑠花  大,阪,23,128,L1,両,3.77,45.18,,0,0.0,0.0,0.0,0,0,,,,,,10:15
5320260701020006,nara,2026-07-02,6,▲4 ○2 注3 ◎6 ×7 △1,,,,,2,五味田 奈穂  千,葉,28,124,L1,逃,3.71,53.76,○,5,28.5,42.8,61.9,3,5,,,,,,10:15
5320260701020006,nara,2026-07-02,6,▲4 ○2 注3 ◎6 ×7 △1,,,,,3,蛯原 杏奈,北海道,26,120,L1,追,3.77,49.83,注,2,6.6,13.3,40.0,0,0,,,,,,10:15
5320260701020006,nara,2026-07-02,6,▲4 ○2 注3 ◎6 ×7 △1,,,,,4,浦部 郁里  千,葉,39,102,L1,追,3.77,46.76,▲,3,0.0,0.0,12.0,0,0,,,,,,10:15
5320260701020006,nara,2026-07-02,6,▲4 ○2 注3 ◎6 ×7 △1,,,,,5,宮西 令奈  石,川,25,124,L1,両,3.69,50.38,△,4,0.0,27.7,38.8,0,0,,,,,,10:15
5320260701020006,nara,2026-07-02,6,▲4 ○2 注3 ◎6 ×7 △1,,,,,6,小林 莉子  東,京,33,102,L1,両,3.77,56.41,◎,6,45.8,66.6,87.5,0,3,,,,,,10:15
5320260701020006,nara,2026-07-02,6,▲4 ○2 注3 ◎6 ×7 △1,,,,,7,田中 月菜  佐,賀,25,118,L1,両,3.77,50.88,×,1,0.0,11.1,44.4,0,0,,,,,,10:15
5320260701020007,nara,2026-07-02,7,▲3 注4 △2 ○1 ×6 ◎7,,,,,1,村田 奈穂  熊,本,34,116,L1,両,3.77,53.75,○,5,24.0,48.0,60.0,0,8,,,,,,10:35
5320260701020007,nara,2026-07-02,7,▲3 注4 △2 ○1 ×6 ◎7,,,,,2,高木 佑真,神奈川,27,116,L1,両,3.79,50.68,△,4,5.0,20.0,50.0,0,2,,,,,,10:35
5320260701020007,nara,2026-07-02,7,▲3 注4 △2 ○1 ×6 ◎7,,,,,3,佐伯 智恵  愛,媛,27,114,L1,両,3.77,46.79,▲,3,0.0,8.3,12.5,0,0,,,,,,10:35
5320260701020007,nara,2026-07-02,7,▲3 注4 △2 ○1 ×6 ◎7,,,,,4,梶原 百香  福,岡,29,114,L1,両,3.77,48.2,注,2,0.0,12.5,25.0,0,0,,,,,,10:35
5320260701020007,nara,2026-07-02,7,▲3 注4 △2 ○1 ×6 ◎7,,,,,5,橋本 のこ  愛,知,21,128,L1,両,3.77,45.59,,0,0.0,0.0,7.4,0,0,,,,,,10:35
5320260701020007,nara,2026-07-02,7,▲3 注4 △2 ○1 ×6 ◎7,,,,,6,永禮 美瑠  愛,知,26,118,L1,両,3.77,52.76,×,1,15.3,42.3,65.3,1,5,,,,,,10:35
5320260701020007,nara,2026-07-02,7,▲3 注4 △2 ○1 ×6 ◎7,,,,,7,吉川 美穂,和歌山,33,120,L1,両,3.79,56.83,◎,6,62.5,75.0,87.5,2,8,,,,,,10:35
7320260702010001,komatsushima,2026-07-02,1,○1 ◎9 注4 △2 ▲5 ×3,,,,,1,渡邉 壘  新,潟,23,125,S2,逃,3.92,94.73,○,5,40.0,66.6,73.3,7,2,,,,,,10:53
7320260702010001,komatsushima,2026-07-02,1,○1 ◎9 注4 △2 ▲5 ×3,,,,,2,藤井 昭吾  滋,賀,40,99,S1,両,3.92,101.48,,0,6.8,31.0,48.2,1,3,,,,,,10:53
7320260702010001,komatsushima,2026-07-02,1,○1 ◎9 注4 △2 ▲5 ×3,,,,,3,磯島 成介  青,森,26,115,S2,逃,3.92,100.53,▲,3,14.2,28.5,39.2,4,3,,,,,,10:53
7320260702010001,komatsushima,2026-07-02,1,○1 ◎9 注4 △2 ▲5 ×3,,,,,4,高橋 昇平  埼,玉,36,99,S2,追,3.92,93.46,注,2,20.0,60.0,80.0,0,1,,,,,,10:53
7320260702010001,komatsushima,2026-07-02,1,○1 ◎9 注4 △2 ▲5 ×3,,,,,5,清水 剛志  福,井,35,103,S2,両,3.92,101.8,△,4,26.9,38.4,50.0,0,0,,,,,,10:53
7320260702010001,komatsushima,2026-07-02,1,○1 ◎9 注4 △2 ▲5 ×3,,,,,6,鶴 良生  福,岡,31,111,S2,逃,3.92,92.33,,0,27.7,55.5,61.1,3,4,,,,,,10:53
7320260702010001,komatsushima,2026-07-02,1,○1 ◎9 注4 △2 ▲5 ×3,,,,,7,新山 将史  青,森,35,98,S1,追,3.92,104.21,×,1,10.7,21.4,50.0,0,0,,,,,,10:53
7320260702010001,komatsushima,2026-07-02,1,○1 ◎9 注4 △2 ▲5 ×3,,,,,8,松本 憲斗  熊,本,29,119,S2,逃,3.92,92.92,,0,21.4,42.8,57.1,1,4,,,,,,10:53
7320260702010001,komatsushima,2026-07-02,1,○1 ◎9 注4 △2 ▲5 ×3,,,,,9,雨谷 一樹  栃,木,36,96,S1,両,3.92,108.86,◎,6,4.5,22.7,27.2,0,1,,,,,,10:53
7320260702010002,komatsushima,2026-07-02,2,注4 ◎6 ○8 ×1 △5 ▲7,,,,,1,石塚 輪太郎,和歌山,32,105,S2,逃,3.92,108.72,◎,6,23.0,50.0,61.5,0,9,,,,,,11:21
7320260702010002,komatsushima,2026-07-02,2,注4 ◎6 ○8 ×1 △5 ▲7,,,,,2,松岡 貴久  熊,本,42,90,S1,追,3.92,104.55,△,4,5.0,25.0,50.0,0,0,,,,,,11:21
7320260702010002,komatsushima,2026-07-02,2,注4 ◎6 ○8 ×1 △5 ▲7,,,,,3,外田 心斗  愛,媛,27,115,S2,逃,3.92,101.0,▲,3,20.0,40.0,60.0,2,4,,,,,,11:21
7320260702010002,komatsushima,2026-07-02,2,注4 ◎6 ○8 ×1 △5 ▲7,,,,,4,植原 琢也  埼,玉,32,113,S2,逃,3.92,94.0,,0,8.0,8.0,16.0,0,0,,,,,,11:21
7320260702010002,komatsushima,2026-07-02,2,注4 ◎6 ○8 ×1 △5 ▲7,,,,,5,鷲田 幸司  福,井,40,92,S2,追,3.93,99.48,○,5,7.4,22.2,40.7,0,0,,,,,,11:21
7320260702010002,komatsushima,2026-07-02,2,注4 ◎6 ○8 ×1 △5 ▲7,,,,,6,吉田 勇人  埼,玉,47,86,S2,追,3.92,91.5,,0,5.0,30.0,55.0,0,0,,,,,,11:21
7320260702010002,komatsushima,2026-07-02,2,注4 ◎6 ○8 ×1 △5 ▲7,,,,,7,青柳 靖起  佐,賀,26,117,S1,逃,3.92,105.5,×,1,37.5,53.1,56.2,8,3,,,,,,11:21
7320260702010002,komatsushima,2026-07-02,2,注4 ◎6 ○8 ×1 △5 ▲7,,,,,8,西岡 利起  奈,良,25,125,S2,逃,3.93,93.9,注,2,47.6,80.9,95.2,13,2,,,,,,11:21
7320260702010002,komatsushima,2026-07-02,2,注4 ◎6 ○8 ×1 △5 ▲7,,,,,9,棚橋 勉  岡,山,45,96,S2,追,3.92,97.66,,0,9.6,16.1,35.4,0,1,,,,,,11:21
7320260702010003,komatsushima,2026-07-02,3,×7 △1 ◎4 ○9 ▲2 注6,,,,,1,大槻 寛徳  宮,城,47,85,S1,追,3.92,107.36,△,4,8.0,16.0,36.0,0,1,,,,,,11:49
7320260702010003,komatsushima,2026-07-02,3,×7 △1 ◎4 ○9 ▲2 注6,,,,,2,久米 康平  徳,島,34,100,S1,両,3.92,102.21,○,5,0.0,10.5,10.5,1,1,,,,,,11:49
7320260702010003,komatsushima,2026-07-02,3,×7 △1 ◎4 ○9 ▲2 注6,,,,,3,萩原 孝之  静,岡,48,80,S2,追,3.92,100.55,注,2,9.5,19.0,38.0,0,0,,,,,,11:49
7320260702010003,komatsushima,2026-07-02,3,×7 △1 ◎4 ○9 ▲2 注6,,,,,4,佐藤 康紀  青,森,51,73,S2,追,3.92,93.33,,0,0.0,0.0,4.5,0,0,,,,,,11:49
7320260702010003,komatsushima,2026-07-02,3,×7 △1 ◎4 ○9 ▲2 注6,,,,,5,望月 湧世  静,岡,22,123,S2,逃,3.92,99.4,▲,3,9.0,36.3,45.4,6,1,,,,,,11:49
7320260702010003,komatsushima,2026-07-02,3,×7 △1 ◎4 ○9 ▲2 注6,,,,,6,高木 竜司  熊,本,50,82,S2,追,3.92,85.38,,0,19.0,38.0,47.6,0,0,,,,,,11:49
7320260702010003,komatsushima,2026-07-02,3,×7 △1 ◎4 ○9 ▲2 注6,,,,,7,渡邉 一成  福,島,42,88,S2,両,3.92,105.4,×,1,18.5,44.4,59.2,0,9,,,,,,11:49
7320260702010003,komatsushima,2026-07-02,3,×7 △1 ◎4 ○9 ▲2 注6,,,,,8,白戸 淳太郎,神奈川,53,74,S2,追,3.93,90.45,,0,18.1,27.2,45.4,0,0,,,,,,11:49
7320260702010003,komatsushima,2026-07-02,3,×7 △1 ◎4 ○9 ▲2 注6,,,,,9,久田 裕也  徳,島,26,117,S2,逃,3.92,104.4,◎,6,20.0,50.0,60.0,3,6,,,,,,11:49
7320260702010004,komatsushima,2026-07-02,4,注4 △1 ▲7 ×5 ○2 ◎8,,,,,1,西田 将士  長,崎,42,105,S2,追,3.93,101.33,△,4,6.6,26.6,40.0,0,1,,,,,,12:17
7320260702010004,komatsushima,2026-07-02,4,注4 △1 ▲7 ×5 ○2 ◎8,,,,,2,杉森 輝大  茨,城,43,103,S1,両,3.92,106.57,×,1,11.5,30.7,46.1,0,2,,,,,,12:17
7320260702010004,komatsushima,2026-07-02,4,注4 △1 ▲7 ×5 ○2 ◎8,,,,,3,中井 太祐  奈,良,36,97,S1,両,3.92,104.27,◎,6,18.1,27.2,31.8,0,1,,,,,,12:17
7320260702010004,komatsushima,2026-07-02,4,注4 △1 ▲7 ×5 ○2 ◎8,,,,,4,梶原 海斗  福,岡,26,123,S1,逃,3.93,97.4,注,2,10.0,30.0,40.0,2,1,,,,,,12:17
7320260702010004,komatsushima,2026-07-02,4,注4 △1 ▲7 ×5 ○2 ◎8,,,,,5,安倍 大成  埼,玉,27,121,S2,逃,3.92,97.44,,0,11.1,27.7,38.8,2,3,,,,,,12:17
7320260702010004,komatsushima,2026-07-02,4,注4 △1 ▲7 ×5 ○2 ◎8,,,,,6,宝満 大作  岐,阜,46,85,S2,追,3.92,89.47,,0,0.0,17.6,29.4,0,0,,,,,,12:17
7320260702010004,komatsushima,2026-07-02,4,注4 △1 ▲7 ×5 ○2 ◎8,,,,,7,佐々木 翔一  佐,賀,39,93,S2,両,3.92,99.47,▲,3,9.5,14.2,28.5,0,0,,,,,,12:17
7320260702010004,komatsushima,2026-07-02,4,注4 △1 ▲7 ×5 ○2 ◎8,,,,,8,城 幸弘  山,梨,40,96,S2,追,3.92,94.88,,0,4.0,12.0,12.0,0,0,,,,,,12:17
7320260702010004,komatsushima,2026-07-02,4,注4 △1 ▲7 ×5 ○2 ◎8,,,,,9,岸田 剛  福,井,27,121,S1,逃,3.92,105.15,○,5,34.6,53.8,57.6,5,9,,,,,,12:17
7320260702010005,komatsushima,2026-07-02,5,○1 ◎7 △4 ×5 ▲2 注9,,,,,1,太田 竜馬  徳,島,30,109,S1,逃,3.92,104.47,○,5,14.2,23.8,47.6,0,4,,,,,,12:45
7320260702010005,komatsushima,2026-07-02,5,○1 ◎7 △4 ×5 ▲2 注9,,,,,2,柿澤 大貴  長,野,36,97,S2,追,3.92,108.04,×,1,12.0,40.0,52.0,0,1,,,,,,12:45
7320260702010005,komatsushima,2026-07-02,5,○1 ◎7 △4 ×5 ▲2 注9,,,,,3,尾形 鉄馬  宮,城,36,107,S2,追,3.92,99.95,注,2,5.0,20.0,40.0,0,0,,,,,,12:45
7320260702010005,komatsushima,2026-07-02,5,○1 ◎7 △4 ×5 ▲2 注9,,,,,4,木村 幸希  広,島,34,109,S2,両,3.92,95.03,,0,6.6,6.6,10.0,0,0,,,,,,12:45
7320260702010005,komatsushima,2026-07-02,5,○1 ◎7 △4 ×5 ▲2 注9,,,,,5,武田 亮  東,京,27,115,S2,逃,3.92,100.6,△,4,17.3,34.7,47.8,5,2,,,,,,12:45
7320260702010005,komatsushima,2026-07-02,5,○1 ◎7 △4 ×5 ▲2 注9,,,,,6,稲葉 一真  静,岡,36,100,S2,追,3.92,88.3,,0,14.2,19.0,47.6,0,0,,,,,,12:45
7320260702010005,komatsushima,2026-07-02,5,○1 ◎7 △4 ×5 ▲2 注9,,,,,7,川口 雄太  徳,島,29,111,S2,両,3.92,106.52,◎,6,42.3,53.8,69.2,0,5,,,,,,12:45
7320260702010005,komatsushima,2026-07-02,5,○1 ◎7 △4 ×5 ▲2 注9,,,,,8,栗本 尚宗  千,葉,32,113,S2,両,3.92,90.94,,0,11.1,22.2,50.0,1,3,,,,,,12:45
7320260702010005,komatsushima,2026-07-02,5,○1 ◎7 △4 ×5 ▲2 注9,,,,,9,立花 昌也  青,森,27,123,S2,逃,3.92,97.8,▲,3,14.2,28.5,28.5,3,3,,,,,,12:45
7320260702010006,komatsushima,2026-07-02,6,注7 ○1 ◎2 ▲5 ×6 △3,,,,,1,三浦 貴大  岐,阜,27,115,S2,両,3.92,102.54,注,2,27.2,36.3,45.4,0,1,,,,,,13:13
7320260702010006,komatsushima,2026-07-02,6,注7 ○1 ◎2 ▲5 ×6 △3,,,,,2,伊藤 颯馬  沖,縄,27,115,S1,逃,3.92,107.34,○,5,13.7,37.9,68.9,3,5,,,,,,13:13
7320260702010006,komatsushima,2026-07-02,6,注7 ○1 ◎2 ▲5 ×6 △3,,,,,3,晝田 宗一郎  岡,山,27,115,S1,逃,3.92,103.38,×,1,11.5,19.2,30.7,2,3,,,,,,13:13
7320260702010006,komatsushima,2026-07-02,6,注7 ○1 ◎2 ▲5 ×6 △3,,,,,4,真崎 新太郎  栃,木,47,85,S2,追,3.92,97.86,,0,4.3,17.3,34.7,0,0,,,,,,13:13
7320260702010006,komatsushima,2026-07-02,6,注7 ○1 ◎2 ▲5 ×6 △3,,,,,5,小川 勇介  福,岡,41,90,S1,追,3.92,109.33,◎,6,4.1,16.6,33.3,0,0,,,,,,13:13
7320260702010006,komatsushima,2026-07-02,6,注7 ○1 ◎2 ▲5 ×6 △3,,,,,6,佐藤 健太  福,岡,38,101,S2,追,3.92,91.61,▲,3,11.1,33.3,61.1,0,0,,,,,,13:13
7320260702010006,komatsushima,2026-07-02,6,注7 ○1 ◎2 ▲5 ×6 △3,,,,,7,竹内 雄作  岐,阜,38,99,S2,逃,3.92,98.48,,0,7.6,15.3,30.7,1,3,,,,,,13:13
7320260702010006,komatsushima,2026-07-02,6,注7 ○1 ◎2 ▲5 ×6 △3,,,,,8,小池 千啓  栃,木,28,119,S2,逃,3.92,92.36,,0,0.0,4.0,12.0,0,1,,,,,,13:13
7320260702010006,komatsushima,2026-07-02,6,注7 ○1 ◎2 ▲5 ×6 △3,,,,,9,原 誠宏  香,川,40,91,S2,追,3.93,101.09,△,4,8.6,34.7,47.8,0,0,,,,,,13:13
7320260702010007,komatsushima,2026-07-02,7,◎1 ○7 ▲8 注5 ×2 △6,,,,,1,室井 蓮太朗  徳,島,25,121,S2,両,3.92,105.2,◎,6,25.0,56.2,62.5,3,5,,,,,,13:41
7320260702010007,komatsushima,2026-07-02,7,◎1 ○7 ▲8 注5 ×2 △6,,,,,2,中田 雄喜  福,島,39,97,S2,追,3.92,102.71,注,2,14.2,35.7,60.7,0,0,,,,,,13:41
7320260702010007,komatsushima,2026-07-02,7,◎1 ○7 ▲8 注5 ×2 △6,,,,,3,川口 聖二  岐,阜,32,103,S1,両,3.92,103.84,×,1,10.7,32.1,46.4,2,3,,,,,,13:41
7320260702010007,komatsushima,2026-07-02,7,◎1 ○7 ▲8 注5 ×2 △6,,,,,4,谷口 明正  三,重,42,103,S2,両,3.92,93.16,,0,0.0,33.3,83.3,0,0,,,,,,13:41
7320260702010007,komatsushima,2026-07-02,7,◎1 ○7 ▲8 注5 ×2 △6,,,,,5,藤根 俊貴  岩,手,31,113,S2,逃,3.92,97.64,▲,3,11.7,23.5,35.2,0,2,,,,,,13:41
7320260702010007,komatsushima,2026-07-02,7,◎1 ○7 ▲8 注5 ×2 △6,,,,,6,内田 玄希  東,京,45,94,S2,追,3.92,88.76,,0,14.2,57.1,76.1,0,0,,,,,,13:41
7320260702010007,komatsushima,2026-07-02,7,◎1 ○7 ▲8 注5 ×2 △6,,,,,7,山形 一気  徳,島,37,96,S1,追,3.92,106.05,○,5,4.5,4.5,31.8,0,0,,,,,,13:41
7320260702010007,komatsushima,2026-07-02,7,◎1 ○7 ▲8 注5 ×2 △6,,,,,8,溪 飛雄馬  愛,媛,47,86,S2,追,3.92,91.79,,0,4.1,29.1,50.0,0,0,,,,,,13:41
7320260702010007,komatsushima,2026-07-02,7,◎1 ○7 ▲8 注5 ×2 △6,,,,,9,柴崎 俊光  三,重,41,91,S2,追,3.92,99.42,△,4,9.0,27.2,31.8,0,0,,,,,,13:41
7320260702010008,komatsushima,2026-07-02,8,○5 ◎3 注9 ▲8 ×1 △6,,,,,1,福田 滉  栃,木,26,115,S2,追,3.92,99.3,,0,7.1,14.2,35.7,0,0,,,,,,14:11
7320260702010008,komatsushima,2026-07-02,8,○5 ◎3 注9 ▲8 ×1 △6,,,,,2,小川 三士郎  徳,島,26,125,S2,逃,3.92,103.14,×,1,40.0,40.0,40.0,1,4,,,,,,14:11
7320260702010008,komatsushima,2026-07-02,8,○5 ◎3 注9 ▲8 ×1 △6,,,,,3,山崎 芳仁  福,島,47,88,S1,両,3.92,109.42,◎,6,19.0,28.5,52.3,0,0,,,,,,14:11
7320260702010008,komatsushima,2026-07-02,8,○5 ◎3 注9 ▲8 ×1 △6,,,,,4,中園 和剛  福,岡,43,89,S2,追,3.92,94.9,,0,0.0,3.2,16.1,0,0,,,,,,14:11
7320260702010008,komatsushima,2026-07-02,8,○5 ◎3 注9 ▲8 ×1 △6,,,,,5,大川 剛  青,森,27,121,S1,逃,3.92,104.42,○,5,34.6,46.1,61.5,5,6,,,,,,14:11
7320260702010008,komatsushima,2026-07-02,8,○5 ◎3 注9 ▲8 ×1 △6,,,,,6,内田 英介  東,京,44,91,S2,追,3.92,90.91,,0,8.3,33.3,62.5,0,0,,,,,,14:11
7320260702010008,komatsushima,2026-07-02,8,○5 ◎3 注9 ▲8 ×1 △6,,,,,7,山本 拳也  高,知,36,109,S2,追,3.92,102.0,△,4,4.5,18.1,45.4,0,0,,,,,,14:11
7320260702010008,komatsushima,2026-07-02,8,○5 ◎3 注9 ▲8 ×1 △6,,,,,8,吉田 昌司  茨,城,28,111,S2,逃,3.92,94.66,▲,3,42.8,71.4,76.1,4,6,,,,,,14:11
7320260702010008,komatsushima,2026-07-02,8,○5 ◎3 注9 ▲8 ×1 △6,,,,,9,三浦 翔大  宮,城,36,98,S2,追,3.92,99.15,注,2,11.5,23.0,34.6,0,0,,,,,,14:11
7320260702010009,komatsushima,2026-07-02,9,注8 △6 ○5 ◎2 ▲3 ×9,,,,,1,野口 裕史  千,葉,43,111,S2,逃,3.93,100.06,▲,3,19.3,29.0,38.7,7,2,,,,,,14:41
7320260702010009,komatsushima,2026-07-02,9,注8 △6 ○5 ◎2 ▲3 ×9,,,,,2,吉本 卓仁  福,岡,42,89,S1,両,3.92,103.6,△,4,13.0,43.4,43.4,0,1,,,,,,14:41
7320260702010009,komatsushima,2026-07-02,9,注8 △6 ○5 ◎2 ▲3 ×9,,,,,3,村田 祐樹  富,山,27,121,S1,逃,3.93,107.47,○,5,21.0,47.3,63.1,6,3,,,,,,14:41
7320260702010009,komatsushima,2026-07-02,9,注8 △6 ○5 ◎2 ▲3 ×9,,,,,4,山本 巨樹  大,阪,35,100,S2,追,3.92,95.5,,0,0.0,3.8,30.7,0,0,,,,,,14:41
7320260702010009,komatsushima,2026-07-02,9,注8 △6 ○5 ◎2 ▲3 ×9,,,,,5,兼本 将太  熊,本,29,117,S2,逃,3.92,101.66,注,2,13.3,26.6,26.6,1,3,,,,,,14:41
7320260702010009,komatsushima,2026-07-02,9,注8 △6 ○5 ◎2 ▲3 ×9,,,,,6,前反 祐一郎  広,島,52,81,S2,追,3.92,90.8,,0,20.0,33.3,60.0,0,0,,,,,,14:41
7320260702010009,komatsushima,2026-07-02,9,注8 △6 ○5 ◎2 ▲3 ×9,,,,,7,石毛 克幸  千,葉,49,84,S1,追,3.92,101.76,×,1,23.8,33.3,47.6,0,2,,,,,,14:41
7320260702010009,komatsushima,2026-07-02,9,注8 △6 ○5 ◎2 ▲3 ×9,,,,,8,保田 浩輔  岡,山,26,123,S2,逃,3.93,91.88,,0,38.8,50.0,55.5,3,6,,,,,,14:41
7320260702010009,komatsushima,2026-07-02,9,注8 △6 ○5 ◎2 ▲3 ×9,,,,,9,山本 伸一  奈,良,43,101,S2,両,3.92,106.27,◎,6,15.7,26.3,42.1,0,1,,,,,,14:41
7320260702010010,komatsushima,2026-07-02,10,△6 ◎1 ○2 ▲5 ×9 注7,,,,,1,平尾 一晃  長,崎,29,111,S2,逃,3.93,99.95,△,4,25.0,41.6,54.1,2,6,,,,,,15:11
7320260702010010,komatsushima,2026-07-02,10,△6 ◎1 ○2 ▲5 ×9 注7,,,,,2,青野 将大,神奈川,32,117,S1,逃,3.92,110.0,◎,6,12.5,37.5,43.7,2,2,,,,,,15:11
7320260702010010,komatsushima,2026-07-02,10,△6 ◎1 ○2 ▲5 ×9 注7,,,,,3,坂本 修一  岡,山,38,99,S2,追,3.92,98.67,注,2,10.7,17.8,35.7,0,0,,,,,,15:11
7320260702010010,komatsushima,2026-07-02,10,△6 ◎1 ○2 ▲5 ×9 注7,,,,,4,水谷 好宏  大,阪,43,93,S2,両,3.92,95.58,,0,11.1,27.7,27.7,0,0,,,,,,15:11
7320260702010010,komatsushima,2026-07-02,10,△6 ◎1 ○2 ▲5 ×9 注7,,,,,5,和田 健太郎  千,葉,45,87,S1,追,3.93,108.91,○,5,12.5,29.1,37.5,0,0,,,,,,15:11
7320260702010010,komatsushima,2026-07-02,10,△6 ◎1 ○2 ▲5 ×9 注7,,,,,6,小柳 智徳  長,崎,28,123,S2,逃,3.92,91.0,,0,40.0,46.6,53.3,2,5,,,,,,15:11
7320260702010010,komatsushima,2026-07-02,10,△6 ◎1 ○2 ▲5 ×9 注7,,,,,7,青木 瑞樹  岡,山,26,123,S2,逃,3.92,101.6,×,1,20.0,36.0,48.0,5,3,,,,,,15:11
7320260702010010,komatsushima,2026-07-02,10,△6 ◎1 ○2 ▲5 ×9 注7,,,,,8,張野 幸聖,和歌山,26,115,S2,逃,3.92,92.61,,0,40.0,50.0,50.0,2,6,,,,,,15:11
7320260702010010,komatsushima,2026-07-02,10,△6 ◎1 ○2 ▲5 ×9 注7,,,,,9,中村 浩士  千,葉,48,79,S2,追,3.85,100.0,▲,3,8.3,12.5,20.8,0,0,,,,,,15:11
7320260702010011,komatsushima,2026-07-02,11,○1 ◎7 ×9 △6 注2 ▲3,,,,,1,西田 優大  広,島,28,123,S1,逃,3.92,110.0,○,5,5.5,27.7,44.4,3,2,,,,,,15:43
7320260702010011,komatsushima,2026-07-02,11,○1 ◎7 ×9 △6 注2 ▲3,,,,,2,岩本 和也  石,川,51,76,S2,追,3.92,97.56,,0,4.1,12.5,33.3,0,0,,,,,,15:43
7320260702010011,komatsushima,2026-07-02,11,○1 ◎7 ×9 △6 注2 ▲3,,,,,3,河崎 正晴  熊,本,25,121,S2,逃,3.92,101.13,△,4,20.6,20.6,34.4,0,5,,,,,,15:43
7320260702010011,komatsushima,2026-07-02,11,○1 ◎7 ×9 △6 注2 ▲3,,,,,4,日高 裕太  静,岡,24,121,S2,逃,3.92,96.84,▲,3,19.2,23.0,30.7,4,2,,,,,,15:43
7320260702010011,komatsushima,2026-07-02,11,○1 ◎7 ×9 △6 注2 ▲3,,,,,5,嶋田 誠也  福,岡,33,109,S2,追,3.79,101.85,注,2,0.0,7.1,14.2,0,0,,,,,,15:43
7320260702010011,komatsushima,2026-07-02,11,○1 ◎7 ×9 △6 注2 ▲3,,,,,6,竹澤 浩司  富,山,45,90,S2,両,3.92,88.2,,0,30.0,45.0,45.0,2,5,,,,,,15:43
7320260702010011,komatsushima,2026-07-02,11,○1 ◎7 ×9 △6 注2 ▲3,,,,,7,阿竹 智史  徳,島,44,90,S1,両,3.92,106.54,◎,6,16.6,25.0,33.3,0,0,,,,,,15:43
7320260702010011,komatsushima,2026-07-02,11,○1 ◎7 ×9 △6 注2 ▲3,,,,,8,花田 将司  千,葉,39,99,S2,両,3.92,94.74,,0,0.0,3.7,14.8,0,0,,,,,,15:43
7320260702010011,komatsushima,2026-07-02,11,○1 ◎7 ×9 △6 注2 ▲3,,,,,9,掛水 泰範  高,知,42,98,S2,追,3.92,104.33,×,1,6.6,33.3,60.0,0,0,,,,,,15:43
7320260702010012,komatsushima,2026-07-02,12,注1 ×2 ◎6 ▲3 ○7 △4,,,,,1,郡司 浩平,神奈川,35,99,SS,両,3.92,116.25,注,2,14.2,28.5,57.1,0,2,,,,,,16:20
7320260702010012,komatsushima,2026-07-02,12,注1 ×2 ◎6 ▲3 ○7 △4,,,,,2,犬伏 湧也  徳,島,30,119,S1,逃,3.92,115.44,×,1,42.8,57.1,64.2,7,9,,,,,,16:20
7320260702010012,komatsushima,2026-07-02,12,注1 ×2 ◎6 ▲3 ○7 △4,,,,,3,古性 優作  大,阪,35,100,SS,両,3.92,121.42,◎,6,57.8,84.2,89.4,1,4,,,,,,16:20
7320260702010012,komatsushima,2026-07-02,12,注1 ×2 ◎6 ▲3 ○7 △4,,,,,4,坂井 洋  栃,木,31,115,S1,両,3.92,112.03,,0,33.3,44.4,62.9,2,6,,,,,,16:20
7320260702010012,komatsushima,2026-07-02,12,注1 ×2 ◎6 ▲3 ○7 △4,,,,,5,松浦 悠士  広,島,35,98,S1,両,3.92,116.79,○,5,40.0,56.0,64.0,0,6,,,,,,16:20
7320260702010012,komatsushima,2026-07-02,12,注1 ×2 ◎6 ▲3 ○7 △4,,,,,6,小倉 竜二  徳,島,50,77,S1,追,3.92,110.5,,0,8.6,30.4,34.7,0,0,,,,,,16:20
7320260702010012,komatsushima,2026-07-02,12,注1 ×2 ◎6 ▲3 ○7 △4,,,,,7,鈴木 竜士  東,京,32,107,S1,両,3.92,114.95,▲,3,36.3,68.1,68.1,2,8,,,,,,16:20
7320260702010012,komatsushima,2026-07-02,12,注1 ×2 ◎6 ▲3 ○7 △4,,,,,8,石原 颯  香,川,26,117,S1,逃,3.92,111.47,,0,25.0,40.0,45.0,5,3,,,,,,16:20
7320260702010012,komatsushima,2026-07-02,12,注1 ×2 ◎6 ▲3 ○7 △4,,,,,9,嘉永 泰斗  熊,本,28,113,SS,逃,3.92,116.47,△,4,30.4,52.1,56.5,0,12,,,,,,16:20
1120260701030001,hakodate,2026-07-03,1,,,,,,1,和田 禎嗣  埼,玉,41,99,A2,追,3.92,86.00,nan,0,16.6,37.5,54.1,1,0,,,,,,20:44
1120260701030001,hakodate,2026-07-03,1,,,,,,2,大橋 直人  埼,玉,49,77,A2,追,3.92,82.00,nan,0,8.3,16.6,41.6,0,0,,,,,,20:44
1120260701030001,hakodate,2026-07-03,1,,,,,,3,渡邊 一洋  静,岡,53,72,A2,追,3.92,81.55,nan,0,10.5,15.7,26.3,0,0,,,,,,20:44
1120260701030001,hakodate,2026-07-03,1,,,,,,4,川口 聖翔  三,重,37,100,A2,追,3.92,80.90,nan,0,4.7,9.5,23.8,0,0,,,,,,20:44
1120260701030001,hakodate,2026-07-03,1,,,,,,5,篠崎 高志  栃,木,54,72,A2,追,3.92,80.04,nan,0,0.0,4.1,16.6,0,0,,,,,,20:44
1120260701030001,hakodate,2026-07-03,1,,,,,,6,齊藤 健人  静,岡,39,92,A2,両,3.92,79.57,nan,0,9.5,14.2,23.8,3,0,,,,,,20:44
1120260701030001,hakodate,2026-07-03,1,,,,,,7,中村 賢二  愛,知,43,97,A2,追,3.92,72.52,nan,0,22.7,40.9,59.0,2,1,,,,,,20:44
1120260701030002,hakodate,2026-07-03,2,,,,,,1,山田 祥明  岐,阜,46,97,A1,追,3.92,87.50,nan,0,20.0,33.3,40.0,0,0,,,,,,21:08
1120260701030002,hakodate,2026-07-03,2,,,,,,2,植木 和広,神奈川,46,98,A1,追,3.92,86.00,nan,0,5.8,23.5,35.2,0,0,,,,,,21:08
1120260701030002,hakodate,2026-07-03,2,,,,,,3,本村 隆文  岐,阜,47,81,A2,追,3.92,83.79,nan,0,12.5,41.6,50.0,0,0,,,,,,21:08
1120260701030002,hakodate,2026-07-03,2,,,,,,4,渡邉 高志  栃,木,49,84,A1,追,3.93,82.33,nan,0,4.1,8.3,20.8,0,0,,,,,,21:08
1120260701030002,hakodate,2026-07-03,2,,,,,,5,栗田 万生  千,葉,32,111,A2,逃,3.92,82.26,nan,0,8.6,21.7,34.7,1,3,,,,,,21:08
1120260701030002,hakodate,2026-07-03,2,,,,,,6,下岡 将也  三,重,29,111,A2,逃,3.92,81.21,nan,0,17.3,21.7,21.7,0,4,,,,,,21:08
1120260701030002,hakodate,2026-07-03,2,,,,,,7,新井 剛央  埼,玉,48,86,A2,追,3.92,80.55,nan,0,0.0,5.5,16.6,0,0,,,,,,21:08
1120260701030003,hakodate,2026-07-03,3,,,,,,1,竹田 和幸  岐,阜,49,78,A1,追,3.93,87.22,nan,0,11.1,38.8,61.1,0,0,,,,,,21:32
1120260701030003,hakodate,2026-07-03,3,,,,,,2,宮倉 勇  千,葉,61,58,A2,追,3.92,83.40,nan,0,4.3,8.6,26.0,0,0,,,,,,21:32
1120260701030003,hakodate,2026-07-03,3,,,,,,3,池邉 聖,神奈川,31,123,A1,逃,3.92,82.09,nan,0,14.2,23.8,33.3,2,2,,,,,,21:32
1120260701030003,hakodate,2026-07-03,3,,,,,,4,樋口 開土  東,京,29,113,A1,逃,3.85,81.87,nan,0,8.3,25.0,37.5,1,2,,,,,,21:32
1120260701030003,hakodate,2026-07-03,3,,,,,,5,井上 雄三  埼,玉,43,88,A1,追,3.92,81.60,nan,0,8.6,21.7,26.0,0,0,,,,,,21:32
1120260701030003,hakodate,2026-07-03,3,,,,,,6,佐々木 健司  青,森,52,76,A2,追,3.92,80.18,nan,0,7.4,7.4,18.5,0,0,,,,,,21:32
1120260701030003,hakodate,2026-07-03,3,,,,,,7,西郷 剛  兵,庫,57,69,A2,追,3.92,72.95,nan,0,8.3,37.5,58.3,0,0,,,,,,21:32
1120260701030004,hakodate,2026-07-03,4,,,,,,1,吉村 和之  岐,阜,49,80,A1,追,3.93,89.95,nan,0,14.2,42.8,42.8,0,0,,,,,,21:56
1120260701030004,hakodate,2026-07-03,4,,,,,,2,玉手 翔  兵,庫,42,91,A1,追,3.92,87.88,nan,0,22.2,33.3,59.2,0,0,,,,,,21:56
1120260701030004,hakodate,2026-07-03,4,,,,,,3,松田 安綱  大,阪,24,127,A2,逃,3.93,87.80,nan,0,33.3,42.8,61.9,6,1,,,,,,21:56
1120260701030004,hakodate,2026-07-03,4,,,,,,4,弓矢 輪太郎  三,重,22,125,A1,逃,3.92,86.47,nan,0,9.5,33.3,47.6,0,4,,,,,,21:56
1120260701030004,hakodate,2026-07-03,4,,,,,,5,田原 大広,北海道,46,87,A1,追,3.92,85.88,nan,0,0.0,16.6,50.0,0,0,,,,,,21:56
1120260701030004,hakodate,2026-07-03,4,,,,,,6,竹山 慶太  宮,城,33,105,A1,逃,3.92,85.11,nan,0,22.2,38.8,50.0,5,2,,,,,,21:56
1120260701030004,hakodate,2026-07-03,4,,,,,,7,川木 敬大  兵,庫,47,84,A1,追,3.92,82.41,nan,0,7.6,15.3,53.8,0,0,,,,,,21:56
1120260701030005,hakodate,2026-07-03,5,,,,,,1,松山 桂輔  愛,知,42,88,A1,追,3.92,87.95,nan,0,17.3,39.1,65.2,0,1,,,,,,22:22
1120260701030005,hakodate,2026-07-03,5,,,,,,2,福田 健太  宮,城,25,125,A1,逃,3.92,86.83,nan,0,25.0,45.8,50.0,7,2,,,,,,22:22
1120260701030005,hakodate,2026-07-03,5,,,,,,3,栗田 雄矢  静,岡,40,96,A1,追,3.92,86.75,nan,0,16.6,33.3,41.6,0,1,,,,,,22:22
1120260701030005,hakodate,2026-07-03,5,,,,,,4,瀧川 幸広  愛,知,30,125,A2,逃,3.93,84.85,nan,0,9.5,33.3,47.6,6,1,,,,,,22:22
1120260701030005,hakodate,2026-07-03,5,,,,,,5,佐山 俊樹  埼,玉,36,97,A1,追,3.92,84.14,nan,0,14.2,19.0,47.6,0,1,,,,,,22:22
1120260701030005,hakodate,2026-07-03,5,,,,,,6,竹内 優也,北海道,46,89,A2,両,3.77,82.83,nan,0,12.5,29.1,37.5,1,2,,,,,,22:22
1120260701030005,hakodate,2026-07-03,5,,,,,,7,新井 僚太郎  山,梨,34,100,A2,両,3.92,82.53,nan,0,7.1,35.7,39.2,2,2,,,,,,22:22
1120260701030006,hakodate,2026-07-03,6,,,,,,1,川口 満宏  東,京,59,58,A1,追,3.92,94.66,nan,0,0.0,4.0,16.0,0,0,,,,,,22:49
1120260701030006,hakodate,2026-07-03,6,,,,,,2,水谷 将司  愛,知,38,105,A2,追,3.92,90.87,nan,0,33.3,58.3,70.8,0,0,,,,,,22:49
1120260701030006,hakodate,2026-07-03,6,,,,,,3,下岡 優季  愛,知,36,105,A1,逃,3.92,88.00,nan,0,20.8,45.8,62.5,7,1,,,,,,22:49
1120260701030006,hakodate,2026-07-03,6,,,,,,4,原岡 泰志郎  千,葉,37,100,A2,両,3.92,87.29,nan,0,12.5,25.0,45.8,0,0,,,,,,22:49
1120260701030006,hakodate,2026-07-03,6,,,,,,5,川越 宏臣  東,京,30,125,A2,逃,3.92,85.91,nan,0,16.6,41.6,50.0,5,4,,,,,,22:49
1120260701030006,hakodate,2026-07-03,6,,,,,,6,柳原 司  大,阪,41,98,A2,両,3.92,85.75,nan,0,16.6,29.1,45.8,0,1,,,,,,22:49
1120260701030006,hakodate,2026-07-03,6,,,,,,7,渡邉 直弥  静,岡,29,113,A2,両,3.92,82.70,nan,0,8.3,29.1,37.5,1,1,,,,,,22:49
1120260701030007,hakodate,2026-07-03,7,,,,,,1,二藤 元太  静,岡,42,95,A1,追,3.92,93.22,nan,0,11.1,44.4,88.8,0,0,,,,,,23:16
1120260701030007,hakodate,2026-07-03,7,,,,,,2,片桐 善也  新,潟,32,117,A1,逃,3.92,92.42,nan,0,38.0,52.3,66.6,4,2,,,,,,23:16
1120260701030007,hakodate,2026-07-03,7,,,,,,3,宇佐見 優介  福,島,32,115,A1,追,3.92,90.88,nan,0,33.3,55.5,77.7,0,0,,,,,,23:16
1120260701030007,hakodate,2026-07-03,7,,,,,,4,中釜 健次  大,阪,27,121,A1,逃,3.92,90.20,nan,0,33.3,37.5,50.0,2,6,,,,,,23:16
1120260701030007,hakodate,2026-07-03,7,,,,,,5,佐藤 朋也  秋,田,46,89,A1,追,3.85,89.08,nan,0,19.2,42.3,53.8,0,4,,,,,,23:16
1120260701030007,hakodate,2026-07-03,7,,,,,,6,邊見 竜馬  福,島,24,127,A2,逃,3.92,87.05,nan,0,77.7,94.4,100.0,9,5,,,,,,23:16
1120260701030007,hakodate,2026-07-03,7,,,,,,7,山田 和巧,神奈川,48,87,A2,追,3.92,83.36,nan,0,5.0,20.0,40.0,0,0,,,,,,23:16
1220260703010001,aomori,2026-07-03,1,○1 ◎5 注4 △2 ×6 ▲7,,,,,1,堀越 翔己  福,岡,27,123,A2,逃,3.92,84.88,○,5,29.4,41.1,41.1,0,7,,,,,,15:50
1220260703010001,aomori,2026-07-03,1,○1 ◎5 注4 △2 ×6 ▲7,,,,,2,齋藤 一茂  群,馬,37,97,A2,逃,3.92,84.90,△,4,28.5,42.8,57.1,9,0,,,,,,15:50
1220260703010001,aomori,2026-07-03,1,○1 ◎5 注4 △2 ×6 ▲7,,,,,3,布居 寛幸,和歌山,52,72,A1,追,3.92,84.90,▲,3,14.2,19.0,33.3,0,1,,,,,,15:50
1220260703010001,aomori,2026-07-03,1,○1 ◎5 注4 △2 ×6 ▲7,,,,,4,岩本 純  岡,山,44,94,A1,両,3.92,87.25,注,2,33.3,45.8,58.3,0,1,,,,,,15:50
1220260703010001,aomori,2026-07-03,1,○1 ◎5 注4 △2 ×6 ▲7,,,,,5,名川 豊  福,岡,35,99,A1,追,3.92,90.29,◎,6,12.5,37.5,45.8,0,0,,,,,,15:50
1220260703010001,aomori,2026-07-03,1,○1 ◎5 注4 △2 ×6 ▲7,,,,,6,飯島 淳  東,京,49,78,A2,追,3.92,80.39,nan,0,4.3,8.6,17.3,0,0,,,,,,15:50
1220260703010001,aomori,2026-07-03,1,○1 ◎5 注4 △2 ×6 ▲7,,,,,7,藤岡 徹也  兵,庫,38,121,A1,両,3.92,85.72,×,1,11.1,33.3,50.0,0,2,,,,,,15:50
1220260703010002,aomori,2026-07-03,2,○4 ◎1 △7 注2 ×6 ▲3,,,,,1,菅谷 隆司  東,京,41,96,A1,両,3.92,91.61,◎,6,14.2,35.7,50.0,0,1,,,,,,16:13
1220260703010002,aomori,2026-07-03,2,○4 ◎1 △7 注2 ×6 ▲3,,,,,2,杉山 剛  福,岡,49,86,A2,両,3.92,80.25,注,2,0.0,20.8,29.1,0,1,,,,,,16:13
1220260703010002,aomori,2026-07-03,2,○4 ◎1 △7 注2 ×6 ▲3,,,,,3,西本 直大  大,阪,43,92,A2,両,3.92,86.19,×,1,14.2,38.0,52.3,1,4,,,,,,16:13
1220260703010002,aomori,2026-07-03,2,○4 ◎1 △7 注2 ×6 ▲3,,,,,4,土田 栄二  茨,城,30,115,A1,逃,3.92,88.80,○,5,23.8,61.9,71.4,11,0,,,,,,16:13
1220260703010002,aomori,2026-07-03,2,○4 ◎1 △7 注2 ×6 ▲3,,,,,5,渡会 啓介  愛,知,49,83,A2,追,3.92,84.25,▲,3,4.1,16.6,45.8,0,0,,,,,,16:13
1220260703010002,aomori,2026-07-03,2,○4 ◎1 △7 注2 ×6 ▲3,,,,,6,米嶋 賢二  長,崎,51,77,A2,追,3.92,79.04,nan,0,0.0,0.0,14.2,0,0,,,,,,16:13
1220260703010002,aomori,2026-07-03,2,○4 ◎1 △7 注2 ×6 ▲3,,,,,7,梅原 大治  静,岡,49,81,A2,追,3.85,83.52,△,4,4.7,9.5,38.0,0,0,,,,,,16:13
1220260703010003,aomori,2026-07-03,3,△2 ×4 注6 ◎3 ○1 ▲7,,,,,1,一守 大葵  兵,庫,21,127,A2,逃,3.92,92.11,◎,6,33.3,66.6,72.2,9,3,,,,,,16:37
1220260703010003,aomori,2026-07-03,3,△2 ×4 注6 ◎3 ○1 ▲7,,,,,2,菅田 謙仁  宮,城,33,109,A2,両,3.83,81.75,△,4,0.0,12.5,29.1,0,1,,,,,,16:37
1220260703010003,aomori,2026-07-03,3,△2 ×4 注6 ◎3 ○1 ▲7,,,,,3,山中 崇弘  高,知,30,113,A2,追,3.92,81.00,注,2,0.0,11.1,22.2,0,0,,,,,,16:37
1220260703010003,aomori,2026-07-03,3,△2 ×4 注6 ◎3 ○1 ▲7,,,,,4,春日 勇人  千,葉,50,82,A1,追,3.92,87.11,×,1,15.0,20.0,55.0,0,0,,,,,,16:37
1220260703010003,aomori,2026-07-03,3,△2 ×4 注6 ◎3 ○1 ▲7,,,,,5,木村 勉  徳,島,50,79,A2,追,3.93,85.16,▲,3,16.6,16.6,50.0,0,0,,,,,,16:37
1220260703010003,aomori,2026-07-03,3,△2 ×4 注6 ◎3 ○1 ▲7,,,,,6,関 智晴  新,潟,42,89,A2,追,3.92,80.16,nan,0,0.0,11.1,22.2,0,0,,,,,,16:37
1220260703010003,aomori,2026-07-03,3,△2 ×4 注6 ◎3 ○1 ▲7,,,,,7,宮司 周郎  愛,知,50,82,A1,追,3.92,87.09,○,5,9.5,52.3,61.9,0,0,,,,,,16:37
1220260703010004,aomori,2026-07-03,4,○5 ◎7 △1 注3 ×4 ▲6,,,,,1,鈴木 誠  福,島,49,84,A1,追,3.83,82.60,△,4,4.0,28.0,36.0,0,1,,,,,,17:01
1220260703010004,aomori,2026-07-03,4,○5 ◎7 △1 注3 ×4 ▲6,,,,,2,鮒田 博文  三,重,48,79,A2,追,3.93,80.45,▲,3,0.0,8.6,26.0,0,0,,,,,,17:01
1220260703010004,aomori,2026-07-03,4,○5 ◎7 △1 注3 ×4 ▲6,,,,,3,大関 祐也  千,葉,31,107,A2,逃,3.92,80.55,注,2,7.4,14.8,25.9,1,1,,,,,,17:01
1220260703010004,aomori,2026-07-03,4,○5 ◎7 △1 注3 ×4 ▲6,,,,,4,飯田 辰哉  千,葉,53,72,A1,追,3.92,91.79,×,1,16.6,37.5,50.0,0,0,,,,,,17:01
1220260703010004,aomori,2026-07-03,4,○5 ◎7 △1 注3 ×4 ▲6,,,,,5,小田 恭介  青,森,26,125,A1,逃,3.92,86.00,○,5,16.6,33.3,44.4,6,0,,,,,,17:01
1220260703010004,aomori,2026-07-03,4,○5 ◎7 △1 注3 ×4 ▲6,,,,,6,牛田 樹希斗  愛,知,27,119,A2,逃,3.92,80.13,nan,0,10.0,26.6,40.0,4,3,,,,,,17:01
1220260703010004,aomori,2026-07-03,4,○5 ◎7 △1 注3 ×4 ▲6,,,,,7,工藤 政志  青,森,46,84,A2,追,3.92,87.66,◎,6,14.2,23.8,52.3,0,0,,,,,,17:01
1220260703010005,aomori,2026-07-03,5,◎1 ○4 ×7 △2 ▲6 注3,,,,,1,仁藤 秀  静,岡,27,117,A1,両,3.93,101.13,◎,6,8.6,17.3,30.4,0,0,,,,,,17:25
1220260703010005,aomori,2026-07-03,5,◎1 ○4 ×7 △2 ▲6 注3,,,,,2,上原 龍  長,野,41,95,A1,追,3.92,95.43,△,4,8.6,13.0,17.3,0,0,,,,,,17:25
1220260703010005,aomori,2026-07-03,5,◎1 ○4 ×7 △2 ▲6 注3,,,,,3,山本 浩成  福,岡,27,119,A1,逃,3.92,93.61,▲,3,23.8,57.1,71.4,5,4,,,,,,17:25
1220260703010005,aomori,2026-07-03,5,◎1 ○4 ×7 △2 ▲6 注3,,,,,4,伊藤 大志  青,森,47,86,A1,追,3.92,96.72,○,5,0.0,18.1,27.2,0,0,,,,,,17:25
1220260703010005,aomori,2026-07-03,5,◎1 ○4 ×7 △2 ▲6 注3,,,,,5,舘 泰守  愛,知,50,80,A1,追,3.92,95.91,注,2,0.0,12.0,16.0,0,0,,,,,,17:25
1220260703010005,aomori,2026-07-03,5,◎1 ○4 ×7 △2 ▲6 注3,,,,,6,佐々木 省司  青,森,48,86,A1,追,3.92,92.62,nan,0,12.5,50.0,62.5,0,0,,,,,,17:25
1220260703010005,aomori,2026-07-03,5,◎1 ○4 ×7 △2 ▲6 注3,,,,,7,藤田 周磨  埼,玉,28,117,A1,逃,3.92,97.36,×,1,9.0,22.7,36.3,2,2,,,,,,17:25
1220260703010006,aomori,2026-07-03,6,△2 注1 ◎3 ×4 ○6 ▲5,,,,,1,黒河内 由実  長,野,31,110,L1,追,3.79,48.10,注,2,3.3,10.0,23.3,2,1,,,,,,17:49
1220260703010006,aomori,2026-07-03,6,△2 注1 ◎3 ×4 ○6 ▲5,,,,,2,高橋 美沙紀  愛,知,35,124,L1,両,3.77,50.95,△,4,14.2,33.3,47.6,1,4,,,,,,17:49
1220260703010006,aomori,2026-07-03,6,△2 注1 ◎3 ×4 ○6 ▲5,,,,,3,アンドルーズ 外,国,26,999,L1,両,3.79,57.00,◎,6,83.3,100.0,100.0,1,5,,,,,,17:49
1220260703010006,aomori,2026-07-03,6,△2 注1 ◎3 ×4 ○6 ▲5,,,,,4,元砂 七夕美  奈,良,30,108,L1,両,3.79,53.55,×,1,5.5,38.8,66.6,0,0,,,,,,17:49
1220260703010006,aomori,2026-07-03,6,△2 注1 ◎3 ×4 ○6 ▲5,,,,,5,大和 久保美  青,森,34,102,L1,追,3.77,46.09,▲,3,0.0,4.7,4.7,0,0,,,,,,17:49
1220260703010006,aomori,2026-07-03,6,△2 注1 ◎3 ×4 ○6 ▲5,,,,,6,太田 りゆ  埼,玉,31,112,L1,逃,3.79,57.72,○,5,72.2,83.3,88.8,0,13,,,,,,17:49
1220260703010007,aomori,2026-07-03,7,○1 △2 注3 ▲7 ◎6 ×5,,,,,1,松井 優佳  大,阪,27,124,L1,両,3.77,55.66,○,5,42.8,71.4,85.7,3,8,,,,,,18:13
1220260703010007,aomori,2026-07-03,7,○1 △2 注3 ▲7 ◎6 ×5,,,,,2,高橋 朋恵  東,京,31,108,L1,追,3.77,49.87,△,4,0.0,12.5,29.1,0,0,,,,,,18:13
1220260703010007,aomori,2026-07-03,7,○1 △2 注3 ▲7 ◎6 ×5,,,,,3,高本 美穂  熊,本,23,124,L1,追,3.77,48.19,注,2,3.2,6.4,16.1,1,0,,,,,,18:13
1220260703010007,aomori,2026-07-03,7,○1 △2 注3 ▲7 ◎6 ×5,,,,,4,河内 桜雪  群,馬,23,122,L1,追,3.77,53.00,×,1,4.5,45.4,77.2,0,0,,,,,,18:13
1220260703010007,aomori,2026-07-03,7,○1 △2 注3 ▲7 ◎6 ×5,,,,,5,ファンデルワウ 外,国,28,999,L1,両,3.79,57.33,◎,6,100.0,100.0,100.0,1,2,,,,,,18:13
1220260703010007,aomori,2026-07-03,7,○1 △2 注3 ▲7 ◎6 ×5,,,,,6,塩田 日海,神奈川,27,122,L1,追,3.79,46.83,nan,0,0.0,5.5,16.6,0,1,,,,,,18:13
1220260703010007,aomori,2026-07-03,7,○1 △2 注3 ▲7 ◎6 ×5,,,,,7,谷元 音羽  山,口,22,124,L1,両,3.77,50.81,▲,3,18.1,31.8,40.9,0,2,,,,,,18:13
1220260703010008,aomori,2026-07-03,8,×1 △4 注6 ◎3 ○2 ▲5,,,,,1,緒方 将樹  熊,本,27,117,S1,逃,3.92,100.42,×,1,15.3,34.6,46.1,3,5,,,,,,18:38
1220260703010008,aomori,2026-07-03,8,×1 △4 注6 ◎3 ○2 ▲5,,,,,2,山賀 雅仁  千,葉,44,87,S1,両,3.92,101.51,○,5,3.7,11.1,25.9,0,1,,,,,,18:38
1220260703010008,aomori,2026-07-03,8,×1 △4 注6 ◎3 ○2 ▲5,,,,,3,長田 龍拳  静,岡,25,117,S2,逃,3.92,106.34,◎,6,21.7,52.1,73.9,9,3,,,,,,18:38
1220260703010008,aomori,2026-07-03,8,×1 △4 注6 ◎3 ○2 ▲5,,,,,4,小川 賢人  福,岡,41,103,S1,両,3.92,93.04,△,4,19.0,47.6,66.6,1,4,,,,,,18:38
1220260703010008,aomori,2026-07-03,8,×1 △4 注6 ◎3 ○2 ▲5,,,,,5,成清 貴之  千,葉,52,73,S2,追,3.92,100.18,▲,3,6.0,24.2,33.3,0,0,,,,,,18:38
1220260703010008,aomori,2026-07-03,8,×1 △4 注6 ◎3 ○2 ▲5,,,,,6,鰐淵 圭佑  群,馬,42,90,S2,追,3.92,93.00,注,2,14.2,47.6,66.6,0,1,,,,,,18:38
1220260703010009,aomori,2026-07-03,9,×5 △2 ◎6 ○4 ▲3 注7,,,,,1,照井 拓成  岩,手,30,115,S2,逃,3.92,101.88,注,2,8.0,28.0,48.0,0,2,,,,,,19:04
1220260703010009,aomori,2026-07-03,9,×5 △2 ◎6 ○4 ▲3 注7,,,,,2,上田 裕和  三,重,45,86,S2,追,3.92,98.87,△,4,0.0,11.7,41.1,0,0,,,,,,19:04
1220260703010009,aomori,2026-07-03,9,×5 △2 ◎6 ○4 ▲3 注7,,,,,3,塩崎 隼秀  愛,媛,25,121,S2,両,3.92,92.37,○,5,17.6,47.0,58.8,2,3,,,,,,19:04
1220260703010009,aomori,2026-07-03,9,×5 △2 ◎6 ○4 ▲3 注7,,,,,4,リチャードソン 外,国,27,999,S2,両,3.93,99.66,◎,6,33.3,33.3,33.3,0,1,,,,,,19:04
1220260703010009,aomori,2026-07-03,9,×5 △2 ◎6 ○4 ▲3 注7,,,,,5,南 潤,和歌山,28,111,S1,逃,3.93,101.52,×,1,19.0,42.8,52.3,5,1,,,,,,19:04
1220260703010009,aomori,2026-07-03,9,×5 △2 ◎6 ○4 ▲3 注7,,,,,6,加倉 正義  福,岡,55,68,S2,追,3.92,91.44,nan,0,0.0,0.0,0.0,0,0,,,,,,19:04
1220260703010009,aomori,2026-07-03,9,×5 △2 ◎6 ○4 ▲3 注7,,,,,7,原 大智  宮,城,29,117,S2,逃,3.92,102.50,▲,3,7.1,21.4,57.1,0,1,,,,,,19:04
1220260703010010,aomori,2026-07-03,10,◎3 ○4 ×5 △2 ▲7 注6,,,,,1,坂田 章  高,知,40,93,S2,追,3.92,91.89,注,2,10.0,40.0,60.0,0,0,,,,,,19:30
1220260703010010,aomori,2026-07-03,10,◎3 ○4 ×5 △2 ▲7 注6,,,,,2,杉本 正隆  茨,城,40,96,S1,追,3.92,101.33,△,4,20.0,30.0,50.0,0,0,,,,,,19:30
1220260703010010,aomori,2026-07-03,10,◎3 ○4 ×5 △2 ▲7 注6,,,,,3,トゥルーマン 外,国,29,999,S2,両,3.93,106.66,◎,6,50.0,50.0,83.3,3,0,,,,,,19:30
1220260703010010,aomori,2026-07-03,10,◎3 ○4 ×5 △2 ▲7 注6,,,,,4,岡村 潤  静,岡,44,86,S1,追,3.92,105.16,○,5,12.0,36.0,52.0,0,0,,,,,,19:30
1220260703010010,aomori,2026-07-03,10,◎3 ○4 ×5 △2 ▲7 注6,,,,,5,貴志 修己,和歌山,30,117,S2,逃,3.92,102.54,×,1,12.5,25.0,41.6,2,4,,,,,,19:30
1220260703010010,aomori,2026-07-03,10,◎3 ○4 ×5 △2 ▲7 注6,,,,,6,中原 航大  岡,山,26,123,S2,逃,3.92,90.42,▲,3,38.0,66.6,66.6,9,4,,,,,,19:30
1220260703010010,aomori,2026-07-03,10,◎3 ○4 ×5 △2 ▲7 注6,,,,,7,関 貴之  茨,城,43,93,S2,追,3.92,97.92,nan,0,4.0,12.0,44.0,0,0,,,,,,19:30
1220260703010011,aomori,2026-07-03,11,◎1 ○7 ▲4 △5 ×2 注6,,,,,1,森田 一郎  埼,玉,25,125,S2,逃,3.92,106.26,◎,6,26.9,38.4,50.0,5,5,,,,,,19:57
1220260703010011,aomori,2026-07-03,11,◎1 ○7 ▲4 △5 ×2 注6,,,,,2,片岡 迪之  岡,山,39,93,S1,両,3.92,105.88,×,1,4.0,12.0,40.0,0,1,,,,,,19:57
1220260703010011,aomori,2026-07-03,11,◎1 ○7 ▲4 △5 ×2 注6,,,,,3,稲垣 裕之  京,都,48,86,S2,両,3.92,96.17,注,2,6.8,13.7,27.5,0,0,,,,,,19:57
1220260703010011,aomori,2026-07-03,11,◎1 ○7 ▲4 △5 ×2 注6,,,,,4,小橋 秀幸  青,森,47,85,S2,追,3.93,92.58,▲,3,25.0,50.0,62.5,0,0,,,,,,19:57
1220260703010011,aomori,2026-07-03,11,◎1 ○7 ▲4 △5 ×2 注6,,,,,5,真鍋 智寛  愛,媛,27,121,S1,逃,3.92,102.62,△,4,11.1,11.1,33.3,1,0,,,,,,19:57
1220260703010011,aomori,2026-07-03,11,◎1 ○7 ▲4 △5 ×2 注6,,,,,6,福元 啓太  大,阪,29,119,S2,逃,3.93,92.39,nan,0,33.3,50.0,62.5,1,7,,,,,,19:57
1220260703010011,aomori,2026-07-03,11,◎1 ○7 ▲4 △5 ×2 注6,,,,,7,小原 丈一郎  青,森,27,115,S2,両,3.92,101.65,○,5,28.5,33.3,38.0,0,0,,,,,,19:57
1220260703010012,aomori,2026-07-03,12,○1 ◎4 △5 注6 ×3 ▲2,,,,,1,中野 慎詞  岩,手,27,121,S1,逃,3.92,116.55,○,5,11.1,33.3,44.4,3,0,,,,,,20:25
1220260703010012,aomori,2026-07-03,12,○1 ◎4 △5 注6 ×3 ▲2,,,,,2,山田 久徳  京,都,38,93,S1,両,3.92,110.23,×,1,8.3,20.8,33.3,0,0,,,,,,20:25
1220260703010012,aomori,2026-07-03,12,○1 ◎4 △5 注6 ×3 ▲2,,,,,3,谷口 遼平  三,重,32,103,S1,逃,3.92,108.69,注,2,34.7,43.4,47.8,5,0,,,,,,20:25
1220260703010012,aomori,2026-07-03,12,○1 ◎4 △5 注6 ×3 ▲2,,,,,4,新山 響平  青,森,32,107,S1,逃,3.92,114.58,◎,6,33.3,41.6,66.6,5,5,,,,,,20:25
1220260703010012,aomori,2026-07-03,12,○1 ◎4 △5 注6 ×3 ▲2,,,,,5,菅田 壱道  宮,城,40,91,S1,両,3.92,112.08,△,4,7.6,15.3,23.0,0,0,,,,,,20:25
1220260703010012,aomori,2026-07-03,12,○1 ◎4 △5 注6 ×3 ▲2,,,,,6,竹内 智彦  宮,城,49,84,S1,追,3.92,107.23,nan,0,7.1,35.7,57.1,0,0,,,,,,20:25
1220260703010012,aomori,2026-07-03,12,○1 ◎4 △5 注6 ×3 ▲2,,,,,7,木村 隆弘  徳,島,40,91,S1,追,3.92,110.00,▲,3,27.7,50.0,55.5,0,0,,,,,,20:25
2120260702020001,yahiko,2026-07-03,1,◎5 ○2 ×1 △4 ▲3 注6,,,,,1,真崎 章徳  佐,賀,30,113,A3,逃,3.92,70.87,×,1,16.6,33.3,45.8,1,4,,,,,,16:05
2120260702020001,yahiko,2026-07-03,1,◎5 ○2 ×1 △4 ▲3 注6,,,,,2,龍門 慎太郎  岡,山,41,96,A3,追,3.92,68.40,○,5,23.3,26.6,36.6,1,3,,,,,,16:05
2120260702020001,yahiko,2026-07-03,1,◎5 ○2 ×1 △4 ▲3 注6,,,,,3,飯田 威文  埼,玉,54,67,A3,追,3.92,69.79,▲,3,12.5,29.1,45.8,1,0,,,,,,16:05
2120260702020001,yahiko,2026-07-03,1,◎5 ○2 ×1 △4 ▲3 注6,,,,,4,倉岡 慎太郎  熊,本,58,59,A3,追,3.85,69.63,△,4,13.6,31.8,40.9,0,1,,,,,,16:05
2120260702020001,yahiko,2026-07-03,1,◎5 ○2 ×1 △4 ▲3 注6,,,,,5,右近 陸人  山,口,26,127,A3,逃,3.93,72.23,◎,6,20.0,33.3,53.3,6,2,,,,,,16:05
2120260702020001,yahiko,2026-07-03,1,◎5 ○2 ×1 △4 ▲3 注6,,,,,6,牧田 賢也  福,島,29,111,A3,逃,3.92,65.21,nan,0,7.1,7.1,7.1,0,1,,,,,,16:05
2120260702020001,yahiko,2026-07-03,1,◎5 ○2 ×1 △4 ▲3 注6,,,,,7,長崎 達也,神奈川,44,89,A3,両,3.93,71.72,注,2,12.0,28.0,40.0,0,0,,,,,,16:05
2120260702020002,yahiko,2026-07-03,2,◎1 ○5 注3 ▲6 ×2 △4,,,,,1,石田 宏樹  青,森,44,91,A3,両,3.92,72.85,◎,6,17.8,35.7,53.5,6,2,,,,,,16:27
2120260702020002,yahiko,2026-07-03,2,◎1 ○5 注3 ▲6 ×2 △4,,,,,2,永田 隼一  福,岡,45,95,A3,逃,3.92,68.33,×,1,13.3,23.3,36.6,3,4,,,,,,16:27
2120260702020002,yahiko,2026-07-03,2,◎1 ○5 注3 ▲6 ×2 △4,,,,,3,村松 俊弥  山,梨,39,96,A3,追,3.92,70.94,注,2,11.1,22.2,50.0,0,0,,,,,,16:27
2120260702020002,yahiko,2026-07-03,2,◎1 ○5 注3 ▲6 ×2 △4,,,,,4,松丸 裕紀  福,岡,45,86,A3,追,3.92,69.58,△,4,0.0,16.0,36.0,0,0,,,,,,16:27
2120260702020002,yahiko,2026-07-03,2,◎1 ○5 注3 ▲6 ×2 △4,,,,,5,邊見 斎  福,島,41,92,A3,追,3.92,73.12,○,5,4.1,20.8,58.3,0,0,,,,,,16:27
2120260702020002,yahiko,2026-07-03,2,◎1 ○5 注3 ▲6 ×2 △4,,,,,6,吉澤 賢  千,葉,47,94,A3,追,3.92,66.51,▲,3,7.4,14.8,18.5,1,0,,,,,,16:27
2120260702020002,yahiko,2026-07-03,2,◎1 ○5 注3 ▲6 ×2 △4,,,,,7,丸林 一孝  福,岡,48,81,A3,追,3.85,71.30,nan,0,0.0,23.0,30.7,0,0,,,,,,16:27
2120260702020003,yahiko,2026-07-03,3,◎2 ○4 注1 ×6 △5 ▲7,,,,,1,宮崎 一彰  高,知,51,99,A3,両,3.92,75.66,注,2,41.6,58.3,75.0,0,0,,,,,,16:49
2120260702020003,yahiko,2026-07-03,3,◎2 ○4 注1 ×6 △5 ▲7,,,,,2,鈴木 那樹  静,岡,20,129,A3,逃,3.92,75.66,◎,6,44.4,44.4,44.4,0,4,,,,,,16:49
2120260702020003,yahiko,2026-07-03,3,◎2 ○4 注1 ×6 △5 ▲7,,,,,3,櫻井 紀幸  群,馬,55,68,A3,追,3.92,78.42,▲,3,0.0,0.0,4.7,0,0,,,,,,16:49
2120260702020003,yahiko,2026-07-03,3,◎2 ○4 注1 ×6 △5 ▲7,,,,,4,及川 裕奨  岩,手,44,86,A3,追,3.92,79.07,○,5,3.5,10.7,17.8,0,1,,,,,,16:49
2120260702020003,yahiko,2026-07-03,3,◎2 ○4 注1 ×6 △5 ▲7,,,,,5,勝沼 遼  東,京,27,129,A3,逃,3.92,71.22,×,1,0.0,0.0,11.1,0,0,,,,,,16:49
2120260702020003,yahiko,2026-07-03,3,◎2 ○4 注1 ×6 △5 ▲7,,,,,6,五反田 豊和  宮,崎,49,80,A3,両,3.92,66.80,nan,0,4.7,28.5,33.3,4,1,,,,,,16:49
2120260702020003,yahiko,2026-07-03,3,◎2 ○4 注1 ×6 △5 ▲7,,,,,7,渡邊 政幸  埼,玉,43,90,A3,追,3.92,79.37,△,4,0.0,4.1,16.6,0,0,,,,,,16:49
2120260702020004,yahiko,2026-07-03,4,◎4 ○1 注6 ×7 △2 ▲5,,,,,1,大越 啓介  栃,木,37,97,A3,追,3.92,80.31,○,5,8.0,12.0,32.0,0,0,,,,,,17:13
2120260702020004,yahiko,2026-07-03,4,◎4 ○1 注6 ×7 △2 ▲5,,,,,2,井山 和裕  山,口,47,84,A3,追,3.92,75.16,△,4,14.2,28.5,71.4,0,0,,,,,,17:13
2120260702020004,yahiko,2026-07-03,4,◎4 ○1 注6 ×7 △2 ▲5,,,,,3,渡辺 馨,神奈川,42,96,A3,両,3.92,72.30,nan,0,9.5,23.8,38.0,0,0,,,,,,17:13
2120260702020004,yahiko,2026-07-03,4,◎4 ○1 注6 ×7 △2 ▲5,,,,,4,織茂 雄一郎  山,梨,28,125,A3,両,3.92,74.45,◎,6,20.8,50.0,62.5,4,3,,,,,,17:13
2120260702020004,yahiko,2026-07-03,4,◎4 ○1 注6 ×7 △2 ▲5,,,,,5,福地 晶  福,島,24,129,A3,逃,3.92,73.66,▲,3,16.6,33.3,50.0,0,0,,,,,,17:13
2120260702020004,yahiko,2026-07-03,4,◎4 ○1 注6 ×7 △2 ▲5,,,,,6,坂本 英一  栃,木,58,59,A3,追,3.92,0.00,注,2,0.0,0.0,0.0,0,0,,,,,,17:13
2120260702020004,yahiko,2026-07-03,4,◎4 ○1 注6 ×7 △2 ▲5,,,,,7,宮道 良輔  徳,島,23,123,A3,逃,3.93,80.95,×,1,12.5,29.1,29.1,6,0,,,,,,17:13
2120260702020005,yahiko,2026-07-03,5,△5 注1 ○2 ▲3 ◎4 ×6,,,,,1,松崎 光優  新,潟,20,130,L1,両,3.77,46.88,注,2,0.0,0.0,22.2,0,0,,,,,,17:37
2120260702020005,yahiko,2026-07-03,5,△5 注1 ○2 ▲3 ◎4 ×6,,,,,2,東 美月  兵,庫,24,124,L1,両,3.77,52.08,○,5,0.0,16.6,58.3,0,2,,,,,,17:37
2120260702020005,yahiko,2026-07-03,5,△5 注1 ○2 ▲3 ◎4 ×6,,,,,3,野口 諭実可  大,分,33,102,L1,両,3.77,47.84,nan,0,3.8,19.2,23.0,1,0,,,,,,17:37
2120260702020005,yahiko,2026-07-03,5,△5 注1 ○2 ▲3 ◎4 ×6,,,,,4,杉沢 毛伊子  静,岡,40,104,L1,両,3.79,47.36,▲,3,0.0,9.0,22.7,0,0,,,,,,17:37
2120260702020005,yahiko,2026-07-03,5,△5 注1 ○2 ▲3 ◎4 ×6,,,,,5,加瀬 加奈子  新,潟,46,102,L1,逃,3.77,49.33,△,4,4.7,14.2,38.0,2,1,,,,,,17:37
2120260702020005,yahiko,2026-07-03,5,△5 注1 ○2 ▲3 ◎4 ×6,,,,,6,畠山 ひすい,神奈川,24,122,L1,逃,3.77,54.31,◎,6,45.4,59.0,77.2,6,5,,,,,,17:37
2120260702020005,yahiko,2026-07-03,5,△5 注1 ○2 ▲3 ◎4 ×6,,,,,7,橋本 佳耶  熊,本,30,114,L1,両,3.79,50.21,×,1,3.5,21.4,53.5,1,0,,,,,,17:37
2120260702020006,yahiko,2026-07-03,6,△3 ○1 ×2 ▲4 ◎7 注5,,,,,1,藤田 まりあ  埼,玉,26,116,L1,両,3.77,54.66,○,5,38.8,61.1,66.6,0,2,,,,,,18:01
2120260702020006,yahiko,2026-07-03,6,△3 ○1 ×2 ▲4 ◎7 注5,,,,,2,鈴木 彩夏  東,京,31,110,L1,追,3.79,49.95,×,1,9.5,14.2,38.0,0,1,,,,,,18:01
2120260702020006,yahiko,2026-07-03,6,△3 ○1 ×2 ▲4 ◎7 注5,,,,,3,山本 さくら  愛,知,25,120,L1,両,3.77,48.44,△,4,11.1,18.5,33.3,2,2,,,,,,18:01
2120260702020006,yahiko,2026-07-03,6,△3 ○1 ×2 ▲4 ◎7 注5,,,,,4,鈴木 媛子  愛,知,28,130,L1,両,3.77,48.66,▲,3,11.1,22.2,44.4,0,1,,,,,,18:01
2120260702020006,yahiko,2026-07-03,6,△3 ○1 ×2 ▲4 ◎7 注5,,,,,5,吉村 美有紀  愛,媛,24,124,L1,両,3.71,47.89,注,2,10.5,15.7,21.0,2,0,,,,,,18:01
2120260702020006,yahiko,2026-07-03,6,△3 ○1 ×2 ▲4 ◎7 注5,,,,,6,保立 沙織,神奈川,42,118,L1,両,3.77,45.33,nan,0,0.0,0.0,0.0,0,0,,,,,,18:01
2120260702020006,yahiko,2026-07-03,6,△3 ○1 ×2 ▲4 ◎7 注5,,,,,7,尾方 真生  福,岡,27,118,L1,逃,3.79,56.33,◎,6,75.0,83.3,87.5,7,12,,,,,,18:01
2120260702020007,yahiko,2026-07-03,7,◎2 ○7 ▲4 △1 ×6 注3,,,,,1,勝俣 亮,神奈川,48,82,A2,両,3.92,79.47,nan,0,9.5,19.0,28.5,2,2,,,,,,18:25
2120260702020007,yahiko,2026-07-03,7,◎2 ○7 ▲4 △1 ×6 注3,,,,,2,相笠 翔太  福,島,36,96,A2,両,3.92,84.12,◎,6,20.8,29.1,41.6,0,2,,,,,,18:25
2120260702020007,yahiko,2026-07-03,7,◎2 ○7 ▲4 △1 ×6 注3,,,,,3,阿部 充宏  山,口,42,98,A2,両,3.92,84.25,×,1,4.1,16.6,37.5,0,0,,,,,,18:25
2120260702020007,yahiko,2026-07-03,7,◎2 ○7 ▲4 △1 ×6 注3,,,,,4,緒方 剛  埼,玉,43,92,A2,追,3.93,78.20,▲,3,0.0,0.0,6.6,0,0,,,,,,18:25
2120260702020007,yahiko,2026-07-03,7,◎2 ○7 ▲4 △1 ×6 注3,,,,,5,田中 孝法  福,岡,44,91,A2,追,3.92,73.66,注,2,33.3,53.3,53.3,0,0,,,,,,18:25
2120260702020007,yahiko,2026-07-03,7,◎2 ○7 ▲4 △1 ×6 注3,,,,,6,柏野 健吾  岡,山,23,127,A2,逃,3.92,68.52,△,4,11.7,35.2,35.2,10,2,,,,,,18:25
2120260702020007,yahiko,2026-07-03,7,◎2 ○7 ▲4 △1 ×6 注3,,,,,7,阿部 英光  宮,城,44,89,A2,追,3.85,81.95,○,5,5.0,25.0,40.0,0,0,,,,,,18:25
2120260702020008,yahiko,2026-07-03,8,注6 ×3 ◎5 △2 ○4 ▲7,,,,,1,内藤 敦  岡,山,50,80,A2,追,3.92,81.11,▲,3,0.0,0.0,22.2,0,0,,,,,,18:51
2120260702020008,yahiko,2026-07-03,8,注6 ×3 ◎5 △2 ○4 ▲7,,,,,2,田川 翔琉  熊,本,28,119,A1,逃,3.92,85.90,◎,6,4.5,18.1,45.4,3,0,,,,,,18:51
2120260702020008,yahiko,2026-07-03,8,注6 ×3 ◎5 △2 ○4 ▲7,,,,,3,佐藤 明  静,岡,50,77,A2,追,3.92,82.66,×,1,0.0,4.7,42.8,0,0,,,,,,18:51
2120260702020008,yahiko,2026-07-03,8,注6 ×3 ◎5 △2 ○4 ▲7,,,,,4,渡邉 満  福,岡,53,73,A2,追,3.92,73.73,△,4,20.0,33.3,46.6,0,0,,,,,,18:51
2120260702020008,yahiko,2026-07-03,8,注6 ×3 ◎5 △2 ○4 ▲7,,,,,5,十文字 菊雄  福,島,55,75,A1,追,3.92,82.92,nan,0,7.6,30.7,46.1,0,0,,,,,,18:51
2120260702020008,yahiko,2026-07-03,8,注6 ×3 ◎5 △2 ○4 ▲7,,,,,6,山本 和瑳,神奈川,25,127,A2,逃,3.92,73.11,注,2,22.2,44.4,66.6,2,1,,,,,,18:51
2120260702020008,yahiko,2026-07-03,8,注6 ×3 ◎5 △2 ○4 ▲7,,,,,7,高山 雄丞  愛,媛,33,109,A2,両,3.85,82.90,○,5,4.7,14.2,23.8,0,0,,,,,,18:51
2120260702020009,yahiko,2026-07-03,9,◎5 ○1 △3 ×7 ▲4 注2,,,,,1,三浦 雄大  宮,城,39,98,A1,追,3.92,91.43,○,5,39.1,52.1,60.8,0,1,,,,,,19:17
2120260702020009,yahiko,2026-07-03,9,◎5 ○1 △3 ×7 ▲4 注2,,,,,2,尾崎 悠生  埼,玉,29,113,A1,逃,3.85,85.14,注,2,29.6,48.1,55.5,12,1,,,,,,19:17
2120260702020009,yahiko,2026-07-03,9,◎5 ○1 △3 ×7 ▲4 注2,,,,,3,鶴 淳志  福,岡,26,127,A2,逃,3.92,87.52,△,4,23.8,38.0,57.1,5,2,,,,,,19:17
2120260702020009,yahiko,2026-07-03,9,◎5 ○1 △3 ×7 ▲4 注2,,,,,4,森岡 正臣  高,知,51,75,A1,追,3.92,86.00,▲,3,4.7,23.8,42.8,0,0,,,,,,19:17
2120260702020009,yahiko,2026-07-03,9,◎5 ○1 △3 ×7 ▲4 注2,,,,,5,小林 則之  静,岡,50,85,A1,両,3.92,91.63,◎,6,9.0,45.4,63.6,0,3,,,,,,19:17
2120260702020009,yahiko,2026-07-03,9,◎5 ○1 △3 ×7 ▲4 注2,,,,,6,本田 拓也  新,潟,43,92,A2,追,3.92,80.65,nan,0,4.3,4.3,8.6,0,0,,,,,,19:17
2120260702020009,yahiko,2026-07-03,9,◎5 ○1 △3 ×7 ▲4 注2,,,,,7,片山 智晴  岡,山,42,92,A1,追,3.92,94.28,×,1,4.0,12.0,16.0,0,0,,,,,,19:17
2120260702020010,yahiko,2026-07-03,10,注4 ×1 △6 ◎2 ○7 ▲3,,,,,1,寺沼 伊織  東,京,28,115,A1,両,3.92,87.66,×,1,23.0,46.1,46.1,0,1,,,,,,19:43
2120260702020010,yahiko,2026-07-03,10,注4 ×1 △6 ◎2 ○7 ▲3,,,,,2,坂本 晃輝  佐,賀,47,81,A1,追,3.93,89.52,△,4,23.8,47.6,61.9,0,0,,,,,,19:43
2120260702020010,yahiko,2026-07-03,10,注4 ×1 △6 ◎2 ○7 ▲3,,,,,3,須藤 悟  千,葉,36,99,A1,追,3.92,95.17,○,5,0.0,3.4,24.1,0,0,,,,,,19:43
2120260702020010,yahiko,2026-07-03,10,注4 ×1 △6 ◎2 ○7 ▲3,,,,,4,宮下 一歩  長,野,33,115,A1,逃,3.92,87.14,注,2,19.0,52.3,57.1,9,1,,,,,,19:43
2120260702020010,yahiko,2026-07-03,10,注4 ×1 △6 ◎2 ○7 ▲3,,,,,5,石坂 永伍  岡,山,39,93,A1,両,3.92,85.33,▲,3,18.5,33.3,37.0,0,1,,,,,,19:43
2120260702020010,yahiko,2026-07-03,10,注4 ×1 △6 ◎2 ○7 ▲3,,,,,6,樋口 瑛土  東,京,35,109,A2,追,3.92,82.00,nan,0,14.2,14.2,21.4,0,0,,,,,,19:43
2120260702020010,yahiko,2026-07-03,10,注4 ×1 △6 ◎2 ○7 ▲3,,,,,7,小笠原 一真  青,森,26,123,A1,逃,3.92,91.80,◎,6,23.8,42.8,57.1,5,4,,,,,,19:43
2120260702020011,yahiko,2026-07-03,11,×3 △1 ▲6 ○5 ◎7 注2,,,,,1,中村 良二  福,岡,51,81,A1,追,3.92,90.90,△,4,9.5,19.0,52.3,0,0,,,,,,20:11
2120260702020011,yahiko,2026-07-03,11,×3 △1 ▲6 ○5 ◎7 注2,,,,,2,鈴木 輝大  東,京,31,113,A1,追,3.92,100.54,◎,6,22.7,27.2,31.8,0,1,,,,,,20:11
2120260702020011,yahiko,2026-07-03,11,×3 △1 ▲6 ○5 ◎7 注2,,,,,3,薦田 将伍  愛,媛,28,113,A1,逃,3.92,95.83,×,1,8.3,8.3,29.1,0,1,,,,,,20:11
2120260702020011,yahiko,2026-07-03,11,×3 △1 ▲6 ○5 ◎7 注2,,,,,4,田村 真広  群,馬,51,83,A1,追,3.92,85.37,注,2,8.3,20.8,54.1,0,0,,,,,,20:11
2120260702020011,yahiko,2026-07-03,11,×3 △1 ▲6 ○5 ◎7 注2,,,,,5,金野 俊秋  千,葉,42,92,A1,両,3.92,89.21,▲,3,25.0,41.6,66.6,1,4,,,,,,20:11
2120260702020011,yahiko,2026-07-03,11,×3 △1 ▲6 ○5 ◎7 注2,,,,,6,太田黒 大心  熊,本,51,74,A2,追,3.85,83.11,nan,0,0.0,5.5,38.8,0,0,,,,,,20:11
2120260702020011,yahiko,2026-07-03,11,×3 △1 ▲6 ○5 ◎7 注2,,,,,7,山本 修平  東,京,30,115,A2,逃,3.92,89.00,○,5,14.2,38.0,57.1,3,1,,,,,,20:11
2520260701030001,omiya,2026-07-03,1,◎3 ○7 ×4 注6 ▲1 △2,,,,,1,成清 謙二郎  千,葉,42,90,A1,追,3.92,81.52,注,2,0.0,4.7,33.3,0,0,,,,,,10:40
2520260701030001,omiya,2026-07-03,1,◎3 ○7 ×4 注6 ▲1 △2,,,,,2,山田 純也  岐,阜,37,99,A2,両,3.92,77.61,▲,3,0.0,0.0,4.7,0,0,,,,,,10:40
2520260701030001,omiya,2026-07-03,1,◎3 ○7 ×4 注6 ▲1 △2,,,,,3,池部 壮太  大,分,33,109,A1,逃,3.85,84.55,◎,6,11.1,33.3,44.4,4,1,,,,,,10:40
2520260701030001,omiya,2026-07-03,1,◎3 ○7 ×4 注6 ▲1 △2,,,,,4,山本 貴章  岡,山,51,76,A2,追,3.92,82.26,×,1,5.0,20.0,30.0,0,0,,,,,,10:40
2520260701030001,omiya,2026-07-03,1,◎3 ○7 ×4 注6 ▲1 △2,,,,,5,深見 仁哉  愛,知,43,91,A2,追,3.92,80.20,△,4,0.0,16.6,20.8,0,0,,,,,,10:40
2520260701030001,omiya,2026-07-03,1,◎3 ○7 ×4 注6 ▲1 △2,,,,,6,鈴木 裕斗  宮,城,35,99,A2,両,3.92,64.83,nan,0,8.3,8.3,16.6,1,0,,,,,,10:40
2520260701030001,omiya,2026-07-03,1,◎3 ○7 ×4 注6 ▲1 △2,,,,,7,宇根 秀俊  愛,媛,49,80,A2,追,3.92,86.14,○,5,14.2,19.0,33.3,0,0,,,,,,10:40
2520260701030002,omiya,2026-07-03,2,○7 ×2 ▲1 ◎5 △3 注6,,,,,1,篠塚 光一  兵,庫,46,90,A1,追,3.93,81.38,▲,3,14.2,23.8,33.3,0,0,,,,,,11:07
2520260701030002,omiya,2026-07-03,2,○7 ×2 ▲1 ◎5 △3 注6,,,,,2,小島 雅章  埼,玉,50,83,A2,追,3.92,80.42,×,1,7.1,21.4,21.4,0,0,,,,,,11:07
2520260701030002,omiya,2026-07-03,2,○7 ×2 ▲1 ◎5 △3 注6,,,,,3,中園 朋亨  福,岡,39,93,A2,追,3.92,79.81,△,4,6.2,12.5,25.0,0,0,,,,,,11:07
2520260701030002,omiya,2026-07-03,2,○7 ×2 ▲1 ◎5 △3 注6,,,,,4,金子 浩貴  京,都,39,95,A2,追,3.92,82.41,注,2,0.0,8.3,25.0,0,0,,,,,,11:07
2520260701030002,omiya,2026-07-03,2,○7 ×2 ▲1 ◎5 △3 注6,,,,,5,中野 光太郎  徳,島,26,121,A1,逃,3.93,86.80,◎,6,9.0,18.1,18.1,0,0,,,,,,11:07
2520260701030002,omiya,2026-07-03,2,○7 ×2 ▲1 ◎5 △3 注6,,,,,6,白川 有司  福,岡,51,76,A2,追,3.92,73.40,nan,0,7.4,37.0,55.5,0,0,,,,,,11:07
2520260701030002,omiya,2026-07-03,2,○7 ×2 ▲1 ◎5 △3 注6,,,,,7,菊池 翔  福,島,31,119,A2,逃,3.92,82.70,○,5,7.4,22.2,29.6,2,1,,,,,,11:07
2520260701030003,omiya,2026-07-03,3,○1 ◎5 ×7 ▲4 注3 △6,,,,,1,戸塚 涼介  埼,玉,32,111,A2,逃,3.92,87.42,○,5,14.2,38.0,71.4,8,0,,,,,,11:35
2520260701030003,omiya,2026-07-03,3,○1 ◎5 ×7 ▲4 注3 △6,,,,,2,八尋 英輔  福,岡,46,89,A1,追,3.92,88.19,△,4,19.0,42.8,52.3,0,0,,,,,,11:35
2520260701030003,omiya,2026-07-03,3,○1 ◎5 ×7 ▲4 注3 △6,,,,,3,神尾 敬冬  静,岡,26,123,A1,逃,3.92,92.87,注,2,4.1,4.1,12.5,0,1,,,,,,11:35
2520260701030003,omiya,2026-07-03,3,○1 ◎5 ×7 ▲4 注3 △6,,,,,4,山崎 司  福,島,42,95,A1,追,3.92,87.04,▲,3,8.3,20.8,45.8,0,0,,,,,,11:35
2520260701030003,omiya,2026-07-03,3,○1 ◎5 ×7 ▲4 注3 △6,,,,,5,藤田 竜矢  埼,玉,46,88,A1,両,3.92,87.62,◎,6,16.6,37.5,50.0,0,1,,,,,,11:35
2520260701030003,omiya,2026-07-03,3,○1 ◎5 ×7 ▲4 注3 △6,,,,,6,長松 大祐  大,分,28,121,A2,逃,3.92,84.87,nan,0,8.3,20.8,45.8,2,3,,,,,,11:35
2520260701030003,omiya,2026-07-03,3,○1 ◎5 ×7 ▲4 注3 △6,,,,,7,小埜 正義  千,葉,45,88,A1,追,3.92,92.14,×,1,22.7,40.9,68.1,0,0,,,,,,11:35
2520260701030004,omiya,2026-07-03,4,◎6 △2 ×5 ○4 ▲3 注1,,,,,1,藤井 優希  山,口,27,125,A1,逃,3.92,90.72,注,2,50.0,66.6,77.7,9,3,,,,,,12:03
2520260701030004,omiya,2026-07-03,4,◎6 △2 ×5 ○4 ▲3 注1,,,,,2,浅沼 聖士  静,岡,44,87,A2,追,3.92,80.85,△,4,0.0,0.0,23.8,0,0,,,,,,12:03
2520260701030004,omiya,2026-07-03,4,◎6 △2 ×5 ○4 ▲3 注1,,,,,3,紫原 政文  福,岡,58,61,A1,追,3.92,87.28,▲,3,0.0,23.8,42.8,0,0,,,,,,12:03
2520260701030004,omiya,2026-07-03,4,◎6 △2 ×5 ○4 ▲3 注1,,,,,4,原井 剣也  福,岡,32,119,A1,逃,3.92,90.85,○,5,33.3,42.8,71.4,2,2,,,,,,12:03
2520260701030004,omiya,2026-07-03,4,◎6 △2 ×5 ○4 ▲3 注1,,,,,5,石田 拓真  愛,知,25,119,A1,逃,3.92,90.25,×,1,43.7,43.7,50.0,4,2,,,,,,12:03
2520260701030004,omiya,2026-07-03,4,◎6 △2 ×5 ○4 ▲3 注1,,,,,6,水澤 秀哉  千,葉,22,127,A2,逃,3.92,78.71,◎,6,80.9,80.9,95.2,15,2,,,,,,12:03
2520260701030004,omiya,2026-07-03,4,◎6 △2 ×5 ○4 ▲3 注1,,,,,7,越智 展孝  愛,媛,44,88,A2,追,3.92,83.85,nan,0,9.5,19.0,28.5,0,0,,,,,,12:03
2520260701030005,omiya,2026-07-03,5,×2 注4 ▲5 ○6 ◎1 △3,,,,,1,山内 卓也  愛,知,49,77,S2,追,3.92,97.56,◎,6,10.0,16.6,23.3,0,0,,,,,,12:31
2520260701030005,omiya,2026-07-03,5,×2 注4 ▲5 ○6 ◎1 △3,,,,,2,佐藤 雅春  宮,城,39,94,S2,追,3.92,101.73,×,1,11.7,11.7,23.5,0,0,,,,,,12:31
2520260701030005,omiya,2026-07-03,5,×2 注4 ▲5 ○6 ◎1 △3,,,,,3,西田 雅志  広,島,48,82,S2,追,3.92,95.58,△,4,4.1,12.5,25.0,0,0,,,,,,12:31
2520260701030005,omiya,2026-07-03,5,×2 注4 ▲5 ○6 ◎1 △3,,,,,4,荻原 尚人  宮,城,42,89,S2,追,3.92,98.03,注,2,7.6,23.0,30.7,0,0,,,,,,12:31
2520260701030005,omiya,2026-07-03,5,×2 注4 ▲5 ○6 ◎1 △3,,,,,5,房州 輝也  福,島,40,91,S2,両,3.92,95.41,▲,3,0.0,2.9,23.5,0,0,,,,,,12:31
2520260701030005,omiya,2026-07-03,5,×2 注4 ▲5 ○6 ◎1 △3,,,,,6,中村 一将  兵,庫,50,86,S2,両,3.92,92.44,○,5,22.2,50.0,61.1,3,4,,,,,,12:31
2520260701030006,omiya,2026-07-03,6,◎1 ○4 ▲6 △2 ×5 注3,,,,,1,熊崎 麻人  埼,玉,26,123,S2,逃,3.92,96.70,◎,6,8.3,20.8,29.1,2,0,,,,,,12:59
2520260701030006,omiya,2026-07-03,6,◎1 ○4 ▲6 △2 ×5 注3,,,,,2,森山 智徳  熊,本,42,98,S2,両,3.92,91.00,△,4,37.5,50.0,58.3,4,4,,,,,,12:59
2520260701030006,omiya,2026-07-03,6,◎1 ○4 ▲6 △2 ×5 注3,,,,,3,大野 悟郎  大,分,46,83,S2,追,3.92,92.76,注,2,0.0,0.0,0.0,0,0,,,,,,12:59
2520260701030006,omiya,2026-07-03,6,◎1 ○4 ▲6 △2 ×5 注3,,,,,4,今井 聡  東,京,38,113,S2,追,3.92,92.38,○,5,47.6,61.9,66.6,1,1,,,,,,12:59
2520260701030006,omiya,2026-07-03,6,◎1 ○4 ▲6 △2 ×5 注3,,,,,5,宮崎 大空  熊,本,27,115,S2,両,3.92,101.81,×,1,11.1,25.9,48.1,0,0,,,,,,12:59
2520260701030006,omiya,2026-07-03,6,◎1 ○4 ▲6 △2 ×5 注3,,,,,6,飯嶋 則之  栃,木,47,81,S2,追,3.92,89.47,▲,3,9.5,23.8,38.0,0,0,,,,,,12:59
2520260701030007,omiya,2026-07-03,7,◎2 ○3 △5 注4 ×1 ▲6,,,,,1,大崎 飛雄馬  愛,媛,47,88,S2,追,3.92,93.38,×,1,28.5,47.6,76.1,0,1,,,,,,13:27
2520260701030007,omiya,2026-07-03,7,◎2 ○3 △5 注4 ×1 ▲6,,,,,2,塩島 嵩一朗,神奈川,26,125,S1,逃,3.92,101.92,◎,6,26.6,33.3,53.3,3,2,,,,,,13:27
2520260701030007,omiya,2026-07-03,7,◎2 ○3 △5 注4 ×1 ▲6,,,,,3,丸山 啓一  静,岡,51,74,S2,追,3.92,100.92,○,5,8.0,24.0,36.0,0,0,,,,,,13:27
2520260701030007,omiya,2026-07-03,7,◎2 ○3 △5 注4 ×1 ▲6,,,,,4,森本 桂太郎  愛,媛,27,121,S2,逃,3.92,94.73,注,2,0.0,21.0,31.5,1,2,,,,,,13:27
2520260701030007,omiya,2026-07-03,7,◎2 ○3 △5 注4 ×1 ▲6,,,,,5,金成 和幸  福,島,47,88,S2,追,3.92,100.32,△,4,3.4,13.7,27.5,0,0,,,,,,13:27
2520260701030007,omiya,2026-07-03,7,◎2 ○3 △5 注4 ×1 ▲6,,,,,6,内山 貴裕  京,都,38,95,S2,追,3.92,90.27,▲,3,16.6,38.8,55.5,1,0,,,,,,13:27
2520260701030008,omiya,2026-07-03,8,◎4 ○1 ▲6 注5 ×2 △3,,,,,1,中村 圭志  熊,本,45,86,S1,追,3.93,108.52,○,5,9.0,31.8,54.5,0,0,,,,,,13:56
2520260701030008,omiya,2026-07-03,8,◎4 ○1 ▲6 注5 ×2 △3,,,,,2,中田 健太  埼,玉,36,99,S2,追,3.85,95.57,注,2,45.0,65.0,90.0,0,0,,,,,,13:56
2520260701030008,omiya,2026-07-03,8,◎4 ○1 ▲6 注5 ×2 △3,,,,,3,板垣 昴,北海道,34,115,S2,逃,3.92,103.56,×,1,21.7,30.4,52.1,2,5,,,,,,13:56
2520260701030008,omiya,2026-07-03,8,◎4 ○1 ▲6 注5 ×2 △3,,,,,4,脇本 勇希  福,井,27,115,S1,逃,3.92,106.28,◎,6,19.0,28.5,38.0,3,3,,,,,,13:56
2520260701030008,omiya,2026-07-03,8,◎4 ○1 ▲6 注5 ×2 △3,,,,,5,橋本 瑠偉  栃,木,31,113,S1,逃,3.92,98.04,▲,3,21.7,26.0,30.4,1,4,,,,,,13:56
2520260701030008,omiya,2026-07-03,8,◎4 ○1 ▲6 注5 ×2 △3,,,,,6,藤田 昌宏  岡,山,51,82,S2,両,3.92,93.12,nan,0,41.6,58.3,70.8,5,4,,,,,,13:56
2520260701030008,omiya,2026-07-03,8,◎4 ○1 ▲6 注5 ×2 △3,,,,,7,菊地 圭尚,北海道,46,89,S2,追,3.92,103.35,△,4,0.0,28.5,35.7,0,0,,,,,,13:56
2520260701030009,omiya,2026-07-03,9,○5 ◎1 △6 ×7 ▲2 注4,,,,,1,武藤 龍生  埼,玉,35,98,S1,追,3.92,112.00,◎,6,10.5,26.3,36.8,0,0,,,,,,14:26
2520260701030009,omiya,2026-07-03,9,○5 ◎1 △6 ×7 ▲2 注4,,,,,2,村上 直久,神奈川,45,95,S2,両,3.92,101.85,▲,3,11.1,29.6,40.7,4,2,,,,,,14:26
2520260701030009,omiya,2026-07-03,9,○5 ◎1 △6 ×7 ▲2 注4,,,,,3,松村 友和  大,阪,46,88,S2,追,3.92,105.37,注,2,12.5,41.6,62.5,0,0,,,,,,14:26
2520260701030009,omiya,2026-07-03,9,○5 ◎1 △6 ×7 ▲2 注4,,,,,4,大石 崇晴  大,阪,33,109,S1,両,3.92,100.46,nan,0,3.8,15.3,30.7,0,3,,,,,,14:26
2520260701030009,omiya,2026-07-03,9,○5 ◎1 △6 ×7 ▲2 注4,,,,,5,川上 隆義  栃,木,25,125,S2,逃,3.92,100.50,○,5,27.7,33.3,50.0,6,0,,,,,,14:26
2520260701030009,omiya,2026-07-03,9,○5 ◎1 △6 ×7 ▲2 注4,,,,,6,柿沼 信也  埼,玉,41,91,S2,追,3.92,98.93,△,4,6.2,25.0,37.5,0,0,,,,,,14:26
2520260701030009,omiya,2026-07-03,9,○5 ◎1 △6 ×7 ▲2 注4,,,,,7,菅原 大也,神奈川,35,107,S1,両,3.92,103.00,×,1,27.5,34.4,44.8,8,2,,,,,,14:26
2520260701030010,omiya,2026-07-03,10,△2 ×3 注7 ◎4 ○1 ▲5,,,,,1,佐々木 和紀,神奈川,29,117,S2,追,3.92,100.78,○,5,0.0,13.0,30.4,0,0,,,,,,14:56
2520260701030010,omiya,2026-07-03,10,△2 ×3 注7 ◎4 ○1 ▲5,,,,,2,月森 亮輔  岡,山,34,101,S2,両,3.92,99.18,△,4,9.0,31.8,40.9,3,1,,,,,,14:56
2520260701030010,omiya,2026-07-03,10,△2 ×3 注7 ◎4 ○1 ▲5,,,,,3,柏野 智典  岡,山,48,88,S1,追,3.92,110.73,×,1,17.2,31.0,55.1,0,0,,,,,,14:56
2520260701030010,omiya,2026-07-03,10,△2 ×3 注7 ◎4 ○1 ▲5,,,,,4,渡邉 雅也  静,岡,25,117,S1,両,3.92,111.48,◎,6,40.0,52.0,68.0,0,7,,,,,,14:56
2520260701030010,omiya,2026-07-03,10,△2 ×3 注7 ◎4 ○1 ▲5,,,,,5,福田 知也,神奈川,43,88,S1,追,3.92,97.69,▲,3,7.4,18.5,33.3,0,1,,,,,,14:56
2520260701030010,omiya,2026-07-03,10,△2 ×3 注7 ◎4 ○1 ▲5,,,,,6,佐伯 翔  福,島,39,97,S2,追,3.92,97.00,nan,0,0.0,20.0,30.0,0,0,,,,,,14:56
2520260701030010,omiya,2026-07-03,10,△2 ×3 注7 ◎4 ○1 ▲5,,,,,7,高津 晃治  岡,山,46,87,S2,追,3.92,98.57,注,2,11.1,18.5,33.3,0,0,,,,,,14:56
2520260701030011,omiya,2026-07-03,11,◎1 ○7 △2 ×6 ▲3 注4,,,,,1,齊藤 英伊須  青,森,22,125,A1,逃,3.92,92.88,◎,6,37.0,70.3,81.4,15,3,,,,,,15:27
2520260701030011,omiya,2026-07-03,11,◎1 ○7 △2 ×6 ▲3 注4,,,,,2,西村 剛  新,潟,26,125,A1,逃,3.92,87.22,△,4,22.7,36.3,50.0,6,2,,,,,,15:27
2520260701030011,omiya,2026-07-03,11,◎1 ○7 △2 ×6 ▲3 注4,,,,,3,村田 瑞季  京,都,29,117,A1,逃,3.92,92.90,×,1,28.5,47.6,61.9,4,4,,,,,,15:27
2520260701030011,omiya,2026-07-03,11,◎1 ○7 △2 ×6 ▲3 注4,,,,,4,奥谷 広巳  兵,庫,49,78,A2,追,3.92,84.50,▲,3,8.3,25.0,33.3,0,0,,,,,,15:27
2520260701030011,omiya,2026-07-03,11,◎1 ○7 △2 ×6 ▲3 注4,,,,,5,入江 航太  熊,本,24,119,A2,逃,3.92,87.94,注,2,22.2,44.4,66.6,2,2,,,,,,15:27
2520260701030011,omiya,2026-07-03,11,◎1 ○7 △2 ×6 ▲3 注4,,,,,6,佐藤 謙  栃,木,40,90,A2,追,3.92,82.96,nan,0,3.8,15.3,26.9,0,0,,,,,,15:27
2520260701030011,omiya,2026-07-03,11,◎1 ○7 △2 ×6 ▲3 注4,,,,,7,保科 千春  宮,城,34,100,A1,追,3.92,95.66,○,5,0.0,6.8,20.6,0,0,,,,,,15:27
2520260701030012,omiya,2026-07-03,12,注1 ◎7 ○2 △5 ×3 ▲6,,,,,1,長島 大介  栃,木,37,96,S1,両,3.92,108.80,注,2,24.0,32.0,44.0,0,1,,,,,,15:58
2520260701030012,omiya,2026-07-03,12,注1 ◎7 ○2 △5 ×3 ▲6,,,,,2,村上 博幸  京,都,47,86,S1,追,3.92,109.00,○,5,0.0,11.7,29.4,0,0,,,,,,15:58
2520260701030012,omiya,2026-07-03,12,注1 ◎7 ○2 △5 ×3 ▲6,,,,,3,佐藤 友和  岩,手,43,88,S1,両,3.92,109.16,×,1,22.2,27.7,33.3,0,0,,,,,,15:58
2520260701030012,omiya,2026-07-03,12,注1 ◎7 ○2 △5 ×3 ▲6,,,,,4,山口 富生  岐,阜,56,68,S1,追,3.93,104.53,▲,3,0.0,15.3,46.1,0,0,,,,,,15:58
2520260701030012,omiya,2026-07-03,12,注1 ◎7 ○2 △5 ×3 ▲6,,,,,5,嵯峨 昇喜郎  青,森,27,113,S1,両,3.92,108.27,△,4,12.5,37.5,45.8,2,5,,,,,,15:58
2520260701030012,omiya,2026-07-03,12,注1 ◎7 ○2 △5 ×3 ▲6,,,,,6,棚瀬 義大  岐,阜,26,123,S2,逃,3.92,102.80,nan,0,10.0,35.0,55.0,6,1,,,,,,15:58
2520260701030012,omiya,2026-07-03,12,注1 ◎7 ○2 △5 ×3 ▲6,,,,,7,福永 大智  大,阪,28,113,S2,逃,3.92,108.86,◎,6,18.1,40.9,63.6,1,4,,,,,,15:58
3120260701030001,matsudo,2026-07-03,1,,,,,,1,小原 亮哉  大,分,36,113,A1,追,3.92,87.29,nan,0,22.2,40.7,55.5,0,1,,,,,,20:36
3120260701030001,matsudo,2026-07-03,1,,,,,,2,滝山 実  徳,島,48,84,A2,追,3.92,84.28,nan,0,0.0,23.8,28.5,0,0,,,,,,20:36
3120260701030001,matsudo,2026-07-03,1,,,,,,3,長沼 謙太  東,京,37,99,A1,追,3.92,83.50,nan,0,27.7,38.8,50.0,0,0,,,,,,20:36
3120260701030001,matsudo,2026-07-03,1,,,,,,4,野村 純宏,神奈川,49,82,A2,追,3.92,82.83,nan,0,8.3,20.8,33.3,0,0,,,,,,20:36
3120260701030001,matsudo,2026-07-03,1,,,,,,5,渡辺 聖,神奈川,40,100,A2,追,3.92,81.00,nan,0,0.0,0.0,0.0,0,0,,,,,,20:36
3120260701030001,matsudo,2026-07-03,1,,,,,,6,樋口 絢土  東,京,38,96,A2,追,3.92,74.75,nan,0,33.3,45.8,66.6,0,0,,,,,,20:36
3120260701030001,matsudo,2026-07-03,1,,,,,,7,高鍋 邦彰  福,岡,39,95,A2,両,3.92,72.93,nan,0,23.3,43.3,50.0,7,4,,,,,,20:36
3120260701030002,matsudo,2026-07-03,2,,,,,,1,堀 政美  茨,城,57,65,A2,追,3.93,85.66,nan,0,4.7,19.0,47.6,0,0,,,,,,21:00
3120260701030002,matsudo,2026-07-03,2,,,,,,2,神山 尚  栃,木,35,109,A1,両,3.92,83.70,nan,0,18.5,22.2,44.4,1,1,,,,,,21:00
3120260701030002,matsudo,2026-07-03,2,,,,,,3,上野 真吾,神奈川,39,93,A1,追,3.93,83.20,nan,0,10.0,40.0,50.0,0,0,,,,,,21:00
3120260701030002,matsudo,2026-07-03,2,,,,,,4,小川 圭二  徳,島,55,68,A1,追,3.92,82.05,nan,0,5.5,11.1,27.7,0,0,,,,,,21:00
3120260701030002,matsudo,2026-07-03,2,,,,,,5,佐野 恭太  静,岡,46,94,A2,両,3.92,81.96,nan,0,0.0,18.5,37.0,0,1,,,,,,21:00
3120260701030002,matsudo,2026-07-03,2,,,,,,6,吉良 勝信  福,岡,52,75,A2,追,3.93,80.90,nan,0,5.0,15.0,25.0,0,0,,,,,,21:00
3120260701030002,matsudo,2026-07-03,2,,,,,,7,岩橋 則明  埼,玉,54,78,A2,追,3.92,80.75,nan,0,0.0,0.0,33.3,0,0,,,,,,21:00
3120260701030003,matsudo,2026-07-03,3,,,,,,1,坂本 拓也  福,島,40,111,A1,両,3.92,86.81,nan,0,31.8,31.8,59.0,0,2,,,,,,21:24
3120260701030003,matsudo,2026-07-03,3,,,,,,2,吉成 貴博  熊,本,38,97,A2,追,3.92,82.26,nan,0,4.3,17.3,39.1,0,1,,,,,,21:24
3120260701030003,matsudo,2026-07-03,3,,,,,,3,河上 陽一  千,葉,50,99,A2,両,3.92,82.04,nan,0,0.0,9.5,33.3,0,0,,,,,,21:24
3120260701030003,matsudo,2026-07-03,3,,,,,,4,小山 峻汰  熊,本,26,125,A2,逃,3.92,81.14,nan,0,4.7,14.2,28.5,1,1,,,,,,21:24
3120260701030003,matsudo,2026-07-03,3,,,,,,5,佐藤 清之  千,葉,43,93,A2,追,3.92,80.75,nan,0,12.5,12.5,20.8,0,2,,,,,,21:24
3120260701030003,matsudo,2026-07-03,3,,,,,,6,城戸崎 隆史  福,岡,53,76,A2,両,3.92,80.43,nan,0,0.0,8.6,21.7,0,0,,,,,,21:24
3120260701030003,matsudo,2026-07-03,3,,,,,,7,甲斐下 智  広,島,57,64,A2,追,3.92,65.96,nan,0,0.0,0.0,21.4,0,0,,,,,,21:24
3120260701030004,matsudo,2026-07-03,4,,,,,,1,泉 文人  福,島,35,99,A2,両,3.92,91.42,nan,0,28.5,42.8,57.1,1,3,,,,,,21:48
3120260701030004,matsudo,2026-07-03,4,,,,,,2,高橋 秀吉  秋,田,43,88,A1,追,3.92,88.46,nan,0,26.6,26.6,53.3,0,0,,,,,,21:48
3120260701030004,matsudo,2026-07-03,4,,,,,,3,渋谷 錬,神奈川,35,103,A1,追,3.92,85.20,nan,0,20.8,25.0,45.8,0,0,,,,,,21:48
3120260701030004,matsudo,2026-07-03,4,,,,,,4,橋本 陸  福,岡,29,121,A1,逃,3.93,84.66,nan,0,12.5,25.0,41.6,4,2,,,,,,21:48
3120260701030004,matsudo,2026-07-03,4,,,,,,5,大西 健士,神奈川,45,88,A2,追,3.93,83.75,nan,0,0.0,8.3,41.6,0,0,,,,,,21:48
3120260701030004,matsudo,2026-07-03,4,,,,,,6,萱島 大介  大,分,46,99,A2,追,3.93,83.38,nan,0,9.5,28.5,38.0,0,1,,,,,,21:48
3120260701030004,matsudo,2026-07-03,4,,,,,,7,坂木田 雄介  千,葉,52,78,A2,逃,3.92,81.25,nan,0,4.1,20.8,37.5,4,1,,,,,,21:48
3120260701030005,matsudo,2026-07-03,5,,,,,,1,諸隈 健太郎  高,知,25,127,A2,逃,3.92,91.66,nan,0,38.8,66.6,72.2,10,1,,,,,,22:13
3120260701030005,matsudo,2026-07-03,5,,,,,,2,篠原 龍馬  高,知,44,89,A1,両,3.92,90.80,nan,0,28.5,47.6,57.1,3,3,,,,,,22:13
3120260701030005,matsudo,2026-07-03,5,,,,,,3,中島 淳  埼,玉,26,125,A2,逃,3.85,88.75,nan,0,23.5,35.2,58.8,4,2,,,,,,22:13
3120260701030005,matsudo,2026-07-03,5,,,,,,4,山田 義彦  埼,玉,40,92,A1,両,3.92,86.30,nan,0,6.6,20.0,33.3,0,1,,,,,,22:13
3120260701030005,matsudo,2026-07-03,5,,,,,,5,吉竹 尚城  静,岡,33,109,A1,逃,3.92,85.95,nan,0,37.5,45.8,54.1,5,5,,,,,,22:13
3120260701030005,matsudo,2026-07-03,5,,,,,,6,山崎 敦雄  静,岡,53,70,A1,追,3.85,85.58,nan,0,5.8,17.6,35.2,0,0,,,,,,22:13
3120260701030005,matsudo,2026-07-03,5,,,,,,7,秋葉 大輔  東,京,44,90,A2,追,3.92,85.50,nan,0,4.1,20.8,45.8,0,0,,,,,,22:13
3120260701030006,matsudo,2026-07-03,6,,,,,,1,細中 翔太  岡,山,27,125,A1,逃,3.92,91.88,nan,0,41.1,58.8,82.3,8,2,,,,,,22:40
3120260701030006,matsudo,2026-07-03,6,,,,,,2,阿部 架惟都  宮,城,27,115,A1,逃,3.92,89.44,nan,0,27.7,50.0,72.2,6,3,,,,,,22:40
3120260701030006,matsudo,2026-07-03,6,,,,,,3,台 和紀  埼,玉,49,83,A1,追,3.92,87.50,nan,0,25.0,33.3,50.0,0,0,,,,,,22:40
3120260701030006,matsudo,2026-07-03,6,,,,,,4,山口 慎吾,北海道,43,93,A2,追,3.92,83.73,nan,0,4.3,17.3,47.8,0,0,,,,,,22:40
3120260701030006,matsudo,2026-07-03,6,,,,,,5,助川 翔太郎  埼,玉,29,123,A1,逃,3.85,83.66,nan,0,16.6,25.0,50.0,1,1,,,,,,22:40
3120260701030006,matsudo,2026-07-03,6,,,,,,6,吉野 太晟  岡,山,24,127,A2,逃,3.92,82.20,nan,0,58.3,70.8,79.1,14,3,,,,,,22:40
3120260701030006,matsudo,2026-07-03,6,,,,,,7,神開 将暢  福,岡,53,69,A2,追,3.92,75.66,nan,0,5.5,61.1,72.2,0,0,,,,,,22:40
3120260701030007,matsudo,2026-07-03,7,,,,,,1,中島 将尊  東,京,31,105,A1,両,3.85,96.20,nan,0,12.5,18.7,37.5,0,0,,,,,,23:07
3120260701030007,matsudo,2026-07-03,7,,,,,,2,坪内 恒  千,葉,34,123,A1,逃,3.92,92.66,nan,0,33.3,50.0,58.3,3,9,,,,,,23:07
3120260701030007,matsudo,2026-07-03,7,,,,,,3,三澤 康人  宮,城,41,91,A1,追,3.92,92.41,nan,0,8.3,33.3,41.6,0,0,,,,,,23:07
3120260701030007,matsudo,2026-07-03,7,,,,,,4,久樹 克門  徳,島,34,113,A1,逃,3.92,92.26,nan,0,29.1,50.0,54.1,0,3,,,,,,23:07
3120260701030007,matsudo,2026-07-03,7,,,,,,5,松澤 敬輔,北海道,38,97,A1,両,3.92,90.58,nan,0,16.6,66.6,75.0,0,3,,,,,,23:07
3120260701030007,matsudo,2026-07-03,7,,,,,,6,大瀬戸 潤一郎  広,島,44,95,A1,追,3.92,88.47,nan,0,22.7,36.3,59.0,0,0,,,,,,23:07
3120260701030007,matsudo,2026-07-03,7,,,,,,7,本多 哲也  千,葉,38,97,A1,両,3.92,88.08,nan,0,20.8,37.5,66.6,1,6,,,,,,23:07
5320260701030001,nara,2026-07-03,1,○2 ◎5 △7 ▲3 ×4 注6,,,,,1,太田 真一  埼,玉,50,75,A2,追,3.92,78.76,注,2,0.0,4.7,9.5,0,0,,,,,,08:25
5320260701030001,nara,2026-07-03,1,○2 ◎5 △7 ▲3 ×4 注6,,,,,2,溝口 葵  三,重,33,117,A1,逃,3.92,86.79,○,5,12.5,20.8,37.5,5,0,,,,,,08:25
5320260701030001,nara,2026-07-03,1,○2 ◎5 △7 ▲3 ×4 注6,,,,,3,坂本 毅  岩,手,54,77,A2,追,3.92,80.33,▲,3,0.0,5.5,16.6,0,0,,,,,,08:25
5320260701030001,nara,2026-07-03,1,○2 ◎5 △7 ▲3 ×4 注6,,,,,4,宇佐見 裕輝  福,島,41,94,A1,両,3.92,79.33,nan,0,11.1,11.1,11.1,0,1,,,,,,08:25
5320260701030001,nara,2026-07-03,1,○2 ◎5 △7 ▲3 ×4 注6,,,,,5,大庭 正紀  富,山,56,70,A1,追,3.92,86.90,◎,6,9.5,23.8,42.8,0,0,,,,,,08:25
5320260701030001,nara,2026-07-03,1,○2 ◎5 △7 ▲3 ×4 注6,,,,,6,五輪 拓巳  東,京,27,127,A2,逃,3.92,73.38,×,1,27.7,38.8,50.0,5,1,,,,,,08:25
5320260701030001,nara,2026-07-03,1,○2 ◎5 △7 ▲3 ×4 注6,,,,,7,河村 章憲  京,都,49,83,A2,追,3.92,81.55,△,4,0.0,11.1,25.9,0,0,,,,,,08:25
5320260701030002,nara,2026-07-03,2,◎3 ○5 △1 注7 ▲2 ×4,,,,,1,大利 航平,和歌山,34,109,A1,両,3.92,82.58,△,4,0.0,23.0,30.7,0,1,,,,,,08:45
5320260701030002,nara,2026-07-03,2,◎3 ○5 △1 注7 ▲2 ×4,,,,,2,井田 晶之  三,重,35,113,A2,両,3.92,82.29,▲,3,0.0,8.0,24.0,2,0,,,,,,08:45
5320260701030002,nara,2026-07-03,2,◎3 ○5 △1 注7 ▲2 ×4,,,,,3,高本 和也,神奈川,29,121,A1,逃,3.92,92.16,◎,6,16.6,33.3,61.1,2,3,,,,,,08:45
5320260701030002,nara,2026-07-03,2,◎3 ○5 △1 注7 ▲2 ×4,,,,,4,野崎 翼  岐,阜,28,121,A2,両,3.92,83.22,×,1,13.6,27.2,31.8,3,2,,,,,,08:45
5320260701030002,nara,2026-07-03,2,◎3 ○5 △1 注7 ▲2 ×4,,,,,5,亀井 久幸  千,葉,44,95,A2,追,3.92,79.33,○,5,0.0,0.0,15.3,0,0,,,,,,08:45
5320260701030002,nara,2026-07-03,2,◎3 ○5 △1 注7 ▲2 ×4,,,,,6,三浦 靖  岐,阜,61,53,A2,追,3.92,78.35,nan,0,0.0,6.6,20.0,0,0,,,,,,08:45
5320260701030002,nara,2026-07-03,2,◎3 ○5 △1 注7 ▲2 ×4,,,,,7,堺 文人,和歌山,47,85,A2,追,3.92,82.63,注,2,13.6,18.1,36.3,0,0,,,,,,08:45
5320260701030003,nara,2026-07-03,3,○5 ◎4 ×1 注2 △7 ▲3,,,,,1,佐藤 亙  愛,知,46,85,A1,追,3.92,89.14,×,1,25.9,37.0,66.6,0,0,,,,,,09:06
5320260701030003,nara,2026-07-03,3,○5 ◎4 ×1 注2 △7 ▲3,,,,,2,近藤 寛央  東,京,39,97,A2,追,3.92,83.52,注,2,0.0,9.5,23.8,0,0,,,,,,09:06
5320260701030003,nara,2026-07-03,3,○5 ◎4 ×1 注2 △7 ▲3,,,,,3,荻野 哲,神奈川,52,75,A2,追,3.92,83.75,▲,3,0.0,23.8,38.0,0,0,,,,,,09:06
5320260701030003,nara,2026-07-03,3,○5 ◎4 ×1 注2 △7 ▲3,,,,,4,鈴木 幸紀  三,重,50,78,A1,追,3.92,92.54,◎,6,0.0,5.7,8.5,0,0,,,,,,09:06
5320260701030003,nara,2026-07-03,3,○5 ◎4 ×1 注2 △7 ▲3,,,,,5,伊藤 歩登  兵,庫,27,113,A2,逃,3.92,85.79,○,5,25.0,50.0,62.5,8,3,,,,,,09:06
5320260701030003,nara,2026-07-03,3,○5 ◎4 ×1 注2 △7 ▲3,,,,,6,金子 兼久  宮,城,48,81,A2,追,3.92,79.00,nan,0,0.0,7.6,7.6,0,0,,,,,,09:06
5320260701030003,nara,2026-07-03,3,○5 ◎4 ×1 注2 △7 ▲3,,,,,7,土屋 仁  茨,城,51,84,A1,追,3.92,86.16,△,4,16.6,33.3,54.1,0,0,,,,,,09:06
5320260701030004,nara,2026-07-03,4,○7 ◎1 △5 ▲2 ×3 注4,,,,,1,岡本 英之  千,葉,47,85,A1,追,3.93,91.11,◎,6,11.1,33.3,33.3,0,0,,,,,,09:27
5320260701030004,nara,2026-07-03,4,○7 ◎1 △5 ▲2 ×3 注4,,,,,2,市村 昌樹  兵,庫,35,103,A1,両,3.92,81.35,▲,3,5.5,11.1,22.2,0,1,,,,,,09:27
5320260701030004,nara,2026-07-03,4,○7 ◎1 △5 ▲2 ×3 注4,,,,,3,伊藤 健詞  石,川,56,68,A2,追,3.92,87.57,×,1,4.7,28.5,42.8,0,0,,,,,,09:27
5320260701030004,nara,2026-07-03,4,○7 ◎1 △5 ▲2 ×3 注4,,,,,4,堀 僚介  大,阪,31,109,A2,逃,3.92,81.56,注,2,16.6,16.6,29.1,0,2,,,,,,09:27
5320260701030004,nara,2026-07-03,4,○7 ◎1 △5 ▲2 ×3 注4,,,,,5,疋田 敏  愛,知,58,59,A2,追,3.92,84.09,△,4,4.7,19.0,38.0,0,1,,,,,,09:27
5320260701030004,nara,2026-07-03,4,○7 ◎1 △5 ▲2 ×3 注4,,,,,6,有馬 雄二  奈,良,44,90,A2,追,3.92,79.26,nan,0,4.3,8.6,13.0,0,0,,,,,,09:27
5320260701030004,nara,2026-07-03,4,○7 ◎1 △5 ▲2 ×3 注4,,,,,7,貝原 涼太  栃,木,28,125,A1,逃,3.92,87.95,○,5,12.5,33.3,62.5,4,3,,,,,,09:27
5320260701030005,nara,2026-07-03,5,△1 ×2 ▲5 ◎3 注4 ○7,,,,,1,浦部 郁里  千,葉,39,102,L1,追,3.77,46.76,△,4,0.0,0.0,12.0,0,0,,,,,,09:48
5320260701030005,nara,2026-07-03,5,△1 ×2 ▲5 ◎3 注4 ○7,,,,,2,梶原 百香  福,岡,29,114,L1,両,3.77,48.20,×,1,0.0,12.5,25.0,0,0,,,,,,09:48
5320260701030005,nara,2026-07-03,5,△1 ×2 ▲5 ◎3 注4 ○7,,,,,3,田中 月菜  佐,賀,25,118,L1,両,3.77,50.88,◎,6,0.0,11.1,44.4,0,0,,,,,,09:48
5320260701030005,nara,2026-07-03,5,△1 ×2 ▲5 ◎3 注4 ○7,,,,,4,橋本 のこ  愛,知,21,128,L1,両,3.77,45.59,nan,0,0.0,0.0,7.4,0,0,,,,,,09:48
5320260701030005,nara,2026-07-03,5,△1 ×2 ▲5 ◎3 注4 ○7,,,,,5,今西 瑠花  大,阪,23,128,L1,両,3.77,45.18,▲,3,0.0,0.0,0.0,0,0,,,,,,09:48
5320260701030005,nara,2026-07-03,5,△1 ×2 ▲5 ◎3 注4 ○7,,,,,6,宮西 令奈  石,川,25,124,L1,両,3.69,50.38,○,5,0.0,27.7,38.8,0,0,,,,,,09:48
5320260701030005,nara,2026-07-03,5,△1 ×2 ▲5 ◎3 注4 ○7,,,,,7,佐伯 智恵  愛,媛,27,114,L1,両,3.77,46.79,注,2,0.0,8.3,12.5,0,0,,,,,,09:48
5320260701030006,nara,2026-07-03,6,×3 ◎1 △2 ○5 ▲4 注7,,,,,1,吉川 美穂,和歌山,33,120,L1,両,3.79,56.83,◎,6,62.5,75.0,87.5,2,8,,,,,,10:09
5320260701030006,nara,2026-07-03,6,×3 ◎1 △2 ○5 ▲4 注7,,,,,2,永禮 美瑠  愛,知,26,118,L1,両,3.77,52.76,△,4,15.3,42.3,65.3,1,5,,,,,,10:09
5320260701030006,nara,2026-07-03,6,×3 ◎1 △2 ○5 ▲4 注7,,,,,3,五味田 奈穂  千,葉,28,124,L1,逃,3.71,53.76,×,1,28.5,42.8,61.9,3,5,,,,,,10:09
5320260701030006,nara,2026-07-03,6,×3 ◎1 △2 ○5 ▲4 注7,,,,,4,蛯原 杏奈,北海道,26,120,L1,追,3.77,49.83,nan,0,6.6,13.3,40.0,0,0,,,,,,10:09
5320260701030006,nara,2026-07-03,6,×3 ◎1 △2 ○5 ▲4 注7,,,,,5,小林 莉子  東,京,33,102,L1,両,3.77,56.41,○,5,45.8,66.6,87.5,0,3,,,,,,10:09
5320260701030006,nara,2026-07-03,6,×3 ◎1 △2 ○5 ▲4 注7,,,,,6,村田 奈穂  熊,本,34,116,L1,両,3.77,53.75,注,2,24.0,48.0,60.0,0,8,,,,,,10:09
5320260701030006,nara,2026-07-03,6,×3 ◎1 △2 ○5 ▲4 注7,,,,,7,高木 佑真,神奈川,27,116,L1,両,3.79,50.68,▲,3,5.0,20.0,50.0,0,2,,,,,,10:09
5320260701030007,nara,2026-07-03,7,×5 ○1 ◎4 注7 △2 ▲3,,,,,1,野口 正則  奈,良,35,105,A1,両,3.92,94.66,nan,0,9.0,13.6,22.7,0,0,,,,,,10:30
5320260701030007,nara,2026-07-03,7,×5 ○1 ◎4 注7 △2 ▲3,,,,,2,安部 達也  埼,玉,48,83,A1,追,3.92,90.40,注,2,6.6,26.6,53.3,0,0,,,,,,10:30
5320260701030007,nara,2026-07-03,7,×5 ○1 ◎4 注7 △2 ▲3,,,,,3,平根 優大  福,島,22,125,A2,逃,3.92,93.77,△,4,77.7,77.7,88.8,3,4,,,,,,10:30
5320260701030007,nara,2026-07-03,7,×5 ○1 ◎4 注7 △2 ▲3,,,,,4,菊地 圭  宮,城,25,123,A1,逃,3.92,92.57,○,5,19.0,38.0,61.9,4,4,,,,,,10:30
5320260701030007,nara,2026-07-03,7,×5 ○1 ◎4 注7 △2 ▲3,,,,,5,林 敬宏  愛,知,34,117,A1,逃,3.92,97.78,×,1,7.1,14.2,25.0,0,3,,,,,,10:30
5320260701030007,nara,2026-07-03,7,×5 ○1 ◎4 注7 △2 ▲3,,,,,6,武田 憲祐,神奈川,43,93,A1,追,3.92,84.19,▲,3,3.8,19.2,50.0,0,0,,,,,,10:30
5320260701030007,nara,2026-07-03,7,×5 ○1 ◎4 注7 △2 ▲3,,,,,7,高塩 讓次  栃,木,42,90,A1,追,3.92,99.08,◎,6,0.0,17.3,43.4,0,0,,,,,,10:30
7320260702020001,komatsushima,2026-07-03,1,◎7 ○1 注8 ×2 ▲9 △5,,,,,1,尾形 鉄馬  宮,城,36,107,S2,追,3.92,99.95,○,5,5.0,20.0,40.0,0,0,,,,,,10:53
7320260702020001,komatsushima,2026-07-03,1,◎7 ○1 注8 ×2 ▲9 △5,,,,,2,梶原 海斗  福,岡,26,123,S1,逃,3.93,97.40,注,2,10.0,30.0,40.0,2,1,,,,,,10:53
7320260702020001,komatsushima,2026-07-03,1,◎7 ○1 注8 ×2 ▲9 △5,,,,,3,水谷 好宏  大,阪,43,93,S2,両,3.92,95.58,△,4,11.1,27.7,27.7,0,0,,,,,,10:53
7320260702020001,komatsushima,2026-07-03,1,◎7 ○1 注8 ×2 ▲9 △5,,,,,4,西岡 利起  奈,良,25,125,S2,逃,3.93,93.90,▲,3,47.6,80.9,95.2,13,2,,,,,,10:53
7320260702020001,komatsushima,2026-07-03,1,◎7 ○1 注8 ×2 ▲9 △5,,,,,5,花田 将司  千,葉,39,99,S2,両,3.92,94.74,nan,0,0.0,3.7,14.8,0,0,,,,,,10:53
7320260702020001,komatsushima,2026-07-03,1,◎7 ○1 注8 ×2 ▲9 △5,,,,,6,稲葉 一真  静,岡,36,100,S2,追,3.92,88.30,nan,0,14.2,19.0,47.6,0,0,,,,,,10:53
7320260702020001,komatsushima,2026-07-03,1,◎7 ○1 注8 ×2 ▲9 △5,,,,,7,藤根 俊貴  岩,手,31,113,S2,逃,3.92,97.64,◎,6,11.7,23.5,35.2,0,2,,,,,,10:53
7320260702020001,komatsushima,2026-07-03,1,◎7 ○1 注8 ×2 ▲9 △5,,,,,8,佐藤 康紀  青,森,51,73,S2,追,3.92,93.33,nan,0,0.0,0.0,4.5,0,0,,,,,,10:53
7320260702020001,komatsushima,2026-07-03,1,◎7 ○1 注8 ×2 ▲9 △5,,,,,9,佐々木 翔一  佐,賀,39,93,S2,両,3.92,99.47,×,1,9.5,14.2,28.5,0,0,,,,,,10:53
7320260702020002,komatsushima,2026-07-03,2,注5 △8 ▲1 ×6 ◎2 ○4,,,,,1,竹内 雄作  岐,阜,38,99,S2,逃,3.92,98.48,注,2,7.6,15.3,30.7,1,3,,,,,,11:21
7320260702020002,komatsushima,2026-07-03,2,注5 △8 ▲1 ×6 ◎2 ○4,,,,,2,保田 浩輔  岡,山,26,123,S2,逃,3.93,91.88,△,4,38.8,50.0,55.5,3,6,,,,,,11:21
7320260702020002,komatsushima,2026-07-03,2,注5 △8 ▲1 ×6 ◎2 ○4,,,,,3,三浦 翔大  宮,城,36,98,S2,追,3.92,99.15,○,5,11.5,23.0,34.6,0,0,,,,,,11:21
7320260702020002,komatsushima,2026-07-03,2,注5 △8 ▲1 ×6 ◎2 ○4,,,,,4,三ツ石 康洋  徳,島,45,86,S2,両,3.92,91.72,▲,3,11.1,38.8,55.5,0,1,,,,,,11:21
7320260702020002,komatsushima,2026-07-03,2,注5 △8 ▲1 ×6 ◎2 ○4,,,,,5,植原 琢也  埼,玉,32,113,S2,逃,3.92,94.00,nan,0,8.0,8.0,16.0,0,0,,,,,,11:21
7320260702020002,komatsushima,2026-07-03,2,注5 △8 ▲1 ×6 ◎2 ○4,,,,,6,竹澤 浩司  富,山,45,90,S2,両,3.92,88.20,nan,0,30.0,45.0,45.0,2,5,,,,,,11:21
7320260702020002,komatsushima,2026-07-03,2,注5 △8 ▲1 ×6 ◎2 ○4,,,,,7,立花 昌也  青,森,27,123,S2,逃,3.92,97.80,×,1,14.2,28.5,28.5,3,3,,,,,,11:21
7320260702020002,komatsushima,2026-07-03,2,注5 △8 ▲1 ×6 ◎2 ○4,,,,,8,吉田 勇人  埼,玉,47,86,S2,追,3.92,91.50,nan,0,5.0,30.0,55.0,0,0,,,,,,11:21
7320260702020002,komatsushima,2026-07-03,2,注5 △8 ▲1 ×6 ◎2 ○4,,,,,9,中田 雄喜  福,島,39,97,S2,追,3.92,102.71,◎,6,14.2,35.7,60.7,0,0,,,,,,11:21
7320260702020003,komatsushima,2026-07-03,3,注4 ▲1 ◎5 ○2 △6 ×3,,,,,1,山本 巨樹  大,阪,35,100,S2,追,3.92,95.50,▲,3,0.0,3.8,30.7,0,0,,,,,,11:49
7320260702020003,komatsushima,2026-07-03,3,注4 ▲1 ◎5 ○2 △6 ×3,,,,,2,藤岡 隆治  徳,島,50,98,S2,追,3.93,98.30,○,5,15.3,26.9,34.6,0,0,,,,,,11:49
7320260702020003,komatsushima,2026-07-03,3,注4 ▲1 ◎5 ○2 △6 ×3,,,,,3,渡邉 壘  新,潟,23,125,S2,逃,3.92,94.73,△,4,40.0,66.6,73.3,7,2,,,,,,11:49
7320260702020003,komatsushima,2026-07-03,3,注4 ▲1 ◎5 ○2 △6 ×3,,,,,4,張野 幸聖,和歌山,26,115,S2,逃,3.92,92.61,注,2,40.0,50.0,50.0,2,6,,,,,,11:49
7320260702020003,komatsushima,2026-07-03,3,注4 ▲1 ◎5 ○2 △6 ×3,,,,,5,外田 心斗  愛,媛,27,115,S2,逃,3.92,101.00,◎,6,20.0,40.0,60.0,2,4,,,,,,11:49
7320260702020003,komatsushima,2026-07-03,3,注4 ▲1 ◎5 ○2 △6 ×3,,,,,6,前反 祐一郎  広,島,52,81,S2,追,3.92,90.80,nan,0,20.0,33.3,60.0,0,0,,,,,,11:49
7320260702020003,komatsushima,2026-07-03,3,注4 ▲1 ◎5 ○2 △6 ×3,,,,,7,松本 憲斗  熊,本,29,119,S2,逃,3.92,92.92,nan,0,21.4,42.8,57.1,1,4,,,,,,11:49
7320260702020003,komatsushima,2026-07-03,3,注4 ▲1 ◎5 ○2 △6 ×3,,,,,8,佐藤 健太  福,岡,38,101,S2,追,3.92,91.61,nan,0,11.1,33.3,61.1,0,0,,,,,,11:49
7320260702020003,komatsushima,2026-07-03,3,注4 ▲1 ◎5 ○2 △6 ×3,,,,,9,福田 滉  栃,木,26,115,S2,追,3.92,99.30,×,1,7.1,14.2,35.7,0,0,,,,,,11:49
7320260702020004,komatsushima,2026-07-03,4,▲4 ×1 ◎6 ○2 △9 注5,,,,,1,鶴 良生  福,岡,31,111,S2,逃,3.92,92.33,×,1,27.7,55.5,61.1,3,4,,,,,,12:17
7320260702020004,komatsushima,2026-07-03,4,▲4 ×1 ◎6 ○2 △9 注5,,,,,2,久田 裕也  徳,島,26,117,S2,逃,3.92,104.40,◎,6,20.0,50.0,60.0,3,6,,,,,,12:17
7320260702020004,komatsushima,2026-07-03,4,▲4 ×1 ◎6 ○2 △9 注5,,,,,3,真崎 新太郎  栃,木,47,85,S2,追,3.92,97.86,注,2,4.3,17.3,34.7,0,0,,,,,,12:17
7320260702020004,komatsushima,2026-07-03,4,▲4 ×1 ◎6 ○2 △9 注5,,,,,4,小柳 智徳  長,崎,28,123,S2,逃,3.92,91.00,▲,3,40.0,46.6,53.3,2,5,,,,,,12:17
7320260702020004,komatsushima,2026-07-03,4,▲4 ×1 ◎6 ○2 △9 注5,,,,,5,溪 飛雄馬  愛,媛,47,86,S2,追,3.92,91.79,nan,0,4.1,29.1,50.0,0,0,,,,,,12:17
7320260702020004,komatsushima,2026-07-03,4,▲4 ×1 ◎6 ○2 △9 注5,,,,,6,高木 竜司  熊,本,50,82,S2,追,3.92,85.38,nan,0,19.0,38.0,47.6,0,0,,,,,,12:17
7320260702020004,komatsushima,2026-07-03,4,▲4 ×1 ◎6 ○2 △9 注5,,,,,7,吉田 昌司  茨,城,28,111,S2,逃,3.92,94.66,△,4,42.8,71.4,76.1,4,6,,,,,,12:17
7320260702020004,komatsushima,2026-07-03,4,▲4 ×1 ◎6 ○2 △9 注5,,,,,8,内田 玄希  東,京,45,94,S2,追,3.92,88.76,nan,0,14.2,57.1,76.1,0,0,,,,,,12:17
7320260702020004,komatsushima,2026-07-03,4,▲4 ×1 ◎6 ○2 △9 注5,,,,,9,北村 信明  徳,島,40,93,S2,追,3.92,98.91,○,5,4.1,12.5,37.5,0,0,,,,,,12:17
7320260702020005,komatsushima,2026-07-03,5,▲5 △1 注4 ×7 ◎2 ○8,,,,,1,高橋 昇平  埼,玉,36,99,S2,追,3.92,93.46,△,4,20.0,60.0,80.0,0,1,,,,,,12:45
7320260702020005,komatsushima,2026-07-03,5,▲5 △1 注4 ×7 ◎2 ○8,,,,,2,中村 浩士  千,葉,48,79,S2,追,3.85,100.00,×,1,8.3,12.5,20.8,0,0,,,,,,12:45
7320260702020005,komatsushima,2026-07-03,5,▲5 △1 注4 ×7 ◎2 ○8,,,,,3,三浦 貴大  岐,阜,27,115,S2,両,3.92,102.54,○,5,27.2,36.3,45.4,0,1,,,,,,12:45
7320260702020005,komatsushima,2026-07-03,5,▲5 △1 注4 ×7 ◎2 ○8,,,,,4,内田 英介  東,京,45,91,S2,追,3.92,90.91,nan,0,8.3,33.3,62.5,0,0,,,,,,12:45
7320260702020005,komatsushima,2026-07-03,5,▲5 △1 注4 ×7 ◎2 ○8,,,,,5,小池 千啓  栃,木,28,119,S2,逃,3.92,92.36,▲,3,0.0,4.0,12.0,0,1,,,,,,12:45
7320260702020005,komatsushima,2026-07-03,5,▲5 △1 注4 ×7 ◎2 ○8,,,,,6,宝満 大作  岐,阜,46,85,S2,追,3.92,89.47,nan,0,0.0,17.6,29.4,0,0,,,,,,12:45
7320260702020005,komatsushima,2026-07-03,5,▲5 △1 注4 ×7 ◎2 ○8,,,,,7,栗本 尚宗  千,葉,32,113,S2,両,3.92,90.94,注,2,11.1,22.2,50.0,1,3,,,,,,12:45
7320260702020005,komatsushima,2026-07-03,5,▲5 △1 注4 ×7 ◎2 ○8,,,,,8,白戸 淳太郎,神奈川,53,74,S2,追,3.93,90.45,nan,0,18.1,27.2,45.4,0,0,,,,,,12:45
7320260702020005,komatsushima,2026-07-03,5,▲5 △1 注4 ×7 ◎2 ○8,,,,,9,村田 祐樹  富,山,27,121,S1,逃,3.93,107.47,◎,6,21.0,47.3,63.1,6,3,,,,,,12:45
7320260702020006,komatsushima,2026-07-03,6,◎9 ○1 ×7 △5 ▲2 注4,,,,,1,雨谷 一樹  栃,木,36,96,S1,両,3.92,108.86,○,5,4.5,22.7,27.2,0,1,,,,,,13:13
7320260702020006,komatsushima,2026-07-03,6,◎9 ○1 ×7 △5 ▲2 注4,,,,,2,山本 拳也  高,知,36,109,S2,追,3.92,102.00,nan,0,4.5,18.1,45.4,0,0,,,,,,13:13
7320260702020006,komatsushima,2026-07-03,6,◎9 ○1 ×7 △5 ▲2 注4,,,,,3,吉本 卓仁  福,岡,42,89,S1,両,3.92,103.60,注,2,13.0,43.4,43.4,0,1,,,,,,13:13
7320260702020006,komatsushima,2026-07-03,6,◎9 ○1 ×7 △5 ▲2 注4,,,,,4,兼本 将太  熊,本,29,117,S2,逃,3.92,101.66,▲,3,13.3,26.6,26.6,1,3,,,,,,13:13
7320260702020006,komatsushima,2026-07-03,6,◎9 ○1 ×7 △5 ▲2 注4,,,,,5,山形 一気  徳,島,37,96,S1,追,3.92,106.05,△,4,4.5,4.5,31.8,0,0,,,,,,13:13
7320260702020006,komatsushima,2026-07-03,6,◎9 ○1 ×7 △5 ▲2 注4,,,,,6,日高 裕太  静,岡,24,121,S2,逃,3.92,96.84,nan,0,19.2,23.0,30.7,4,2,,,,,,13:13
7320260702020006,komatsushima,2026-07-03,6,◎9 ○1 ×7 △5 ▲2 注4,,,,,7,西田 優大  広,島,28,123,S1,逃,3.92,110.00,×,1,5.5,27.7,44.4,3,2,,,,,,13:13
7320260702020006,komatsushima,2026-07-03,6,◎9 ○1 ×7 △5 ▲2 注4,,,,,8,西田 将士  長,崎,42,105,S2,追,3.93,101.33,nan,0,6.6,26.6,40.0,0,1,,,,,,13:13
7320260702020006,komatsushima,2026-07-03,6,◎9 ○1 ×7 △5 ▲2 注4,,,,,9,坂井 洋  栃,木,31,115,S1,両,3.92,112.03,◎,6,33.3,44.4,62.9,2,6,,,,,,13:13
7320260702020007,komatsushima,2026-07-03,7,◎9 ○5 ▲1 注2 △8 ×3,,,,,1,久米 康平  徳,島,34,100,S1,両,3.92,102.21,▲,3,0.0,10.5,10.5,1,1,,,,,,13:41
7320260702020007,komatsushima,2026-07-03,7,◎9 ○5 ▲1 注2 △8 ×3,,,,,2,川口 聖二  岐,阜,32,103,S1,両,3.92,103.84,注,2,10.7,32.1,46.4,2,3,,,,,,13:41
7320260702020007,komatsushima,2026-07-03,7,◎9 ○5 ▲1 注2 △8 ×3,,,,,3,渡邉 一成  福,島,42,88,S2,両,3.92,105.40,△,4,18.5,44.4,59.2,0,9,,,,,,13:41
7320260702020007,komatsushima,2026-07-03,7,◎9 ○5 ▲1 注2 △8 ×3,,,,,4,青木 瑞樹  岡,山,26,123,S2,逃,3.92,101.60,nan,0,20.0,36.0,48.0,5,3,,,,,,13:41
7320260702020007,komatsushima,2026-07-03,7,◎9 ○5 ▲1 注2 △8 ×3,,,,,5,太田 竜馬  徳,島,30,109,S1,逃,3.92,104.47,○,5,14.2,23.8,47.6,0,4,,,,,,13:41
7320260702020007,komatsushima,2026-07-03,7,◎9 ○5 ▲1 注2 △8 ×3,,,,,6,棚橋 勉  岡,山,45,96,S2,追,3.92,97.66,nan,0,9.6,16.1,35.4,0,1,,,,,,13:41
7320260702020007,komatsushima,2026-07-03,7,◎9 ○5 ▲1 注2 △8 ×3,,,,,7,山崎 芳仁  福,島,47,88,S1,両,3.92,109.42,×,1,19.0,28.5,52.3,0,0,,,,,,13:41
7320260702020007,komatsushima,2026-07-03,7,◎9 ○5 ▲1 注2 △8 ×3,,,,,8,鷲田 幸司  福,井,40,92,S2,追,3.93,99.48,nan,0,7.4,22.2,40.7,0,0,,,,,,13:41
7320260702020007,komatsushima,2026-07-03,7,◎9 ○5 ▲1 注2 △8 ×3,,,,,9,石原 颯  香,川,26,117,S1,逃,3.92,111.47,◎,6,25.0,40.0,45.0,5,3,,,,,,13:41
7320260702020008,komatsushima,2026-07-03,8,◎5 ○1 注9 △2 ▲4 ×3,,,,,1,柿澤 大貴  長,野,36,97,S2,追,3.92,108.04,○,5,12.0,40.0,52.0,0,1,,,,,,14:11
7320260702020008,komatsushima,2026-07-03,8,◎5 ○1 注9 △2 ▲4 ×3,,,,,2,川口 雄太  徳,島,29,111,S2,両,3.92,106.52,△,4,42.3,53.8,69.2,0,5,,,,,,14:11
7320260702020008,komatsushima,2026-07-03,8,◎5 ○1 注9 △2 ▲4 ×3,,,,,3,清水 剛志  福,井,35,103,S2,両,3.92,101.80,nan,0,26.9,38.4,50.0,0,0,,,,,,14:11
7320260702020008,komatsushima,2026-07-03,8,◎5 ○1 注9 △2 ▲4 ×3,,,,,4,藤井 昭吾  滋,賀,40,99,S1,両,3.92,101.48,nan,0,6.8,31.0,48.2,1,3,,,,,,14:11
7320260702020008,komatsushima,2026-07-03,8,◎5 ○1 注9 △2 ▲4 ×3,,,,,5,鈴木 竜士  東,京,32,107,S1,両,3.92,114.95,◎,6,36.3,68.1,68.1,2,8,,,,,,14:11
7320260702020008,komatsushima,2026-07-03,8,◎5 ○1 注9 △2 ▲4 ×3,,,,,6,岩本 和也  石,川,51,76,S2,追,3.92,97.56,nan,0,4.1,12.5,33.3,0,0,,,,,,14:11
7320260702020008,komatsushima,2026-07-03,8,◎5 ○1 注9 △2 ▲4 ×3,,,,,7,和田 健太郎  千,葉,45,87,S1,追,3.93,108.91,×,1,12.5,29.1,37.5,0,0,,,,,,14:11
7320260702020008,komatsushima,2026-07-03,8,◎5 ○1 注9 △2 ▲4 ×3,,,,,8,野口 裕史  千,葉,43,111,S2,逃,3.93,100.06,▲,3,19.3,29.0,38.7,7,2,,,,,,14:11
7320260702020008,komatsushima,2026-07-03,8,◎5 ○1 注9 △2 ▲4 ×3,,,,,9,室井 蓮太朗  徳,島,25,121,S2,両,3.92,105.20,注,2,25.0,56.2,62.5,3,5,,,,,,14:11
7320260702020009,komatsushima,2026-07-03,9,◎5 ○1 注6 ▲9 ×2 △4,,,,,1,松浦 悠士  広,島,35,98,S1,両,3.92,116.79,○,5,40.0,56.0,64.0,0,6,,,,,,14:41
7320260702020009,komatsushima,2026-07-03,9,◎5 ○1 注6 ▲9 ×2 △4,,,,,2,新山 将史  青,森,35,98,S1,追,3.92,104.21,▲,3,10.7,21.4,50.0,0,0,,,,,,14:41
7320260702020009,komatsushima,2026-07-03,9,◎5 ○1 注6 ▲9 ×2 △4,,,,,3,杉森 輝大  茨,城,43,103,S1,両,3.92,106.57,×,1,11.5,30.7,46.1,0,2,,,,,,14:41
7320260702020009,komatsushima,2026-07-03,9,◎5 ○1 注6 ▲9 ×2 △4,,,,,4,武田 亮  東,京,27,115,S2,逃,3.92,100.60,nan,0,17.3,34.7,47.8,5,2,,,,,,14:41
7320260702020009,komatsushima,2026-07-03,9,◎5 ○1 注6 ▲9 ×2 △4,,,,,5,犬伏 湧也  徳,島,30,119,S1,逃,3.92,115.44,◎,6,42.8,57.1,64.2,7,9,,,,,,14:41
7320260702020009,komatsushima,2026-07-03,9,◎5 ○1 注6 ▲9 ×2 △4,,,,,6,坂本 修一  岡,山,38,99,S2,追,3.92,98.67,nan,0,10.7,17.8,35.7,0,0,,,,,,14:41
7320260702020009,komatsushima,2026-07-03,9,◎5 ○1 注6 ▲9 ×2 △4,,,,,7,河崎 正晴  熊,本,25,121,S2,逃,3.92,101.13,△,4,20.6,20.6,34.4,0,5,,,,,,14:41
7320260702020009,komatsushima,2026-07-03,9,◎5 ○1 注6 ▲9 ×2 △4,,,,,8,平尾 一晃  長,崎,29,111,S2,逃,3.93,99.95,nan,0,25.0,41.6,54.1,2,6,,,,,,14:41
7320260702020009,komatsushima,2026-07-03,9,◎5 ○1 注6 ▲9 ×2 △4,,,,,9,大川 剛  青,森,27,121,S1,逃,3.92,104.42,注,2,34.6,46.1,61.5,5,6,,,,,,14:41
7320260702020010,komatsushima,2026-07-03,10,◎1 ○7 ▲5 注4 ×2 △9,,,,,1,嘉永 泰斗  熊,本,28,113,SS,逃,3.92,116.47,◎,6,30.4,52.1,56.5,0,12,,,,,,15:11
7320260702020010,komatsushima,2026-07-03,10,◎1 ○7 ▲5 注4 ×2 △9,,,,,2,石毛 克幸  千,葉,49,84,S1,追,3.92,101.76,注,2,23.8,33.3,47.6,0,2,,,,,,15:11
7320260702020010,komatsushima,2026-07-03,10,◎1 ○7 ▲5 注4 ×2 △9,,,,,3,山本 伸一  奈,良,43,101,S2,両,3.92,106.27,△,4,15.7,26.3,42.1,0,1,,,,,,15:11
7320260702020010,komatsushima,2026-07-03,10,◎1 ○7 ▲5 注4 ×2 △9,,,,,4,望月 湧世  静,岡,22,123,S2,逃,3.92,99.40,nan,0,9.0,36.3,45.4,6,1,,,,,,15:11
7320260702020010,komatsushima,2026-07-03,10,◎1 ○7 ▲5 注4 ×2 △9,,,,,5,掛水 泰範  高,知,42,98,S2,追,3.92,104.33,▲,3,6.6,33.3,60.0,0,0,,,,,,15:11
7320260702020010,komatsushima,2026-07-03,10,◎1 ○7 ▲5 注4 ×2 △9,,,,,6,城 幸弘  山,梨,40,96,S2,追,3.92,94.88,nan,0,4.0,12.0,12.0,0,0,,,,,,15:11
7320260702020010,komatsushima,2026-07-03,10,◎1 ○7 ▲5 注4 ×2 △9,,,,,7,小倉 竜二  徳,島,50,77,S1,追,3.92,110.50,○,5,8.6,30.4,34.7,0,0,,,,,,15:11
7320260702020010,komatsushima,2026-07-03,10,◎1 ○7 ▲5 注4 ×2 △9,,,,,8,安倍 大成  埼,玉,27,121,S2,逃,3.92,97.44,nan,0,11.1,27.7,38.8,2,3,,,,,,15:11
7320260702020010,komatsushima,2026-07-03,10,◎1 ○7 ▲5 注4 ×2 △9,,,,,9,石塚 輪太郎,和歌山,32,105,S2,逃,3.92,108.72,×,1,23.0,50.0,61.5,0,9,,,,,,15:11
7320260702020011,komatsushima,2026-07-03,11,○5 ◎1 △9 ▲2 注4 ×3,,,,,1,郡司 浩平,神奈川,35,99,SS,両,3.92,116.25,◎,6,14.2,28.5,57.1,0,2,,,,,,15:43
7320260702020011,komatsushima,2026-07-03,11,○5 ◎1 △9 ▲2 注4 ×3,,,,,2,晝田 宗一郎  岡,山,27,115,S1,逃,3.92,103.38,▲,3,11.5,19.2,30.7,2,3,,,,,,15:43
7320260702020011,komatsushima,2026-07-03,11,○5 ◎1 △9 ▲2 注4 ×3,,,,,3,青柳 靖起  佐,賀,26,117,S1,逃,3.92,105.50,注,2,37.5,53.1,56.2,8,3,,,,,,15:43
7320260702020011,komatsushima,2026-07-03,11,○5 ◎1 △9 ▲2 注4 ×3,,,,,4,木村 幸希  広,島,34,109,S2,両,3.92,95.03,nan,0,6.6,6.6,10.0,0,0,,,,,,15:43
7320260702020011,komatsushima,2026-07-03,11,○5 ◎1 △9 ▲2 注4 ×3,,,,,5,青野 将大,神奈川,32,117,S1,逃,3.92,110.00,○,5,12.5,37.5,43.7,2,2,,,,,,15:43
7320260702020011,komatsushima,2026-07-03,11,○5 ◎1 △9 ▲2 注4 ×3,,,,,6,谷口 明正  三,重,42,103,S2,両,3.92,93.16,nan,0,0.0,33.3,83.3,0,0,,,,,,15:43
7320260702020011,komatsushima,2026-07-03,11,○5 ◎1 △9 ▲2 注4 ×3,,,,,7,小川 勇介  福,岡,41,90,S1,追,3.92,109.33,×,1,4.1,16.6,33.3,0,0,,,,,,15:43
7320260702020011,komatsushima,2026-07-03,11,○5 ◎1 △9 ▲2 注4 ×3,,,,,8,中園 和剛  福,岡,43,89,S2,追,3.92,94.90,nan,0,0.0,3.2,16.1,0,0,,,,,,15:43
7320260702020011,komatsushima,2026-07-03,11,○5 ◎1 △9 ▲2 注4 ×3,,,,,9,萩原 孝之  静,岡,48,80,S2,追,3.92,100.55,△,4,9.5,19.0,38.0,0,0,,,,,,15:43
7320260702020012,komatsushima,2026-07-03,12,○5 ◎1 注6 △8 ×2 ▲3,,,,,1,古性 優作  大,阪,35,100,SS,両,3.92,121.42,◎,6,57.8,84.2,89.4,1,4,,,,,,16:20
7320260702020012,komatsushima,2026-07-03,12,○5 ◎1 注6 △8 ×2 ▲3,,,,,2,大槻 寛徳  宮,城,47,85,S1,追,3.92,107.36,△,4,8.0,16.0,36.0,0,1,,,,,,16:20
7320260702020012,komatsushima,2026-07-03,12,○5 ◎1 注6 △8 ×2 ▲3,,,,,3,小川 三士郎  徳,島,26,125,S2,逃,3.92,103.14,nan,0,40.0,40.0,40.0,1,4,,,,,,16:20
7320260702020012,komatsushima,2026-07-03,12,○5 ◎1 注6 △8 ×2 ▲3,,,,,4,原 誠宏  香,川,40,91,S2,追,3.93,101.09,nan,0,8.6,34.7,47.8,0,0,,,,,,16:20
7320260702020012,komatsushima,2026-07-03,12,○5 ◎1 注6 △8 ×2 ▲3,,,,,5,岸田 剛  福,井,27,121,S1,逃,3.92,105.15,○,5,34.6,53.8,57.6,5,9,,,,,,16:20
7320260702020012,komatsushima,2026-07-03,12,○5 ◎1 注6 △8 ×2 ▲3,,,,,6,柴崎 俊光  三,重,41,91,S2,追,3.92,99.42,注,2,9.0,27.2,31.8,0,0,,,,,,16:20
7320260702020012,komatsushima,2026-07-03,12,○5 ◎1 注6 △8 ×2 ▲3,,,,,7,伊藤 颯馬  沖,縄,27,115,S1,逃,3.92,107.34,×,1,13.7,37.9,68.9,3,5,,,,,,16:20
7320260702020012,komatsushima,2026-07-03,12,○5 ◎1 注6 △8 ×2 ▲3,,,,,8,磯島 成介  青,森,26,115,S2,逃,3.92,100.53,nan,0,14.2,28.5,39.2,4,3,,,,,,16:20
7320260702020012,komatsushima,2026-07-03,12,○5 ◎1 注6 △8 ×2 ▲3,,,,,9,松岡 貴久  熊,本,42,90,S1,追,3.92,104.55,▲,3,5.0,25.0,50.0,0,0,,,,,,16:20
