race_id,venue_slug,date,race_no,lineup,ni_sha_tan,san_ren_tan,san_ren_fuku,banum,player_name,pref,age,term,player_class,running_style,gear,race_score,rank,agari,finish_type,margin,win_lose
2420260401010001,utsunomiya,2026-04-01,1,×3 △5 ◎1 ○2 注4 ▲6,,,,1,藤田 竜矢  埼,玉,45,88,A1,両,3.92,87.31,,,,,
2420260401010001,utsunomiya,2026-04-01,1,×3 △5 ◎1 ○2 注4 ▲6,,,,2,木村 貴宏  茨,城,48,80,A2,追,3.92,85.68,,,,,
2420260401010001,utsunomiya,2026-04-01,1,×3 △5 ◎1 ○2 注4 ▲6,,,,3,堀越 翔己  福,岡,27,123,A1,逃,3.92,84.93,,,,,
2420260401010001,utsunomiya,2026-04-01,1,×3 △5 ◎1 ○2 注4 ▲6,,,,4,大西 健士,神奈川,45,88,A2,追,3.93,84.57,,,,,
2420260401010001,utsunomiya,2026-04-01,1,×3 △5 ◎1 ○2 注4 ▲6,,,,5,徳吉 広紀  福,岡,49,84,A2,追,3.92,83.88,,,,,
2420260401010001,utsunomiya,2026-04-01,1,×3 △5 ◎1 ○2 注4 ▲6,,,,6,野上 竜太  岡,山,30,115,A1,逃,3.92,81.96,,,,,
2420260401010001,utsunomiya,2026-04-01,1,×3 △5 ◎1 ○2 注4 ▲6,,,,7,黒田 大介  愛,媛,51,77,A2,追,3.92,79.8,,,,,
2420260401010002,utsunomiya,2026-04-01,2,◎1 ○3 ▲7 ×2 △4 注5,,,,1,田川 翔琉  熊,本,28,119,A1,逃,3.92,87.0,,,,,
2420260401010002,utsunomiya,2026-04-01,2,◎1 ○3 ▲7 ×2 △4 注5,,,,2,小林 申太  茨,城,42,101,A1,両,3.92,86.48,,,,,
2420260401010002,utsunomiya,2026-04-01,2,◎1 ○3 ▲7 ×2 △4 注5,,,,3,安東 英博  大,分,45,87,A1,追,3.92,84.54,,,,,
2420260401010002,utsunomiya,2026-04-01,2,◎1 ○3 ▲7 ×2 △4 注5,,,,4,山口 貴弘  栃,木,48,84,A2,追,3.92,82.9,,,,,
2420260401010002,utsunomiya,2026-04-01,2,◎1 ○3 ▲7 ×2 △4 注5,,,,5,高橋 健太  静,岡,48,80,A2,追,3.92,81.38,,,,,
2420260401010002,utsunomiya,2026-04-01,2,◎1 ○3 ▲7 ×2 △4 注5,,,,6,山本 淳,神奈川,50,94,A2,両,3.92,78.38,,,,,
2420260401010002,utsunomiya,2026-04-01,2,◎1 ○3 ▲7 ×2 △4 注5,,,,7,大竹 慎吾  大,分,60,55,A2,追,3.92,78.22,,,,,
2420260401010003,utsunomiya,2026-04-01,3,◎1 ○2 ▲7 ×3 注5 △6,,,,1,長松 大祐  大,分,27,121,A1,逃,3.92,87.57,,,,,
2420260401010003,utsunomiya,2026-04-01,3,◎1 ○2 ▲7 ×3 注5 △6,,,,2,守安 政雄  岡,山,47,94,A2,追,3.92,86.57,,,,,
2420260401010003,utsunomiya,2026-04-01,3,◎1 ○2 ▲7 ×3 注5 △6,,,,3,田中 孝彦  静,岡,39,91,A1,追,3.92,85.66,,,,,
2420260401010003,utsunomiya,2026-04-01,3,◎1 ○2 ▲7 ×3 注5 △6,,,,4,新井 剛央  埼,玉,47,86,A2,追,3.92,82.22,,,,,
2420260401010003,utsunomiya,2026-04-01,3,◎1 ○2 ▲7 ×3 注5 △6,,,,5,赤井 学  千,葉,52,77,A2,追,3.92,82.11,,,,,
2420260401010003,utsunomiya,2026-04-01,3,◎1 ○2 ▲7 ×3 注5 △6,,,,6,戸塚 涼介  埼,玉,32,111,A2,逃,3.92,80.66,,,,,
2420260401010003,utsunomiya,2026-04-01,3,◎1 ○2 ▲7 ×3 注5 △6,,,,7,米澤 大輔  徳,島,51,73,A2,追,3.93,78.83,,,,,
2420260401010004,utsunomiya,2026-04-01,4,○2 ◎1 △3 ×5 注4 ▲6,,,,1,本多 哲也  千,葉,37,97,A1,両,3.92,89.08,,,,,
2420260401010004,utsunomiya,2026-04-01,4,○2 ◎1 △3 ×5 注4 ▲6,,,,2,添田 龍児,神奈川,25,121,A1,逃,3.92,86.66,,,,,
2420260401010004,utsunomiya,2026-04-01,4,○2 ◎1 △3 ×5 注4 ▲6,,,,3,中曽 直彦  千,葉,53,74,A1,追,3.92,84.04,,,,,
2420260401010004,utsunomiya,2026-04-01,4,○2 ◎1 △3 ×5 注4 ▲6,,,,4,長沼 謙太  東,京,36,99,A1,追,3.92,84.0,,,,,
2420260401010004,utsunomiya,2026-04-01,4,○2 ◎1 △3 ×5 注4 ▲6,,,,5,小玉 勇一  埼,玉,31,113,A1,両,3.92,82.12,,,,,
2420260401010004,utsunomiya,2026-04-01,4,○2 ◎1 △3 ×5 注4 ▲6,,,,6,片折 勇輝  福,岡,41,95,A2,両,3.92,82.0,,,,,
2420260401010004,utsunomiya,2026-04-01,4,○2 ◎1 △3 ×5 注4 ▲6,,,,7,吉成 貴博  熊,本,37,97,A2,追,3.83,80.12,,,,,
2420260401010005,utsunomiya,2026-04-01,5,◎1 ○2 ▲7 注4 ×3 △5,,,,1,石田 典大  東,京,28,123,A2,逃,3.93,90.14,,,,,
2420260401010005,utsunomiya,2026-04-01,5,◎1 ○2 ▲7 注4 ×3 △5,,,,2,星野 辰也  栃,木,40,95,A1,追,3.92,86.57,,,,,
2420260401010005,utsunomiya,2026-04-01,5,◎1 ○2 ▲7 注4 ×3 △5,,,,3,榊原 洋  岡,山,47,85,A2,追,3.92,84.73,,,,,
2420260401010005,utsunomiya,2026-04-01,5,◎1 ○2 ▲7 注4 ×3 △5,,,,4,小川 祐司  愛,媛,43,96,A2,両,3.92,83.7,,,,,
2420260401010005,utsunomiya,2026-04-01,5,◎1 ○2 ▲7 注4 ×3 △5,,,,5,平山 優太  福,島,26,119,A2,両,3.92,83.3,,,,,
2420260401010005,utsunomiya,2026-04-01,5,◎1 ○2 ▲7 注4 ×3 △5,,,,6,坂本 昌宏  青,森,41,91,A2,追,3.92,80.95,,,,,
2420260401010005,utsunomiya,2026-04-01,5,◎1 ○2 ▲7 注4 ×3 △5,,,,7,篠崎 高志  栃,木,53,72,A2,追,3.92,76.82,,,,,
2420260401010006,utsunomiya,2026-04-01,6,◎1 ○2 ▲5 ×4 △3 注7,,,,1,細中 翔太  岡,山,26,125,A2,逃,3.92,91.45,,,,,
2420260401010006,utsunomiya,2026-04-01,6,◎1 ○2 ▲5 ×4 △3 注7,,,,2,作田 悦章  徳,島,43,92,A1,追,3.92,87.07,,,,,
2420260401010006,utsunomiya,2026-04-01,6,◎1 ○2 ▲5 ×4 △3 注7,,,,3,小笠原 昭太  青,森,50,76,A1,追,3.92,86.0,,,,,
2420260401010006,utsunomiya,2026-04-01,6,◎1 ○2 ▲5 ×4 △3 注7,,,,4,菊池 翔  福,島,31,119,A1,逃,3.92,84.38,,,,,
2420260401010006,utsunomiya,2026-04-01,6,◎1 ○2 ▲5 ×4 △3 注7,,,,5,楢原 由将  福,岡,38,94,A2,両,3.92,82.0,,,,,
2420260401010006,utsunomiya,2026-04-01,6,◎1 ○2 ▲5 ×4 △3 注7,,,,6,小島 雅章  埼,玉,50,83,A2,追,3.92,80.57,,,,,
2420260401010006,utsunomiya,2026-04-01,6,◎1 ○2 ▲5 ×4 △3 注7,,,,7,小川 辰徳  埼,玉,38,100,A2,両,3.92,75.83,,,,,
2420260401010007,utsunomiya,2026-04-01,7,×2 △4 ◎5 ○1 注3 ▲6,,,,1,片桐 善也  新,潟,31,117,A1,逃,3.92,93.0,,,,,
2420260401010007,utsunomiya,2026-04-01,7,×2 △4 ◎5 ○1 注3 ▲6,,,,2,山本 浩成  福,岡,27,119,A1,逃,3.92,92.72,,,,,
2420260401010007,utsunomiya,2026-04-01,7,×2 △4 ◎5 ○1 注3 ▲6,,,,3,高橋 広大  埼,玉,38,99,A1,追,3.92,92.41,,,,,
2420260401010007,utsunomiya,2026-04-01,7,×2 △4 ◎5 ○1 注3 ▲6,,,,4,大崎 飛雄馬  愛,媛,47,88,A1,追,3.92,91.5,,,,,
2420260401010007,utsunomiya,2026-04-01,7,×2 △4 ◎5 ○1 注3 ▲6,,,,5,柳谷 崇  岡,山,47,87,A1,追,3.92,91.09,,,,,
2420260401010007,utsunomiya,2026-04-01,7,×2 △4 ◎5 ○1 注3 ▲6,,,,6,高本 和也,神奈川,29,121,A1,逃,3.92,91.08,,,,,
2420260401010007,utsunomiya,2026-04-01,7,×2 △4 ◎5 ○1 注3 ▲6,,,,7,稲葉 一真  静,岡,36,100,A1,追,3.92,90.42,,,,,
2720260401010001,keiokaku,2026-04-01,1,▲7 注2 △4 ×1 ◎3 ○6,,,,1,松澤 敬輔,北海道,38,97,A2,両,3.92,89.0,,,,,
2720260401010001,keiokaku,2026-04-01,1,▲7 注2 △4 ×1 ◎3 ○6,,,,2,武田 憲祐,神奈川,42,93,A1,追,3.93,86.54,,,,,
2720260401010001,keiokaku,2026-04-01,1,▲7 注2 △4 ×1 ◎3 ○6,,,,3,内山 慧大  福,井,24,123,A1,逃,3.92,87.52,,,,,
2720260401010001,keiokaku,2026-04-01,1,▲7 注2 △4 ×1 ◎3 ○6,,,,4,相笠 翔太  福,島,36,96,A2,両,3.92,83.5,,,,,
2720260401010001,keiokaku,2026-04-01,1,▲7 注2 △4 ×1 ◎3 ○6,,,,5,長野 和弘  福,岡,49,82,A2,追,3.92,82.84,,,,,
2720260401010001,keiokaku,2026-04-01,1,▲7 注2 △4 ×1 ◎3 ○6,,,,6,河村 章憲  京,都,48,83,A2,追,3.92,82.33,,,,,
2720260401010001,keiokaku,2026-04-01,1,▲7 注2 △4 ×1 ◎3 ○6,,,,7,根藤 浩二  千,葉,39,95,A2,両,3.93,85.6,,,,,
2720260401010002,keiokaku,2026-04-01,2,◎2 ▲6 ×1 △5 注7 ○3,,,,1,岸川 哲也  大,阪,40,105,A2,両,3.92,85.04,,,,,
2720260401010002,keiokaku,2026-04-01,2,◎2 ▲6 ×1 △5 注7 ○3,,,,2,今井 希  埼,玉,25,125,A2,逃,3.92,90.61,,,,,
2720260401010002,keiokaku,2026-04-01,2,◎2 ▲6 ×1 △5 注7 ○3,,,,3,市本 隆司  広,島,54,72,A2,両,3.93,87.56,,,,,
2720260401010002,keiokaku,2026-04-01,2,◎2 ▲6 ×1 △5 注7 ○3,,,,4,相樂 修  千,葉,52,78,A2,両,3.85,79.83,,,,,
2720260401010002,keiokaku,2026-04-01,2,◎2 ▲6 ×1 △5 注7 ○3,,,,5,中川 貴史  三,重,49,79,A2,追,3.92,83.57,,,,,
2720260401010002,keiokaku,2026-04-01,2,◎2 ▲6 ×1 △5 注7 ○3,,,,6,小宮 剛  東,京,49,82,A2,追,3.92,76.18,,,,,
2720260401010002,keiokaku,2026-04-01,2,◎2 ▲6 ×1 △5 注7 ○3,,,,7,下野 義城  愛,媛,29,115,A2,逃,3.92,81.47,,,,,
2720260401010003,keiokaku,2026-04-01,3,◎2 ○5 注6 ▲1 ×4 △3,,,,1,大瀬戸 潤一郎  広,島,44,95,A1,追,3.92,85.56,,,,,
2720260401010003,keiokaku,2026-04-01,3,◎2 ○5 注6 ▲1 ×4 △3,,,,2,志田 愛希飛  富,山,23,125,A2,逃,3.92,91.83,,,,,
2720260401010003,keiokaku,2026-04-01,3,◎2 ○5 注6 ▲1 ×4 △3,,,,3,梶原 大地  福,岡,28,119,A2,逃,3.92,86.78,,,,,
2720260401010003,keiokaku,2026-04-01,3,◎2 ○5 注6 ▲1 ×4 △3,,,,4,板崎 佑矢  愛,媛,37,101,A1,両,3.93,83.04,,,,,
2720260401010003,keiokaku,2026-04-01,3,◎2 ○5 注6 ▲1 ×4 △3,,,,5,上田 隼  岐,阜,36,97,A1,追,3.92,84.66,,,,,
2720260401010003,keiokaku,2026-04-01,3,◎2 ○5 注6 ▲1 ×4 △3,,,,6,一ノ瀬 貴将  大,阪,39,98,A1,両,3.92,81.19,,,,,
2720260401010003,keiokaku,2026-04-01,3,◎2 ○5 注6 ▲1 ×4 △3,,,,7,井上 将志  福,岡,39,98,A2,両,3.92,83.18,,,,,
2720260401010004,keiokaku,2026-04-01,4,◎1 ○7 注3 ×4 △2 ▲5,,,,1,長谷川 飛向  東,京,29,121,A1,逃,3.92,88.31,,,,,
2720260401010004,keiokaku,2026-04-01,4,◎1 ○7 注3 ×4 △2 ▲5,,,,2,國武 耕二  佐,賀,56,66,A2,追,3.92,83.33,,,,,
2720260401010004,keiokaku,2026-04-01,4,◎1 ○7 注3 ×4 △2 ▲5,,,,3,橋本 紀彰  茨,城,45,90,A2,追,3.92,83.0,,,,,
2720260401010004,keiokaku,2026-04-01,4,◎1 ○7 注3 ×4 △2 ▲5,,,,4,一ノ瀬 匠  佐,賀,38,92,A1,逃,3.93,86.96,,,,,
2720260401010004,keiokaku,2026-04-01,4,◎1 ○7 注3 ×4 △2 ▲5,,,,5,萱島 大介  大,分,46,99,A1,追,3.93,83.06,,,,,
2720260401010004,keiokaku,2026-04-01,4,◎1 ○7 注3 ×4 △2 ▲5,,,,6,及川 裕奨  岩,手,44,86,A2,追,3.92,77.55,,,,,
2720260401010004,keiokaku,2026-04-01,4,◎1 ○7 注3 ×4 △2 ▲5,,,,7,根本 雄紀  茨,城,48,80,A1,追,3.92,86.37,,,,,
2720260401010005,keiokaku,2026-04-01,5,○2 ◎7 ×4 △1 注6 ▲3,,,,1,山中 秀将  千,葉,39,95,A1,逃,3.92,90.14,,,,,
2720260401010005,keiokaku,2026-04-01,5,○2 ◎7 ×4 △1 注6 ▲3,,,,2,矢部 駿人  岡,山,27,121,A1,逃,3.92,91.71,,,,,
2720260401010005,keiokaku,2026-04-01,5,○2 ◎7 ×4 △1 注6 ▲3,,,,3,三澤 康人  宮,城,41,91,A1,追,3.92,92.0,,,,,
2720260401010005,keiokaku,2026-04-01,5,○2 ◎7 ×4 △1 注6 ▲3,,,,4,中田 健太  埼,玉,35,99,A1,追,3.85,95.14,,,,,
2720260401010005,keiokaku,2026-04-01,5,○2 ◎7 ×4 △1 注6 ▲3,,,,5,竹澤 浩司  富,山,44,90,A1,両,3.92,88.91,,,,,
2720260401010005,keiokaku,2026-04-01,5,○2 ◎7 ×4 △1 注6 ▲3,,,,6,佐々木 吉徳  秋,田,38,100,A1,逃,3.92,88.7,,,,,
2720260401010005,keiokaku,2026-04-01,5,○2 ◎7 ×4 △1 注6 ▲3,,,,7,青井 賢治  徳,島,49,81,A1,追,3.92,91.5,,,,,
2720260401010006,keiokaku,2026-04-01,6,注6 ×3 ▲5 ○1 ◎7 △2,,,,1,山内 卓也  愛,知,49,77,S2,追,3.92,100.63,,,,,
2720260401010006,keiokaku,2026-04-01,6,注6 ×3 ▲5 ○1 ◎7 △2,,,,2,杉本 正隆  茨,城,40,96,S2,追,3.92,104.48,,,,,
2720260401010006,keiokaku,2026-04-01,6,注6 ×3 ▲5 ○1 ◎7 △2,,,,3,瓜生 崇智  熊,本,31,109,S2,追,3.92,104.03,,,,,
2720260401010006,keiokaku,2026-04-01,6,注6 ×3 ▲5 ○1 ◎7 △2,,,,4,五十嵐 力,神奈川,47,87,S2,追,3.92,97.91,,,,,
2720260401010006,keiokaku,2026-04-01,6,注6 ×3 ▲5 ○1 ◎7 △2,,,,5,纐纈 洸翔  愛,知,23,121,S1,両,3.92,103.33,,,,,
2720260401010006,keiokaku,2026-04-01,6,注6 ×3 ▲5 ○1 ◎7 △2,,,,6,橋本 宇宙  佐,賀,26,123,S2,逃,3.92,96.29,,,,,
2720260401010006,keiokaku,2026-04-01,6,注6 ×3 ▲5 ○1 ◎7 △2,,,,7,木村 弘  青,森,34,100,S1,逃,3.92,99.5,,,,,
2720260401010007,keiokaku,2026-04-01,7,△1 ×7 ◎5 ○2 ▲4 注6,,,,1,染谷 幸喜  千,葉,37,111,S2,逃,3.92,101.07,,,,,
2720260401010007,keiokaku,2026-04-01,7,△1 ×7 ◎5 ○2 ▲4 注6,,,,2,高久保 雄介  京,都,39,100,S1,両,3.92,99.96,,,,,
2720260401010007,keiokaku,2026-04-01,7,△1 ×7 ◎5 ○2 ▲4 注6,,,,3,福田 滉  栃,木,26,115,S2,追,3.92,98.8,,,,,
2720260401010007,keiokaku,2026-04-01,7,△1 ×7 ◎5 ○2 ▲4 注6,,,,4,木村 幸希  広,島,33,109,S2,両,3.92,95.37,,,,,
2720260401010007,keiokaku,2026-04-01,7,△1 ×7 ◎5 ○2 ▲4 注6,,,,5,石塚 輪太郎,和歌山,32,105,S1,逃,3.92,104.3,,,,,
2720260401010007,keiokaku,2026-04-01,7,△1 ×7 ◎5 ○2 ▲4 注6,,,,6,小林 稜武  栃,木,32,113,S2,逃,3.92,94.73,,,,,
2720260401010007,keiokaku,2026-04-01,7,△1 ×7 ◎5 ○2 ▲4 注6,,,,7,中村 浩士  千,葉,48,79,S1,追,3.85,100.0,,,,,
2720260401010008,keiokaku,2026-04-01,8,△7 注2 ▲6 ×4 ◎3 ○5,,,,1,朝倉 佳弘  東,京,45,90,S1,追,3.93,99.43,,,,,
2720260401010008,keiokaku,2026-04-01,8,△7 注2 ▲6 ×4 ◎3 ○5,,,,2,西岡 正一,和歌山,48,84,S2,追,3.92,98.4,,,,,
2720260401010008,keiokaku,2026-04-01,8,△7 注2 ▲6 ×4 ◎3 ○5,,,,3,野田 源一  福,岡,47,81,S2,両,3.92,104.76,,,,,
2720260401010008,keiokaku,2026-04-01,8,△7 注2 ▲6 ×4 ◎3 ○5,,,,4,坂本 修一  岡,山,38,99,S2,追,3.92,97.96,,,,,
2720260401010008,keiokaku,2026-04-01,8,△7 注2 ▲6 ×4 ◎3 ○5,,,,5,野口 裕史  千,葉,42,111,S1,逃,3.93,102.53,,,,,
2720260401010008,keiokaku,2026-04-01,8,△7 注2 ▲6 ×4 ◎3 ○5,,,,6,森本 桂太郎  愛,媛,27,121,S2,逃,3.92,94.2,,,,,
2720260401010008,keiokaku,2026-04-01,8,△7 注2 ▲6 ×4 ◎3 ○5,,,,7,池野 健太  兵,庫,34,109,S1,逃,3.92,99.17,,,,,
2720260401010009,keiokaku,2026-04-01,9,△4 ×1 ▲5 注6 ◎2 ○7,,,,1,星野 洋輝  福,島,26,115,S2,追,3.92,108.27,,,,,
2720260401010009,keiokaku,2026-04-01,9,△4 ×1 ▲5 注6 ◎2 ○7,,,,2,野中 祐志  埼,玉,38,98,S2,追,3.92,97.27,,,,,
2720260401010009,keiokaku,2026-04-01,9,△4 ×1 ▲5 注6 ◎2 ○7,,,,3,渡辺 十夢  福,井,45,85,S2,追,3.93,102.25,,,,,
2720260401010009,keiokaku,2026-04-01,9,△4 ×1 ▲5 注6 ◎2 ○7,,,,4,高橋 晋也  福,島,31,115,S1,逃,3.92,100.72,,,,,
2720260401010009,keiokaku,2026-04-01,9,△4 ×1 ▲5 注6 ◎2 ○7,,,,5,金成 和幸  福,島,47,88,S2,追,3.92,96.79,,,,,
2720260401010009,keiokaku,2026-04-01,9,△4 ×1 ▲5 注6 ◎2 ○7,,,,6,小池 千啓  栃,木,28,119,S2,逃,3.92,93.0,,,,,
2720260401010009,keiokaku,2026-04-01,9,△4 ×1 ▲5 注6 ◎2 ○7,,,,7,栗山 和樹  岐,阜,28,125,S2,逃,3.92,103.91,,,,,
2720260401010010,keiokaku,2026-04-01,10,△5 ×1 ○6 ◎2 注7 ▲4,,,,1,原井 博斗  福,岡,30,115,S2,追,3.92,107.2,,,,,
2720260401010010,keiokaku,2026-04-01,10,△5 ×1 ○6 ◎2 注7 ▲4,,,,2,高橋 舜  宮,城,25,125,S2,逃,3.92,100.42,,,,,
2720260401010010,keiokaku,2026-04-01,10,△5 ×1 ○6 ◎2 注7 ▲4,,,,3,宿口 潤平  埼,玉,43,91,S2,追,3.92,99.72,,,,,
2720260401010010,keiokaku,2026-04-01,10,△5 ×1 ○6 ◎2 注7 ▲4,,,,4,金子 哲大  埼,玉,37,95,S2,両,3.92,98.88,,,,,
2720260401010010,keiokaku,2026-04-01,10,△5 ×1 ○6 ◎2 注7 ▲4,,,,5,伊藤 颯馬  沖,縄,27,115,S1,逃,3.92,102.4,,,,,
2720260401010010,keiokaku,2026-04-01,10,△5 ×1 ○6 ◎2 注7 ▲4,,,,6,鈴木 幸紀  三,重,49,78,S2,追,3.92,91.93,,,,,
2720260401010010,keiokaku,2026-04-01,10,△5 ×1 ○6 ◎2 注7 ▲4,,,,7,小原 丈一郎  青,森,27,115,S2,両,3.92,99.33,,,,,
2720260401010011,keiokaku,2026-04-01,11,◎1 ○7 ▲4 ×5 △2 注6,,,,1,橋本 壮史  茨,城,30,119,S2,逃,3.92,105.77,,,,,
2720260401010011,keiokaku,2026-04-01,11,◎1 ○7 ▲4 ×5 △2 注6,,,,2,菅原 晃  大,分,46,85,S2,追,3.92,103.5,,,,,
2720260401010011,keiokaku,2026-04-01,11,◎1 ○7 ▲4 ×5 △2 注6,,,,3,望月 永悟  静,岡,49,77,S2,追,3.92,98.13,,,,,
2720260401010011,keiokaku,2026-04-01,11,◎1 ○7 ▲4 ×5 △2 注6,,,,4,佐伯 翔  福,島,38,97,S2,追,3.92,94.16,,,,,
2720260401010011,keiokaku,2026-04-01,11,◎1 ○7 ▲4 ×5 △2 注6,,,,5,城戸 俊潔  岡,山,27,115,S2,逃,3.92,100.0,,,,,
2720260401010011,keiokaku,2026-04-01,11,◎1 ○7 ▲4 ×5 △2 注6,,,,6,神尾 敬冬  静,岡,26,123,S2,逃,3.92,93.07,,,,,
2720260401010011,keiokaku,2026-04-01,11,◎1 ○7 ▲4 ×5 △2 注6,,,,7,鈴木 輝大  東,京,31,113,S2,追,3.92,101.61,,,,,
2720260401010012,keiokaku,2026-04-01,12,◎4 ○1 ▲7 △5 ×2 注3,,,,1,佐々木 豪  愛,媛,30,109,S1,逃,3.92,111.12,,,,,
2720260401010012,keiokaku,2026-04-01,12,◎4 ○1 ▲7 △5 ×2 注3,,,,2,和田 圭  宮,城,40,92,S1,追,3.92,109.22,,,,,
2720260401010012,keiokaku,2026-04-01,12,◎4 ○1 ▲7 △5 ×2 注3,,,,3,浅井 康太  三,重,41,90,S1,両,3.92,110.55,,,,,
2720260401010012,keiokaku,2026-04-01,12,◎4 ○1 ▲7 △5 ×2 注3,,,,4,犬伏 湧也  徳,島,30,119,S1,逃,3.92,114.33,,,,,
2720260401010012,keiokaku,2026-04-01,12,◎4 ○1 ▲7 △5 ×2 注3,,,,5,坂井 洋  栃,木,31,115,S1,両,3.92,110.6,,,,,
2720260401010012,keiokaku,2026-04-01,12,◎4 ○1 ▲7 △5 ×2 注3,,,,6,上野 優太  熊,本,29,113,S1,追,3.92,108.04,,,,,
2720260401010012,keiokaku,2026-04-01,12,◎4 ○1 ▲7 △5 ×2 注3,,,,7,岩津 裕介  岡,山,44,87,S1,追,3.92,108.37,,,,,
3620260401010001,odawara,2026-04-01,1,◎1 ○5 ▲6 注2 ×4 △3,5-1  400円(2),"5-1-6  1,110円(4)",1=5=6  230円(1),1,土生 智徳  大,阪,29,127,A3,逃,3.92,77.29,2,10.2,逃,微差,
3620260401010001,odawara,2026-04-01,1,◎1 ○5 ▲6 注2 ×4 △3,5-1  400円(2),"5-1-6  1,110円(4)",1=5=6  230円(1),2,長岡 豪  群,馬,42,91,A3,追,3.92,65.55,5,10.0,,１/８車輪,
3620260401010001,odawara,2026-04-01,1,◎1 ○5 ▲6 注2 ×4 △3,5-1  400円(2),"5-1-6  1,110円(4)",1=5=6  230円(1),3,松木 竜也  愛,媛,56,65,A3,追,3.86,67.63,4,10.1,,４車身,
3620260401010001,odawara,2026-04-01,1,◎1 ○5 ▲6 注2 ×4 △3,5-1  400円(2),"5-1-6  1,110円(4)",1=5=6  230円(1),4,中岡 海  愛,媛,23,123,A3,逃,3.92,66.85,6,,,大差,
3620260401010001,odawara,2026-04-01,1,◎1 ○5 ▲6 注2 ×4 △3,5-1  400円(2),"5-1-6  1,110円(4)",1=5=6  230円(1),5,吉川 悟  大,阪,49,79,A3,追,3.92,74.47,1,10.1,差,,
3620260401010001,odawara,2026-04-01,1,◎1 ○5 ▲6 注2 ×4 △3,5-1  400円(2),"5-1-6  1,110円(4)",1=5=6  230円(1),6,高野 輝彰  愛,知,50,83,A3,追,3.86,65.53,3,10.2,,１車身１/２,
3620260401010002,odawara,2026-04-01,2,◎3 ○5 ×1 △7 ▲2 注6,3-5  130円(1),3-5-1  210円(1),1=3=5  160円(1),1,亀井 道佳  宮,城,48,83,A3,追,3.92,70.08,3,10.0,,３/４車身,
3620260401010002,odawara,2026-04-01,2,◎3 ○5 ×1 △7 ▲2 注6,3-5  130円(1),3-5-1  210円(1),1=3=5  160円(1),2,眞原 健一,神奈川,53,69,A3,追,3.92,70.25,4,9.8,,３/４車身,
3620260401010002,odawara,2026-04-01,2,◎3 ○5 ×1 △7 ▲2 注6,3-5  130円(1),3-5-1  210円(1),1=3=5  160円(1),3,岩原 健馬  愛,知,21,127,A3,逃,3.92,76.91,1,10.2,逃,,
3620260401010002,odawara,2026-04-01,2,◎3 ○5 ×1 △7 ▲2 注6,3-5  130円(1),3-5-1  210円(1),1=3=5  160円(1),4,村上 順規  新,潟,49,80,A3,追,3.85,68.35,6,10.3,,５車身,
3620260401010002,odawara,2026-04-01,2,◎3 ○5 ×1 △7 ▲2 注6,3-5  130円(1),3-5-1  210円(1),1=3=5  160円(1),5,武田 哲二  京,都,55,65,A3,追,3.93,73.66,2,10.1,ク,１/２車身,
3620260401010002,odawara,2026-04-01,2,◎3 ○5 ×1 △7 ▲2 注6,3-5  130円(1),3-5-1  210円(1),1=3=5  160円(1),6,星野 京旺  新,潟,26,127,A3,逃,3.92,65.92,7,10.5,,１/２車身,
3620260401010002,odawara,2026-04-01,2,◎3 ○5 ×1 △7 ▲2 注6,3-5  130円(1),3-5-1  210円(1),1=3=5  160円(1),7,渡邊 颯太  静,岡,30,109,A3,逃,3.92,72.0,5,10.0,,１/４車輪,
3620260401010003,odawara,2026-04-01,3,×1 △3 注5 ◎6 ○7 ▲4,7-4  270円(2),"7-4-2  1,020円(3)",2=4=7  670円(3),1,加藤 健一,神奈川,33,107,A3,逃,3.86,74.59,5,10.2,,１/４車輪,
3620260401010003,odawara,2026-04-01,3,×1 △3 注5 ◎6 ○7 ▲4,7-4  270円(2),"7-4-2  1,020円(3)",2=4=7  670円(3),2,武智 尚之  愛,媛,54,70,A3,追,3.83,67.16,3,10.1,,３/４車身,
3620260401010003,odawara,2026-04-01,3,×1 △3 注5 ◎6 ○7 ▲4,7-4  270円(2),"7-4-2  1,020円(3)",2=4=7  670円(3),3,佐藤 有輝,神奈川,47,85,A3,追,3.92,70.48,4,10.1,,４車身,
3620260401010003,odawara,2026-04-01,3,×1 △3 注5 ◎6 ○7 ▲4,7-4  270円(2),"7-4-2  1,020円(3)",2=4=7  670円(3),4,上原 直樹  岡,山,52,75,A3,追,3.85,70.71,2,10.2,ク,１車身１/２,
3620260401010003,odawara,2026-04-01,3,×1 △3 注5 ◎6 ○7 ▲4,7-4  270円(2),"7-4-2  1,020円(3)",2=4=7  670円(3),5,小林 宏年  静,岡,60,55,A3,追,3.92,68.52,6,10.0,,１/２車身,
3620260401010003,odawara,2026-04-01,3,×1 △3 注5 ◎6 ○7 ▲4,7-4  270円(2),"7-4-2  1,020円(3)",2=4=7  670円(3),6,中山 善仁  新,潟,52,73,A3,追,3.92,65.12,7,11.0,,大差,
3620260401010003,odawara,2026-04-01,3,×1 △3 注5 ◎6 ○7 ▲4,7-4  270円(2),"7-4-2  1,020円(3)",2=4=7  670円(3),7,吉野 太晟  岡,山,24,127,A3,逃,3.92,78.16,1,10.2,逃,,
3620260401010004,odawara,2026-04-01,4,×4 △1 ▲3 ◎2 ○7 注5,2-4  330円(2),2-4-1  510円(2),1=2=4  460円(2),1,松丸 裕紀  福,岡,45,86,A3,追,3.92,69.3,3,9.9,,３/４車身,
3620260401010004,odawara,2026-04-01,4,×4 △1 ▲3 ◎2 ○7 注5,2-4  330円(2),2-4-1  510円(2),1=2=4  460円(2),2,吉岡 優太  茨,城,24,127,A3,逃,3.92,77.93,1,10.0,逃,,
3620260401010004,odawara,2026-04-01,4,×4 △1 ▲3 ◎2 ○7 注5,2-4  330円(2),2-4-1  510円(2),1=2=4  460円(2),3,鳥丸 晃順  岡,山,45,89,A3,追,3.92,66.8,4,9.9,,１車身１/２,
3620260401010004,odawara,2026-04-01,4,×4 △1 ▲3 ◎2 ○7 注5,2-4  330円(2),2-4-1  510円(2),1=2=4  460円(2),4,武田 和也  奈,良,38,92,A3,両,3.92,69.59,2,10.0,ク,３/４車身,
3620260401010004,odawara,2026-04-01,4,×4 △1 ▲3 ◎2 ○7 注5,2-4  330円(2),2-4-1  510円(2),1=2=4  460円(2),5,杉浦 康一,北海道,60,58,A3,追,3.92,70.37,5,10.0,,１車身１/２,
3620260401010004,odawara,2026-04-01,4,×4 △1 ▲3 ◎2 ○7 注5,2-4  330円(2),2-4-1  510円(2),1=2=4  460円(2),6,黒瀬 浩一  静,岡,60,57,A3,追,3.92,64.77,6,9.9,,２車身,
3620260401010004,odawara,2026-04-01,4,×4 △1 ▲3 ◎2 ○7 注5,2-4  330円(2),2-4-1  510円(2),1=2=4  460円(2),7,内海 雅夫  群,馬,47,83,A3,追,3.92,71.2,失,,,,
3620260401010005,odawara,2026-04-01,5,◎5 ○1 △4 ×6 注2 ▲7,5-1  150円(1),5-1-4  160円(1),1=4=5  120円(1),1,中川 昌久  茨,城,46,94,A3,追,3.93,71.4,2,10.4,ク,３/４車身,
3620260401010005,odawara,2026-04-01,5,◎5 ○1 △4 ×6 注2 ▲7,5-1  150円(1),5-1-4  160円(1),1=4=5  120円(1),2,関谷 哲平  奈,良,43,92,A3,逃,3.92,70.61,7,,,大差,
3620260401010005,odawara,2026-04-01,5,◎5 ○1 △4 ×6 注2 ▲7,5-1  150円(1),5-1-4  160円(1),1=4=5  120円(1),3,南 和夫  福,岡,50,82,A3,追,3.92,67.18,5,10.8,,７車身,
3620260401010005,odawara,2026-04-01,5,◎5 ○1 △4 ×6 注2 ▲7,5-1  150円(1),5-1-4  160円(1),1=4=5  120円(1),4,小田桐 義継,北海道,48,81,A3,追,3.92,73.31,3,10.2,,１/２車輪,
3620260401010005,odawara,2026-04-01,5,◎5 ○1 △4 ×6 注2 ▲7,5-1  150円(1),5-1-4  160円(1),1=4=5  120円(1),5,椎名 俊介  茨,城,25,127,A3,逃,3.93,79.58,1,10.4,逃,,
3620260401010005,odawara,2026-04-01,5,◎5 ○1 △4 ×6 注2 ▲7,5-1  150円(1),5-1-4  160円(1),1=4=5  120円(1),6,前川 裕希,北海道,49,95,A3,追,3.92,67.14,4,10.2,,１車身１/２,
3620260401010005,odawara,2026-04-01,5,◎5 ○1 △4 ×6 注2 ▲7,5-1  150円(1),5-1-4  160円(1),1=4=5  120円(1),7,吉野 猛  愛,知,52,74,A3,追,3.92,70.56,6,11.8,,大差,
3620260401010006,odawara,2026-04-01,6,○3 △2 ◎1 注6 ×5 ▲4,6-2  700円(4),"6-2-4  3,870円(13)","2=4=6  1,420円(4)",1,藤原 亜衣里  新,潟,45,102,L1,追,3.77,45.36,7,10.6,,３車身,
3620260401010006,odawara,2026-04-01,6,○3 △2 ◎1 注6 ×5 ▲4,6-2  700円(4),"6-2-4  3,870円(13)","2=4=6  1,420円(4)",2,伊澤 茉那  千,葉,29,126,L1,両,3.77,49.33,2,10.4,ク,１/２車輪,
3620260401010006,odawara,2026-04-01,6,○3 △2 ◎1 注6 ×5 ▲4,6-2  700円(4),"6-2-4  3,870円(13)","2=4=6  1,420円(4)",3,林 真奈美  福,岡,40,110,L1,両,3.77,52.61,5,10.9,,３/４車身,
3620260401010006,odawara,2026-04-01,6,○3 △2 ◎1 注6 ×5 ▲4,6-2  700円(4),"6-2-4  3,870円(13)","2=4=6  1,420円(4)",4,高橋 朋恵  東,京,31,108,L1,追,3.77,49.67,3,10.5,,２車身,
3620260401010006,odawara,2026-04-01,6,○3 △2 ◎1 注6 ×5 ▲4,6-2  700円(4),"6-2-4  3,870円(13)","2=4=6  1,420円(4)",5,荒川 ひかり  茨,城,31,110,L1,追,3.77,48.55,6,10.4,,１/２車身,
3620260401010006,odawara,2026-04-01,6,○3 △2 ◎1 注6 ×5 ▲4,6-2  700円(4),"6-2-4  3,870円(13)","2=4=6  1,420円(4)",6,畠山 ひすい,神奈川,23,122,L1,逃,3.77,54.27,1,10.5,捲,,
3620260401010006,odawara,2026-04-01,6,○3 △2 ◎1 注6 ×5 ▲4,6-2  700円(4),"6-2-4  3,870円(13)","2=4=6  1,420円(4)",7,高本 美穂  熊,本,23,124,L1,追,3.77,47.09,4,10.4,,３/４車輪,
3620260401010007,odawara,2026-04-01,7,▲4 ○5 ×2 ◎1 △7 注6,7-5  180円(1),7-5-1  320円(1),1=5=7  170円(1),1,渡部 遥  愛,媛,23,122,L1,両,3.77,52.46,3,10.5,,４車身,
3620260401010007,odawara,2026-04-01,7,▲4 ○5 ×2 ◎1 △7 注6,7-5  180円(1),7-5-1  320円(1),1=5=7  170円(1),2,佐藤 友香  青,森,44,110,L1,追,3.77,46.14,6,10.7,,１/８車輪,
3620260401010007,odawara,2026-04-01,7,▲4 ○5 ×2 ◎1 △7 注6,7-5  180円(1),7-5-1  320円(1),1=5=7  170円(1),3,石田 春海  大,阪,27,128,L1,両,3.77,47.76,5,10.5,,１車身１/２,
3620260401010007,odawara,2026-04-01,7,▲4 ○5 ×2 ◎1 △7 注6,7-5  180円(1),7-5-1  320円(1),1=5=7  170円(1),4,山本 さくら  愛,知,24,120,L1,両,3.77,45.28,7,11.0,,２車身,
3620260401010007,odawara,2026-04-01,7,▲4 ○5 ×2 ◎1 △7 注6,7-5  180円(1),7-5-1  320円(1),1=5=7  170円(1),5,永塚 祐子,神奈川,40,118,L1,両,3.77,53.16,2,10.0,ク,１車輪,
3620260401010007,odawara,2026-04-01,7,▲4 ○5 ×2 ◎1 △7 注6,7-5  180円(1),7-5-1  320円(1),1=5=7  170円(1),6,戸邉 香奈実  茨,城,32,124,L1,両,3.77,49.13,4,10.4,,１車身,
3620260401010007,odawara,2026-04-01,7,▲4 ○5 ×2 ◎1 △7 注6,7-5  180円(1),7-5-1  320円(1),1=5=7  170円(1),7,山原 さくら  山,口,33,104,L1,両,3.77,57.16,1,10.1,捲,,
4220260401010001,nagoya,2026-04-01,1,◎1 ×3 △4 ○2 注5 ▲6,,,,1,石井 寛子  東,京,40,104,L1,両,3.79,56.33,,,,,
4220260401010001,nagoya,2026-04-01,1,◎1 ×3 △4 ○2 注5 ▲6,,,,2,岡田 優歩,和歌山,22,128,L1,両,3.79,54.35,,,,,
4220260401010001,nagoya,2026-04-01,1,◎1 ×3 △4 ○2 注5 ▲6,,,,3,村田 奈穂  熊,本,34,116,L1,両,3.77,51.23,,,,,
4220260401010001,nagoya,2026-04-01,1,◎1 ×3 △4 ○2 注5 ▲6,,,,4,中野 咲  愛,知,29,110,L1,両,3.79,51.04,,,,,
4220260401010001,nagoya,2026-04-01,1,◎1 ×3 △4 ○2 注5 ▲6,,,,5,三谷 尚子  愛,媛,40,122,L1,追,3.77,47.2,,,,,
4220260401010001,nagoya,2026-04-01,1,◎1 ×3 △4 ○2 注5 ▲6,,,,6,星野 しほ  東,京,26,124,L1,追,3.71,45.85,,,,,
4220260401010001,nagoya,2026-04-01,1,◎1 ×3 △4 ○2 注5 ▲6,,,,7,塩田 日海,神奈川,27,122,L1,追,3.77,45.08,,,,,
4220260401010002,nagoya,2026-04-01,2,△4 注5 ○2 ◎1 ×3 ▲6,,,,1,尾崎 睦,神奈川,40,108,L1,両,3.79,56.3,,,,,
4220260401010002,nagoya,2026-04-01,2,△4 注5 ○2 ◎1 ×3 ▲6,,,,2,永禮 美瑠  愛,知,25,118,L1,両,3.77,53.52,,,,,
4220260401010002,nagoya,2026-04-01,2,△4 注5 ○2 ◎1 ×3 ▲6,,,,3,三森 彩桜  福,島,26,116,L1,追,3.77,51.57,,,,,
4220260401010002,nagoya,2026-04-01,2,△4 注5 ○2 ◎1 ×3 ▲6,,,,4,普久原 美海  栃,木,21,126,L1,追,3.77,48.5,,,,,
4220260401010002,nagoya,2026-04-01,2,△4 注5 ○2 ◎1 ×3 ▲6,,,,5,向井 円  大,阪,32,114,L1,追,3.79,47.9,,,,,
4220260401010002,nagoya,2026-04-01,2,△4 注5 ○2 ◎1 ×3 ▲6,,,,6,中原 恭恵  広,島,39,126,L1,両,3.71,46.2,,,,,
4220260401010002,nagoya,2026-04-01,2,△4 注5 ○2 ◎1 ×3 ▲6,,,,7,羽田野 愛花  大,分,24,124,L1,追,3.77,45.07,,,,,
4220260401010003,nagoya,2026-04-01,3,◎1 ○3 注7 ×5 ▲2 △6,,,,1,岩元 叶馬  富,山,23,125,A2,逃,3.92,87.0,,,,,
4220260401010003,nagoya,2026-04-01,3,◎1 ○3 注7 ×5 ▲2 △6,,,,2,小原 亮哉  大,分,35,113,A1,追,3.92,85.61,,,,,
4220260401010003,nagoya,2026-04-01,3,◎1 ○3 注7 ×5 ▲2 △6,,,,3,朝日 勇  愛,知,51,74,A2,追,3.92,84.0,,,,,
4220260401010003,nagoya,2026-04-01,3,◎1 ○3 注7 ×5 ▲2 △6,,,,4,野間 司  茨,城,40,94,A1,追,3.93,83.61,,,,,
4220260401010003,nagoya,2026-04-01,3,◎1 ○3 注7 ×5 ▲2 △6,,,,5,小山 峻汰  熊,本,25,125,A2,逃,3.92,80.28,,,,,
4220260401010003,nagoya,2026-04-01,3,◎1 ○3 注7 ×5 ▲2 △6,,,,6,伊早坂 駿一  茨,城,31,105,A2,逃,3.92,78.45,,,,,
4220260401010003,nagoya,2026-04-01,3,◎1 ○3 注7 ×5 ▲2 △6,,,,7,金田 健一郎  大,阪,59,60,A2,追,3.92,78.16,,,,,
4220260401010004,nagoya,2026-04-01,4,◎1 ○2 ×3 注5 △4 ▲6,,,,1,中原 航大  岡,山,26,123,A1,逃,3.92,87.17,,,,,
4220260401010004,nagoya,2026-04-01,4,◎1 ○2 ×3 注5 △4 ▲6,,,,2,伊藤 大彦  徳,島,42,89,A1,追,3.92,85.69,,,,,
4220260401010004,nagoya,2026-04-01,4,◎1 ○2 ×3 注5 △4 ▲6,,,,3,野崎 翼  岐,阜,28,121,A1,両,3.92,84.66,,,,,
4220260401010004,nagoya,2026-04-01,4,◎1 ○2 ×3 注5 △4 ▲6,,,,4,増田 利明  静,岡,47,81,A2,両,3.92,84.65,,,,,
4220260401010004,nagoya,2026-04-01,4,◎1 ○2 ×3 注5 △4 ▲6,,,,5,中澤 央治  大,阪,58,59,A1,追,3.93,83.0,,,,,
4220260401010004,nagoya,2026-04-01,4,◎1 ○2 ×3 注5 △4 ▲6,,,,6,齋藤 輝彦,神奈川,43,93,A2,追,3.93,82.61,,,,,
4220260401010004,nagoya,2026-04-01,4,◎1 ○2 ×3 注5 △4 ▲6,,,,7,渡邊 政幸  埼,玉,43,90,A2,追,3.85,79.25,,,,,
4220260401010005,nagoya,2026-04-01,5,◎1 ○3 △4 ×2 ▲5 注6,,,,1,田上 晃也  岡,山,28,115,A2,逃,3.92,89.23,,,,,
4220260401010005,nagoya,2026-04-01,5,◎1 ○3 △4 ×2 ▲5 注6,,,,2,宮下 貴之  埼,玉,51,81,A1,追,3.93,87.33,,,,,
4220260401010005,nagoya,2026-04-01,5,◎1 ○3 △4 ×2 ▲5 注6,,,,3,谷口 幸司  高,知,32,111,A1,追,3.92,87.11,,,,,
4220260401010005,nagoya,2026-04-01,5,◎1 ○3 △4 ×2 ▲5 注6,,,,4,遠藤 勝弥  静,岡,36,109,A1,両,3.92,84.29,,,,,
4220260401010005,nagoya,2026-04-01,5,◎1 ○3 △4 ×2 ▲5 注6,,,,5,阿部 英光  宮,城,44,89,A2,追,3.85,81.33,,,,,
4220260401010005,nagoya,2026-04-01,5,◎1 ○3 △4 ×2 ▲5 注6,,,,6,村瀬 大和  岐,阜,24,119,A2,逃,3.92,80.77,,,,,
4220260401010005,nagoya,2026-04-01,5,◎1 ○3 △4 ×2 ▲5 注6,,,,7,北川 紋部  福,井,51,78,A2,追,3.92,80.38,,,,,
4220260401010006,nagoya,2026-04-01,6,◎1 ○2 ×3 △4 注7 ▲5,,,,1,一守 大葵  兵,庫,21,127,A2,逃,3.92,91.21,,,,,
4220260401010006,nagoya,2026-04-01,6,◎1 ○2 ×3 △4 注7 ▲5,,,,2,伊原 弘幸  福,井,41,90,A1,追,3.93,86.71,,,,,
4220260401010006,nagoya,2026-04-01,6,◎1 ○2 ×3 △4 注7 ▲5,,,,3,藤井 將  広,島,32,113,A2,両,3.92,86.0,,,,,
4220260401010006,nagoya,2026-04-01,6,◎1 ○2 ×3 △4 注7 ▲5,,,,4,山中 崇弘  高,知,30,113,A2,追,3.86,82.63,,,,,
4220260401010006,nagoya,2026-04-01,6,◎1 ○2 ×3 △4 注7 ▲5,,,,5,田原 宥明,北海道,35,105,A1,両,3.92,82.41,,,,,
4220260401010006,nagoya,2026-04-01,6,◎1 ○2 ×3 △4 注7 ▲5,,,,6,外崎 一成,北海道,39,94,A2,追,3.92,82.37,,,,,
4220260401010006,nagoya,2026-04-01,6,◎1 ○2 ×3 △4 注7 ▲5,,,,7,大久保 直也  徳,島,48,85,A2,両,3.92,77.56,,,,,
4220260401010007,nagoya,2026-04-01,7,◎1 ○5 ×7 ▲2 △6 注3,,,,1,滝本 幸正  新,潟,27,121,A1,逃,3.92,96.37,,,,,
4220260401010007,nagoya,2026-04-01,7,◎1 ○5 ×7 ▲2 △6 注3,,,,2,藤井 栄二  兵,庫,35,99,A1,両,3.92,96.11,,,,,
4220260401010007,nagoya,2026-04-01,7,◎1 ○5 ×7 ▲2 △6 注3,,,,3,半田 誠  熊,本,22,123,A1,逃,3.92,93.88,,,,,
4220260401010007,nagoya,2026-04-01,7,◎1 ○5 ×7 ▲2 △6 注3,,,,4,前反 祐一郎  広,島,52,81,A1,追,3.92,91.88,,,,,
4220260401010007,nagoya,2026-04-01,7,◎1 ○5 ×7 ▲2 △6 注3,,,,5,加藤 圭一,神奈川,47,85,A1,追,3.92,91.26,,,,,
4220260401010007,nagoya,2026-04-01,7,◎1 ○5 ×7 ▲2 △6 注3,,,,6,小林 信晴  愛,知,48,83,A1,追,3.92,89.91,,,,,
4220260401010007,nagoya,2026-04-01,7,◎1 ○5 ×7 ▲2 △6 注3,,,,7,佐藤 雅彦  宮,城,44,87,A1,追,3.85,88.38,,,,,
4420260401010001,ogaki,2026-04-01,1,△4 ×7 注2 ◎5 ○1 ▲3,7-4  500円(1),"7-4-5  1,860円(8)",4=5=7  550円(2),1,市川 博章  静,岡,49,80,A3,追,3.93,70.9,,,,,
4420260401010001,ogaki,2026-04-01,1,△4 ×7 注2 ◎5 ○1 ▲3,7-4  500円(1),"7-4-5  1,860円(8)",4=5=7  550円(2),2,加藤 正法  愛,知,36,96,A3,追,3.86,67.12,,,,,
4420260401010001,ogaki,2026-04-01,1,△4 ×7 注2 ◎5 ○1 ▲3,7-4  500円(1),"7-4-5  1,860円(8)",4=5=7  550円(2),3,佐野 多喜男  新,潟,46,85,A3,追,3.92,67.04,,,,,
4420260401010001,ogaki,2026-04-01,1,△4 ×7 注2 ◎5 ○1 ▲3,7-4  500円(1),"7-4-5  1,860円(8)",4=5=7  550円(2),4,上野 幸星  富,山,24,127,A3,逃,3.92,68.53,,,,,
4420260401010001,ogaki,2026-04-01,1,△4 ×7 注2 ◎5 ○1 ▲3,7-4  500円(1),"7-4-5  1,860円(8)",4=5=7  550円(2),5,福森 慎太郎  千,葉,49,84,A3,逃,3.92,73.5,,,,,
4420260401010001,ogaki,2026-04-01,1,△4 ×7 注2 ◎5 ○1 ▲3,7-4  500円(1),"7-4-5  1,860円(8)",4=5=7  550円(2),6,宮原 貴之  栃,木,55,67,A3,追,3.92,67.03,,,,,
4420260401010001,ogaki,2026-04-01,1,△4 ×7 注2 ◎5 ○1 ▲3,7-4  500円(1),"7-4-5  1,860円(8)",4=5=7  550円(2),7,中村 賢二  愛,知,42,97,A3,追,3.92,70.23,,,,,
4420260401010002,ogaki,2026-04-01,2,◎3 ○4 ×6 注5 △1 ▲7,,,,1,齋藤 和也  福,島,51,78,A3,追,3.92,68.66,,,,,
4420260401010002,ogaki,2026-04-01,2,◎3 ○4 ×6 注5 △1 ▲7,,,,2,三木 翔太  群,馬,37,95,A3,両,3.92,67.09,,,,,
4420260401010002,ogaki,2026-04-01,2,◎3 ○4 ×6 注5 △1 ▲7,,,,3,秋末 蓮  兵,庫,25,125,A3,逃,3.92,76.57,,,,,
4420260401010002,ogaki,2026-04-01,2,◎3 ○4 ×6 注5 △1 ▲7,,,,4,竜門 孝宗  兵,庫,39,95,A3,追,3.92,73.09,,,,,
4420260401010002,ogaki,2026-04-01,2,◎3 ○4 ×6 注5 △1 ▲7,,,,5,中野 良,北海道,50,83,A3,追,3.92,73.87,,,,,
4420260401010002,ogaki,2026-04-01,2,◎3 ○4 ×6 注5 △1 ▲7,,,,6,伊狩 知人  奈,良,48,85,A3,追,3.86,66.57,,,,,
4420260401010002,ogaki,2026-04-01,2,◎3 ○4 ×6 注5 △1 ▲7,,,,7,松本 一成  新,潟,50,77,A3,逃,3.85,68.61,,,,,
4420260401010003,ogaki,2026-04-01,3,◎1 ○7 注4 ▲3 ×5 △2,,,,1,加藤 駿  愛,知,28,127,A3,逃,3.92,75.12,,,,,
4420260401010003,ogaki,2026-04-01,3,◎1 ○7 注4 ▲3 ×5 △2,,,,2,高森 圭介  栃,木,48,83,A3,追,3.92,68.41,,,,,
4420260401010003,ogaki,2026-04-01,3,◎1 ○7 注4 ▲3 ×5 △2,,,,3,石川 一浩  静,岡,59,57,A3,追,3.92,70.09,,,,,
4420260401010003,ogaki,2026-04-01,3,◎1 ○7 注4 ▲3 ×5 △2,,,,4,伊藤 嘉浩  岐,阜,49,79,A3,両,3.92,65.64,,,,,
4420260401010003,ogaki,2026-04-01,3,◎1 ○7 注4 ▲3 ×5 △2,,,,5,相川 巧  埼,玉,36,98,A3,両,3.92,69.03,,,,,
4420260401010003,ogaki,2026-04-01,3,◎1 ○7 注4 ▲3 ×5 △2,,,,6,久保 将史,神奈川,41,95,A3,両,3.93,63.68,,,,,
4420260401010003,ogaki,2026-04-01,3,◎1 ○7 注4 ▲3 ×5 △2,,,,7,林 洋二  岐,阜,50,82,A3,追,3.92,71.55,,,,,
4420260401010004,ogaki,2026-04-01,4,◎2 ○7 ×3 ▲5 △1 注4,,,,1,大中 拓磨  兵,庫,36,111,A3,逃,3.93,71.72,,,,,
4420260401010004,ogaki,2026-04-01,4,◎2 ○7 ×3 ▲5 △1 注4,,,,2,木村 優駿  埼,玉,20,127,A3,逃,3.77,78.23,,,,,
4420260401010004,ogaki,2026-04-01,4,◎2 ○7 ×3 ▲5 △1 注4,,,,3,渡辺 馨,神奈川,41,96,A3,両,3.92,71.57,,,,,
4420260401010004,ogaki,2026-04-01,4,◎2 ○7 ×3 ▲5 △1 注4,,,,4,中川 博文  福,井,58,61,A3,追,3.93,67.0,,,,,
4420260401010004,ogaki,2026-04-01,4,◎2 ○7 ×3 ▲5 △1 注4,,,,5,長田 彰人  宮,城,40,95,A3,追,3.85,66.9,,,,,
4420260401010004,ogaki,2026-04-01,4,◎2 ○7 ×3 ▲5 △1 注4,,,,6,大崎 龍一郎  奈,良,33,109,A3,両,3.92,65.62,,,,,
4420260401010004,ogaki,2026-04-01,4,◎2 ○7 ×3 ▲5 △1 注4,,,,7,齋藤 昌太  栃,木,39,93,A3,追,3.92,69.55,,,,,
4420260401010005,ogaki,2026-04-01,5,△5 ×2 ▲6 ◎7 注1 ○3,,,,1,藤田 まりあ  埼,玉,26,116,L1,両,3.77,54.95,,,,,
4420260401010005,ogaki,2026-04-01,5,△5 ×2 ▲6 ◎7 注1 ○3,,,,2,溝口 香奈  大,分,40,108,L1,追,3.79,43.8,,,,,
4420260401010005,ogaki,2026-04-01,5,△5 ×2 ▲6 ◎7 注1 ○3,,,,3,蛯原 杏奈,北海道,26,120,L1,追,3.77,47.84,,,,,
4420260401010005,ogaki,2026-04-01,5,△5 ×2 ▲6 ◎7 注1 ○3,,,,4,國村 美留莉  山,口,26,118,L1,追,3.77,51.83,,,,,
4420260401010005,ogaki,2026-04-01,5,△5 ×2 ▲6 ◎7 注1 ○3,,,,5,今西 瑠花  大,阪,23,128,L1,両,3.77,47.23,,,,,
4420260401010005,ogaki,2026-04-01,5,△5 ×2 ▲6 ◎7 注1 ○3,,,,6,宮地 寧々  岐,阜,30,110,L1,両,3.77,51.26,,,,,
4420260401010005,ogaki,2026-04-01,5,△5 ×2 ▲6 ◎7 注1 ○3,,,,7,新井 美菜  埼,玉,26,116,L1,追,3.69,45.22,,,,,
4420260401010006,ogaki,2026-04-01,6,▲5 △1 注3 ○4 ◎7 ×2,,,,1,野口 諭実可  大,分,33,102,L1,両,3.77,48.16,,,,,
4420260401010006,ogaki,2026-04-01,6,▲5 △1 注3 ○4 ◎7 ×2,,,,2,高木 佑真,神奈川,27,116,L1,両,3.77,50.28,,,,,
4420260401010006,ogaki,2026-04-01,6,▲5 △1 注3 ○4 ◎7 ×2,,,,3,布居 光,和歌山,25,118,L1,両,3.77,46.11,,,,,
4420260401010006,ogaki,2026-04-01,6,▲5 △1 注3 ○4 ◎7 ×2,,,,4,西脇 美唯奈  愛,知,24,120,L1,両,3.79,52.36,,,,,
4420260401010006,ogaki,2026-04-01,6,▲5 △1 注3 ○4 ◎7 ×2,,,,5,成海 綾香  沖,縄,25,128,L1,両,3.77,46.14,,,,,
4420260401010006,ogaki,2026-04-01,6,▲5 △1 注3 ○4 ◎7 ×2,,,,6,保立 沙織,神奈川,42,118,L1,両,3.77,45.22,,,,,
4420260401010006,ogaki,2026-04-01,6,▲5 △1 注3 ○4 ◎7 ×2,,,,7,梅川 風子  東,京,35,112,L1,逃,3.79,57.15,,,,,
4420260401010007,ogaki,2026-04-01,7,△7 ×1 ◎4 ○5 注2 ▲6,,,,1,飯尾 主税  静,岡,47,81,A1,追,3.92,87.2,,,,,
4420260401010007,ogaki,2026-04-01,7,△7 ×1 ◎4 ○5 注2 ▲6,,,,2,中井 護  滋,賀,51,74,A2,追,3.86,84.66,,,,,
4420260401010007,ogaki,2026-04-01,7,△7 ×1 ◎4 ○5 注2 ▲6,,,,3,秋葉 大輔  東,京,43,90,A2,追,3.92,82.5,,,,,
4420260401010007,ogaki,2026-04-01,7,△7 ×1 ◎4 ○5 注2 ▲6,,,,4,梅原 大治  静,岡,49,81,A2,追,3.85,83.87,,,,,
4420260401010007,ogaki,2026-04-01,7,△7 ×1 ◎4 ○5 注2 ▲6,,,,5,吉田 篤史  奈,良,37,109,A2,両,3.92,85.26,,,,,
4420260401010007,ogaki,2026-04-01,7,△7 ×1 ◎4 ○5 注2 ▲6,,,,6,小川 将人  愛,知,50,75,A2,追,3.86,79.69,,,,,
4420260401010007,ogaki,2026-04-01,7,△7 ×1 ◎4 ○5 注2 ▲6,,,,7,田頭 寛之  千,葉,37,109,A1,両,3.92,83.71,,,,,
4420260401010008,ogaki,2026-04-01,8,◎1 ○4 △7 注5 ▲2 ×6,,,,1,山口 聖矢  岐,阜,32,115,A1,両,3.92,87.8,,,,,
4420260401010008,ogaki,2026-04-01,8,◎1 ○4 △7 注5 ▲2 ×6,,,,2,藤井 孝則  兵,庫,47,82,A2,追,3.92,81.04,,,,,
4420260401010008,ogaki,2026-04-01,8,◎1 ○4 △7 注5 ▲2 ×6,,,,3,坂本 将太郎  栃,木,33,101,A1,追,3.92,85.66,,,,,
4420260401010008,ogaki,2026-04-01,8,◎1 ○4 △7 注5 ▲2 ×6,,,,4,松崎 貴久  富,山,51,82,A1,追,3.92,87.08,,,,,
4420260401010008,ogaki,2026-04-01,8,◎1 ○4 △7 注5 ▲2 ×6,,,,5,大城 慶之  大,阪,41,113,A2,逃,3.92,83.4,,,,,
4420260401010008,ogaki,2026-04-01,8,◎1 ○4 △7 注5 ▲2 ×6,,,,6,平川 雅晃  長,野,34,107,A2,逃,3.85,79.33,,,,,
4420260401010008,ogaki,2026-04-01,8,◎1 ○4 △7 注5 ▲2 ×6,,,,7,深見 仁哉  愛,知,43,91,A2,追,3.92,81.44,,,,,
4420260401010009,ogaki,2026-04-01,9,◎6 ○3 △7 注4 ▲1 ×5,,,,1,井上 雄三  埼,玉,43,88,A2,追,3.92,84.41,,,,,
4420260401010009,ogaki,2026-04-01,9,◎6 ○3 △7 注4 ▲1 ×5,,,,2,田中 雅史  愛,知,49,79,A1,追,3.92,85.09,,,,,
4420260401010009,ogaki,2026-04-01,9,◎6 ○3 △7 注4 ▲1 ×5,,,,3,竹内 優也,北海道,45,89,A2,両,3.77,82.86,,,,,
4420260401010009,ogaki,2026-04-01,9,◎6 ○3 △7 注4 ▲1 ×5,,,,4,寺沼 伊織  東,京,28,115,A1,両,3.92,86.11,,,,,
4420260401010009,ogaki,2026-04-01,9,◎6 ○3 △7 注4 ▲1 ×5,,,,5,山崎 晃  石,川,40,95,A2,両,3.92,81.37,,,,,
4420260401010009,ogaki,2026-04-01,9,◎6 ○3 △7 注4 ▲1 ×5,,,,6,三神 遼矢  福,島,24,127,A2,逃,3.92,80.11,,,,,
4420260401010009,ogaki,2026-04-01,9,◎6 ○3 △7 注4 ▲1 ×5,,,,7,植草 亮介  千,葉,41,90,A1,追,3.92,86.26,,,,,
4420260401010010,ogaki,2026-04-01,10,◎1 ○4 ▲6 ×3 注7 △2,,,,1,高野 信元  愛,知,26,125,A2,逃,3.92,90.2,,,,,
4420260401010010,ogaki,2026-04-01,10,◎1 ○4 ▲6 ×3 注7 △2,,,,2,阿部 宏之  宮,城,50,82,A2,追,3.92,81.05,,,,,
4420260401010010,ogaki,2026-04-01,10,◎1 ○4 ▲6 ×3 注7 △2,,,,3,宮倉 勇  千,葉,61,58,A2,追,3.93,84.55,,,,,
4420260401010010,ogaki,2026-04-01,10,◎1 ○4 ▲6 ×3 注7 △2,,,,4,後藤 彰仁  岐,阜,40,92,A1,追,3.92,85.16,,,,,
4420260401010010,ogaki,2026-04-01,10,◎1 ○4 ▲6 ×3 注7 △2,,,,5,中西 司,神奈川,44,95,A2,追,3.92,81.95,,,,,
4420260401010010,ogaki,2026-04-01,10,◎1 ○4 ▲6 ×3 注7 △2,,,,6,柴田 祐也  岐,阜,42,94,A2,追,3.92,79.72,,,,,
4420260401010010,ogaki,2026-04-01,10,◎1 ○4 ▲6 ×3 注7 △2,,,,7,照井 力斗  岩,手,24,121,A1,逃,3.92,80.95,,,,,
4420260401010011,ogaki,2026-04-01,11,△1 ×3 ▲7 ◎2 ○5 注6,,,,1,三好 恵一郎  群,馬,38,99,A1,両,3.93,92.19,,,,,
4420260401010011,ogaki,2026-04-01,11,△1 ×3 ▲7 ◎2 ○5 注6,,,,2,仲野 結音  大,阪,26,117,A1,逃,3.92,95.71,,,,,
4420260401010011,ogaki,2026-04-01,11,△1 ×3 ▲7 ◎2 ○5 注6,,,,3,桐山 敬太郎,神奈川,43,88,A1,追,3.92,92.26,,,,,
4420260401010011,ogaki,2026-04-01,11,△1 ×3 ▲7 ◎2 ○5 注6,,,,4,富永 益生  愛,知,55,66,A1,追,3.92,93.57,,,,,
4420260401010011,ogaki,2026-04-01,11,△1 ×3 ▲7 ◎2 ○5 注6,,,,5,佐藤 成人  奈,良,52,71,A1,追,3.92,91.19,,,,,
4420260401010011,ogaki,2026-04-01,11,△1 ×3 ▲7 ◎2 ○5 注6,,,,6,筒井 裕哉  兵,庫,44,89,A1,追,3.92,89.18,,,,,
4420260401010011,ogaki,2026-04-01,11,△1 ×3 ▲7 ◎2 ○5 注6,,,,7,佐藤 朋也  秋,田,46,89,A1,追,3.85,90.5,,,,,
5620260401010001,kishiwada,2026-04-01,1,△7 ×4 注3 ▲1 ◎6 ○2,"3-7  7,890円(20)","3-7-5  60,440円(104)","3=5=7  6,440円(18)",1,勝俣 亮,神奈川,48,82,A2,両,3.92,81.55,5,12.4,,１/４車輪,
5620260401010001,kishiwada,2026-04-01,1,△7 ×4 注3 ▲1 ◎6 ○2,"3-7  7,890円(20)","3-7-5  60,440円(104)","3=5=7  6,440円(18)",2,中田 拓也  広,島,29,127,A2,逃,3.92,88.85,4,12.7,,１/２車身,
5620260401010001,kishiwada,2026-04-01,1,△7 ×4 注3 ▲1 ◎6 ○2,"3-7  7,890円(20)","3-7-5  60,440円(104)","3=5=7  6,440円(18)",3,松田 大  富,山,36,98,A2,両,3.92,84.85,1,12.1,差,,
5620260401010001,kishiwada,2026-04-01,1,△7 ×4 注3 ▲1 ◎6 ○2,"3-7  7,890円(20)","3-7-5  60,440円(104)","3=5=7  6,440円(18)",4,佐藤 亙  愛,知,46,85,A1,追,3.92,88.71,6,12.5,,１/２車身,
5620260401010001,kishiwada,2026-04-01,1,△7 ×4 注3 ▲1 ◎6 ○2,"3-7  7,890円(20)","3-7-5  60,440円(104)","3=5=7  6,440円(18)",5,梶原 恵介  大,分,43,92,A1,追,3.92,89.43,3,12.5,,１車身,
5620260401010001,kishiwada,2026-04-01,1,△7 ×4 注3 ▲1 ◎6 ○2,"3-7  7,890円(20)","3-7-5  60,440円(104)","3=5=7  6,440円(18)",6,河合 康晴  静,岡,56,68,A2,追,3.92,77.45,7,12.7,,３車身,
5620260401010001,kishiwada,2026-04-01,1,△7 ×4 注3 ▲1 ◎6 ○2,"3-7  7,890円(20)","3-7-5  60,440円(104)","3=5=7  6,440円(18)",7,森崎 英登  愛,知,26,125,A2,逃,3.92,87.15,2,12.4,捲,１/４車輪,
5620260401010002,kishiwada,2026-04-01,2,○3 △7 ◎6 ×5 ▲2 注4,,,,1,杉山 剛  福,岡,48,86,A2,両,3.92,82.04,,,,,
5620260401010002,kishiwada,2026-04-01,2,○3 △7 ◎6 ×5 ▲2 注4,,,,2,山口 慎吾,北海道,42,93,A2,追,3.92,82.33,,,,,
5620260401010002,kishiwada,2026-04-01,2,○3 △7 ◎6 ×5 ▲2 注4,,,,3,火島 裕輝  愛,媛,22,123,A1,逃,3.92,88.68,,,,,
5620260401010002,kishiwada,2026-04-01,2,○3 △7 ◎6 ×5 ▲2 注4,,,,4,松本 一志  宮,崎,29,117,A2,逃,3.85,79.66,,,,,
5620260401010002,kishiwada,2026-04-01,2,○3 △7 ◎6 ×5 ▲2 注4,,,,5,堀 航輝  青,森,30,121,A1,逃,3.92,89.5,,,,,
5620260401010002,kishiwada,2026-04-01,2,○3 △7 ◎6 ×5 ▲2 注4,,,,6,小磯 知也  徳,島,51,76,A2,追,3.85,78.95,,,,,
5620260401010002,kishiwada,2026-04-01,2,○3 △7 ◎6 ×5 ▲2 注4,,,,7,森岡 正臣  高,知,50,75,A1,追,3.92,86.14,,,,,
5620260401010003,kishiwada,2026-04-01,3,△5 注1 ▲7 ×2 ◎3 ○4,,,,1,布居 寛幸,和歌山,52,72,A1,追,3.92,83.3,,,,,
5620260401010003,kishiwada,2026-04-01,3,△5 注1 ▲7 ×2 ◎3 ○4,,,,2,田村 真広  群,馬,51,83,A2,追,3.92,84.66,,,,,
5620260401010003,kishiwada,2026-04-01,3,△5 注1 ▲7 ×2 ◎3 ○4,,,,3,高井 流星  岡,山,30,113,A1,逃,3.92,89.23,,,,,
5620260401010003,kishiwada,2026-04-01,3,△5 注1 ▲7 ×2 ◎3 ○4,,,,4,石田 洋秀  広,島,56,64,A1,追,3.92,87.33,,,,,
5620260401010003,kishiwada,2026-04-01,3,△5 注1 ▲7 ×2 ◎3 ○4,,,,5,藤原 夏志  大,阪,28,125,A2,逃,3.92,82.68,,,,,
5620260401010003,kishiwada,2026-04-01,3,△5 注1 ▲7 ×2 ◎3 ○4,,,,6,安本 昇平  山,口,31,113,A2,逃,3.93,79.73,,,,,
5620260401010003,kishiwada,2026-04-01,3,△5 注1 ▲7 ×2 ◎3 ○4,,,,7,中山 拓人  埼,玉,26,121,A1,逃,3.92,81.38,,,,,
5620260401010004,kishiwada,2026-04-01,4,△3 注5 ◎4 ○7 ×1 ▲2,,,,1,西 徹  石,川,48,79,A2,追,3.92,85.28,,,,,
5620260401010004,kishiwada,2026-04-01,4,△3 注5 ◎4 ○7 ×1 ▲2,,,,2,高谷 敏史  青,森,40,91,A2,両,3.85,79.25,,,,,
5620260401010004,kishiwada,2026-04-01,4,△3 注5 ◎4 ○7 ×1 ▲2,,,,3,枝村 弘樹  宮,崎,26,123,A1,逃,3.92,82.66,,,,,
5620260401010004,kishiwada,2026-04-01,4,△3 注5 ◎4 ○7 ×1 ▲2,,,,4,北川 大五郎  大,阪,34,103,A1,両,3.92,88.63,,,,,
5620260401010004,kishiwada,2026-04-01,4,△3 注5 ◎4 ○7 ×1 ▲2,,,,5,山口 幸太郎  長,崎,47,99,A2,両,3.92,83.05,,,,,
5620260401010004,kishiwada,2026-04-01,4,△3 注5 ◎4 ○7 ×1 ▲2,,,,6,西巻 秀太  新,潟,41,97,A2,追,3.92,79.0,,,,,
5620260401010004,kishiwada,2026-04-01,4,△3 注5 ◎4 ○7 ×1 ▲2,,,,7,中野 智公,和歌山,36,99,A2,追,3.93,85.66,,,,,
5620260401010005,kishiwada,2026-04-01,5,○2 ◎7 注4 ×5 △3 ▲1,,,,1,石川 雅望  群,馬,39,91,A1,追,3.92,92.81,,,,,
5620260401010005,kishiwada,2026-04-01,5,○2 ◎7 注4 ×5 △3 ▲1,,,,2,吉川 希望  石,川,32,111,A1,逃,3.92,90.58,,,,,
5620260401010005,kishiwada,2026-04-01,5,○2 ◎7 注4 ×5 △3 ▲1,,,,3,巴 直也,神奈川,37,101,A1,追,3.92,91.5,,,,,
5620260401010005,kishiwada,2026-04-01,5,○2 ◎7 注4 ×5 △3 ▲1,,,,4,内田 英介  東,京,44,91,A1,追,3.92,89.8,,,,,
5620260401010005,kishiwada,2026-04-01,5,○2 ◎7 注4 ×5 △3 ▲1,,,,5,荒川 仁  千,葉,27,121,A1,逃,3.92,90.54,,,,,
5620260401010005,kishiwada,2026-04-01,5,○2 ◎7 注4 ×5 △3 ▲1,,,,6,伊藤 奎  福,島,27,115,A1,追,3.92,89.61,,,,,
5620260401010005,kishiwada,2026-04-01,5,○2 ◎7 注4 ×5 △3 ▲1,,,,7,小原 周祐  高,知,35,99,A1,両,3.92,96.66,,,,,
5620260401010006,kishiwada,2026-04-01,6,△1 注4 ▲3 ×6 ◎5 ○7,,,,1,才迫 開  広,島,34,101,S2,両,3.92,101.28,,,,,
5620260401010006,kishiwada,2026-04-01,6,△1 注4 ▲3 ×6 ◎5 ○7,,,,2,川津 悠揮,北海道,37,96,S1,追,3.85,103.14,,,,,
5620260401010006,kishiwada,2026-04-01,6,△1 注4 ▲3 ×6 ◎5 ○7,,,,3,桑原 亮  福,岡,41,91,S2,追,3.92,96.27,,,,,
5620260401010006,kishiwada,2026-04-01,6,△1 注4 ▲3 ×6 ◎5 ○7,,,,4,角 令央奈  福,岡,38,98,S2,両,3.92,103.08,,,,,
5620260401010006,kishiwada,2026-04-01,6,△1 注4 ▲3 ×6 ◎5 ○7,,,,5,磯島 成介  青,森,26,115,S2,逃,3.92,102.0,,,,,
5620260401010006,kishiwada,2026-04-01,6,△1 注4 ▲3 ×6 ◎5 ○7,,,,6,志村 龍己  山,梨,39,98,S2,追,3.92,96.0,,,,,
5620260401010006,kishiwada,2026-04-01,6,△1 注4 ▲3 ×6 ◎5 ○7,,,,7,佐々木 雄一  福,島,46,83,S1,追,3.92,103.59,,,,,
5620260401010007,kishiwada,2026-04-01,7,△2 注5 ▲1 ○6 ◎7 ×3,,,,1,成清 貴之  千,葉,52,73,S2,追,3.92,99.31,,,,,
5620260401010007,kishiwada,2026-04-01,7,△2 注5 ▲1 ○6 ◎7 ×3,,,,2,高橋 和也  愛,知,39,91,S2,両,3.93,102.84,,,,,
5620260401010007,kishiwada,2026-04-01,7,△2 注5 ▲1 ○6 ◎7 ×3,,,,3,横山 尚則  茨,城,34,100,S1,追,3.92,107.28,,,,,
5620260401010007,kishiwada,2026-04-01,7,△2 注5 ▲1 ○6 ◎7 ×3,,,,4,芦澤 辰弘  茨,城,37,95,S1,追,3.92,98.55,,,,,
5620260401010007,kishiwada,2026-04-01,7,△2 注5 ▲1 ○6 ◎7 ×3,,,,5,笠松 信幸  愛,知,46,84,S1,追,3.92,101.61,,,,,
5620260401010007,kishiwada,2026-04-01,7,△2 注5 ▲1 ○6 ◎7 ×3,,,,6,伊勢崎 彰大  千,葉,47,81,S2,追,3.85,97.51,,,,,
5620260401010007,kishiwada,2026-04-01,7,△2 注5 ▲1 ○6 ◎7 ×3,,,,7,河合 佑弥  東,京,31,113,S2,逃,3.92,100.0,,,,,
5620260401010008,kishiwada,2026-04-01,8,×7 △2 ▲1 注6 ○5 ◎4,,,,1,中村 弘之輔,北海道,34,109,S2,両,3.92,95.77,,,,,
5620260401010008,kishiwada,2026-04-01,8,×7 △2 ▲1 注6 ○5 ◎4,,,,2,横関 裕樹  岐,阜,37,99,S2,両,3.92,101.86,,,,,
5620260401010008,kishiwada,2026-04-01,8,×7 △2 ▲1 注6 ○5 ◎4,,,,3,坂本 健太郎  福,岡,45,86,S1,両,3.92,104.0,,,,,
5620260401010008,kishiwada,2026-04-01,8,×7 △2 ▲1 注6 ○5 ◎4,,,,4,晝田 宗一郎  岡,山,26,115,S2,逃,3.92,104.04,,,,,
5620260401010008,kishiwada,2026-04-01,8,×7 △2 ▲1 注6 ○5 ◎4,,,,5,石塚 孝幸,神奈川,46,89,S1,追,3.92,100.46,,,,,
5620260401010008,kishiwada,2026-04-01,8,×7 △2 ▲1 注6 ○5 ◎4,,,,6,安部 貴之  宮,城,42,92,S2,追,3.92,94.75,,,,,
5620260401010008,kishiwada,2026-04-01,8,×7 △2 ▲1 注6 ○5 ◎4,,,,7,小堺 浩二  石,川,43,91,S2,両,3.92,101.55,,,,,
5620260401010009,kishiwada,2026-04-01,9,×1 △5 注4 ◎6 ○7 ▲2,,,,1,和泉 尚吾  愛,媛,29,117,S2,両,3.92,101.17,,,,,
5620260401010009,kishiwada,2026-04-01,9,×1 △5 注4 ◎6 ○7 ▲2,,,,2,五日市 誠  青,森,41,89,S1,追,3.92,105.11,,,,,
5620260401010009,kishiwada,2026-04-01,9,×1 △5 注4 ◎6 ○7 ▲2,,,,3,尾形 鉄馬  宮,城,36,107,S2,追,3.92,100.7,,,,,
5620260401010009,kishiwada,2026-04-01,9,×1 △5 注4 ◎6 ○7 ▲2,,,,4,西岡 拓朗  広,島,42,97,S2,追,3.92,95.75,,,,,
5620260401010009,kishiwada,2026-04-01,9,×1 △5 注4 ◎6 ○7 ▲2,,,,5,米嶋 恵介  岡,山,34,119,S2,両,3.92,97.89,,,,,
5620260401010009,kishiwada,2026-04-01,9,×1 △5 注4 ◎6 ○7 ▲2,,,,6,小酒 大勇  宮,崎,32,103,S2,両,3.92,95.44,,,,,
5620260401010009,kishiwada,2026-04-01,9,×1 △5 注4 ◎6 ○7 ▲2,,,,7,小堀 敢太,北海道,25,125,S2,逃,3.92,105.69,,,,,
5620260401010010,kishiwada,2026-04-01,10,○1 ◎4 注7 ▲2 ×5 △6,,,,1,石塚 慶一郎,和歌山,24,119,S2,両,3.92,103.35,,,,,
5620260401010010,kishiwada,2026-04-01,10,○1 ◎4 注7 ▲2 ×5 △6,,,,2,望月 湧世  静,岡,22,123,S2,逃,3.92,97.05,,,,,
5620260401010010,kishiwada,2026-04-01,10,○1 ◎4 注7 ▲2 ×5 △6,,,,3,土屋 壮登  埼,玉,38,101,S2,追,3.92,101.47,,,,,
5620260401010010,kishiwada,2026-04-01,10,○1 ◎4 注7 ▲2 ×5 △6,,,,4,岡崎 智哉  大,阪,40,96,S1,両,3.92,107.52,,,,,
5620260401010010,kishiwada,2026-04-01,10,○1 ◎4 注7 ▲2 ×5 △6,,,,5,佐々木 和紀,神奈川,29,117,S2,追,3.92,104.0,,,,,
5620260401010010,kishiwada,2026-04-01,10,○1 ◎4 注7 ▲2 ×5 △6,,,,6,牧田 悠生  新,潟,26,123,S2,逃,3.92,95.41,,,,,
5620260401010010,kishiwada,2026-04-01,10,○1 ◎4 注7 ▲2 ×5 △6,,,,7,稲垣 裕之  京,都,48,86,S2,両,3.92,96.5,,,,,
5620260401010011,kishiwada,2026-04-01,11,○1 ◎5 △4 ▲6 注2 ×3,,,,1,谷内 健太  京,都,25,125,S2,逃,3.92,107.69,,,,,
5620260401010011,kishiwada,2026-04-01,11,○1 ◎5 △4 ▲6 注2 ×3,,,,2,山崎 泰己  岡,山,36,101,S2,追,3.92,96.0,,,,,
5620260401010011,kishiwada,2026-04-01,11,○1 ◎5 △4 ▲6 注2 ×3,,,,3,藤田 周磨  埼,玉,28,117,S2,逃,3.92,97.0,,,,,
5620260401010011,kishiwada,2026-04-01,11,○1 ◎5 △4 ▲6 注2 ×3,,,,4,菊谷 信一  大,阪,41,90,S2,追,3.92,97.37,,,,,
5620260401010011,kishiwada,2026-04-01,11,○1 ◎5 △4 ▲6 注2 ×3,,,,5,稲川 翔  大,阪,41,90,S2,両,3.93,110.52,,,,,
5620260401010011,kishiwada,2026-04-01,11,○1 ◎5 △4 ▲6 注2 ×3,,,,6,吉武 信太朗  愛,媛,32,107,S2,逃,3.93,95.08,,,,,
5620260401010011,kishiwada,2026-04-01,11,○1 ◎5 △4 ▲6 注2 ×3,,,,7,山下 渡  茨,城,42,91,S2,追,3.92,105.35,,,,,
5620260401010012,kishiwada,2026-04-01,12,×4 △1 ▲6 注7 ◎2 ○5,,,,1,小原 太樹,神奈川,37,95,S1,追,3.92,112.16,,,,,
5620260401010012,kishiwada,2026-04-01,12,×4 △1 ▲6 注7 ◎2 ○5,,,,2,村上 博幸  京,都,46,86,S1,追,3.92,112.0,,,,,
5620260401010012,kishiwada,2026-04-01,12,×4 △1 ▲6 注7 ◎2 ○5,,,,3,小倉 竜二  徳,島,49,77,S1,追,3.92,110.27,,,,,
5620260401010012,kishiwada,2026-04-01,12,×4 △1 ▲6 注7 ◎2 ○5,,,,4,山崎 賢人  長,崎,33,111,S1,逃,3.93,113.57,,,,,
5620260401010012,kishiwada,2026-04-01,12,×4 △1 ▲6 注7 ◎2 ○5,,,,5,清水 裕友  山,口,31,105,S1,両,3.92,117.75,,,,,
5620260401010012,kishiwada,2026-04-01,12,×4 △1 ▲6 注7 ◎2 ○5,,,,6,須永 優太  福,島,37,94,S1,追,3.92,107.72,,,,,
5620260401010012,kishiwada,2026-04-01,12,×4 △1 ▲6 注7 ◎2 ○5,,,,7,中釜 章成  大,阪,29,113,S1,逃,3.92,108.42,,,,,
8120260401010001,kokura,2026-04-01,1,×1 注3 ◎7 ○2 ▲4 △5,,,,1,石田 宏樹  青,森,44,91,A3,両,3.85,73.47,,,,,
8120260401010001,kokura,2026-04-01,1,×1 注3 ◎7 ○2 ▲4 △5,,,,2,鳥生 知八  愛,媛,50,77,A3,追,3.92,72.38,,,,,
8120260401010001,kokura,2026-04-01,1,×1 注3 ◎7 ○2 ▲4 △5,,,,3,相澤 恵一  宮,城,39,95,A3,追,3.92,71.08,,,,,
8120260401010001,kokura,2026-04-01,1,×1 注3 ◎7 ○2 ▲4 △5,,,,4,鈴木 康平  静,岡,31,123,A3,逃,3.86,69.43,,,,,
8120260401010001,kokura,2026-04-01,1,×1 注3 ◎7 ○2 ▲4 △5,,,,5,富澤 洋祐  静,岡,50,81,A3,追,3.92,69.05,,,,,
8120260401010001,kokura,2026-04-01,1,×1 注3 ◎7 ○2 ▲4 △5,,,,6,永山 英司,神奈川,54,78,A3,追,3.93,66.0,,,,,
8120260401010001,kokura,2026-04-01,1,×1 注3 ◎7 ○2 ▲4 △5,,,,7,柏野 健吾  岡,山,23,127,A3,逃,3.69,0.0,,,,,
8120260401010002,kokura,2026-04-01,2,◎2 ○1 ×4 △3 注6 ▲5,,,,1,杉山 正和  三,重,59,59,A3,追,3.85,73.22,,,,,
8120260401010002,kokura,2026-04-01,2,◎2 ○1 ×4 △3 注6 ▲5,,,,2,花田 雄飛  愛,知,25,127,A3,逃,3.92,70.7,,,,,
8120260401010002,kokura,2026-04-01,2,◎2 ○1 ×4 △3 注6 ▲5,,,,3,宮本 龍一  福,岡,39,92,A3,両,3.93,70.16,,,,,
8120260401010002,kokura,2026-04-01,2,◎2 ○1 ×4 △3 注6 ▲5,,,,4,勝部 貴博  福,岡,37,105,A3,両,3.83,69.08,,,,,
8120260401010002,kokura,2026-04-01,2,◎2 ○1 ×4 △3 注6 ▲5,,,,5,小林 大能  千,葉,46,87,A3,追,3.92,68.7,,,,,
8120260401010002,kokura,2026-04-01,2,◎2 ○1 ×4 △3 注6 ▲5,,,,6,小泉 俊也  静,岡,50,77,A3,両,3.93,68.21,,,,,
8120260401010002,kokura,2026-04-01,2,◎2 ○1 ×4 △3 注6 ▲5,,,,7,鈴木 龍之介  栃,木,47,81,A3,追,3.92,61.51,,,,,
8120260401010003,kokura,2026-04-01,3,◎1 ○2 ▲5 ×3 △4 注6,,,,1,中 秀平,神奈川,27,127,A3,逃,3.85,73.79,,,,,
8120260401010003,kokura,2026-04-01,3,◎1 ○2 ▲5 ×3 △4 注6,,,,2,鈴木 孝征  埼,玉,53,75,A3,追,3.92,73.0,,,,,
8120260401010003,kokura,2026-04-01,3,◎1 ○2 ▲5 ×3 △4 注6,,,,3,篠田 樹  大,分,29,113,A3,逃,3.92,71.86,,,,,
8120260401010003,kokura,2026-04-01,3,◎1 ○2 ▲5 ×3 △4 注6,,,,4,白川 有司  福,岡,51,76,A3,追,3.92,70.64,,,,,
8120260401010003,kokura,2026-04-01,3,◎1 ○2 ▲5 ×3 △4 注6,,,,5,廣川 貞治  東,京,58,61,A3,追,3.93,68.77,,,,,
8120260401010003,kokura,2026-04-01,3,◎1 ○2 ▲5 ×3 △4 注6,,,,6,松本 充生  愛,媛,47,94,A3,両,3.93,67.0,,,,,
8120260401010003,kokura,2026-04-01,3,◎1 ○2 ▲5 ×3 △4 注6,,,,7,梶應 弘樹  愛,媛,60,57,A3,追,3.92,61.88,,,,,
8120260401010004,kokura,2026-04-01,4,◎1 ○2 注5 ×6 △3 ▲4,,,,1,三浦 生誠  岩,手,24,127,A3,逃,3.92,76.33,,,,,
8120260401010004,kokura,2026-04-01,4,◎1 ○2 注5 ×6 △3 ▲4,,,,2,堀 勝政  群,馬,47,83,A3,追,3.92,74.09,,,,,
8120260401010004,kokura,2026-04-01,4,◎1 ○2 注5 ×6 △3 ▲4,,,,3,大室 翔  岡,山,34,107,A3,逃,3.93,70.04,,,,,
8120260401010004,kokura,2026-04-01,4,◎1 ○2 注5 ×6 △3 ▲4,,,,4,高田 大輔  岡,山,36,97,A3,追,3.93,69.15,,,,,
8120260401010004,kokura,2026-04-01,4,◎1 ○2 注5 ×6 △3 ▲4,,,,5,戸ノ下 太郎  千,葉,50,76,A3,追,3.85,68.08,,,,,
8120260401010004,kokura,2026-04-01,4,◎1 ○2 注5 ×6 △3 ▲4,,,,6,畠山 裕行,神奈川,48,82,A3,追,3.92,65.45,,,,,
8120260401010004,kokura,2026-04-01,4,◎1 ○2 注5 ×6 △3 ▲4,,,,7,平川 公一  大,阪,48,86,A3,両,3.86,65.0,,,,,
8120260401010005,kokura,2026-04-01,5,◎1 ○4 注5 ▲6 △3 ×2,,,,1,西森 一稀  兵,庫,21,127,A3,逃,3.92,77.84,,,,,
8120260401010005,kokura,2026-04-01,5,◎1 ○4 注5 ▲6 △3 ×2,,,,2,松根 真  東,京,45,90,A3,追,3.92,71.95,,,,,
8120260401010005,kokura,2026-04-01,5,◎1 ○4 注5 ▲6 △3 ×2,,,,3,櫻井 宏樹  東,京,37,98,A3,両,3.92,71.62,,,,,
8120260401010005,kokura,2026-04-01,5,◎1 ○4 注5 ▲6 △3 ×2,,,,4,川本 恵二  兵,庫,50,78,A3,追,3.92,69.4,,,,,
8120260401010005,kokura,2026-04-01,5,◎1 ○4 注5 ▲6 △3 ×2,,,,5,陶器 一馬  大,阪,47,86,A3,追,3.85,68.43,,,,,
8120260401010005,kokura,2026-04-01,5,◎1 ○4 注5 ▲6 △3 ×2,,,,6,橋本 祐司  青,森,41,95,A3,追,3.92,66.73,,,,,
8120260401010005,kokura,2026-04-01,5,◎1 ○4 注5 ▲6 △3 ×2,,,,7,中村 敏之輔,北海道,40,91,A3,追,3.93,62.4,,,,,
8120260401010006,kokura,2026-04-01,6,◎1 ○2 注5 △4 ×3 ▲6,,,,1,吉田 航  大,分,26,127,A3,逃,3.92,78.19,,,,,
8120260401010006,kokura,2026-04-01,6,◎1 ○2 注5 △4 ×3 ▲6,,,,2,丸林 一孝  福,岡,48,81,A3,追,3.85,73.04,,,,,
8120260401010006,kokura,2026-04-01,6,◎1 ○2 注5 △4 ×3 ▲6,,,,3,鈴木 規純  福,島,51,75,A3,追,3.86,70.87,,,,,
8120260401010006,kokura,2026-04-01,6,◎1 ○2 注5 △4 ×3 ▲6,,,,4,鈴木 豪  福,島,39,105,A3,両,3.85,70.45,,,,,
8120260401010006,kokura,2026-04-01,6,◎1 ○2 注5 △4 ×3 ▲6,,,,5,柴田 昌樹  愛,知,50,79,A3,追,3.92,68.59,,,,,
8120260401010006,kokura,2026-04-01,6,◎1 ○2 注5 △4 ×3 ▲6,,,,6,横田 政直  群,馬,39,103,A3,逃,3.92,68.09,,,,,
8120260401010006,kokura,2026-04-01,6,◎1 ○2 注5 △4 ×3 ▲6,,,,7,高橋 由記  群,馬,46,88,A3,追,3.92,67.91,,,,,
8120260401010007,kokura,2026-04-01,7,◎1 ○2 注3 ×7 △4 ▲5,,,,1,杉浦 颯太,北海道,20,127,A3,逃,3.85,78.81,,,,,
8120260401010007,kokura,2026-04-01,7,◎1 ○2 注3 ×7 △4 ▲5,,,,2,榊枝 輝文  福,島,49,79,A3,追,3.93,72.46,,,,,
8120260401010007,kokura,2026-04-01,7,◎1 ○2 注3 ×7 △4 ▲5,,,,3,大薗 宏  茨,城,52,71,A3,追,3.83,70.92,,,,,
8120260401010007,kokura,2026-04-01,7,◎1 ○2 注3 ×7 △4 ▲5,,,,4,中嶋 樹  大,阪,24,119,A3,逃,3.92,69.09,,,,,
8120260401010007,kokura,2026-04-01,7,◎1 ○2 注3 ×7 △4 ▲5,,,,5,樋口 有樹郎  兵,庫,37,98,A3,両,3.93,68.5,,,,,
8120260401010007,kokura,2026-04-01,7,◎1 ○2 注3 ×7 △4 ▲5,,,,6,花村 直人  三,重,56,71,A3,両,3.92,67.92,,,,,
8120260401010007,kokura,2026-04-01,7,◎1 ○2 注3 ×7 △4 ▲5,,,,7,山内 大作  静,岡,50,75,A3,追,3.85,64.92,,,,,
2220260405030001,maebashi,2026-04-07,1,◎5 ○1 △3 ▲4 ×2 注7,"3-5  1,230円(4)","3-5-1  2,100円(5)",1=3=5  210円(1),1,大崎 智久  青,森,43,89,A2,追,3.92,81.23,3,10.6,nan,３/４車身,nan
2220260405030001,maebashi,2026-04-07,1,◎5 ○1 △3 ▲4 ×2 注7,"3-5  1,230円(4)","3-5-1  2,100円(5)",1=3=5  210円(1),2,北野 良栄  茨,城,42,95,A1,両,3.92,85.03,7,12.0,nan,大差,nan
2220260405030001,maebashi,2026-04-07,1,◎5 ○1 △3 ▲4 ×2 注7,"3-5  1,230円(4)","3-5-1  2,100円(5)",1=3=5  210円(1),3,泉谷 直哉  兵,庫,43,94,A1,追,3.92,86.30,1,10.3,差,nan,nan
2220260405030001,maebashi,2026-04-07,1,◎5 ○1 △3 ▲4 ×2 注7,"3-5  1,230円(4)","3-5-1  2,100円(5)",1=3=5  210円(1),4,川上 修平  高,知,47,99,A2,追,3.92,81.59,4,10.3,nan,３/４車輪,nan
2220260405030001,maebashi,2026-04-07,1,◎5 ○1 △3 ▲4 ×2 注7,"3-5  1,230円(4)","3-5-1  2,100円(5)",1=3=5  210円(1),5,佐々木 祐太  岩,手,26,123,A1,逃,3.92,85.09,2,10.6,逃,微差,nan
2220260405030001,maebashi,2026-04-07,1,◎5 ○1 △3 ▲4 ×2 注7,"3-5  1,230円(4)","3-5-1  2,100円(5)",1=3=5  210円(1),6,川上 真二郎  新,潟,45,86,A2,追,3.92,79.66,6,10.4,nan,３/４車身,nan
2220260405030001,maebashi,2026-04-07,1,◎5 ○1 △3 ▲4 ×2 注7,"3-5  1,230円(4)","3-5-1  2,100円(5)",1=3=5  210円(1),7,小坂 敏之  栃,木,53,74,A2,追,3.92,83.05,5,10.2,nan,１車身１/２,nan
2220260405030002,maebashi,2026-04-07,2,◎1 ○5 ×7 △3 ▲6 注4,"1-3  1,090円(4)","1-3-7  2,320円(7)",1=3=7  930円(4),1,森山 智徳  熊,本,42,98,A1,両,3.92,94.12,1,9.4,捲,nan,nan
2220260405030002,maebashi,2026-04-07,2,◎1 ○5 ×7 △3 ▲6 注4,"1-3  1,090円(4)","1-3-7  2,320円(7)",1=3=7  930円(4),2,橋本 紀彰  茨,城,45,90,A2,追,3.92,83.68,5,9.2,nan,３/４車身,nan
2220260405030002,maebashi,2026-04-07,2,◎1 ○5 ×7 △3 ▲6 注4,"1-3  1,090円(4)","1-3-7  2,320円(7)",1=3=7  930円(4),3,河野 要,神奈川,42,94,A2,追,3.92,82.52,2,9.4,差,４車身,nan
2220260405030002,maebashi,2026-04-07,2,◎1 ○5 ×7 △3 ▲6 注4,"1-3  1,090円(4)","1-3-7  2,320円(7)",1=3=7  930円(4),4,新井 僚太郎  山,梨,34,100,A2,両,3.85,82.09,7,10.0,nan,５車身,nan
2220260405030002,maebashi,2026-04-07,2,◎1 ○5 ×7 △3 ▲6 注4,"1-3  1,090円(4)","1-3-7  2,320円(7)",1=3=7  930円(4),5,山田 哲也  愛,知,43,99,A2,追,3.92,85.00,6,9.4,nan,１車身,nan
2220260405030002,maebashi,2026-04-07,2,◎1 ○5 ×7 △3 ▲6 注4,"1-3  1,090円(4)","1-3-7  2,320円(7)",1=3=7  930円(4),6,中野 彰人,和歌山,38,93,A2,追,3.92,80.47,4,9.5,nan,１車身１/２,nan
2220260405030002,maebashi,2026-04-07,2,◎1 ○5 ×7 △3 ▲6 注4,"1-3  1,090円(4)","1-3-7  2,320円(7)",1=3=7  930円(4),7,菅田 謙仁  宮,城,33,109,A2,両,3.92,82.41,3,9.5,nan,微差,nan
2220260405030003,maebashi,2026-04-07,3,▲6 ×2 注1 ○4 ◎7 △5,"1-2  1,610円(5)","1-2-4  7,740円(24)",1=2=4  930円(4),1,谷津田 将吾  福,島,46,83,A1,追,3.92,89.40,1,9.9,差,nan,nan
2220260405030003,maebashi,2026-04-07,3,▲6 ×2 注1 ○4 ◎7 △5,"1-2  1,610円(5)","1-2-4  7,740円(24)",1=2=4  930円(4),2,古川 貴之  佐,賀,42,93,A1,追,3.93,87.00,2,10.1,差,１/４車輪,nan
2220260405030003,maebashi,2026-04-07,3,▲6 ×2 注1 ○4 ◎7 △5,"1-2  1,610円(5)","1-2-4  7,740円(24)",1=2=4  930円(4),3,宮崎 康司  香,川,37,94,A2,両,3.92,84.04,5,9.9,nan,１車身１/２,nan
2220260405030003,maebashi,2026-04-07,3,▲6 ×2 注1 ○4 ◎7 △5,"1-2  1,610円(5)","1-2-4  7,740円(24)",1=2=4  930円(4),4,瀧野 勝太  群,馬,39,92,A2,追,3.93,84.08,3,9.9,nan,３/４車身,nan
2220260405030003,maebashi,2026-04-07,3,▲6 ×2 注1 ○4 ◎7 △5,"1-2  1,610円(5)","1-2-4  7,740円(24)",1=2=4  930円(4),5,林 明宏  高,知,49,79,A1,追,3.93,87.71,7,9.8,nan,１/４車輪,nan
2220260405030003,maebashi,2026-04-07,3,▲6 ×2 注1 ○4 ◎7 △5,"1-2  1,610円(5)","1-2-4  7,740円(24)",1=2=4  930円(4),6,池田 伍功羽  熊,本,23,121,A2,逃,3.92,83.00,4,10.4,nan,１/２車身,nan
2220260405030003,maebashi,2026-04-07,3,▲6 ×2 注1 ○4 ◎7 △5,"1-2  1,610円(5)","1-2-4  7,740円(24)",1=2=4  930円(4),7,森 柾斗  徳,島,25,125,A2,逃,3.92,83.16,6,9.9,nan,３/４車輪,nan
2220260405030004,maebashi,2026-04-07,4,◎1 ○5 △4 ▲2 注6 ×3,"3-5  2,000円(9)","3-5-2  15,410円(49)","2=3=5  3,790円(15)",1,蒋野 翔太  徳,島,30,115,A1,逃,3.93,89.88,4,10.4,nan,３/４車輪,nan
2220260405030004,maebashi,2026-04-07,4,◎1 ○5 △4 ▲2 注6 ×3,"3-5  2,000円(9)","3-5-2  15,410円(49)","2=3=5  3,790円(15)",2,荒木 伸哉  静,岡,46,87,A1,追,3.92,83.47,3,10.2,nan,１車身,nan
2220260405030004,maebashi,2026-04-07,4,◎1 ○5 △4 ▲2 注6 ×3,"3-5  2,000円(9)","3-5-2  15,410円(49)","2=3=5  3,790円(15)",3,原井 剣也  福,岡,32,119,A1,逃,3.92,85.95,1,10.2,差,nan,nan
2220260405030004,maebashi,2026-04-07,4,◎1 ○5 △4 ▲2 注6 ×3,"3-5  2,000円(9)","3-5-2  15,410円(49)","2=3=5  3,790円(15)",4,石坂 永伍  岡,山,39,93,A1,両,3.92,86.68,6,10.2,nan,１/２車身,nan
2220260405030004,maebashi,2026-04-07,4,◎1 ○5 △4 ▲2 注6 ×3,"3-5  2,000円(9)","3-5-2  15,410円(49)","2=3=5  3,790円(15)",5,吉永 好宏  広,島,51,80,A1,追,3.92,87.37,2,10.1,差,１車身１/２,nan
2220260405030004,maebashi,2026-04-07,4,◎1 ○5 △4 ▲2 注6 ×3,"3-5  2,000円(9)","3-5-2  15,410円(49)","2=3=5  3,790円(15)",6,中西 勇  福,岡,33,125,A2,逃,3.93,80.42,7,10.9,nan,３車身,nan
2220260405030004,maebashi,2026-04-07,4,◎1 ○5 △4 ▲2 注6 ×3,"3-5  2,000円(9)","3-5-2  15,410円(49)","2=3=5  3,790円(15)",7,藤井 稜也  岐,阜,29,115,A2,両,3.92,82.82,5,10.1,nan,１車身,nan
2220260405030005,maebashi,2026-04-07,5,◎1 △7 ×2 注5 ○3 ▲6,3-1  560円(1),"3-1-4  4,360円(14)","1=3=4  1,190円(5)",1,不破 将登  岐,阜,37,94,S2,両,3.92,101.32,2,9.9,ク,３/４車身,nan
2220260405030005,maebashi,2026-04-07,5,◎1 △7 ×2 注5 ○3 ▲6,3-1  560円(1),"3-1-4  4,360円(14)","1=3=4  1,190円(5)",2,佐方 良行  熊,本,45,97,S2,追,3.92,98.95,4,10.0,nan,１/８車輪,nan
2220260405030005,maebashi,2026-04-07,5,◎1 △7 ×2 注5 ○3 ▲6,3-1  560円(1),"3-1-4  4,360円(14)","1=3=4  1,190円(5)",3,内藤 秀久,神奈川,44,89,S1,追,3.92,105.70,1,9.9,捲,nan,nan
2220260405030005,maebashi,2026-04-07,5,◎1 △7 ×2 注5 ○3 ▲6,3-1  560円(1),"3-1-4  4,360円(14)","1=3=4  1,190円(5)",4,小橋 明紀  青,森,52,73,S2,追,3.92,94.89,3,9.9,nan,１/２車身,nan
2220260405030005,maebashi,2026-04-07,5,◎1 △7 ×2 注5 ○3 ▲6,3-1  560円(1),"3-1-4  4,360円(14)","1=3=4  1,190円(5)",5,中園 和剛  福,岡,43,89,S2,追,3.92,95.03,5,9.9,nan,１/２車輪,nan
2220260405030005,maebashi,2026-04-07,5,◎1 △7 ×2 注5 ○3 ▲6,3-1  560円(1),"3-1-4  4,360円(14)","1=3=4  1,190円(5)",6,坂本 周作  青,森,33,105,S2,逃,3.92,89.66,7,11.6,nan,大差,nan
2220260405030005,maebashi,2026-04-07,5,◎1 △7 ×2 注5 ○3 ▲6,3-1  560円(1),"3-1-4  4,360円(14)","1=3=4  1,190円(5)",7,伊藤 勝太  愛,知,37,95,S2,追,3.92,92.60,6,9.9,nan,２車身,nan
2220260405030006,maebashi,2026-04-07,6,注3 ○7 ◎2 △4 ×6 ▲5,"5-2  1,230円(7)","5-2-1  3,110円(10)","1=2=5  1,030円(6)",1,関 貴之  茨,城,42,93,S2,追,3.92,92.53,3,9.7,nan,３/４車身,nan
2220260405030006,maebashi,2026-04-07,6,注3 ○7 ◎2 △4 ×6 ▲5,"5-2  1,230円(7)","5-2-1  3,110円(10)","1=2=5  1,030円(6)",2,西村 光太  三,重,40,96,S1,追,3.92,104.44,2,9.6,捲,１/２車身,nan
2220260405030006,maebashi,2026-04-07,6,注3 ○7 ◎2 △4 ×6 ▲5,"5-2  1,230円(7)","5-2-1  3,110円(10)","1=2=5  1,030円(6)",3,上野 雅彦  香,川,24,119,S2,逃,3.92,97.28,6,9.5,nan,３/４車身,nan
2220260405030006,maebashi,2026-04-07,6,注3 ○7 ◎2 △4 ×6 ▲5,"5-2  1,230円(7)","5-2-1  3,110円(10)","1=2=5  1,030円(6)",4,小谷 実  京,都,39,93,S2,追,3.92,94.67,4,9.5,nan,１/２車身,nan
2220260405030006,maebashi,2026-04-07,6,注3 ○7 ◎2 △4 ×6 ▲5,"5-2  1,230円(7)","5-2-1  3,110円(10)","1=2=5  1,030円(6)",5,天田 裕輝  群,馬,40,91,S2,両,3.92,98.78,1,9.7,差,nan,nan
2220260405030006,maebashi,2026-04-07,6,注3 ○7 ◎2 △4 ×6 ▲5,"5-2  1,230円(7)","5-2-1  3,110円(10)","1=2=5  1,030円(6)",6,金澤 竜二  福,島,40,91,S2,両,3.92,92.35,5,10.1,nan,３/４車輪,nan
2220260405030006,maebashi,2026-04-07,6,注3 ○7 ◎2 △4 ×6 ▲5,"5-2  1,230円(7)","5-2-1  3,110円(10)","1=2=5  1,030円(6)",7,小玉 拓真  岡,山,36,98,S2,両,3.92,102.25,7,9.5,nan,１車身,nan
2220260405030007,maebashi,2026-04-07,7,注1 ×5 ▲4 ◎3 ○7 △2,3-7  430円(1),3-7-2  540円(1),2=3=7  220円(1),1,佐山 寛明  奈,良,38,113,S2,逃,3.92,98.73,4,9.6,nan,３/４車身,nan
2220260405030007,maebashi,2026-04-07,7,注1 ×5 ▲4 ◎3 ○7 △2,3-7  430円(1),3-7-2  540円(1),2=3=7  220円(1),2,柴田 洋輔  東,京,40,92,S2,追,3.92,99.45,3,9.6,nan,１/２車身,nan
2220260405030007,maebashi,2026-04-07,7,注1 ×5 ▲4 ◎3 ○7 △2,3-7  430円(1),3-7-2  540円(1),2=3=7  220円(1),3,川越 勇星,神奈川,29,111,S2,両,3.92,101.42,1,9.9,逃,nan,nan
2220260405030007,maebashi,2026-04-07,7,注1 ×5 ▲4 ◎3 ○7 △2,3-7  430円(1),3-7-2  540円(1),2=3=7  220円(1),4,吉川 嘉斗  徳,島,33,105,S2,追,3.93,94.73,6,10.3,nan,大差,nan
2220260405030007,maebashi,2026-04-07,7,注1 ×5 ▲4 ◎3 ○7 △2,3-7  430円(1),3-7-2  540円(1),2=3=7  220円(1),5,佐川 翔吾  大,阪,41,94,S2,両,3.92,98.04,5,9.6,nan,３/４車身,nan
2220260405030007,maebashi,2026-04-07,7,注1 ×5 ▲4 ◎3 ○7 △2,3-7  430円(1),3-7-2  540円(1),2=3=7  220円(1),6,竹元 健竜  福,岡,28,115,S2,両,3.92,90.22,7,10.6,nan,１/２車輪,nan
2220260405030007,maebashi,2026-04-07,7,注1 ×5 ▲4 ◎3 ○7 △2,3-7  430円(1),3-7-2  540円(1),2=3=7  220円(1),7,高橋 雅之  千,葉,43,90,S2,追,3.92,96.28,2,9.8,ク,１/２車輪,nan
2220260405030008,maebashi,2026-04-07,8,○5 ◎1 ▲2 ×4 △7 注6,5-1  640円(2),"5-1-4  1,500円(1)",1=4=5  480円(1),1,中村 圭志  熊,本,45,86,S1,追,3.93,106.44,2,9.7,ク,１/２車輪,nan
2220260405030008,maebashi,2026-04-07,8,○5 ◎1 ▲2 ×4 △7 注6,5-1  640円(2),"5-1-4  1,500円(1)",1=4=5  480円(1),2,平野 想真  愛,知,26,123,S2,逃,3.92,100.80,5,9.5,nan,３/４車身,nan
2220260405030008,maebashi,2026-04-07,8,○5 ◎1 ▲2 ×4 △7 注6,5-1  640円(2),"5-1-4  1,500円(1)",1=4=5  480円(1),3,鈴木 謙太郎  茨,城,41,90,S2,両,3.92,98.46,7,9.3,nan,３車身,nan
2220260405030008,maebashi,2026-04-07,8,○5 ◎1 ▲2 ×4 △7 注6,5-1  640円(2),"5-1-4  1,500円(1)",1=4=5  480円(1),4,神田 紘輔  大,阪,39,100,S1,追,3.92,105.50,3,9.3,nan,３/４車身,nan
2220260405030008,maebashi,2026-04-07,8,○5 ◎1 ▲2 ×4 △7 注6,5-1  640円(2),"5-1-4  1,500円(1)",1=4=5  480円(1),5,青柳 靖起  佐,賀,26,117,S2,逃,3.92,104.09,1,9.8,逃,nan,nan
2220260405030008,maebashi,2026-04-07,8,○5 ◎1 ▲2 ×4 △7 注6,5-1  640円(2),"5-1-4  1,500円(1)",1=4=5  480円(1),6,小池 千啓  栃,木,28,119,S2,逃,3.92,92.93,6,9.3,nan,１/２車輪,nan
2220260405030008,maebashi,2026-04-07,8,○5 ◎1 ▲2 ×4 △7 注6,5-1  640円(2),"5-1-4  1,500円(1)",1=4=5  480円(1),7,櫻井 正孝  宮,城,38,100,S1,追,3.92,104.03,4,9.8,nan,１/２車輪,nan
2220260405030009,maebashi,2026-04-07,9,○2 ◎5 注1 ×7 ▲3 △4,"2-7  3,420円(12)","2-7-6  52,020円(123)","2=6=7  11,020円(29)",1,近藤 俊明,神奈川,47,87,S2,追,3.92,98.28,5,9.6,nan,１/２車身,nan
2220260405030009,maebashi,2026-04-07,9,○2 ◎5 注1 ×7 ▲3 △4,"2-7  3,420円(12)","2-7-6  52,020円(123)","2=6=7  11,020円(29)",2,福永 大智  大,阪,27,113,S1,逃,3.92,103.66,1,9.3,捲,nan,nan
2220260405030009,maebashi,2026-04-07,9,○2 ◎5 注1 ×7 ▲3 △4,"2-7  3,420円(12)","2-7-6  52,020円(123)","2=6=7  11,020円(29)",3,荻原 尚人  宮,城,42,89,S2,追,3.92,98.38,6,9.2,nan,３/４車身,nan
2220260405030009,maebashi,2026-04-07,9,○2 ◎5 注1 ×7 ▲3 △4,"2-7  3,420円(12)","2-7-6  52,020円(123)","2=6=7  11,020円(29)",4,笠松 将太  埼,玉,34,100,S2,逃,3.92,99.08,7,10.5,nan,８車身,nan
2220260405030009,maebashi,2026-04-07,9,○2 ◎5 注1 ×7 ▲3 △4,"2-7  3,420円(12)","2-7-6  52,020円(123)","2=6=7  11,020円(29)",5,中井 太祐  奈,良,36,97,S1,両,3.92,106.65,4,9.4,nan,３/４車身,nan
2220260405030009,maebashi,2026-04-07,9,○2 ◎5 注1 ×7 ▲3 △4,"2-7  3,420円(12)","2-7-6  52,020円(123)","2=6=7  11,020円(29)",6,片折 亮太  埼,玉,38,92,S2,両,3.92,92.66,3,9.5,nan,１車輪,nan
2220260405030009,maebashi,2026-04-07,9,○2 ◎5 注1 ×7 ▲3 △4,"2-7  3,420円(12)","2-7-6  52,020円(123)","2=6=7  11,020円(29)",7,渡邉 一成  福,島,42,88,S2,両,3.92,103.67,2,9.3,捲,１車輪,nan
2220260405030010,maebashi,2026-04-07,10,◎4 ○1 ▲7 注2 ×5 △6,1-4  660円(2),"1-4-7  1,800円(3)",1=4=7  630円(2),1,山本 直  岡,山,33,101,S2,両,3.92,101.52,1,9.8,差,nan,nan
2220260405030010,maebashi,2026-04-07,10,◎4 ○1 ▲7 注2 ×5 △6,1-4  660円(2),"1-4-7  1,800円(3)",1=4=7  630円(2),2,小畑 勝広  茨,城,26,115,S2,逃,3.92,101.54,5,10.4,nan,１車身１/２,nan
2220260405030010,maebashi,2026-04-07,10,◎4 ○1 ▲7 注2 ×5 △6,1-4  660円(2),"1-4-7  1,800円(3)",1=4=7  630円(2),3,福田 知也,神奈川,43,88,S1,追,3.92,99.03,4,9.6,nan,１/４車輪,nan
2220260405030010,maebashi,2026-04-07,10,◎4 ○1 ▲7 注2 ×5 △6,1-4  660円(2),"1-4-7  1,800円(3)",1=4=7  630円(2),4,松岡 辰泰  熊,本,29,117,S1,逃,3.92,108.36,2,10.0,捲,１/４車輪,nan
2220260405030010,maebashi,2026-04-07,10,◎4 ○1 ▲7 注2 ×5 △6,1-4  660円(2),"1-4-7  1,800円(3)",1=4=7  630円(2),5,蕗澤 鴻太郎  群,馬,30,111,S2,逃,3.92,99.86,7,10.6,nan,３車身,nan
2220260405030010,maebashi,2026-04-07,10,◎4 ○1 ▲7 注2 ×5 △6,1-4  660円(2),"1-4-7  1,800円(3)",1=4=7  630円(2),6,内山 雅貴  静,岡,31,113,S2,逃,3.92,95.86,6,10.0,nan,３/４車身,nan
2220260405030010,maebashi,2026-04-07,10,◎4 ○1 ▲7 注2 ×5 △6,1-4  660円(2),"1-4-7  1,800円(3)",1=4=7  630円(2),7,堤 洋  徳,島,50,75,S2,追,3.92,99.35,3,9.7,nan,１車輪,nan
2220260405030011,maebashi,2026-04-07,11,×1 △6 注4 ▲2 ○5 ◎3,"4-2  1,190円(3)","4-2-1  5,420円(17)","1=2=4  1,130円(5)",1,渡邉 壘  新,潟,22,125,A1,逃,3.92,94.55,3,10.3,nan,１車身,nan
2220260405030011,maebashi,2026-04-07,11,×1 △6 注4 ▲2 ○5 ◎3,"4-2  1,190円(3)","4-2-1  5,420円(17)","1=2=4  1,130円(5)",2,吉田 茂生  岐,阜,35,98,A1,両,3.92,92.83,2,9.9,差,１/８車輪,nan
2220260405030011,maebashi,2026-04-07,11,×1 △6 注4 ▲2 ○5 ◎3,"4-2  1,190円(3)","4-2-1  5,420円(17)","1=2=4  1,130円(5)",3,岩辺 陸  静,岡,21,127,A2,逃,3.85,88.37,4,10.2,nan,１/２車身,nan
2220260405030011,maebashi,2026-04-07,11,×1 △6 注4 ▲2 ○5 ◎3,"4-2  1,190円(3)","4-2-1  5,420円(17)","1=2=4  1,130円(5)",4,村田 瑞季  京,都,29,117,A1,逃,3.92,93.52,1,10.0,差,nan,nan
2220260405030011,maebashi,2026-04-07,11,×1 △6 注4 ▲2 ○5 ◎3,"4-2  1,190円(3)","4-2-1  5,420円(17)","1=2=4  1,130円(5)",5,水森 湧太  東,京,26,117,A1,両,3.92,86.87,7,10.2,nan,１車身１/２,nan
2220260405030011,maebashi,2026-04-07,11,×1 △6 注4 ▲2 ○5 ◎3,"4-2  1,190円(3)","4-2-1  5,420円(17)","1=2=4  1,130円(5)",6,須藤 直道  群,馬,54,68,A1,追,3.92,84.37,6,10.0,nan,３/４車身,nan
2220260405030011,maebashi,2026-04-07,11,×1 △6 注4 ▲2 ○5 ◎3,"4-2  1,190円(3)","4-2-1  5,420円(17)","1=2=4  1,130円(5)",7,齋藤 雄行,神奈川,30,121,A1,逃,3.92,95.05,5,10.1,nan,１車身,nan
2220260405030012,maebashi,2026-04-07,12,△5 ×3 ◎1 ○2 注6 ▲4,1-2  530円(1),"1-2-3  1,910円(1)",1=2=3  530円(1),1,佐々木 悠葵  群,馬,30,115,S1,両,3.92,109.04,1,9.1,捲,nan,nan
2220260405030012,maebashi,2026-04-07,12,△5 ×3 ◎1 ○2 注6 ▲4,1-2  530円(1),"1-2-3  1,910円(1)",1=2=3  530円(1),2,山田 英明  佐,賀,43,89,S1,両,3.92,111.89,2,9.5,ク,７車身,nan
2220260405030012,maebashi,2026-04-07,12,△5 ×3 ◎1 ○2 注6 ▲4,1-2  530円(1),"1-2-3  1,910円(1)",1=2=3  530円(1),3,大川 龍二  広,島,41,91,S1,両,3.92,107.09,3,9.6,nan,１/４車輪,nan
2220260405030012,maebashi,2026-04-07,12,△5 ×3 ◎1 ○2 注6 ▲4,1-2  530円(1),"1-2-3  1,910円(1)",1=2=3  530円(1),4,東 龍之介,神奈川,36,96,S2,追,3.92,103.57,6,9.7,nan,２車身,nan
2220260405030012,maebashi,2026-04-07,12,△5 ×3 ◎1 ○2 注6 ▲4,1-2  530円(1),"1-2-3  1,910円(1)",1=2=3  530円(1),5,西田 優大  広,島,28,123,S1,逃,3.92,107.31,5,10.0,nan,１車身,nan
2220260405030012,maebashi,2026-04-07,12,△5 ×3 ◎1 ○2 注6 ▲4,1-2  530円(1),"1-2-3  1,910円(1)",1=2=3  530円(1),6,丸山 留依  静,岡,20,127,S2,逃,3.92,94.46,7,9.5,nan,１/４車輪,nan
2220260405030012,maebashi,2026-04-07,12,△5 ×3 ◎1 ○2 注6 ▲4,1-2  530円(1),"1-2-3  1,910円(1)",1=2=3  530円(1),7,稲毛 健太,和歌山,36,97,S2,逃,3.92,102.86,4,9.6,nan,１車身１/２,nan
2320260405030001,toride,2026-04-07,1,○5 ◎1 △6 注2 ×7 ▲4,5-1  600円(2),"5-1-4  10,730円(39)","1=4=5  3,660円(12)",1,田中 俊充  福,井,50,76,A1,追,3.92,85.66,2,11.6,ク,３/４車身,nan
2320260405030001,toride,2026-04-07,1,○5 ◎1 △6 注2 ×7 ▲4,5-1  600円(2),"5-1-4  10,730円(39)","1=4=5  3,660円(12)",2,細沼 健治  埼,玉,44,89,A2,両,3.92,81.55,6,11.4,nan,１車身,nan
2320260405030001,toride,2026-04-07,1,○5 ◎1 △6 注2 ×7 ▲4,5-1  600円(2),"5-1-4  10,730円(39)","1=4=5  3,660円(12)",3,平田 徹  静,岡,50,78,A2,追,3.92,83.44,4,11.6,nan,１車身,nan
2320260405030001,toride,2026-04-07,1,○5 ◎1 △6 注2 ×7 ▲4,5-1  600円(2),"5-1-4  10,730円(39)","1=4=5  3,660円(12)",4,湯浅 大輔  千,葉,40,96,A2,逃,3.85,79.71,3,11.6,nan,２車身,nan
2320260405030001,toride,2026-04-07,1,○5 ◎1 △6 注2 ×7 ▲4,5-1  600円(2),"5-1-4  10,730円(39)","1=4=5  3,660円(12)",5,枠元 一葵  福,井,26,117,A2,逃,3.92,81.16,1,11.6,逃,nan,nan
2320260405030001,toride,2026-04-07,1,○5 ◎1 △6 注2 ×7 ▲4,5-1  600円(2),"5-1-4  10,730円(39)","1=4=5  3,660円(12)",6,藤野 一良  大,阪,49,77,A1,追,3.92,79.28,5,11.5,nan,１車身１/２,nan
2320260405030001,toride,2026-04-07,1,○5 ◎1 △6 注2 ×7 ▲4,5-1  600円(2),"5-1-4  10,730円(39)","1=4=5  3,660円(12)",7,渋谷 錬,神奈川,35,103,A2,追,3.92,85.55,7,20.0,nan,大差,nan
2320260405030002,toride,2026-04-07,2,注2 ▲4 ×6 ○1 ◎3 △7,"2-5  19,110円(30)","2-5-4  88,570円(129)","2=4=5  8,380円(21)",1,山崎 司  福,島,42,95,A1,追,3.92,86.90,4,12.1,nan,１/４車輪,nan
2320260405030002,toride,2026-04-07,2,注2 ▲4 ×6 ○1 ◎3 △7,"2-5  19,110円(30)","2-5-4  88,570円(129)","2=4=5  8,380円(21)",2,助川 翔太郎  埼,玉,29,123,A1,逃,3.92,79.66,1,11.9,捲,nan,nan
2320260405030002,toride,2026-04-07,2,注2 ▲4 ×6 ○1 ◎3 △7,"2-5  19,110円(30)","2-5-4  88,570円(129)","2=4=5  8,380円(21)",3,小林 史也,和歌山,40,107,A1,逃,3.92,83.55,5,12.3,nan,３/４車身,nan
2320260405030002,toride,2026-04-07,2,注2 ▲4 ×6 ○1 ◎3 △7,"2-5  19,110円(30)","2-5-4  88,570円(129)","2=4=5  8,380円(21)",4,岩橋 則明  埼,玉,54,78,A2,追,3.92,82.08,3,11.8,nan,３/４車身,nan
2320260405030002,toride,2026-04-07,2,注2 ▲4 ×6 ○1 ◎3 △7,"2-5  19,110円(30)","2-5-4  88,570円(129)","2=4=5  8,380円(21)",5,村上 卓茂  愛,知,48,84,A2,追,3.92,86.15,2,11.8,差,３/４車身,nan
2320260405030002,toride,2026-04-07,2,注2 ▲4 ×6 ○1 ◎3 △7,"2-5  19,110円(30)","2-5-4  88,570円(129)","2=4=5  8,380円(21)",6,須藤 雄太  千,葉,42,89,A2,追,3.92,76.50,7,14.2,nan,大差,nan
2320260405030002,toride,2026-04-07,2,注2 ▲4 ×6 ○1 ◎3 △7,"2-5  19,110円(30)","2-5-4  88,570円(129)","2=4=5  8,380円(21)",7,堺 文人,和歌山,46,85,A2,追,3.92,85.31,6,12.4,nan,２車身,nan
2320260405030003,toride,2026-04-07,3,○7 ◎2 △5 注1 ▲4 ×6,"2-3  1,260円(3)","2-3-1  12,180円(32)","1=2=3  4,090円(13)",1,川口 聖翔  三,重,36,100,A2,追,3.92,80.79,3,12.2,nan,２車身,nan
2320260405030003,toride,2026-04-07,3,○7 ◎2 △5 注1 ▲4 ×6,"2-3  1,260円(3)","2-3-1  12,180円(32)","1=2=3  4,090円(13)",2,渡辺 航平  東,京,48,79,A1,追,3.93,87.45,1,12.0,差,nan,nan
2320260405030003,toride,2026-04-07,3,○7 ◎2 △5 注1 ▲4 ×6,"2-3  1,260円(3)","2-3-1  12,180円(32)","1=2=3  4,090円(13)",3,鈴木 誠  福,島,49,84,A2,追,3.92,85.70,2,12.3,捲,１/４車輪,nan
2320260405030003,toride,2026-04-07,3,○7 ◎2 △5 注1 ▲4 ×6,"2-3  1,260円(3)","2-3-1  12,180円(32)","1=2=3  4,090円(13)",4,山田 晃久  石,川,50,77,A2,追,3.92,84.66,4,12.2,nan,１/２車身,nan
2320260405030003,toride,2026-04-07,3,○7 ◎2 △5 注1 ▲4 ×6,"2-3  1,260円(3)","2-3-1  12,180円(32)","1=2=3  4,090円(13)",5,北村 貴幸  群,馬,54,71,A2,追,3.85,84.75,5,12.2,nan,３/４車輪,nan
2320260405030003,toride,2026-04-07,3,○7 ◎2 △5 注1 ▲4 ×6,"2-3  1,260円(3)","2-3-1  12,180円(32)","1=2=3  4,090円(13)",6,本馬 鎌  福,島,32,109,A2,両,3.92,79.13,7,13.2,nan,３車身,nan
2320260405030003,toride,2026-04-07,3,○7 ◎2 △5 注1 ▲4 ×6,"2-3  1,260円(3)","2-3-1  12,180円(32)","1=2=3  4,090円(13)",7,阿久津 浩之  東,京,42,94,A1,逃,3.92,81.71,6,12.8,nan,４車身,nan
2320260405030004,toride,2026-04-07,4,注6 ○1 ◎7 △2 ×4 ▲3,"3-2  1,110円(5)","3-2-4  4,740円(10)","2=3=4  1,560円(6)",1,藤田 大輔  千,葉,41,91,A1,追,3.92,88.85,5,12.3,nan,タイヤ差,nan
2320260405030004,toride,2026-04-07,4,注6 ○1 ◎7 △2 ×4 ▲3,"3-2  1,110円(5)","3-2-4  4,740円(10)","2=3=4  1,560円(6)",2,飯嶋 則之  栃,木,47,81,A1,追,3.92,91.77,2,11.9,差,３車身,nan
2320260405030004,toride,2026-04-07,4,注6 ○1 ◎7 △2 ×4 ▲3,"3-2  1,110円(5)","3-2-4  4,740円(10)","2=3=4  1,560円(6)",3,泉谷 元樹  愛,知,37,101,A1,逃,3.92,87.80,1,11.9,捲,nan,nan
2320260405030004,toride,2026-04-07,4,注6 ○1 ◎7 △2 ×4 ▲3,"3-2  1,110円(5)","3-2-4  4,740円(10)","2=3=4  1,560円(6)",4,梅山 英樹  群,馬,53,72,A2,追,3.92,87.61,3,11.7,nan,３/４車身,nan
2320260405030004,toride,2026-04-07,4,注6 ○1 ◎7 △2 ×4 ▲3,"3-2  1,110円(5)","3-2-4  4,740円(10)","2=3=4  1,560円(6)",5,土岐 幹多  岐,阜,46,83,A1,追,3.92,84.50,6,12.3,nan,１車身１/２,nan
2320260405030004,toride,2026-04-07,4,注6 ○1 ◎7 △2 ×4 ▲3,"3-2  1,110円(5)","3-2-4  4,740円(10)","2=3=4  1,560円(6)",6,山本 天平  千,葉,28,125,A2,逃,3.92,81.96,4,12.4,nan,１車輪,nan
2320260405030004,toride,2026-04-07,4,注6 ○1 ◎7 △2 ×4 ▲3,"3-2  1,110円(5)","3-2-4  4,740円(10)","2=3=4  1,560円(6)",7,尾崎 悠生  埼,玉,28,113,A2,逃,3.85,85.74,7,12.4,nan,１車身１/２,nan
2320260405030005,toride,2026-04-07,5,×2 △7 ◎5 ○6 ▲3 注4,"1-5  9,840円(30)","1-5-7  55,620円(151)","1=5=7  5,320円(23)",1,小田倉 勇二  埼,玉,42,91,A1,両,3.92,87.61,1,11.6,差,nan,nan
2320260405030005,toride,2026-04-07,5,×2 △7 ◎5 ○6 ▲3 注4,"1-5  9,840円(30)","1-5-7  55,620円(151)","1=5=7  5,320円(23)",2,大谷 靖茂  愛,知,43,93,A2,逃,3.92,90.85,4,12.0,nan,タイヤ差,nan
2320260405030005,toride,2026-04-07,5,×2 △7 ◎5 ○6 ▲3 注4,"1-5  9,840円(30)","1-5-7  55,620円(151)","1=5=7  5,320円(23)",3,松坂 侑亮,神奈川,28,115,A1,逃,3.92,88.95,7,12.1,nan,３車身,nan
2320260405030005,toride,2026-04-07,5,×2 △7 ◎5 ○6 ▲3 注4,"1-5  9,840円(30)","1-5-7  55,620円(151)","1=5=7  5,320円(23)",4,吉田 元輝  茨,城,39,100,A2,両,3.92,86.77,6,12.1,nan,２車身,nan
2320260405030005,toride,2026-04-07,5,×2 △7 ◎5 ○6 ▲3 注4,"1-5  9,840円(30)","1-5-7  55,620円(151)","1=5=7  5,320円(23)",5,小林 則之  静,岡,50,85,A1,両,3.92,92.93,2,11.6,捲,３/４車身,nan
2320260405030005,toride,2026-04-07,5,×2 △7 ◎5 ○6 ▲3 注4,"1-5  9,840円(30)","1-5-7  55,620円(151)","1=5=7  5,320円(23)",6,栗田 雄矢  静,岡,40,96,A2,追,3.92,84.68,5,11.5,nan,３/４車輪,nan
2320260405030005,toride,2026-04-07,5,×2 △7 ◎5 ○6 ▲3 注4,"1-5  9,840円(30)","1-5-7  55,620円(151)","1=5=7  5,320円(23)",7,山口 智弘  愛,知,35,99,A1,追,3.93,88.75,3,11.9,nan,３/４車身,nan
2320260405030006,toride,2026-04-07,6,◎2 ○5 ×7 △1 ▲3 注4,7-1  600円(4),"7-1-2  1,260円(3)",1=2=7  310円(1),1,竹田 和幸  岐,阜,49,78,A1,追,3.93,85.33,2,11.6,ク,２車身,nan
2320260405030006,toride,2026-04-07,6,◎2 ○5 ×7 △1 ▲3 注4,7-1  600円(4),"7-1-2  1,260円(3)",1=2=7  310円(1),2,菊地 圭  宮,城,24,123,A1,逃,3.92,93.08,3,11.9,nan,１/２車輪,nan
2320260405030006,toride,2026-04-07,6,◎2 ○5 ×7 △1 ▲3 注4,7-1  600円(4),"7-1-2  1,260円(3)",1=2=7  310円(1),3,田中 勝仁  千,葉,40,93,A2,両,3.93,82.65,5,11.6,nan,３/４車身,nan
2320260405030006,toride,2026-04-07,6,◎2 ○5 ×7 △1 ▲3 注4,7-1  600円(4),"7-1-2  1,260円(3)",1=2=7  310円(1),4,春日 勇人  千,葉,50,82,A1,追,3.92,88.05,4,11.4,nan,１/４車輪,nan
2320260405030006,toride,2026-04-07,6,◎2 ○5 ×7 △1 ▲3 注4,7-1  600円(4),"7-1-2  1,260円(3)",1=2=7  310円(1),5,井上 公利  宮,城,44,93,A2,逃,3.92,82.28,7,13.9,nan,大差,nan
2320260405030006,toride,2026-04-07,6,◎2 ○5 ×7 △1 ▲3 注4,7-1  600円(4),"7-1-2  1,260円(3)",1=2=7  310円(1),6,野村 純宏,神奈川,49,82,A1,追,3.92,81.16,6,11.6,nan,４車身,nan
2320260405030006,toride,2026-04-07,6,◎2 ○5 ×7 △1 ▲3 注4,7-1  600円(4),"7-1-2  1,260円(3)",1=2=7  310円(1),7,安達 光伸  岐,阜,24,127,A2,逃,3.92,90.19,1,11.5,捲,nan,nan
2320260405030007,toride,2026-04-07,7,◎2 ○5 ▲4 注6 ×1 △7,"2-7  1,220円(3)","2-7-3  2,960円(8)","2=3=7  1,110円(5)",1,平石 浩之  茨,城,48,87,A1,追,3.92,87.71,4,11.7,nan,３/４車輪,nan
2320260405030007,toride,2026-04-07,7,◎2 ○5 ▲4 注6 ×1 △7,"2-7  1,220円(3)","2-7-3  2,960円(8)","2=3=7  1,110円(5)",2,中村 龍吉  福,島,25,125,A2,逃,3.92,93.62,1,11.4,捲,nan,nan
2320260405030007,toride,2026-04-07,7,◎2 ○5 ▲4 注6 ×1 △7,"2-7  1,220円(3)","2-7-3  2,960円(8)","2=3=7  1,110円(5)",3,三谷 政史  奈,良,43,93,A1,追,3.92,91.29,3,11.9,nan,３/４車身,nan
2320260405030007,toride,2026-04-07,7,◎2 ○5 ▲4 注6 ×1 △7,"2-7  1,220円(3)","2-7-3  2,960円(8)","2=3=7  1,110円(5)",4,堀 兼壽  岐,阜,31,105,A1,両,3.92,88.16,5,11.8,nan,３/４車身,nan
2320260405030007,toride,2026-04-07,7,◎2 ○5 ▲4 注6 ×1 △7,"2-7  1,220円(3)","2-7-3  2,960円(8)","2=3=7  1,110円(5)",5,小埜 正義  千,葉,44,88,A1,追,3.92,92.95,6,11.7,nan,１車身１/２,nan
2320260405030007,toride,2026-04-07,7,◎2 ○5 ▲4 注6 ×1 △7,"2-7  1,220円(3)","2-7-3  2,960円(8)","2=3=7  1,110円(5)",6,貝原 涼太  栃,木,28,125,A2,逃,3.92,86.52,7,12.0,nan,３車身,nan
2320260405030007,toride,2026-04-07,7,◎2 ○5 ▲4 注6 ×1 △7,"2-7  1,220円(3)","2-7-3  2,960円(8)","2=3=7  1,110円(5)",7,常次 勇人  大,阪,24,121,A1,逃,3.92,86.85,2,12.0,逃,３/４車輪,nan
3520260407010001,hiratsuka,2026-04-07,1,◎7 ○1 注3 ×6 △2 ▲4,7-1  330円(1),"7-1-5  10,540円(30)","1=5=7  5,930円(13)",1,野木 義規,北海道,53,72,A3,追,3.92,74.75,2,12.8,ク,３/４車身,nan
3520260407010001,hiratsuka,2026-04-07,1,◎7 ○1 注3 ×6 △2 ▲4,7-1  330円(1),"7-1-5  10,540円(30)","1=5=7  5,930円(13)",2,布居 翼,和歌山,29,109,A3,逃,3.92,74.24,6,13.5,nan,２車身,nan
3520260407010001,hiratsuka,2026-04-07,1,◎7 ○1 注3 ×6 △2 ▲4,7-1  330円(1),"7-1-5  10,540円(30)","1=5=7  5,930円(13)",3,古閑 良介  福,岡,52,73,A3,追,3.92,71.26,5,12.7,nan,１車身１/２,nan
3520260407010001,hiratsuka,2026-04-07,1,◎7 ○1 注3 ×6 △2 ▲4,7-1  330円(1),"7-1-5  10,540円(30)","1=5=7  5,930円(13)",4,葉狩 伸泰  大,阪,52,78,A3,両,3.92,68.77,7,nan,nan,大差,nan
3520260407010001,hiratsuka,2026-04-07,1,◎7 ○1 注3 ×6 △2 ▲4,7-1  330円(1),"7-1-5  10,540円(30)","1=5=7  5,930円(13)",5,古田 義明  三,重,52,79,A3,追,3.93,67.64,3,12.7,nan,１/２車身,nan
3520260407010001,hiratsuka,2026-04-07,1,◎7 ○1 注3 ×6 △2 ▲4,7-1  330円(1),"7-1-5  10,540円(30)","1=5=7  5,930円(13)",6,森下 忠夫  高,知,53,69,A3,追,3.92,66.65,4,12.6,nan,１/２車身,nan
3520260407010001,hiratsuka,2026-04-07,1,◎7 ○1 注3 ×6 △2 ▲4,7-1  330円(1),"7-1-5  10,540円(30)","1=5=7  5,930円(13)",7,関口 朗斗  群,馬,22,127,A3,逃,3.92,0.00,1,12.8,差,nan,nan
3520260407010002,hiratsuka,2026-04-07,2,○2 ◎1 △3 ×4 注7 ▲5,1-2  200円(1),"1-2-4  1,220円(4)",1=2=4  600円(2),1,井手 尚治,神奈川,56,65,A3,追,3.92,75.95,1,12.6,差,nan,nan
3520260407010002,hiratsuka,2026-04-07,2,○2 ◎1 △3 ×4 注7 ▲5,1-2  200円(1),"1-2-4  1,220円(4)",1=2=4  600円(2),2,森 飛龍  静,岡,22,127,A3,逃,3.85,74.00,2,12.8,逃,１/４車輪,nan
3520260407010002,hiratsuka,2026-04-07,2,○2 ◎1 △3 ×4 注7 ▲5,1-2  200円(1),"1-2-4  1,220円(4)",1=2=4  600円(2),3,湯浅 弘光  千,葉,53,74,A3,追,3.92,72.20,5,12.6,nan,１/８車輪,nan
3520260407010002,hiratsuka,2026-04-07,2,○2 ◎1 △3 ×4 注7 ▲5,1-2  200円(1),"1-2-4  1,220円(4)",1=2=4  600円(2),4,井上 将志  兵,庫,41,100,A3,両,3.92,71.87,3,12.4,nan,１/２車身,nan
3520260407010002,hiratsuka,2026-04-07,2,○2 ◎1 △3 ×4 注7 ▲5,1-2  200円(1),"1-2-4  1,220円(4)",1=2=4  600円(2),5,山崎 寛巳  新,潟,42,93,A3,逃,3.92,69.93,4,12.5,nan,１/２車身,nan
3520260407010002,hiratsuka,2026-04-07,2,○2 ◎1 △3 ×4 注7 ▲5,1-2  200円(1),"1-2-4  1,220円(4)",1=2=4  600円(2),6,沼川 夢久  群,馬,50,81,A3,追,3.92,68.27,7,12.6,nan,５車身,nan
3520260407010002,hiratsuka,2026-04-07,2,○2 ◎1 △3 ×4 注7 ▲5,1-2  200円(1),"1-2-4  1,220円(4)",1=2=4  600円(2),7,柳澤 達也  兵,庫,53,72,A3,追,3.92,67.05,6,12.4,nan,３/４車身,nan
3520260407010003,hiratsuka,2026-04-07,3,◎2 ○1 注5 ▲7 ×3 △4,1-2  200円(1),1-2-5  480円(1),1=2=5  250円(1),1,高嶋 一朗  岡,山,58,62,A3,追,3.86,76.22,1,12.3,差,nan,nan
3520260407010003,hiratsuka,2026-04-07,3,◎2 ○1 注5 ▲7 ×3 △4,1-2  200円(1),1-2-5  480円(1),1=2=5  250円(1),2,利川 寛太  山,口,26,127,A3,逃,3.93,74.62,2,12.4,逃,タイヤ差,nan
3520260407010003,hiratsuka,2026-04-07,3,◎2 ○1 注5 ▲7 ×3 △4,1-2  200円(1),1-2-5  480円(1),1=2=5  250円(1),3,國井 裕樹,神奈川,41,113,A3,逃,3.92,73.61,5,12.6,nan,１車輪,nan
3520260407010003,hiratsuka,2026-04-07,3,◎2 ○1 注5 ▲7 ×3 △4,1-2  200円(1),1-2-5  480円(1),1=2=5  250円(1),4,田崎 良太郎  福,島,45,87,A3,追,3.92,73.21,7,12.6,nan,１/２車輪,nan
3520260407010003,hiratsuka,2026-04-07,3,◎2 ○1 注5 ▲7 ×3 △4,1-2  200円(1),1-2-5  480円(1),1=2=5  250円(1),5,齋藤 仁  徳,島,46,83,A3,追,3.92,68.13,3,12.3,nan,１車身,nan
3520260407010003,hiratsuka,2026-04-07,3,◎2 ○1 注5 ▲7 ×3 △4,1-2  200円(1),1-2-5  480円(1),1=2=5  250円(1),6,横瀬 聡  福,岡,54,69,A3,追,3.92,67.34,6,12.4,nan,２車身,nan
3520260407010003,hiratsuka,2026-04-07,3,◎2 ○1 注5 ▲7 ×3 △4,1-2  200円(1),1-2-5  480円(1),1=2=5  250円(1),7,鈴木 雄一朗  東,京,41,94,A3,両,3.93,64.55,4,12.3,nan,１車身,nan
3520260407010004,hiratsuka,2026-04-07,4,◎1 ○3 △4 ×2 ▲6 注7,1-3  190円(1),1-3-2  420円(1),1=2=3  270円(1),1,谷澤 優貴  三,重,21,127,A3,逃,3.85,77.91,1,12.2,捲,nan,nan
3520260407010004,hiratsuka,2026-04-07,4,◎1 ○3 △4 ×2 ▲6 注7,1-3  190円(1),1-3-2  420円(1),1=2=3  270円(1),2,増田 鉄男  徳,島,51,74,A3,追,3.92,74.20,3,12.0,nan,３/４車身,nan
3520260407010004,hiratsuka,2026-04-07,4,◎1 ○3 △4 ×2 ▲6 注7,1-3  190円(1),1-3-2  420円(1),1=2=3  270円(1),3,橋本 大祐  岐,阜,49,80,A3,追,3.92,70.27,2,12.1,ク,１車輪,nan
3520260407010004,hiratsuka,2026-04-07,4,◎1 ○3 △4 ×2 ▲6 注7,1-3  190円(1),1-3-2  420円(1),1=2=3  270円(1),4,友永 龍介  山,口,35,101,A3,逃,3.92,68.85,5,12.6,nan,３車身,nan
3520260407010004,hiratsuka,2026-04-07,4,◎1 ○3 △4 ×2 ▲6 注7,1-3  190円(1),1-3-2  420円(1),1=2=3  270円(1),5,小林 高志  東,京,52,79,A3,追,3.92,67.38,6,12.2,nan,１車身,nan
3520260407010004,hiratsuka,2026-04-07,4,◎1 ○3 △4 ×2 ▲6 注7,1-3  190円(1),1-3-2  420円(1),1=2=3  270円(1),6,高尾 剛文  福,岡,56,66,A3,追,3.92,67.37,4,12.1,nan,１車身１/２,nan
3520260407010004,hiratsuka,2026-04-07,4,◎1 ○3 △4 ×2 ▲6 注7,1-3  190円(1),1-3-2  420円(1),1=2=3  270円(1),7,坂本 敏也,北海道,39,93,A3,両,3.92,66.88,7,12.4,nan,３/４車輪,nan
3520260407010005,hiratsuka,2026-04-07,5,◎1 ○4 ▲7 ×2 注5 △3,"1-5  4,050円(11)","1-5-7  38,140円(88)","1=5=7  10,410円(24)",1,宮下 一歩  長,野,33,115,A1,逃,3.92,87.25,1,12.4,逃,nan,nan
3520260407010005,hiratsuka,2026-04-07,5,◎1 ○4 ▲7 ×2 注5 △3,"1-5  4,050円(11)","1-5-7  38,140円(88)","1=5=7  10,410円(24)",2,水谷 将司  愛,知,38,105,A2,追,3.92,85.90,4,11.9,nan,１/８車輪,nan
3520260407010005,hiratsuka,2026-04-07,5,◎1 ○4 ▲7 ×2 注5 △3,"1-5  4,050円(11)","1-5-7  38,140円(88)","1=5=7  10,410円(24)",3,吉永 和生  広,島,49,80,A2,追,3.79,84.63,7,12.3,nan,１車身１/２,nan
3520260407010005,hiratsuka,2026-04-07,5,◎1 ○4 ▲7 ×2 注5 △3,"1-5  4,050円(11)","1-5-7  38,140円(88)","1=5=7  10,410円(24)",4,上野 真吾,神奈川,38,93,A2,追,3.93,83.33,5,12.4,nan,１/２車身,nan
3520260407010005,hiratsuka,2026-04-07,5,◎1 ○4 ▲7 ×2 注5 △3,"1-5  4,050円(11)","1-5-7  38,140円(88)","1=5=7  10,410円(24)",5,原田 峻治  山,口,31,125,A2,逃,3.92,82.00,2,12.3,捲,１/２車身,nan
3520260407010005,hiratsuka,2026-04-07,5,◎1 ○4 ▲7 ×2 注5 △3,"1-5  4,050円(11)","1-5-7  38,140円(88)","1=5=7  10,410円(24)",6,高橋 成英  愛,知,43,89,A1,両,3.92,80.71,6,11.8,nan,３/４車身,nan
3520260407010005,hiratsuka,2026-04-07,5,◎1 ○4 ▲7 ×2 注5 △3,"1-5  4,050円(11)","1-5-7  38,140円(88)","1=5=7  10,410円(24)",7,佐野 恭太  静,岡,46,94,A2,両,3.92,80.40,3,12.3,nan,１/４車輪,nan
3520260407010006,hiratsuka,2026-04-07,6,◎1 ○2 注5 ×3 △4 ▲6,"3-2  1,540円(6)","3-2-1  4,430円(16)",1=2=3  430円(1),1,布居 大地,和歌山,28,111,A1,逃,3.92,88.93,3,12.1,nan,３/４車輪,nan
3520260407010006,hiratsuka,2026-04-07,6,◎1 ○2 注5 ×3 △4 ▲6,"3-2  1,540円(6)","3-2-1  4,430円(16)",1=2=3  430円(1),2,藤田 真  兵,庫,44,89,A2,両,3.92,85.83,2,12.0,差,１車輪,nan
3520260407010006,hiratsuka,2026-04-07,6,◎1 ○2 注5 ×3 △4 ▲6,"3-2  1,540円(6)","3-2-1  4,430円(16)",1=2=3  430円(1),3,峯口 司  長,崎,23,123,A1,逃,3.92,85.04,1,12.2,逃,nan,nan
3520260407010006,hiratsuka,2026-04-07,6,◎1 ○2 注5 ×3 △4 ▲6,"3-2  1,540円(6)","3-2-1  4,430円(16)",1=2=3  430円(1),4,内山 拓  福,岡,43,88,A1,追,3.92,85.00,7,12.7,nan,２車身,nan
3520260407010006,hiratsuka,2026-04-07,6,◎1 ○2 注5 ×3 △4 ▲6,"3-2  1,540円(6)","3-2-1  4,430円(16)",1=2=3  430円(1),5,北村 篤  岐,阜,38,94,A2,追,3.92,83.00,4,12.1,nan,１車身１/２,nan
3520260407010006,hiratsuka,2026-04-07,6,◎1 ○2 注5 ×3 △4 ▲6,"3-2  1,540円(6)","3-2-1  4,430円(16)",1=2=3  430円(1),6,八尋 翔平  福,岡,39,93,A2,追,3.92,82.94,6,12.1,nan,３/４車身,nan
3520260407010006,hiratsuka,2026-04-07,6,◎1 ○2 注5 ×3 △4 ▲6,"3-2  1,540円(6)","3-2-1  4,430円(16)",1=2=3  430円(1),7,本間 慎吾  新,潟,39,91,A2,追,3.92,82.20,5,12.1,nan,１/２車身,nan
3520260407010007,hiratsuka,2026-04-07,7,○2 ◎1 △3 ▲6 ×7 注4,"1-7  8,810円(15)","1-7-3  58,780円(56)","1=3=7  12,980円(13)",1,明田 春喜,北海道,45,89,A2,追,3.92,91.94,1,12.0,差,nan,nan
3520260407010007,hiratsuka,2026-04-07,7,○2 ◎1 △3 ▲6 ×7 注4,"1-7  8,810円(15)","1-7-3  58,780円(56)","1=3=7  12,980円(13)",2,荻原 寿嗣,北海道,31,119,A2,逃,3.85,88.28,5,12.8,nan,１/２車身,nan
3520260407010007,hiratsuka,2026-04-07,7,○2 ◎1 △3 ▲6 ×7 注4,"1-7  8,810円(15)","1-7-3  58,780円(56)","1=3=7  12,980円(13)",3,白石 大輔  福,島,43,88,A1,両,3.92,85.62,3,12.1,nan,１車身１/２,nan
3520260407010007,hiratsuka,2026-04-07,7,○2 ◎1 △3 ▲6 ×7 注4,"1-7  8,810円(15)","1-7-3  58,780円(56)","1=3=7  12,980円(13)",4,樋口 開土  東,京,29,113,A1,逃,3.92,85.05,7,13.5,nan,大差,nan
3520260407010007,hiratsuka,2026-04-07,7,○2 ◎1 △3 ▲6 ×7 注4,"1-7  8,810円(15)","1-7-3  58,780円(56)","1=3=7  12,980円(13)",5,成清 謙二郎  千,葉,42,90,A2,追,3.92,83.50,6,12.3,nan,１車輪,nan
3520260407010007,hiratsuka,2026-04-07,7,○2 ◎1 △3 ▲6 ×7 注4,"1-7  8,810円(15)","1-7-3  58,780円(56)","1=3=7  12,980円(13)",6,山本 貴章  岡,山,51,76,A2,追,3.92,83.06,4,12.4,nan,４車身,nan
3520260407010007,hiratsuka,2026-04-07,7,○2 ◎1 △3 ▲6 ×7 注4,"1-7  8,810円(15)","1-7-3  58,780円(56)","1=3=7  12,980円(13)",7,船倉 卓郎  長,崎,41,99,A2,追,3.92,79.66,2,12.1,捲,１/２車輪,nan
3520260407010008,hiratsuka,2026-04-07,8,◎1 ○2 ×3 注4 △7 ▲5,"3-4  1,890円(6)","3-4-1  3,920円(11)",1=3=4  860円(3),1,中島 竜誠  山,梨,25,125,A2,逃,3.92,89.88,3,12.7,nan,１/４車輪,nan
3520260407010008,hiratsuka,2026-04-07,8,◎1 ○2 ×3 注4 △7 ▲5,"3-4  1,890円(6)","3-4-1  3,920円(11)",1=3=4  860円(3),2,土屋 仁  茨,城,51,84,A2,追,3.92,87.91,7,14.0,nan,大差,nan
3520260407010008,hiratsuka,2026-04-07,8,◎1 ○2 ×3 注4 △7 ▲5,"3-4  1,890円(6)","3-4-1  3,920円(11)",1=3=4  860円(3),3,門田 凌  愛,媛,31,111,A1,両,3.92,86.38,1,12.1,捲,nan,nan
3520260407010008,hiratsuka,2026-04-07,8,◎1 ○2 ×3 注4 △7 ▲5,"3-4  1,890円(6)","3-4-1  3,920円(11)",1=3=4  860円(3),4,國村 洋  山,口,49,80,A1,追,3.92,84.75,2,12.1,ク,１/２車身,nan
3520260407010008,hiratsuka,2026-04-07,8,◎1 ○2 ×3 注4 △7 ▲5,"3-4  1,890円(6)","3-4-1  3,920円(11)",1=3=4  860円(3),5,鮫島 康治  大,阪,43,111,A2,逃,3.92,83.45,4,12.0,nan,１車身,nan
3520260407010008,hiratsuka,2026-04-07,8,◎1 ○2 ×3 注4 △7 ▲5,"3-4  1,890円(6)","3-4-1  3,920円(11)",1=3=4  860円(3),6,川木 敬大  兵,庫,47,84,A1,追,3.92,82.73,5,12.0,nan,３/４車身,nan
3520260407010008,hiratsuka,2026-04-07,8,◎1 ○2 ×3 注4 △7 ▲5,"3-4  1,890円(6)","3-4-1  3,920円(11)",1=3=4  860円(3),7,竹内 真一  福,岡,44,89,A2,追,3.92,80.38,6,12.6,nan,７車身,nan
3520260407010009,hiratsuka,2026-04-07,9,◎1 ○2 ×3 注4 △7 ▲5,"6-5  7,950円(21)","6-5-2  32,030円(79)","2=5=6  6,490円(16)",1,長屋 秀明  岐,阜,25,117,A1,逃,3.92,95.18,6,12.7,nan,３/４車身,nan
3520260407010009,hiratsuka,2026-04-07,9,◎1 ○2 ×3 注4 △7 ▲5,"6-5  7,950円(21)","6-5-2  32,030円(79)","2=5=6  6,490円(16)",2,坂田 章  高,知,40,93,A1,追,3.92,92.57,3,12.0,nan,３/４車身,nan
3520260407010009,hiratsuka,2026-04-07,9,◎1 ○2 ×3 注4 △7 ▲5,"6-5  7,950円(21)","6-5-2  32,030円(79)","2=5=6  6,490円(16)",3,吉本 哲郎  広,島,46,84,A1,両,3.92,91.70,5,12.3,nan,２車身,nan
3520260407010009,hiratsuka,2026-04-07,9,◎1 ○2 ×3 注4 △7 ▲5,"6-5  7,950円(21)","6-5-2  32,030円(79)","2=5=6  6,490円(16)",4,岡部 伶音  福,島,27,123,A1,逃,3.92,91.16,7,12.7,nan,１車輪,nan
3520260407010009,hiratsuka,2026-04-07,9,◎1 ○2 ×3 注4 △7 ▲5,"6-5  7,950円(21)","6-5-2  32,030円(79)","2=5=6  6,490円(16)",5,矢口 大樹  千,葉,37,95,A1,両,3.92,90.35,2,12.1,捲,３/４車輪,nan
3520260407010009,hiratsuka,2026-04-07,9,◎1 ○2 ×3 注4 △7 ▲5,"6-5  7,950円(21)","6-5-2  32,030円(79)","2=5=6  6,490円(16)",6,川口 直人,神奈川,49,84,A1,追,3.92,90.16,1,11.9,差,nan,nan
3520260407010009,hiratsuka,2026-04-07,9,◎1 ○2 ×3 注4 △7 ▲5,"6-5  7,950円(21)","6-5-2  32,030円(79)","2=5=6  6,490円(16)",7,浦川 尊明  茨,城,50,80,A1,追,3.92,89.33,4,12.1,nan,１車身１/２,nan
4220260406020001,nagoya,2026-04-07,1,◎4 ○1 ▲7 ×6 △2 注5,"4-5  3,150円(14)","4-5-1  13,160円(47)","1=4=5  1,710円(7)",1,浅沼 聖士  静,岡,44,87,A2,追,3.92,82.51,3,11.7,nan,１車身１/２,nan
4220260406020001,nagoya,2026-04-07,1,◎4 ○1 ▲7 ×6 △2 注5,"4-5  3,150円(14)","4-5-1  13,160円(47)","1=4=5  1,710円(7)",2,下岡 将也  三,重,29,111,A1,逃,3.92,85.04,6,12.3,nan,４車身,nan
4220260406020001,nagoya,2026-04-07,1,◎4 ○1 ▲7 ×6 △2 注5,"4-5  3,150円(14)","4-5-1  13,160円(47)","1=4=5  1,710円(7)",3,小川 巧  岡,山,59,57,A2,追,3.92,80.43,5,12.3,nan,３車身,nan
4220260406020001,nagoya,2026-04-07,1,◎4 ○1 ▲7 ×6 △2 注5,"4-5  3,150円(14)","4-5-1  13,160円(47)","1=4=5  1,710円(7)",4,高橋 大輝  秋,田,32,111,A1,両,3.92,82.50,1,11.6,差,nan,nan
4220260406020001,nagoya,2026-04-07,1,◎4 ○1 ▲7 ×6 △2 注5,"4-5  3,150円(14)","4-5-1  13,160円(47)","1=4=5  1,710円(7)",5,才迫 勇馬  広,島,37,95,A2,逃,3.93,81.16,2,12.0,捲,１/２車輪,nan
4220260406020001,nagoya,2026-04-07,1,◎4 ○1 ▲7 ×6 △2 注5,"4-5  3,150円(14)","4-5-1  13,160円(47)","1=4=5  1,710円(7)",6,廣田 敦士  三,重,33,107,A2,逃,3.92,79.53,7,13.0,nan,５車身,nan
4220260406020001,nagoya,2026-04-07,1,◎4 ○1 ▲7 ×6 △2 注5,"4-5  3,150円(14)","4-5-1  13,160円(47)","1=4=5  1,710円(7)",7,渡邉 高志  栃,木,48,84,A2,追,3.92,80.73,4,11.6,nan,１/４車輪,nan
4220260406020002,nagoya,2026-04-07,2,○5 ◎1 △4 注2 ×7 ▲3,"1-7  1,520円(7)","1-7-5  2,860円(7)",1=5=7  480円(2),1,小川 大地  愛,知,35,98,A2,追,3.92,81.59,1,12.8,差,nan,nan
4220260406020002,nagoya,2026-04-07,2,○5 ◎1 △4 注2 ×7 ▲3,"1-7  1,520円(7)","1-7-5  2,860円(7)",1=5=7  480円(2),2,葛西 雄太郎  愛,媛,47,85,A2,両,3.92,78.45,4,13.1,nan,８車身,nan
4220260406020002,nagoya,2026-04-07,2,○5 ◎1 △4 注2 ×7 ▲3,"1-7  1,520円(7)","1-7-5  2,860円(7)",1=5=7  480円(2),3,有馬 雄二  奈,良,43,90,A2,追,3.92,80.28,6,14.0,nan,４車身,nan
4220260406020002,nagoya,2026-04-07,2,○5 ◎1 △4 注2 ×7 ▲3,"1-7  1,520円(7)","1-7-5  2,860円(7)",1=5=7  480円(2),4,松尾 淳  岐,阜,51,77,A2,追,3.92,81.47,5,13.2,nan,３車身,nan
4220260406020002,nagoya,2026-04-07,2,○5 ◎1 △4 注2 ×7 ▲3,"1-7  1,520円(7)","1-7-5  2,860円(7)",1=5=7  480円(2),5,瀧川 幸広  愛,知,29,125,A2,逃,3.93,82.10,3,13.2,nan,１/２車身,nan
4220260406020002,nagoya,2026-04-07,2,○5 ◎1 △4 注2 ×7 ▲3,"1-7  1,520円(7)","1-7-5  2,860円(7)",1=5=7  480円(2),6,中野 功史  長,崎,48,84,A2,両,3.85,76.62,7,nan,nan,大差,nan
4220260406020002,nagoya,2026-04-07,2,○5 ◎1 △4 注2 ×7 ▲3,"1-7  1,520円(7)","1-7-5  2,860円(7)",1=5=7  480円(2),7,善利 裕生  滋,賀,48,82,A1,両,3.92,84.82,2,13.0,差,１/２車身,nan
4220260406020003,nagoya,2026-04-07,3,○1 ◎7 △5 ▲2 ×6 注4,"3-4  1,410円(4)","3-4-1  5,850円(22)",1=3=4  880円(5),1,野村 賢  山,口,22,125,A2,逃,3.92,89.00,3,12.4,nan,１車輪,nan
4220260406020003,nagoya,2026-04-07,3,○1 ◎7 △5 ▲2 ×6 注4,"3-4  1,410円(4)","3-4-1  5,850円(22)",1=3=4  880円(5),2,戸邉 捺希  埼,玉,27,117,A1,逃,3.92,82.33,4,11.8,nan,１/４車輪,nan
4220260406020003,nagoya,2026-04-07,3,○1 ◎7 △5 ▲2 ×6 注4,"3-4  1,410円(4)","3-4-1  5,850円(22)",1=3=4  880円(5),3,山本 健也  千,葉,44,89,A1,追,3.92,89.70,1,12.1,差,nan,nan
4220260406020003,nagoya,2026-04-07,3,○1 ◎7 △5 ▲2 ×6 注4,"3-4  1,410円(4)","3-4-1  5,850円(22)",1=3=4  880円(5),4,志佐 明,神奈川,36,107,A1,両,3.93,86.00,2,12.2,捲,１/４車輪,nan
4220260406020003,nagoya,2026-04-07,3,○1 ◎7 △5 ▲2 ×6 注4,"3-4  1,410円(4)","3-4-1  5,850円(22)",1=3=4  880円(5),5,猪俣 康一  愛,知,49,99,A1,両,3.93,82.00,6,12.2,nan,１/２車身,nan
4220260406020003,nagoya,2026-04-07,3,○1 ◎7 △5 ▲2 ×6 注4,"3-4  1,410円(4)","3-4-1  5,850円(22)",1=3=4  880円(5),6,渡邊 恭典  栃,木,52,75,A2,追,3.92,79.42,7,14.7,nan,大差,nan
4220260406020003,nagoya,2026-04-07,3,○1 ◎7 △5 ▲2 ×6 注4,"3-4  1,410円(4)","3-4-1  5,850円(22)",1=3=4  880円(5),7,宝満 大作  岐,阜,46,85,A1,追,3.92,88.80,5,12.3,nan,１/８車輪,nan
4220260406020004,nagoya,2026-04-07,4,○5 ◎1 △7 注2 ×6 ▲3,"5-3  1,740円(9)","5-3-1  3,330円(9)",1=3=5  380円(1),1,長井 優斗  東,京,38,95,A1,追,3.92,90.80,3,11.8,nan,３車身,nan
4220260406020004,nagoya,2026-04-07,4,○5 ◎1 △7 注2 ×6 ▲3,"5-3  1,740円(9)","5-3-1  3,330円(9)",1=3=5  380円(1),2,藤原 悠斗  岡,山,40,91,A2,追,3.92,87.55,6,11.6,nan,１車身,nan
4220260406020004,nagoya,2026-04-07,4,○5 ◎1 △7 注2 ×6 ▲3,"5-3  1,740円(9)","5-3-1  3,330円(9)",1=3=5  380円(1),3,野口 大誠  熊,本,36,105,A1,両,3.92,93.52,2,11.7,差,１車身１/２,nan
4220260406020004,nagoya,2026-04-07,4,○5 ◎1 △7 注2 ×6 ▲3,"5-3  1,740円(9)","5-3-1  3,330円(9)",1=3=5  380円(1),4,川島 勝  長,崎,43,89,A2,追,3.85,87.57,4,12.0,nan,１車身１/２,nan
4220260406020004,nagoya,2026-04-07,4,○5 ◎1 △7 注2 ×6 ▲3,"5-3  1,740円(9)","5-3-1  3,330円(9)",1=3=5  380円(1),5,中島 淳  埼,玉,26,125,A2,逃,3.85,87.19,1,11.5,捲,nan,nan
4220260406020004,nagoya,2026-04-07,4,○5 ◎1 △7 注2 ×6 ▲3,"5-3  1,740円(9)","5-3-1  3,330円(9)",1=3=5  380円(1),6,境 啓亨  熊,本,33,111,A2,逃,3.92,81.22,7,12.6,nan,１車身１/２,nan
4220260406020004,nagoya,2026-04-07,4,○5 ◎1 △7 注2 ×6 ▲3,"5-3  1,740円(9)","5-3-1  3,330円(9)",1=3=5  380円(1),7,山崎 航  山,口,31,119,A1,逃,3.92,87.72,5,11.6,nan,３/４車輪,nan
4220260406020005,nagoya,2026-04-07,5,◎4 ○1 ×2 △7 注3 ▲6,"4-5  1,570円(6)","4-5-1  4,290円(13)",1=4=5  770円(4),1,片山 弘城  大,阪,50,75,A1,追,3.93,86.13,3,11.6,nan,１/２車身,nan
4220260406020005,nagoya,2026-04-07,5,◎4 ○1 ×2 △7 注3 ▲6,"4-5  1,570円(6)","4-5-1  4,290円(13)",1=4=5  770円(4),2,松本 卓也  徳,島,35,98,A1,両,3.92,89.62,5,12.4,nan,１/２車輪,nan
4220260406020005,nagoya,2026-04-07,5,◎4 ○1 ×2 △7 注3 ▲6,"4-5  1,570円(6)","4-5-1  4,290円(13)",1=4=5  770円(4),3,森田 康嗣,北海道,44,89,A1,両,3.92,85.95,6,12.6,nan,２車身,nan
4220260406020005,nagoya,2026-04-07,5,◎4 ○1 ×2 △7 注3 ▲6,"4-5  1,570円(6)","4-5-1  4,290円(13)",1=4=5  770円(4),4,張野 幸聖,和歌山,26,115,A1,逃,3.92,93.79,1,11.6,捲,nan,nan
4220260406020005,nagoya,2026-04-07,5,◎4 ○1 ×2 △7 注3 ▲6,"4-5  1,570円(6)","4-5-1  4,290円(13)",1=4=5  770円(4),5,名川 豊  福,岡,35,99,A1,追,3.92,88.00,2,12.0,差,１/２車身,nan
4220260406020005,nagoya,2026-04-07,5,◎4 ○1 ×2 △7 注3 ▲6,"4-5  1,570円(6)","4-5-1  4,290円(13)",1=4=5  770円(4),6,小林 和彦  群,馬,49,82,A2,両,3.77,81.13,7,13.0,nan,８車身,nan
4220260406020005,nagoya,2026-04-07,5,◎4 ○1 ×2 △7 注3 ▲6,"4-5  1,570円(6)","4-5-1  4,290円(13)",1=4=5  770円(4),7,上田 学  愛,媛,54,69,A1,追,3.93 3.86,90.95,4,12.3,nan,１車輪,nan
4220260406020006,nagoya,2026-04-07,6,◎3 ○4 注7 ×2 △5 ▲1,"7-4  7,670円(17)","7-4-3  13,390円(28)",3=4=7  220円(1),1,片山 智晴  岡,山,42,92,S2,追,3.92,94.65,6,11.7,nan,１/４車輪,nan
4220260406020006,nagoya,2026-04-07,6,◎3 ○4 注7 ×2 △5 ▲1,"7-4  7,670円(17)","7-4-3  13,390円(28)",3=4=7  220円(1),2,中井 俊亮  奈,良,33,103,S1,両,3.92,95.90,5,11.9,nan,１/２車身,nan
4220260406020006,nagoya,2026-04-07,6,◎3 ○4 注7 ×2 △5 ▲1,"7-4  7,670円(17)","7-4-3  13,390円(28)",3=4=7  220円(1),3,梁島 邦友  茨,城,26,117,S2,逃,3.92,101.34,3,12.2,nan,微差,nan
4220260406020006,nagoya,2026-04-07,6,◎3 ○4 注7 ×2 △5 ▲1,"7-4  7,670円(17)","7-4-3  13,390円(28)",3=4=7  220円(1),4,福田 滉  栃,木,26,115,S2,追,3.92,98.57,2,12.1,差,１車輪,nan
4220260406020006,nagoya,2026-04-07,6,◎3 ○4 注7 ×2 △5 ▲1,"7-4  7,670円(17)","7-4-3  13,390円(28)",3=4=7  220円(1),5,野口 正則  奈,良,35,105,S2,両,3.92,96.30,7,11.9,nan,３/４車身,nan
4220260406020006,nagoya,2026-04-07,6,◎3 ○4 注7 ×2 △5 ▲1,"7-4  7,670円(17)","7-4-3  13,390円(28)",3=4=7  220円(1),6,児玉 慎一郎  香,川,51,76,S2,追,3.92,93.96,4,11.9,nan,３/４車身,nan
4220260406020006,nagoya,2026-04-07,6,◎3 ○4 注7 ×2 △5 ▲1,"7-4  7,670円(17)","7-4-3  13,390円(28)",3=4=7  220円(1),7,上原 龍  長,野,41,95,S2,追,3.92,95.08,1,11.9,差,nan,nan
4220260406020007,nagoya,2026-04-07,7,○7 ◎1 △4 注3 ×2 ▲5,7-1  780円(2),"7-1-4  2,390円(4)",1=4=7  470円(1),1,竹山 陵太  宮,城,40,91,S2,追,3.92,98.28,2,11.8,差,３/４車輪,nan
4220260406020007,nagoya,2026-04-07,7,○7 ◎1 △4 注3 ×2 ▲5,7-1  780円(2),"7-1-4  2,390円(4)",1=4=7  470円(1),2,内藤 久文  愛,知,34,117,S2,逃,3.92,93.60,6,12.1,nan,３/４車身,nan
4220260406020007,nagoya,2026-04-07,7,○7 ◎1 △4 注3 ×2 ▲5,7-1  780円(2),"7-1-4  2,390円(4)",1=4=7  470円(1),3,松尾 信太郎  福,岡,42,92,S2,追,3.85,94.00,4,11.7,nan,１/２車輪,nan
4220260406020007,nagoya,2026-04-07,7,○7 ◎1 △4 注3 ×2 ▲5,7-1  780円(2),"7-1-4  2,390円(4)",1=4=7  470円(1),4,樫山 恭柄  福,岡,40,92,S2,追,3.92,97.36,3,11.9,nan,１/２車輪,nan
4220260406020007,nagoya,2026-04-07,7,○7 ◎1 △4 注3 ×2 ▲5,7-1  780円(2),"7-1-4  2,390円(4)",1=4=7  470円(1),5,小嶋 敬二  石,川,56,74,S2,両,3.92,94.70,7,12.6,nan,６車身,nan
4220260406020007,nagoya,2026-04-07,7,○7 ◎1 △4 注3 ×2 ▲5,7-1  780円(2),"7-1-4  2,390円(4)",1=4=7  470円(1),6,宮越 孝治  富,山,47,82,S2,追,3.93,93.26,5,11.9,nan,３車身,nan
4220260406020007,nagoya,2026-04-07,7,○7 ◎1 △4 注3 ×2 ▲5,7-1  780円(2),"7-1-4  2,390円(4)",1=4=7  470円(1),7,秋本 耀太郎  栃,木,28,117,S2,逃,3.92,98.00,1,11.9,捲,nan,nan
4220260406020008,nagoya,2026-04-07,8,◎7 ○2 ×6 △1 ▲5 注4,7-2  300円(1),"7-2-5  1,500円(4)",2=5=7  780円(4),1,三宅 達也  岡,山,48,79,S1,追,3.92,104.78,5,12.4,nan,１/４車輪,nan
4220260406020008,nagoya,2026-04-07,8,◎7 ○2 ×6 △1 ▲5 注4,7-2  300円(1),"7-2-5  1,500円(4)",2=5=7  780円(4),2,阪本 和也  長,崎,30,115,S2,追,3.92,101.22,2,11.6,ク,３/４車輪,nan
4220260406020008,nagoya,2026-04-07,8,◎7 ○2 ×6 △1 ▲5 注4,7-2  300円(1),"7-2-5  1,500円(4)",2=5=7  780円(4),3,佐藤 真一  東,京,51,79,S2,追,3.92,99.52,7,14.0,nan,大差,nan
4220260406020008,nagoya,2026-04-07,8,◎7 ○2 ×6 △1 ▲5 注4,7-2  300円(1),"7-2-5  1,500円(4)",2=5=7  780円(4),4,小林 潤二  群,馬,53,75,S2,追,3.92,99.66,6,12.4,nan,６車身,nan
4220260406020008,nagoya,2026-04-07,8,◎7 ○2 ×6 △1 ▲5 注4,7-2  300円(1),"7-2-5  1,500円(4)",2=5=7  780円(4),5,米嶋 恵介  岡,山,34,119,S2,両,3.92,97.65,3,12.2,nan,１/２車身,nan
4220260406020008,nagoya,2026-04-07,8,◎7 ○2 ×6 △1 ▲5 注4,7-2  300円(1),"7-2-5  1,500円(4)",2=5=7  780円(4),6,山本 巨樹  大,阪,35,100,S2,追,3.92,94.06,4,11.6,nan,１/２車輪,nan
4220260406020008,nagoya,2026-04-07,8,◎7 ○2 ×6 △1 ▲5 注4,7-2  300円(1),"7-2-5  1,500円(4)",2=5=7  780円(4),7,井上 昌己  長,崎,46,86,S1,追,3.92,107.05,1,11.7,捲,nan,nan
4220260406020009,nagoya,2026-04-07,9,◎1 △6 ○2 注5 ▲4 ×7,"7-1  1,110円(5)","7-1-5  11,370円(41)","1=5=7  2,690円(11)",1,外田 心斗  愛,媛,27,115,S2,逃,3.92,96.17,2,11.7,逃,３/４車輪,nan
4220260406020009,nagoya,2026-04-07,9,◎1 △6 ○2 注5 ▲4 ×7,"7-1  1,110円(5)","7-1-5  11,370円(41)","1=5=7  2,690円(11)",2,武田 豊樹  茨,城,52,88,S2,追,3.92,103.91,6,nan,nan,大差,nan
4220260406020009,nagoya,2026-04-07,9,◎1 △6 ○2 注5 ▲4 ×7,"7-1  1,110円(5)","7-1-5  11,370円(41)","1=5=7  2,690円(11)",3,齊藤 竜也,神奈川,51,73,S2,追,3.92,98.25,4,11.6,nan,１車身１/２,nan
4220260406020009,nagoya,2026-04-07,9,◎1 △6 ○2 注5 ▲4 ×7,"7-1  1,110円(5)","7-1-5  11,370円(41)","1=5=7  2,690円(11)",4,石川 裕二  茨,城,42,99,S1,追,3.92,100.41,落,nan,nan,nan,nan
4220260406020009,nagoya,2026-04-07,9,◎1 △6 ○2 注5 ▲4 ×7,"7-1  1,110円(5)","7-1-5  11,370円(41)","1=5=7  2,690円(11)",5,山口 貴嗣  福,岡,47,82,S2,追,3.92,101.80,3,11.6,nan,７車身,nan
4220260406020009,nagoya,2026-04-07,9,◎1 △6 ○2 注5 ▲4 ×7,"7-1  1,110円(5)","7-1-5  11,370円(41)","1=5=7  2,690円(11)",6,大西 祐  愛,媛,39,91,S2,両,3.92,95.28,5,nan,nan,大差,nan
4220260406020009,nagoya,2026-04-07,9,◎1 △6 ○2 注5 ▲4 ×7,"7-1  1,110円(5)","7-1-5  11,370円(41)","1=5=7  2,690円(11)",7,菅原 裕太  静,岡,34,100,S2,追,3.92,103.43,1,11.5,差,nan,nan
4220260406020010,nagoya,2026-04-07,10,×7 △1 ▲6 ◎2 注4 ○3,4-5  450円(2),"4-5-7  1,460円(4)",4=5=7  430円(2),1,吉本 卓仁  福,岡,42,89,S1,両,3.92,105.22,5,11.9,nan,１/２車輪,nan
4220260406020010,nagoya,2026-04-07,10,×7 △1 ▲6 ◎2 注4 ○3,4-5  450円(2),"4-5-7  1,460円(4)",4=5=7  430円(2),2,伊藤 大志  青,森,46,86,S2,追,3.92,98.30,4,12.3,nan,１/２車身,nan
4220260406020010,nagoya,2026-04-07,10,×7 △1 ▲6 ◎2 注4 ○3,4-5  450円(2),"4-5-7  1,460円(4)",4=5=7  430円(2),3,原田 亮太  千,葉,29,115,S2,逃,3.92,100.85,6,12.7,nan,３/４車身,nan
4220260406020010,nagoya,2026-04-07,10,×7 △1 ▲6 ◎2 注4 ○3,4-5  450円(2),"4-5-7  1,460円(4)",4=5=7  430円(2),4,吉田 有希  茨,城,24,119,S1,逃,3.92,111.00,1,11.9,差,nan,nan
4220260406020010,nagoya,2026-04-07,10,×7 △1 ▲6 ◎2 注4 ○3,4-5  450円(2),"4-5-7  1,460円(4)",4=5=7  430円(2),5,松井 宏佑,神奈川,33,113,S1,逃,3.92,108.04,2,12.2,差,１/４車輪,nan
4220260406020010,nagoya,2026-04-07,10,×7 △1 ▲6 ◎2 注4 ○3,4-5  450円(2),"4-5-7  1,460円(4)",4=5=7  430円(2),6,立花 昌也  青,森,27,123,S2,逃,3.92,95.00,7,13.1,nan,大差,nan
4220260406020010,nagoya,2026-04-07,10,×7 △1 ▲6 ◎2 注4 ○3,4-5  450円(2),"4-5-7  1,460円(4)",4=5=7  430円(2),7,佐藤 幸治  長,崎,40,92,S2,両,3.92,105.03,3,12.0,nan,１車身１/２,nan
4220260406020011,nagoya,2026-04-07,11,○4 ◎1 △7 注2 ×5 ▲3,1-4  310円(1),"1-4-2  2,010円(5)",1=2=4  740円(3),1,岡本 総  愛,知,38,105,S1,追,3.92,109.50,1,11.7,差,nan,nan
4220260406020011,nagoya,2026-04-07,11,○4 ◎1 △7 注2 ×5 ▲3,1-4  310円(1),"1-4-2  2,010円(5)",1=2=4  740円(3),2,櫻井 祐太郎  宮,城,26,117,S1,逃,3.92,106.12,3,11.8,nan,４車身,nan
4220260406020011,nagoya,2026-04-07,11,○4 ◎1 △7 注2 ×5 ▲3,1-4  310円(1),"1-4-2  2,010円(5)",1=2=4  740円(3),3,松本 秀之介  熊,本,25,117,S1,逃,3.92,102.22,4,11.7,nan,１車身,nan
4220260406020011,nagoya,2026-04-07,11,○4 ◎1 △7 注2 ×5 ▲3,1-4  310円(1),"1-4-2  2,010円(5)",1=2=4  740円(3),4,志田 龍星  岐,阜,28,119,S1,逃,3.92,108.60,2,11.8,逃,１/８車輪,nan
4220260406020011,nagoya,2026-04-07,11,○4 ◎1 △7 注2 ×5 ▲3,1-4  310円(1),"1-4-2  2,010円(5)",1=2=4  740円(3),5,佐藤 友和  岩,手,43,88,S1,両,3.92,110.91,6,11.9,nan,３/４車身,nan
4220260406020011,nagoya,2026-04-07,11,○4 ◎1 △7 注2 ×5 ▲3,1-4  310円(1),"1-4-2  2,010円(5)",1=2=4  740円(3),6,成松 春樹  佐,賀,40,93,S2,両,3.93,95.50,5,11.7,nan,３/４車身,nan
4220260406020011,nagoya,2026-04-07,11,○4 ◎1 △7 注2 ×5 ▲3,1-4  310円(1),"1-4-2  2,010円(5)",1=2=4  740円(3),7,鈴木 伸之  愛,知,45,87,S2,追,3.92,99.04,7,14.1,nan,大差,nan
4220260406020012,nagoya,2026-04-07,12,注1 ×5 △2 ◎3 ○7 ▲4,3-2  450円(2),"3-2-6  3,450円(10)","2=3=6  1,480円(4)",1,中西 大,和歌山,35,107,S2,逃,3.93,101.25,7,12.2,nan,２車身,nan
4220260406020012,nagoya,2026-04-07,12,注1 ×5 △2 ◎3 ○7 ▲4,3-2  450円(2),"3-2-6  3,450円(10)","2=3=6  1,480円(4)",2,河端 朋之  岡,山,41,95,S1,逃,3.93,109.02,2,11.3,差,４車身,nan
4220260406020012,nagoya,2026-04-07,12,注1 ×5 △2 ◎3 ○7 ▲4,3-2  450円(2),"3-2-6  3,450円(10)","2=3=6  1,480円(4)",3,杉浦 侑吾  栃,木,31,115,S1,逃,3.92,111.32,1,10.9,捲,nan,nan
4220260406020012,nagoya,2026-04-07,12,注1 ×5 △2 ◎3 ○7 ▲4,3-2  450円(2),"3-2-6  3,450円(10)","2=3=6  1,480円(4)",4,竹内 雄作  岐,阜,38,99,S2,逃,3.93,99.13,6,11.5,nan,２車身,nan
4220260406020012,nagoya,2026-04-07,12,注1 ×5 △2 ◎3 ○7 ▲4,3-2  450円(2),"3-2-6  3,450円(10)","2=3=6  1,480円(4)",5,山本 伸一  奈,良,43,101,S1,両,3.92,106.50,4,11.7,nan,２車身,nan
4220260406020012,nagoya,2026-04-07,12,注1 ×5 △2 ◎3 ○7 ▲4,3-2  450円(2),"3-2-6  3,450円(10)","2=3=6  1,480円(4)",6,原田 翔真,和歌山,25,121,S2,逃,3.92,95.30,3,11.2,nan,３/４車輪,nan
4220260406020012,nagoya,2026-04-07,12,注1 ×5 △2 ◎3 ○7 ▲4,3-2  450円(2),"3-2-6  3,450円(10)","2=3=6  1,480円(4)",7,松坂 洋平,神奈川,43,89,S1,両,3.92,106.23,5,11.4,nan,３/４車身,nan
5320260407010001,nara,2026-04-07,1,◎2 △6 ○1 ×4 注7 ▲3,"2-6  1,020円(5)","2-6-3  10,520円(36)","2=3=6  3,910円(14)",1,山口 直樹,神奈川,30,123,A3,逃,3.85,71.33,5,9.5,nan,１車身,nan
5320260407010001,nara,2026-04-07,1,◎2 △6 ○1 ×4 注7 ▲3,"2-6  1,020円(5)","2-6-3  10,520円(36)","2=3=6  3,910円(14)",2,谷本 奨輝  岐,阜,31,107,A3,両,3.86,75.20,1,9.9,逃,nan,nan
5320260407010001,nara,2026-04-07,1,◎2 △6 ○1 ×4 注7 ▲3,"2-6  1,020円(5)","2-6-3  10,520円(36)","2=3=6  3,910円(14)",3,中岡 海  愛,媛,23,123,A3,逃,3.92,67.00,3,9.7,nan,１/２車身,nan
5320260407010001,nara,2026-04-07,1,◎2 △6 ○1 ×4 注7 ▲3,"2-6  1,020円(5)","2-6-3  10,520円(36)","2=3=6  3,910円(14)",4,鈴木 広人,神奈川,42,99,A3,両,3.93,70.76,6,9.5,nan,２車身,nan
5320260407010001,nara,2026-04-07,1,◎2 △6 ○1 ×4 注7 ▲3,"2-6  1,020円(5)","2-6-3  10,520円(36)","2=3=6  3,910円(14)",5,田村 光昭  広,島,54,67,A3,追,3.92,69.83,4,9.6,nan,１車身１/２,nan
5320260407010001,nara,2026-04-07,1,◎2 △6 ○1 ×4 注7 ▲3,"2-6  1,020円(5)","2-6-3  10,520円(36)","2=3=6  3,910円(14)",6,平川 公一  大,阪,48,86,A3,両,3.86,65.24,2,9.8,ク,１/２車身,nan
5320260407010001,nara,2026-04-07,1,◎2 △6 ○1 ×4 注7 ▲3,"2-6  1,020円(5)","2-6-3  10,520円(36)","2=3=6  3,910円(14)",7,井上 典善  千,葉,57,66,A3,追,3.92,67.40,7,10.4,nan,大差,nan
5320260407010002,nara,2026-04-07,2,注1 ×4 ○3 ▲7 ◎5 △2,5-2  210円(1),5-2-6  520円(1),2=5=6  440円(2),1,伊藤 司  福,島,47,83,A3,逃,3.92,66.92,7,11.1,nan,７車身,nan
5320260407010002,nara,2026-04-07,2,注1 ×4 ○3 ▲7 ◎5 △2,5-2  210円(1),5-2-6  520円(1),2=5=6  440円(2),2,西郷 剛  兵,庫,56,69,A3,追,3.92,67.62,2,10.1,ク,１車身,nan
5320260407010002,nara,2026-04-07,2,注1 ×4 ○3 ▲7 ◎5 △2,5-2  210円(1),5-2-6  520円(1),2=5=6  440円(2),3,永田 隼一  福,岡,45,95,A3,逃,3.92,70.39,5,10.0,nan,１車身１/２,nan
5320260407010002,nara,2026-04-07,2,注1 ×4 ○3 ▲7 ◎5 △2,5-2  210円(1),5-2-6  520円(1),2=5=6  440円(2),4,阿部 利光  宮,城,51,77,A3,追,3.86,68.25,4,9.9,nan,１/２車輪,nan
5320260407010002,nara,2026-04-07,2,注1 ×4 ○3 ▲7 ◎5 △2,5-2  210円(1),5-2-6  520円(1),2=5=6  440円(2),5,後藤 祐貴  兵,庫,36,103,A3,逃,3.92,79.00,1,10.1,捲,nan,nan
5320260407010002,nara,2026-04-07,2,注1 ×4 ○3 ▲7 ◎5 △2,5-2  210円(1),5-2-6  520円(1),2=5=6  440円(2),6,梶原 亜湖  静,岡,55,73,A3,追,3.85,65.85,3,10.1,nan,１車身１/２,nan
5320260407010002,nara,2026-04-07,2,注1 ×4 ○3 ▲7 ◎5 △2,5-2  210円(1),5-2-6  520円(1),2=5=6  440円(2),7,五十嵐 博一  熊,本,51,79,A3,追,3.85,66.62,6,10.2,nan,４車身,nan
5320260407010003,nara,2026-04-07,3,◎7 ○1 △4 ▲2 ×6 注5,5-7  720円(3),"5-7-1  2,270円(8)",1=5=7  380円(2),1,山中 貴雄  愛,知,49,79,A3,追,3.92,69.84,3,10.3,nan,１/２車身,nan
5320260407010003,nara,2026-04-07,3,◎7 ○1 △4 ▲2 ×6 注5,5-7  720円(3),"5-7-1  2,270円(8)",1=5=7  380円(2),2,菅原 洋輔  岩,手,44,98,A3,両,3.92,68.59,5,10.2,nan,１車身,nan
5320260407010003,nara,2026-04-07,3,◎7 ○1 △4 ▲2 ×6 注5,5-7  720円(3),"5-7-1  2,270円(8)",1=5=7  380円(2),3,秋永 昂人  福,岡,39,98,A3,両,3.92,69.46,7,10.1,nan,１車身１/２,nan
5320260407010003,nara,2026-04-07,3,◎7 ○1 △4 ▲2 ×6 注5,5-7  720円(3),"5-7-1  2,270円(8)",1=5=7  380円(2),4,藤光 健一  東,京,56,63,A3,追,3.92,68.42,4,10.2,nan,１/２車身,nan
5320260407010003,nara,2026-04-07,3,◎7 ○1 △4 ▲2 ×6 注5,5-7  720円(3),"5-7-1  2,270円(8)",1=5=7  380円(2),5,吉田 勇気  福,岡,37,117,A3,両,3.92,73.60,1,9.7,捲,nan,nan
5320260407010003,nara,2026-04-07,3,◎7 ○1 △4 ▲2 ×6 注5,5-7  720円(3),"5-7-1  2,270円(8)",1=5=7  380円(2),6,藤田 晃英  千,葉,50,76,A3,追,3.93,66.63,6,10.1,nan,１/２車身,nan
5320260407010003,nara,2026-04-07,3,◎7 ○1 △4 ▲2 ×6 注5,5-7  720円(3),"5-7-1  2,270円(8)",1=5=7  380円(2),7,加藤 駿  愛,知,28,127,A3,逃,3.92,75.33,2,10.4,逃,３/４車身,nan
5320260407010004,nara,2026-04-07,4,◎5 ○2 注3 △4 ×1 ▲7,5-2  150円(1),"5-2-6  2,400円(8)","2=5=6  1,290円(5)",1,上原 直樹  岡,山,52,75,A3,追,3.85,71.25,7,nan,nan,大差,nan
5320260407010004,nara,2026-04-07,4,◎5 ○2 注3 △4 ×1 ▲7,5-2  150円(1),"5-2-6  2,400円(8)","2=5=6  1,290円(5)",2,茂木 和臣  埼,玉,56,63,A3,追,3.92,71.12,2,10.2,ク,２車身,nan
5320260407010004,nara,2026-04-07,4,◎5 ○2 注3 △4 ×1 ▲7,5-2  150円(1),"5-2-6  2,400円(8)","2=5=6  1,290円(5)",3,白木 正彦  宮,城,50,84,A3,追,3.85,67.48,5,10.4,nan,１/２車身,nan
5320260407010004,nara,2026-04-07,4,◎5 ○2 注3 △4 ×1 ▲7,5-2  150円(1),"5-2-6  2,400円(8)","2=5=6  1,290円(5)",4,岡崎 克政  岡,山,40,92,A3,逃,3.92,69.35,4,10.6,nan,１/２車身,nan
5320260407010004,nara,2026-04-07,4,◎5 ○2 注3 △4 ×1 ▲7,5-2  150円(1),"5-2-6  2,400円(8)","2=5=6  1,290円(5)",5,秋山 太洋  東,京,24,127,A3,逃,3.92,77.00,1,10.1,捲,nan,nan
5320260407010004,nara,2026-04-07,4,◎5 ○2 注3 △4 ×1 ▲7,5-2  150円(1),"5-2-6  2,400円(8)","2=5=6  1,290円(5)",6,高橋 海月  青,森,24,123,A3,逃,3.85,65.25,3,10.0,nan,２車身,nan
5320260407010004,nara,2026-04-07,4,◎5 ○2 注3 △4 ×1 ▲7,5-2  150円(1),"5-2-6  2,400円(8)","2=5=6  1,290円(5)",7,水木 裕聡  高,知,43,96,A3,追,3.92,68.20,6,10.3,nan,１車身１/２,nan
5320260407010005,nara,2026-04-07,5,◎1 △4 ○6 ×7 ▲3 注2,"1-2  1,120円(4)","1-2-5  3,460円(9)","1=2=5  2,290円(7)",1,馬越 裕之  奈,良,25,127,A3,逃,3.92,79.00,1,10.9,逃,nan,nan
5320260407010005,nara,2026-04-07,5,◎1 △4 ○6 ×7 ▲3 注2,"1-2  1,120円(4)","1-2-5  3,460円(9)","1=2=5  2,290円(7)",2,前島 恭平  長,野,37,98,A3,逃,3.92,67.64,2,10.7,捲,４車身,nan
5320260407010005,nara,2026-04-07,5,◎1 △4 ○6 ×7 ▲3 注2,"1-2  1,120円(4)","1-2-5  3,460円(9)","1=2=5  2,290円(7)",3,亀井 道佳  宮,城,48,83,A3,追,3.92,70.48,4,11.3,nan,３/４車身,nan
5320260407010005,nara,2026-04-07,5,◎1 △4 ○6 ×7 ▲3 注2,"1-2  1,120円(4)","1-2-5  3,460円(9)","1=2=5  2,290円(7)",4,大崎 龍一郎  奈,良,33,109,A3,両,3.92,65.55,落,nan,nan,nan,nan
5320260407010005,nara,2026-04-07,5,◎1 △4 ○6 ×7 ▲3 注2,"1-2  1,120円(4)","1-2-5  3,460円(9)","1=2=5  2,290円(7)",5,飯田 威文  埼,玉,54,67,A3,追,3.92,69.66,3,10.8,nan,５車身,nan
5320260407010005,nara,2026-04-07,5,◎1 △4 ○6 ×7 ▲3 注2,"1-2  1,120円(4)","1-2-5  3,460円(9)","1=2=5  2,290円(7)",6,清水 広幸  愛,知,59,57,A3,追,3.92,62.33,落,nan,nan,nan,nan
5320260407010005,nara,2026-04-07,5,◎1 △4 ○6 ×7 ▲3 注2,"1-2  1,120円(4)","1-2-5  3,460円(9)","1=2=5  2,290円(7)",7,高橋 明久  宮,城,45,98,A3,逃,3.92,70.92,落,nan,nan,nan,nan
5320260407010006,nara,2026-04-07,6,▲4 注3 ◎1 ×2 ○5 △6,"6-4  8,560円(13)","6-4-2  14,050円(32)",2=4=6  960円(3),1,西田 美菜  奈,良,27,128,L1,両,3.77,47.04,失,nan,nan,nan,nan
5320260407010006,nara,2026-04-07,6,▲4 注3 ◎1 ×2 ○5 △6,"6-4  8,560円(13)","6-4-2  14,050円(32)",2=4=6  960円(3),2,太田 美穂  三,重,29,112,L1,両,3.77,54.23,3,11.0,nan,３/４車輪,nan
5320260407010006,nara,2026-04-07,6,▲4 注3 ◎1 ×2 ○5 △6,"6-4  8,560円(13)","6-4-2  14,050円(32)",2=4=6  960円(3),3,佐伯 智恵  愛,媛,27,114,L1,両,3.77,48.41,5,11.0,nan,タイヤ差,nan
5320260407010006,nara,2026-04-07,6,▲4 注3 ◎1 ×2 ○5 △6,"6-4  8,560円(13)","6-4-2  14,050円(32)",2=4=6  960円(3),4,石井 貴子  東,京,38,104,L1,逃,3.79,48.73,2,10.7,捲,３/４車身,nan
5320260407010006,nara,2026-04-07,6,▲4 注3 ◎1 ×2 ○5 △6,"6-4  8,560円(13)","6-4-2  14,050円(32)",2=4=6  960円(3),5,増田 夕華  岐,阜,25,118,L1,両,3.77,51.42,6,11.0,nan,１/２車輪,nan
5320260407010006,nara,2026-04-07,6,▲4 注3 ◎1 ×2 ○5 △6,"6-4  8,560円(13)","6-4-2  14,050円(32)",2=4=6  960円(3),6,吉村 早耶香  静,岡,28,112,L1,両,3.77,54.00,1,11.0,逃,nan,nan
5320260407010006,nara,2026-04-07,6,▲4 注3 ◎1 ×2 ○5 △6,"6-4  8,560円(13)","6-4-2  14,050円(32)",2=4=6  960円(3),7,小林 真矢香  石,川,25,122,L1,両,3.77,49.90,4,10.9,nan,３/４車身,nan
5320260407010007,nara,2026-04-07,7,△6 ▲1 注2 ○3 ×4 ◎5,7-3  300円(2),7-3-4  400円(2),3=4=7  160円(1),1,熊谷 碩子  東,京,28,124,L1,追,3.71,48.05,5,11.0,nan,大差,nan
5320260407010007,nara,2026-04-07,7,△6 ▲1 注2 ○3 ×4 ◎5,7-3  300円(2),7-3-4  400円(2),3=4=7  160円(1),2,中村 美那,神奈川,25,118,L1,両,3.79,48.96,4,10.2,nan,１/２車身,nan
5320260407010007,nara,2026-04-07,7,△6 ▲1 注2 ○3 ×4 ◎5,7-3  300円(2),7-3-4  400円(2),3=4=7  160円(1),3,宇野 紅音  岐,阜,22,124,L1,両,3.77,53.54,2,10.3,差,６車身,nan
5320260407010007,nara,2026-04-07,7,△6 ▲1 注2 ○3 ×4 ◎5,7-3  300円(2),7-3-4  400円(2),3=4=7  160円(1),4,寺崎 舞織  福,井,28,112,L1,両,3.77,53.33,3,10.5,nan,１車輪,nan
5320260407010007,nara,2026-04-07,7,△6 ▲1 注2 ○3 ×4 ◎5,7-3  300円(2),7-3-4  400円(2),3=4=7  160円(1),5,中原 恭恵  広,島,39,126,L1,両,3.71 3.79,46.13,7,11.4,nan,４車身,nan
5320260407010007,nara,2026-04-07,7,△6 ▲1 注2 ○3 ×4 ◎5,7-3  300円(2),7-3-4  400円(2),3=4=7  160円(1),6,橋本 佳耶  熊,本,30,114,L1,両,3.77,49.73,6,11.1,nan,２車身,nan
5320260407010007,nara,2026-04-07,7,△6 ▲1 注2 ○3 ×4 ◎5,7-3  300円(2),7-3-4  400円(2),3=4=7  160円(1),7,児玉 碧衣  福,岡,30,108,L1,逃,3.79,57.31,1,10.1,逃,nan,nan
6120260407010001,tamano,2026-04-07,1,◎1 ○2 注3 ▲6 ×4 △7,"3-2  12,650円(23)","3-2-5  54,270円(78)","2=3=5  3,250円(7)",1,三浦 生誠  岩,手,24,127,A3,逃,3.92,76.46,6,12.9,nan,３/４車輪,nan
6120260407010001,tamano,2026-04-07,1,◎1 ○2 注3 ▲6 ×4 △7,"3-2  12,650円(23)","3-2-5  54,270円(78)","2=3=5  3,250円(7)",2,中野 良,北海道,50,83,A3,追,3.92,73.77,2,12.6,差,１/２車輪,nan
6120260407010001,tamano,2026-04-07,1,◎1 ○2 注3 ▲6 ×4 △7,"3-2  12,650円(23)","3-2-5  54,270円(78)","2=3=5  3,250円(7)",3,早坂 道義  栃,木,46,88,A3,追,3.85,72.33,1,12.5,差,nan,nan
6120260407010001,tamano,2026-04-07,1,◎1 ○2 注3 ▲6 ×4 △7,"3-2  12,650円(23)","3-2-5  54,270円(78)","2=3=5  3,250円(7)",4,細田 純平  広,島,36,99,A3,両,3.85,70.84,5,12.3,nan,１/４車輪,nan
6120260407010001,tamano,2026-04-07,1,◎1 ○2 注3 ▲6 ×4 △7,"3-2  12,650円(23)","3-2-5  54,270円(78)","2=3=5  3,250円(7)",5,塚本 勝士  栃,木,48,81,A3,両,3.93,70.50,3,12.7,nan,１/２車身,nan
6120260407010001,tamano,2026-04-07,1,◎1 ○2 注3 ▲6 ×4 △7,"3-2  12,650円(23)","3-2-5  54,270円(78)","2=3=5  3,250円(7)",6,森 佑樹  岡,山,40,94,A3,逃,3.92,69.81,4,12.5,nan,１/２車輪,nan
6120260407010001,tamano,2026-04-07,1,◎1 ○2 注3 ▲6 ×4 △7,"3-2  12,650円(23)","3-2-5  54,270円(78)","2=3=5  3,250円(7)",7,甲斐下 智  広,島,56,64,A3,追,3.92,68.62,7,12.3,nan,３/４車身,nan
6120260407010002,tamano,2026-04-07,2,◎1 ×3 △4 ▲5 ○2 注6,"2-6  1,020円(5)","2-6-1  2,100円(7)",1=2=6  820円(4),1,川西 康彦  徳,島,22,127,A3,逃,3.85,75.29,3,12.4,nan,４車身,nan
6120260407010002,tamano,2026-04-07,2,◎1 ×3 △4 ▲5 ○2 注6,"2-6  1,020円(5)","2-6-1  2,100円(7)",1=2=6  820円(4),2,白濱 一平  長,崎,32,111,A3,両,3.92,74.91,1,11.9,捲,nan,nan
6120260407010002,tamano,2026-04-07,2,◎1 ×3 △4 ▲5 ○2 注6,"2-6  1,020円(5)","2-6-1  2,100円(7)",1=2=6  820円(4),3,住村 実  徳,島,49,82,A3,追,3.92,70.11,4,12.3,nan,１/２車輪,nan
6120260407010002,tamano,2026-04-07,2,◎1 ×3 △4 ▲5 ○2 注6,"2-6  1,020円(5)","2-6-1  2,100円(7)",1=2=6  820円(4),4,吉川 誠,神奈川,44,86,A3,両,3.92,70.00,5,12.2,nan,１/２車身,nan
6120260407010002,tamano,2026-04-07,2,◎1 ×3 △4 ▲5 ○2 注6,"2-6  1,020円(5)","2-6-1  2,100円(7)",1=2=6  820円(4),5,石川 英昭  静,岡,54,75,A3,追,3.92,69.71,6,12.3,nan,１車身１/２,nan
6120260407010002,tamano,2026-04-07,2,◎1 ×3 △4 ▲5 ○2 注6,"2-6  1,020円(5)","2-6-1  2,100円(7)",1=2=6  820円(4),6,徳吉 正治  福,岡,42,89,A3,両,3.92,69.51,2,11.7,ク,１/２車輪,nan
6120260407010002,tamano,2026-04-07,2,◎1 ×3 △4 ▲5 ○2 注6,"2-6  1,020円(5)","2-6-1  2,100円(7)",1=2=6  820円(4),7,澤亀 浩司  福,岡,58,60,A3,追,3.92,66.51,7,14.4,nan,大差,nan
6120260407010003,tamano,2026-04-07,3,◎7 ○1 △3 ×2 注4 ▲6,1-7  560円(2),"1-7-2  1,040円(3)",1=2=7  240円(1),1,樋口 絢土  東,京,38,96,A3,追,3.92,74.70,1,12.6,差,nan,nan
6120260407010003,tamano,2026-04-07,3,◎7 ○1 △3 ×2 注4 ▲6,1-7  560円(2),"1-7-2  1,040円(3)",1=2=7  240円(1),2,眞鍋 伸也  香,川,45,85,A3,追,3.92,72.18,3,12.0,nan,２車身,nan
6120260407010003,tamano,2026-04-07,3,◎7 ○1 △3 ×2 注4 ▲6,1-7  560円(2),"1-7-2  1,040円(3)",1=2=7  240円(1),3,増成 富夫  岡,山,55,66,A3,逃,3.93,70.55,5,12.3,nan,微差,nan
6120260407010003,tamano,2026-04-07,3,◎7 ○1 △3 ×2 注4 ▲6,1-7  560円(2),"1-7-2  1,040円(3)",1=2=7  240円(1),4,武市 和人  高,知,52,74,A3,追,3.79,70.05,4,12.0,nan,１車身,nan
6120260407010003,tamano,2026-04-07,3,◎7 ○1 △3 ×2 注4 ▲6,1-7  560円(2),"1-7-2  1,040円(3)",1=2=7  240円(1),5,穴井 利久  福,岡,55,65,A3,追,3.92,66.75,6,12.9,nan,７車身,nan
6120260407010003,tamano,2026-04-07,3,◎7 ○1 △3 ×2 注4 ▲6,1-7  560円(2),"1-7-2  1,040円(3)",1=2=7  240円(1),6,ラモス レオ  沖,縄,28,113,A3,逃,3.92,64.83,7,13.4,nan,４車身,nan
6120260407010003,tamano,2026-04-07,3,◎7 ○1 △3 ×2 注4 ▲6,1-7  560円(2),"1-7-2  1,040円(3)",1=2=7  240円(1),7,西本 健三郎  茨,城,23,127,A3,逃,3.92,0.00,2,12.7,逃,１/８車輪,nan
6120260407010004,tamano,2026-04-07,4,◎1 ○4 ×7 △2 ▲3 注6,"4-1  1,770円(5)","4-1-7  12,210円(24)","1=4=7  1,040円(5)",1,野津 宏介  福,岡,29,127,A3,逃,3.92,78.83,2,12.7,逃,１車輪,nan
6120260407010004,tamano,2026-04-07,4,◎1 ○4 ×7 △2 ▲3 注6,"4-1  1,770円(5)","4-1-7  12,210円(24)","1=4=7  1,040円(5)",2,鈴木 小次廊  静,岡,22,127,A3,逃,3.85,76.63,4,12.5,nan,３/４車輪,nan
6120260407010004,tamano,2026-04-07,4,◎1 ○4 ×7 △2 ▲3 注6,"4-1  1,770円(5)","4-1-7  12,210円(24)","1=4=7  1,040円(5)",3,堀 勝政  群,馬,47,83,A3,追,3.92,74.37,6,nan,nan,大差,nan
6120260407010004,tamano,2026-04-07,4,◎1 ○4 ×7 △2 ▲3 注6,"4-1  1,770円(5)","4-1-7  12,210円(24)","1=4=7  1,040円(5)",4,神開 将暢  福,岡,53,69,A3,追,3.92,74.06,1,12.6,差,nan,nan
6120260407010004,tamano,2026-04-07,4,◎1 ○4 ×7 △2 ▲3 注6,"4-1  1,770円(5)","4-1-7  12,210円(24)","1=4=7  1,040円(5)",5,鈴木 豪  福,島,39,105,A3,両,3.85,70.28,5,12.8,nan,２車身,nan
6120260407010004,tamano,2026-04-07,4,◎1 ○4 ×7 △2 ▲3 注6,"4-1  1,770円(5)","4-1-7  12,210円(24)","1=4=7  1,040円(5)",6,廣川 貞治  東,京,58,61,A3,追,3.93,68.96,欠,nan,nan,nan,nan
6120260407010004,tamano,2026-04-07,4,◎1 ○4 ×7 △2 ▲3 注6,"4-1  1,770円(5)","4-1-7  12,210円(24)","1=4=7  1,040円(5)",7,川添 輝彦  沖,縄,61,56,A3,追,3.92,65.06,3,12.6,nan,１/２車身,nan
6120260407010005,tamano,2026-04-07,5,◎1 ×5 注4 ▲6 ○7 △2,1-3  920円(5),"1-3-2  1,220円(3)",1=2=3  230円(1),1,篠原 龍馬  高,知,44,89,A1,両,3.92,88.85,1,12.4,捲,nan,nan
6120260407010005,tamano,2026-04-07,5,◎1 ×5 注4 ▲6 ○7 △2,1-3  920円(5),"1-3-2  1,220円(3)",1=2=3  230円(1),2,梅田 加津也,神奈川,32,119,A1,逃,3.93,87.48,3,12.7,nan,１/４車輪,nan
6120260407010005,tamano,2026-04-07,5,◎1 ×5 注4 ▲6 ○7 △2,1-3  920円(5),"1-3-2  1,220円(3)",1=2=3  230円(1),3,望月 紀男  静,岡,48,79,A2,追,3.92,84.38,2,12.6,差,３/４車身,nan
6120260407010005,tamano,2026-04-07,5,◎1 ×5 注4 ▲6 ○7 △2,1-3  920円(5),"1-3-2  1,220円(3)",1=2=3  230円(1),4,小林 健  岡,山,55,67,A2,追,3.92,82.48,5,12.3,nan,タイヤ差,nan
6120260407010005,tamano,2026-04-07,5,◎1 ×5 注4 ▲6 ○7 △2,1-3  920円(5),"1-3-2  1,220円(3)",1=2=3  230円(1),5,岡崎 昭次  愛,媛,54,67,A2,追,3.85,82.00,7,12.8,nan,３車身,nan
6120260407010005,tamano,2026-04-07,5,◎1 ×5 注4 ▲6 ○7 △2,1-3  920円(5),"1-3-2  1,220円(3)",1=2=3  230円(1),6,屋良 朝春  沖,縄,42,94,A2,両,3.93,79.86,6,12.7,nan,３/４車輪,nan
6120260407010005,tamano,2026-04-07,5,◎1 ×5 注4 ▲6 ○7 △2,1-3  920円(5),"1-3-2  1,220円(3)",1=2=3  230円(1),7,爲田 学  沖,縄,53,69,A2,追,3.93,77.19,4,12.5,nan,１車身,nan
6120260407010006,tamano,2026-04-07,6,◎1 ○2 注3 ×7 △4 ▲6,"1-6  3,310円(8)","1-6-5  16,350円(33)","1=5=6  4,990円(10)",1,福田 拓也  栃,木,34,100,A1,追,3.92,90.45,1,11.9,捲,nan,nan
6120260407010006,tamano,2026-04-07,6,◎1 ○2 注3 ×7 △4 ▲6,"1-6  3,310円(8)","1-6-5  16,350円(33)","1=5=6  4,990円(10)",2,堀 政美  茨,城,57,65,A2,追,3.93,86.30,5,11.9,nan,１/２車輪,nan
6120260407010006,tamano,2026-04-07,6,◎1 ○2 注3 ×7 △4 ▲6,"1-6  3,310円(8)","1-6-5  16,350円(33)","1=5=6  4,990円(10)",3,山崎 充央  東,京,51,79,A2,追,3.77,84.00,4,11.8,nan,５車身,nan
6120260407010006,tamano,2026-04-07,6,◎1 ○2 注3 ×7 △4 ▲6,"1-6  3,310円(8)","1-6-5  16,350円(33)","1=5=6  4,990円(10)",4,松永 真太  福,岡,44,92,A2,追,3.92,82.61,6,11.7,nan,３/４車輪,nan
6120260407010006,tamano,2026-04-07,6,◎1 ○2 注3 ×7 △4 ▲6,"1-6  3,310円(8)","1-6-5  16,350円(33)","1=5=6  4,990円(10)",5,武田 良太  愛,媛,44,88,A2,追,3.93,80.12,3,12.1,nan,１/８車輪,nan
6120260407010006,tamano,2026-04-07,6,◎1 ○2 注3 ×7 △4 ▲6,"1-6  3,310円(8)","1-6-5  16,350円(33)","1=5=6  4,990円(10)",6,藤原 亮太  岡,山,37,97,A2,両,3.92,79.73,2,12.3,逃,２車身,nan
6120260407010006,tamano,2026-04-07,6,◎1 ○2 注3 ×7 △4 ▲6,"1-6  3,310円(8)","1-6-5  16,350円(33)","1=5=6  4,990円(10)",7,山崎 翼  大,分,37,95,A2,逃,3.92,0.00,7,12.9,nan,大差,nan
6120260407010007,tamano,2026-04-07,7,▲7 ○2 ◎1 ×4 注3 △6,2-1  780円(3),"2-1-4  1,610円(4)",1=2=4  260円(1),1,滝本 泰行  岡,山,30,107,A1,両,3.92,89.00,2,12.4,ク,１車輪,nan
6120260407010007,tamano,2026-04-07,7,▲7 ○2 ◎1 ×4 注3 △6,2-1  780円(3),"2-1-4  1,610円(4)",1=2=4  260円(1),2,岩崎 将士  青,森,43,88,A1,追,3.92,88.61,1,12.4,差,nan,nan
6120260407010007,tamano,2026-04-07,7,▲7 ○2 ◎1 ×4 注3 △6,2-1  780円(3),"2-1-4  1,610円(4)",1=2=4  260円(1),3,吉田 彰久  香,川,52,80,A2,追,3.92,81.66,6,12.7,nan,１車身１/２,nan
6120260407010007,tamano,2026-04-07,7,▲7 ○2 ◎1 ×4 注3 △6,2-1  780円(3),"2-1-4  1,610円(4)",1=2=4  260円(1),4,内藤 敦  岡,山,49,80,A1,追,3.92,81.54,3,12.3,nan,１/２車輪,nan
6120260407010007,tamano,2026-04-07,7,▲7 ○2 ◎1 ×4 注3 △6,2-1  780円(3),"2-1-4  1,610円(4)",1=2=4  260円(1),5,城戸崎 隆史  福,岡,53,76,A2,両,3.92,80.94,5,12.3,nan,３/４車身,nan
6120260407010007,tamano,2026-04-07,7,▲7 ○2 ◎1 ×4 注3 △6,2-1  780円(3),"2-1-4  1,610円(4)",1=2=4  260円(1),6,片山 直人  福,岡,44,87,A2,両,3.92,78.40,7,12.8,nan,２車身,nan
6120260407010007,tamano,2026-04-07,7,▲7 ○2 ◎1 ×4 注3 △6,2-1  780円(3),"2-1-4  1,610円(4)",1=2=4  260円(1),7,門脇 翼  秋,田,32,111,A2,逃,3.92,77.77,4,13.0,nan,２車身,nan
6120260407010008,tamano,2026-04-07,8,◎1 ○3 注5 ▲4 △6 ×2,"1-5  2,350円(5)","1-5-3  4,640円(11)",1=3=5  180円(1),1,細中 翔太  岡,山,26,125,A2,逃,3.92,91.88,1,12.6,逃,nan,nan
6120260407010008,tamano,2026-04-07,8,◎1 ○3 注5 ▲4 △6 ×2,"1-5  2,350円(5)","1-5-3  4,640円(11)",1=3=5  180円(1),2,好永 晃  佐,賀,35,98,A1,追,3.92,87.00,4,12.3,nan,３/４車身,nan
6120260407010008,tamano,2026-04-07,8,◎1 ○3 注5 ▲4 △6 ×2,"1-5  2,350円(5)","1-5-3  4,640円(11)",1=3=5  180円(1),3,二條 祐也  徳,島,40,97,A1,追,3.92,85.66,3,12.6,nan,１/８車輪,nan
6120260407010008,tamano,2026-04-07,8,◎1 ○3 注5 ▲4 △6 ×2,"1-5  2,350円(5)","1-5-3  4,640円(11)",1=3=5  180円(1),4,河上 陽一  千,葉,50,99,A2,両,3.92,81.04,5,12.4,nan,３/４車輪,nan
6120260407010008,tamano,2026-04-07,8,◎1 ○3 注5 ▲4 △6 ×2,"1-5  2,350円(5)","1-5-3  4,640円(11)",1=3=5  180円(1),5,滝山 実  徳,島,48,84,A1,追,3.92,80.62,2,12.4,差,３/４車身,nan
6120260407010008,tamano,2026-04-07,8,◎1 ○3 注5 ▲4 △6 ×2,"1-5  2,350円(5)","1-5-3  4,640円(11)",1=3=5  180円(1),6,松本 昂大  長,崎,21,125,A2,逃,3.92,80.55,7,12.5,nan,３/４車身,nan
6120260407010008,tamano,2026-04-07,8,◎1 ○3 注5 ▲4 △6 ×2,"1-5  2,350円(5)","1-5-3  4,640円(11)",1=3=5  180円(1),7,山田 祐太  福,島,37,113,A2,逃,3.92,79.52,6,12.4,nan,３車身,nan
6120260407010009,tamano,2026-04-07,9,×2 △3 ◎1 ○6 ▲5 注4,"2-7  5,150円(13)","2-7-1  19,390円(54)","1=2=7  1,650円(5)",1,永井 哉多  東,京,24,121,A1,逃,3.92,96.14,3,12.0,nan,１/２車身,nan
6120260407010009,tamano,2026-04-07,9,×2 △3 ◎1 ○6 ▲5 注4,"2-7  5,150円(13)","2-7-1  19,390円(54)","1=2=7  1,650円(5)",2,保田 浩輔  岡,山,26,123,A1,逃,3.93,93.41,1,11.7,捲,nan,nan
6120260407010009,tamano,2026-04-07,9,×2 △3 ◎1 ○6 ▲5 注4,"2-7  5,150円(13)","2-7-1  19,390円(54)","1=2=7  1,650円(5)",3,近藤 誠二  香,川,48,80,A1,追,3.92,92.94,5,11.7,nan,１/４車輪,nan
6120260407010009,tamano,2026-04-07,9,×2 △3 ◎1 ○6 ▲5 注4,"2-7  5,150円(13)","2-7-1  19,390円(54)","1=2=7  1,650円(5)",4,小川 賢人  福,岡,40,103,A1,両,3.92,91.64,4,11.3,nan,１/８車輪,nan
6120260407010009,tamano,2026-04-07,9,×2 △3 ◎1 ○6 ▲5 注4,"2-7  5,150円(13)","2-7-1  19,390円(54)","1=2=7  1,650円(5)",5,小柳 智徳  長,崎,27,123,A1,逃,3.92,90.82,7,11.7,nan,１車身,nan
6120260407010009,tamano,2026-04-07,9,×2 △3 ◎1 ○6 ▲5 注4,"2-7  5,150円(13)","2-7-1  19,390円(54)","1=2=7  1,650円(5)",6,稲村 好将  群,馬,50,81,A1,追,3.92,90.72,6,12.0,nan,３/４車身,nan
6120260407010009,tamano,2026-04-07,9,×2 △3 ◎1 ○6 ▲5 注4,"2-7  5,150円(13)","2-7-1  19,390円(54)","1=2=7  1,650円(5)",7,前川 大輔  福,島,35,113,A1,両,3.92,90.66,2,11.8,差,１/２車身,nan
7420260405030001,kochi,2026-04-07,1,注6 ×2 △1 ▲7 ○4 ◎5,"3-7  1,070円(4)","3-7-6  13,020円(50)","3=6=7  3,820円(17)",1,園田 鉄兵  熊,本,42,93,A2,追,3.92,82.68,6,18.3,nan,大差,nan
7420260405030001,kochi,2026-04-07,1,注6 ×2 △1 ▲7 ○4 ◎5,"3-7  1,070円(4)","3-7-6  13,020円(50)","3=6=7  3,820円(17)",2,三好 陽一  愛,媛,44,88,A2,両,3.86,84.37,4,15.2,nan,１/２車輪,nan
7420260405030001,kochi,2026-04-07,1,注6 ×2 △1 ▲7 ○4 ◎5,"3-7  1,070円(4)","3-7-6  13,020円(50)","3=6=7  3,820円(17)",3,高谷 雅彦  青,森,54,67,A1,両,3.92,82.84,1,15.3,差,nan,nan
7420260405030001,kochi,2026-04-07,1,注6 ×2 △1 ▲7 ○4 ◎5,"3-7  1,070円(4)","3-7-6  13,020円(50)","3=6=7  3,820円(17)",4,阪本 正和  長,崎,55,70,A2,追,3.92,79.15,7,19.6,nan,大差,nan
7420260405030001,kochi,2026-04-07,1,注6 ×2 △1 ▲7 ○4 ◎5,"3-7  1,070円(4)","3-7-6  13,020円(50)","3=6=7  3,820円(17)",5,中込 健太  秋,田,30,119,A2,逃,3.93,80.57,5,15.6,nan,１/８車輪,nan
7420260405030001,kochi,2026-04-07,1,注6 ×2 △1 ▲7 ○4 ◎5,"3-7  1,070円(4)","3-7-6  13,020円(50)","3=6=7  3,820円(17)",6,高山 雄丞  愛,媛,33,109,A2,両,3.92,78.93,3,15.2,nan,３/４車身,nan
7420260405030001,kochi,2026-04-07,1,注6 ×2 △1 ▲7 ○4 ◎5,"3-7  1,070円(4)","3-7-6  13,020円(50)","3=6=7  3,820円(17)",7,飯塚 直人  佐,賀,35,98,A2,両,3.92,81.80,2,15.2,ク,１車輪,nan
7420260405030002,kochi,2026-04-07,2,◎5 ×2 ○4 ▲7 注1 △3,5-3  930円(4),"5-3-2  6,070円(24)","2=3=5  1,940円(9)",1,永井 清史  岐,阜,42,88,A2,両,3.93,83.38,6,14.9,nan,１車身,nan
7420260405030002,kochi,2026-04-07,2,◎5 ×2 ○4 ▲7 注1 △3,5-3  930円(4),"5-3-2  6,070円(24)","2=3=5  1,940円(9)",2,茅野 寛史,鹿児島,47,99,A1,追,3.92,83.22,3,15.2,nan,３/４車輪,nan
7420260405030002,kochi,2026-04-07,2,◎5 ×2 ○4 ▲7 注1 △3,5-3  930円(4),"5-3-2  6,070円(24)","2=3=5  1,940円(9)",3,坂木田 雄介  千,葉,52,78,A2,逃,3.92,81.38,2,15.4,逃,３車身,nan
7420260405030002,kochi,2026-04-07,2,◎5 ×2 ○4 ▲7 注1 △3,5-3  930円(4),"5-3-2  6,070円(24)","2=3=5  1,940円(9)",4,山本 隼人  大,阪,28,111,A1,追,3.92,89.66,5,15.2,nan,３/４車輪,nan
7420260405030002,kochi,2026-04-07,2,◎5 ×2 ○4 ▲7 注1 △3,5-3  930円(4),"5-3-2  6,070円(24)","2=3=5  1,940円(9)",5,稲留 敦貴,鹿児島,24,125,A2,逃,3.92,86.19,1,15.3,逃,nan,nan
7420260405030002,kochi,2026-04-07,2,◎5 ×2 ○4 ▲7 注1 △3,5-3  930円(4),"5-3-2  6,070円(24)","2=3=5  1,940円(9)",6,黒崎 直行  栃,木,59,57,A2,追,3.93,79.63,7,16.7,nan,大差,nan
7420260405030002,kochi,2026-04-07,2,◎5 ×2 ○4 ▲7 注1 △3,5-3  930円(4),"5-3-2  6,070円(24)","2=3=5  1,940円(9)",7,喜納 隆志  沖,縄,42,92,A2,追,3.92,80.31,4,15.0,nan,１/８車輪,nan
7420260405030003,kochi,2026-04-07,3,注1 △4 ×6 ◎2 ○7 ▲5,"1-7  2,780円(10)","1-7-2  24,650円(84)","1=2=7  4,050円(19)",1,江端 隆司  福,井,33,103,A2,逃,3.92,84.94,1,15.1,差,nan,nan
7420260405030003,kochi,2026-04-07,3,注1 △4 ×6 ◎2 ○7 ▲5,"1-7  2,780円(10)","1-7-2  24,650円(84)","1=2=7  4,050円(19)",2,大木 雅也  静,岡,50,83,A1,追,3.92,90.28,3,15.1,nan,１/２車身,nan
7420260405030003,kochi,2026-04-07,3,注1 △4 ×6 ◎2 ○7 ▲5,"1-7  2,780円(10)","1-7-2  24,650円(84)","1=2=7  4,050円(19)",3,岩本 純  岡,山,44,94,A1,両,3.92,83.80,5,15.2,nan,１/４車輪,nan
7420260405030003,kochi,2026-04-07,3,注1 △4 ×6 ◎2 ○7 ▲5,"1-7  2,780円(10)","1-7-2  24,650円(84)","1=2=7  4,050円(19)",4,市村 昌樹  兵,庫,35,103,A1,両,3.92,86.23,6,15.2,nan,２車身,nan
7420260405030003,kochi,2026-04-07,3,注1 △4 ×6 ◎2 ○7 ▲5,"1-7  2,780円(10)","1-7-2  24,650円(84)","1=2=7  4,050円(19)",5,近藤 範昌  岡,山,47,82,A1,追,3.85,88.66,4,15.3,nan,３/４車輪,nan
7420260405030003,kochi,2026-04-07,3,注1 △4 ×6 ◎2 ○7 ▲5,"1-7  2,780円(10)","1-7-2  24,650円(84)","1=2=7  4,050円(19)",6,近藤 圭佑  埼,玉,40,121,A2,逃,3.92,80.80,7,15.7,nan,２車身,nan
7420260405030003,kochi,2026-04-07,3,注1 △4 ×6 ◎2 ○7 ▲5,"1-7  2,780円(10)","1-7-2  24,650円(84)","1=2=7  4,050円(19)",7,船瀬 惇平  広,島,32,111,A1,逃,3.93,88.95,2,15.3,逃,１車輪,nan
7420260405030004,kochi,2026-04-07,4,△4 ×1 ◎6 ○2 ▲7 注5,"2-5  5,540円(18)","2-5-7  18,160円(52)","2=5=7  2,150円(7)",1,會澤 龍  宮,城,36,105,A1,両,3.92,86.37,6,14.4,nan,２車身,nan
7420260405030004,kochi,2026-04-07,4,△4 ×1 ◎6 ○2 ▲7 注5,"2-5  5,540円(18)","2-5-7  18,160円(52)","2=5=7  2,150円(7)",2,日野 博幸  愛,媛,42,103,A1,逃,3.92,90.04,1,14.6,逃,nan,nan
7420260405030004,kochi,2026-04-07,4,△4 ×1 ◎6 ○2 ▲7 注5,"2-5  5,540円(18)","2-5-7  18,160円(52)","2=5=7  2,150円(7)",3,山田 祥明  岐,阜,46,97,A1,追,3.92,85.40,4,14.5,nan,３/４車身,nan
7420260405030004,kochi,2026-04-07,4,△4 ×1 ◎6 ○2 ▲7 注5,"2-5  5,540円(18)","2-5-7  18,160円(52)","2=5=7  2,150円(7)",4,川野 深  福,岡,28,119,A2,逃,3.92,87.44,5,14.4,nan,微差,nan
7420260405030004,kochi,2026-04-07,4,△4 ×1 ◎6 ○2 ▲7 注5,"2-5  5,540円(18)","2-5-7  18,160円(52)","2=5=7  2,150円(7)",5,下岡 優季  愛,知,36,105,A2,逃,3.92,84.18,2,14.5,差,２車身,nan
7420260405030004,kochi,2026-04-07,4,△4 ×1 ◎6 ○2 ▲7 注5,"2-5  5,540円(18)","2-5-7  18,160円(52)","2=5=7  2,150円(7)",6,樋口 瑛土  東,京,35,109,A2,追,3.92,79.70,7,14.6,nan,５車身,nan
7420260405030004,kochi,2026-04-07,4,△4 ×1 ◎6 ○2 ▲7 注5,"2-5  5,540円(18)","2-5-7  18,160円(52)","2=5=7  2,150円(7)",7,岡田 啓渡  愛,媛,35,100,A1,両,3.92,88.29,3,14.7,nan,１車輪,nan
7420260405030005,kochi,2026-04-07,5,▲6 注1 ◎2 ○5 ×4 △3,"1-3  8,100円(22)","1-3-5  30,570円(68)","1=3=5  3,690円(12)",1,柿沼 信也  埼,玉,41,91,S2,追,3.92,97.50,1,15.6,差,nan,nan
7420260405030005,kochi,2026-04-07,5,▲6 注1 ◎2 ○5 ×4 △3,"1-3  8,100円(22)","1-3-5  30,570円(68)","1=3=5  3,690円(12)",2,尾方 祐仁  岐,阜,22,123,S2,逃,3.92,101.87,落,nan,nan,nan,nan
7420260405030005,kochi,2026-04-07,5,▲6 注1 ◎2 ○5 ×4 △3,"1-3  8,100円(22)","1-3-5  30,570円(68)","1=3=5  3,690円(12)",3,黒田 淳  岡,山,41,97,S2,追,3.92,98.68,2,15.2,差,１/４車輪,nan
7420260405030005,kochi,2026-04-07,5,▲6 注1 ◎2 ○5 ×4 △3,"1-3  8,100円(22)","1-3-5  30,570円(68)","1=3=5  3,690円(12)",4,山下 一輝  山,口,36,96,S2,追,3.92,99.19,4,15.5,nan,３/４車輪,nan
7420260405030005,kochi,2026-04-07,5,▲6 注1 ◎2 ○5 ×4 △3,"1-3  8,100円(22)","1-3-5  30,570円(68)","1=3=5  3,690円(12)",5,伊藤 正樹  愛,知,53,71,S2,追,3.54,98.47,3,15.2,nan,１/２車輪,nan
7420260405030005,kochi,2026-04-07,5,▲6 注1 ◎2 ○5 ×4 △3,"1-3  8,100円(22)","1-3-5  30,570円(68)","1=3=5  3,690円(12)",6,中島 将尊  東,京,31,105,S2,両,3.85,94.03,5,16.2,nan,３車身,nan
7420260405030006,kochi,2026-04-07,6,×1 ▲6 注2 ○3 ◎4 △7,"4-1  1,170円(4)","4-1-7  4,130円(9)","1=4=7  1,340円(3)",1,堀内 俊介,神奈川,36,107,S2,両,3.93,98.47,2,14.2,差,１/８車輪,nan
7420260405030006,kochi,2026-04-07,6,×1 ▲6 注2 ○3 ◎4 △7,"4-1  1,170円(4)","4-1-7  4,130円(9)","1=4=7  1,340円(3)",2,舘 泰守  愛,知,50,80,S2,追,3.92,94.45,6,14.1,nan,３/４車身,nan
7420260405030006,kochi,2026-04-07,6,×1 ▲6 注2 ○3 ◎4 △7,"4-1  1,170円(4)","4-1-7  4,130円(9)","1=4=7  1,340円(3)",3,武田 亮  東,京,26,115,S2,逃,3.92,103.35,4,14.8,nan,タイヤ差,nan
7420260405030006,kochi,2026-04-07,6,×1 ▲6 注2 ○3 ◎4 △7,"4-1  1,170円(4)","4-1-7  4,130円(9)","1=4=7  1,340円(3)",4,一戸 康宏  埼,玉,38,101,S2,両,3.93,99.66,1,14.5,差,nan,nan
7420260405030006,kochi,2026-04-07,6,×1 ▲6 注2 ○3 ◎4 △7,"4-1  1,170円(4)","4-1-7  4,130円(9)","1=4=7  1,340円(3)",5,加倉 正義  福,岡,54,68,S2,追,3.92,93.55,5,14.5,nan,３/４車身,nan
7420260405030006,kochi,2026-04-07,6,×1 ▲6 注2 ○3 ◎4 △7,"4-1  1,170円(4)","4-1-7  4,130円(9)","1=4=7  1,340円(3)",6,保科 千春  宮,城,34,100,S1,追,3.92,93.42,7,14.7,nan,５車身,nan
7420260405030006,kochi,2026-04-07,6,×1 ▲6 注2 ○3 ◎4 △7,"4-1  1,170円(4)","4-1-7  4,130円(9)","1=4=7  1,340円(3)",7,松尾 透  福,岡,41,96,S2,追,3.92,97.84,3,14.5,nan,１/２車輪,nan
7420260405030007,kochi,2026-04-07,7,×3 ◎2 ○7 ▲4 △5 注1,"1-2  1,810円(8)","1-2-3  9,960円(38)","1=2=3  1,170円(6)",1,湊 聖二  徳,島,49,86,S1,追,3.92,101.11,1,14.4,差,nan,nan
7420260405030007,kochi,2026-04-07,7,×3 ◎2 ○7 ▲4 △5 注1,"1-2  1,810円(8)","1-2-3  9,960円(38)","1=2=3  1,170円(6)",2,河村 雅章  東,京,42,92,S2,追,3.92,106.95,2,14.6,差,タイヤ差,nan
7420260405030007,kochi,2026-04-07,7,×3 ◎2 ○7 ▲4 △5 注1,"1-2  1,810円(8)","1-2-3  9,960円(38)","1=2=3  1,170円(6)",3,大川 剛  青,森,27,121,S2,逃,3.92,100.86,3,14.7,nan,１/８車輪,nan
7420260405030007,kochi,2026-04-07,7,×3 ◎2 ○7 ▲4 △5 注1,"1-2  1,810円(8)","1-2-3  9,960円(38)","1=2=3  1,170円(6)",4,山本 紳貴  千,葉,41,107,S2,追,3.93,98.07,7,14.2,nan,１/４車輪,nan
7420260405030007,kochi,2026-04-07,7,×3 ◎2 ○7 ▲4 △5 注1,"1-2  1,810円(8)","1-2-3  9,960円(38)","1=2=3  1,170円(6)",5,小川 三士郎  徳,島,25,125,S2,逃,3.92,102.75,6,14.7,nan,１/２車身,nan
7420260405030007,kochi,2026-04-07,7,×3 ◎2 ○7 ▲4 △5 注1,"1-2  1,810円(8)","1-2-3  9,960円(38)","1=2=3  1,170円(6)",6,山中 貴雄  高,知,42,90,S2,追,3.92,97.19,4,14.4,nan,１車輪,nan
7420260405030007,kochi,2026-04-07,7,×3 ◎2 ○7 ▲4 △5 注1,"1-2  1,810円(8)","1-2-3  9,960円(38)","1=2=3  1,170円(6)",7,丸山 啓一  静,岡,51,74,S2,追,3.92,101.66,5,14.2,nan,１/２車身,nan
7420260405030008,kochi,2026-04-07,8,×4 注2 ○6 ◎7 ▲1 △3,"1-2  1,080円(3)","1-2-5  8,170円(24)","1=2=5  2,480円(9)",1,柏野 智典  岡,山,47,88,S1,追,3.92,107.44,1,15.0,差,nan,nan
7420260405030008,kochi,2026-04-07,8,×4 注2 ○6 ◎7 ▲1 △3,"1-2  1,080円(3)","1-2-5  8,170円(24)","1=2=5  2,480円(9)",2,山崎 将幸  宮,城,38,92,S2,追,3.92,103.76,2,15.3,差,１/８車輪,nan
7420260405030008,kochi,2026-04-07,8,×4 注2 ○6 ◎7 ▲1 △3,"1-2  1,080円(3)","1-2-5  8,170円(24)","1=2=5  2,480円(9)",3,加藤 将武  埼,玉,24,121,S2,逃,3.92,97.83,4,15.3,nan,３/４車身,nan
7420260405030008,kochi,2026-04-07,8,×4 注2 ○6 ◎7 ▲1 △3,"1-2  1,080円(3)","1-2-5  8,170円(24)","1=2=5  2,480円(9)",4,伊東 翔貴  福,島,35,100,S2,逃,3.92,100.21,5,15.8,nan,２車身,nan
7420260405030008,kochi,2026-04-07,8,×4 注2 ○6 ◎7 ▲1 △3,"1-2  1,080円(3)","1-2-5  8,170円(24)","1=2=5  2,480円(9)",5,小林 大介  群,馬,48,79,S2,追,3.92,98.45,3,15.2,nan,３/４車身,nan
7420260405030008,kochi,2026-04-07,8,×4 注2 ○6 ◎7 ▲1 △3,"1-2  1,080円(3)","1-2-5  8,170円(24)","1=2=5  2,480円(9)",6,金澤 幸司  福,島,40,91,S2,追,3.93,93.52,6,15.7,nan,６車身,nan
7420260405030008,kochi,2026-04-07,8,×4 注2 ○6 ◎7 ▲1 △3,"1-2  1,080円(3)","1-2-5  8,170円(24)","1=2=5  2,480円(9)",7,月森 亮輔  岡,山,34,101,S2,両,3.92,103.33,7,18.1,nan,大差,nan
7420260405030009,kochi,2026-04-07,9,○1 ◎7 △4 注3 ×5 ▲2,"7-5  1,330円(7)","7-5-3  21,720円(61)","3=5=7  5,930円(17)",1,嵯峨 昇喜郎  青,森,27,113,S1,両,3.92,106.20,落,nan,nan,nan,nan
7420260405030009,kochi,2026-04-07,9,○1 ◎7 △4 注3 ×5 ▲2,"7-5  1,330円(7)","7-5-3  21,720円(61)","3=5=7  5,930円(17)",2,清水 一幸  大,阪,39,109,S2,追,3.92,102.69,落,nan,nan,nan,nan
7420260405030009,kochi,2026-04-07,9,○1 ◎7 △4 注3 ×5 ▲2,"7-5  1,330円(7)","7-5-3  21,720円(61)","3=5=7  5,930円(17)",3,増原 正人  広,島,42,98,S2,両,3.92,99.76,3,15.1,nan,１車身１/２,nan
7420260405030009,kochi,2026-04-07,9,○1 ◎7 △4 注3 ×5 ▲2,"7-5  1,330円(7)","7-5-3  21,720円(61)","3=5=7  5,930円(17)",4,大塚 玲,神奈川,44,89,S1,追,3.92,102.65,5,nan,nan,nan,nan
7420260405030009,kochi,2026-04-07,9,○1 ◎7 △4 注3 ×5 ▲2,"7-5  1,330円(7)","7-5-3  21,720円(61)","3=5=7  5,930円(17)",5,久田 朔  大,阪,22,125,S2,逃,3.92,100.00,2,15.6,逃,２車身,nan
7420260405030009,kochi,2026-04-07,9,○1 ◎7 △4 注3 ×5 ▲2,"7-5  1,330円(7)","7-5-3  21,720円(61)","3=5=7  5,930円(17)",6,福島 武士  香,川,40,96,S2,追,3.92,99.75,4,16.6,nan,大差,nan
7420260405030009,kochi,2026-04-07,9,○1 ◎7 △4 注3 ×5 ▲2,"7-5  1,330円(7)","7-5-3  21,720円(61)","3=5=7  5,930円(17)",7,松谷 秀幸,神奈川,43,96,S1,追,3.93,112.86,1,15.0,差,nan,nan
7420260405030010,kochi,2026-04-07,10,△5 ◎7 ○1 ×2 注3 ▲4,7-1  570円(1),"7-1-5  1,990円(3)",1=5=7  630円(2),1,都築 巧  高,知,26,123,A1,両,3.92,89.84,2,14.6,ク,１/４車輪,nan
7420260405030010,kochi,2026-04-07,10,△5 ◎7 ○1 ×2 注3 ▲4,7-1  570円(1),"7-1-5  1,990円(3)",1=5=7  630円(2),2,伊藤 稔真  三,重,29,111,A1,両,3.92,95.76,4,14.3,nan,１車輪,nan
7420260405030010,kochi,2026-04-07,10,△5 ◎7 ○1 ×2 注3 ▲4,7-1  570円(1),"7-1-5  1,990円(3)",1=5=7  630円(2),3,曽我 圭佑  熊,本,32,113,A1,逃,3.92,92.71,7,15.1,nan,３車身,nan
7420260405030010,kochi,2026-04-07,10,△5 ◎7 ○1 ×2 注3 ▲4,7-1  570円(1),"7-1-5  1,990円(3)",1=5=7  630円(2),4,栗本 武典  千,葉,29,119,A1,両,3.92,89.20,5,14.1,nan,１/２車身,nan
7420260405030010,kochi,2026-04-07,10,△5 ◎7 ○1 ×2 注3 ▲4,7-1  570円(1),"7-1-5  1,990円(3)",1=5=7  630円(2),5,藤田 楓  岡,山,22,127,A2,逃,3.92,91.69,3,15.0,nan,３/４車輪,nan
7420260405030010,kochi,2026-04-07,10,△5 ◎7 ○1 ×2 注3 ▲4,7-1  570円(1),"7-1-5  1,990円(3)",1=5=7  630円(2),6,矢島 一弥  群,馬,40,92,A1,追,3.92,87.37,6,14.4,nan,３車身,nan
7420260405030010,kochi,2026-04-07,10,△5 ◎7 ○1 ×2 注3 ▲4,7-1  570円(1),"7-1-5  1,990円(3)",1=5=7  630円(2),7,田中 和磨  岡,山,29,113,A2,逃,3.93,91.15,1,14.7,差,nan,nan
7420260405030011,kochi,2026-04-07,11,◎3 ×1 ○7 ▲2 △4 注5,"3-7  1,910円(8)","3-7-2  8,020円(29)","2=3=7  1,930円(10)",1,田尾 駿介  高,知,34,111,S1,追,3.92,108.07,6,14.5,nan,１車身,nan
7420260405030011,kochi,2026-04-07,11,◎3 ×1 ○7 ▲2 △4 注5,"3-7  1,910円(8)","3-7-2  8,020円(29)","2=3=7  1,930円(10)",2,山田 久徳  京,都,38,93,S1,両,3.92,110.90,3,13.9,nan,３/４車身,nan
7420260405030011,kochi,2026-04-07,11,◎3 ×1 ○7 ▲2 △4 注5,"3-7  1,910円(8)","3-7-2  8,020円(29)","2=3=7  1,930円(10)",3,鈴木 竜士  東,京,32,107,S1,両,3.92,111.08,1,14.0,差,nan,nan
7420260405030011,kochi,2026-04-07,11,◎3 ×1 ○7 ▲2 △4 注5,"3-7  1,910円(8)","3-7-2  8,020円(29)","2=3=7  1,930円(10)",4,上田 国広  三,重,42,89,S1,追,3.92,108.38,4,13.9,nan,２車身,nan
7420260405030011,kochi,2026-04-07,11,◎3 ×1 ○7 ▲2 △4 注5,"3-7  1,910円(8)","3-7-2  8,020円(29)","2=3=7  1,930円(10)",5,後藤 大輝  福,岡,25,121,S1,逃,3.92,108.13,5,14.6,nan,１/２車輪,nan
7420260405030011,kochi,2026-04-07,11,◎3 ×1 ○7 ▲2 △4 注5,"3-7  1,910円(8)","3-7-2  8,020円(29)","2=3=7  1,930円(10)",6,坂田 康季  佐,賀,27,121,S2,逃,3.92,99.22,7,14.6,nan,５車身,nan
7420260405030011,kochi,2026-04-07,11,◎3 ×1 ○7 ▲2 △4 注5,"3-7  1,910円(8)","3-7-2  8,020円(29)","2=3=7  1,930円(10)",7,今村 麟太郎  高,知,30,111,S2,両,3.92,103.00,2,14.1,差,１/８車輪,nan
8120260407010001,kokura,2026-04-07,1,○5 ◎1 △7 注2 ×4 ▲3,"5-2  4,290円(16)","5-2-1  7,250円(21)","1=2=5  1,130円(3)",1,平沼 由充  福,島,50,83,A2,追,3.92,89.85,3,12.1,nan,３/４車輪,捲乗り外踏
8120260407010001,kokura,2026-04-07,1,○5 ◎1 △7 注2 ×4 ▲3,"5-2  4,290円(16)","5-2-1  7,250円(21)","1=2=5  1,130円(3)",2,眞砂 英作  香,川,30,121,A2,逃,3.93,82.10,2,12.2,逃,１/４車輪,逃げ粘って
8120260407010001,kokura,2026-04-07,1,○5 ◎1 △7 注2 ×4 ▲3,"5-2  4,290円(16)","5-2-1  7,250円(21)","1=2=5  1,130円(3)",3,石川 航大  宮,崎,26,123,A1,逃,3.92,88.23,6,12.2,nan,１車身,内に包まれ
8120260407010001,kokura,2026-04-07,1,○5 ◎1 △7 注2 ×4 ▲3,"5-2  4,290円(16)","5-2-1  7,250円(21)","1=2=5  1,130円(3)",4,吉岡 篤志  徳,島,47,82,A2,追,3.92,84.76,4,12.2,nan,１/８車輪,捲り張るが
8120260407010001,kokura,2026-04-07,1,○5 ◎1 △7 注2 ×4 ▲3,"5-2  4,290円(16)","5-2-1  7,250円(21)","1=2=5  1,130円(3)",5,金野 俊秋  千,葉,42,92,A2,両,3.92,87.16,1,12.1,捲,nan,外併走捲上
8120260407010001,kokura,2026-04-07,1,○5 ◎1 △7 注2 ×4 ▲3,"5-2  4,290円(16)","5-2-1  7,250円(21)","1=2=5  1,130円(3)",6,荒木 真慈  熊,本,54,69,A2,追,3.85,81.22,7,12.1,nan,１/２車輪,石川航一緒
8120260407010001,kokura,2026-04-07,1,○5 ◎1 △7 注2 ×4 ▲3,"5-2  4,290円(16)","5-2-1  7,250円(21)","1=2=5  1,130円(3)",7,金子 兼久  宮,城,48,81,A2,追,3.92,81.66,5,12.0,nan,３/４車輪,外々回され
8120260407010002,kokura,2026-04-07,2,○1 ◎5 △3 ×6 注7 ▲4,"7-5  1,570円(6)","7-5-1  2,830円(9)",1=5=7  400円(2),1,水谷 亮太  愛,知,29,125,A2,逃,3.92,87.33,3,11.8,nan,３/４車輪,捲上外凌ぐ
8120260407010002,kokura,2026-04-07,2,○1 ◎5 △3 ×6 注7 ▲4,"7-5  1,570円(6)","7-5-1  2,830円(9)",1=5=7  400円(2),2,三宅 旬  岡,山,48,80,A2,追,3.93,81.16,6,11.8,nan,１/４車輪,包まれ伸欠
8120260407010002,kokura,2026-04-07,2,○1 ◎5 △3 ×6 注7 ▲4,"7-5  1,570円(6)","7-5-1  2,830円(9)",1=5=7  400円(2),3,土屋 宏  群,馬,48,83,A2,追,3.92,83.30,5,11.8,nan,１/４車輪,外々回され
8120260407010002,kokura,2026-04-07,2,○1 ◎5 △3 ×6 注7 ▲4,"7-5  1,570円(6)","7-5-1  2,830円(9)",1=5=7  400円(2),4,越智 展孝  愛,媛,44,88,A1,追,3.92,86.61,4,11.9,nan,３/４車身,捲り張れず
8120260407010002,kokura,2026-04-07,2,○1 ◎5 △3 ×6 注7 ▲4,"7-5  1,570円(6)","7-5-1  2,830円(9)",1=5=7  400円(2),5,坂本 匡洋  大,阪,42,91,A2,追,3.92,87.95,2,11.7,差,微差,捲乗り外伸
8120260407010002,kokura,2026-04-07,2,○1 ◎5 △3 ×6 注7 ▲4,"7-5  1,570円(6)","7-5-1  2,830円(9)",1=5=7  400円(2),6,井上 嵩,神奈川,37,97,A2,両,3.92,76.86,7,11.9,nan,２車身,斬り４番手
8120260407010002,kokura,2026-04-07,2,○1 ◎5 △3 ×6 注7 ▲4,"7-5  1,570円(6)","7-5-1  2,830円(9)",1=5=7  400円(2),7,岡崎 陸登  愛,媛,28,123,A1,逃,3.92,88.29,1,11.9,逃,nan,懸命逃粘る
8120260407010003,kokura,2026-04-07,3,◎5 ○1 ▲6 △7 注2 ×4,"4-2  4,950円(15)","4-2-1  35,490円(87)","1=2=4  6,470円(17)",1,松本 大地  熊,本,48,81,A2,追,3.71,86.28,3,11.4,nan,１車身１/２,４角内入る
8120260407010003,kokura,2026-04-07,3,◎5 ○1 ▲6 △7 注2 ×4,"4-2  4,950円(15)","4-2-1  35,490円(87)","1=2=4  6,470円(17)",2,三浦 雄大  宮,城,39,98,A1,追,3.92,89.00,2,11.7,差,２車身,高橋清弾く
8120260407010003,kokura,2026-04-07,3,◎5 ○1 ▲6 △7 注2 ×4,"4-2  4,950円(15)","4-2-1  35,490円(87)","1=2=4  6,470円(17)",3,高橋 清太郎  岡,山,40,97,A1,追,3.92,85.53,5,11.7,nan,微差,弾かれ浮く
8120260407010003,kokura,2026-04-07,3,◎5 ○1 ▲6 △7 注2 ×4,"4-2  4,950円(15)","4-2-1  35,490円(87)","1=2=4  6,470円(17)",4,松下 綾馬  岡,山,29,121,A1,逃,3.92,83.58,1,11.4,捲,nan,３番手捲り
8120260407010003,kokura,2026-04-07,3,◎5 ○1 ▲6 △7 注2 ×4,"4-2  4,950円(15)","4-2-1  35,490円(87)","1=2=4  6,470円(17)",5,利根 正明  大,分,36,97,A1,逃,3.92,88.50,4,11.5,nan,３/４車身,前浮き一緒
8120260407010003,kokura,2026-04-07,3,◎5 ○1 ▲6 △7 注2 ×4,"4-2  4,950円(15)","4-2-1  35,490円(87)","1=2=4  6,470円(17)",6,奥出 健士郎  福,井,37,99,A2,追,3.92,79.66,7,11.5,nan,３/４車身,後手ライン
8120260407010003,kokura,2026-04-07,3,◎5 ○1 ▲6 △7 注2 ×4,"4-2  4,950円(15)","4-2-1  35,490円(87)","1=2=4  6,470円(17)",7,栗田 万生  千,葉,32,111,A1,逃,3.92,82.91,6,12.1,nan,３/４車身,先行捲られ
8120260407010004,kokura,2026-04-07,4,◎5 ○1 △4 注7 ×2 ▲6,5-1  120円(1),5-1-4  190円(1),1=4=5  140円(1),1,上野 恭哉  福,岡,28,119,A1,逃,3.92,86.50,2,11.4,ク,１/２車身,早め踏むが
8120260407010004,kokura,2026-04-07,4,◎5 ○1 △4 注7 ×2 ▲6,5-1  120円(1),5-1-4  190円(1),1=4=5  140円(1),2,宮内 善光  群,馬,44,88,A1,追,3.92,88.23,6,11.5,nan,１車輪,目標動けず
8120260407010004,kokura,2026-04-07,4,◎5 ○1 △4 注7 ×2 ▲6,5-1  120円(1),5-1-4  190円(1),1=4=5  140円(1),3,塩川 真一郎  広,島,51,74,A2,追,3.92,84.50,7,11.9,nan,６車身,内下り乗換
8120260407010004,kokura,2026-04-07,4,◎5 ○1 △4 注7 ×2 ▲6,5-1  120円(1),5-1-4  190円(1),1=4=5  140円(1),4,松山 桂輔  愛,知,42,88,A1,追,3.92,84.00,3,11.4,nan,３/４車身,本線３番手
8120260407010004,kokura,2026-04-07,4,◎5 ○1 △4 注7 ×2 ▲6,5-1  120円(1),5-1-4  190円(1),1=4=5  140円(1),5,尾野 翔一  福,岡,26,127,A2,逃,3.92,94.13,1,11.5,逃,nan,完封の逃げ
8120260407010004,kokura,2026-04-07,4,◎5 ○1 △4 注7 ×2 ▲6,5-1  120円(1),5-1-4  190円(1),1=4=5  140円(1),6,吉岡 伸太郎  愛,媛,32,105,A2,逃,3.86,81.09,5,11.5,nan,１/２車輪,捲れず一杯
8120260407010004,kokura,2026-04-07,4,◎5 ○1 △4 注7 ×2 ▲6,5-1  120円(1),5-1-4  190円(1),1=4=5  140円(1),7,加賀美 智史  山,梨,43,87,A2,両,3.92,83.00,4,11.5,nan,２車身,４番手被る
8120260407010005,kokura,2026-04-07,5,×3 ▲6 注5 ○1 ◎7 △2,"5-1  1,390円(5)","5-1-3  5,630円(18)","1=3=5  2,240円(10)",1,佐竹 和也  徳,島,46,83,A1,追,3.92,90.31,2,11.9,ク,１車輪,大名迫るも
8120260407010005,kokura,2026-04-07,5,×3 ▲6 注5 ○1 ◎7 △2,"5-1  1,390円(5)","5-1-3  5,630円(18)","1=3=5  2,240円(10)",2,吉田 裕全  埼,玉,41,90,A1,追,3.93,91.16,6,11.8,nan,１/２車輪,立直し捲上
8120260407010005,kokura,2026-04-07,5,×3 ▲6 注5 ○1 ◎7 △2,"5-1  1,390円(5)","5-1-3  5,630円(18)","1=3=5  2,240円(10)",3,吉堂 将規  奈,良,32,115,A1,逃,3.93,90.80,3,11.8,nan,１/２車輪,磯島と併走
8120260407010005,kokura,2026-04-07,5,×3 ▲6 注5 ○1 ◎7 △2,"5-1  1,390円(5)","5-1-3  5,630円(18)","1=3=5  2,240円(10)",4,松坂 英司,神奈川,51,82,A1,追,3.85,90.60,5,11.7,nan,１車身,吉田裕任せ
8120260407010005,kokura,2026-04-07,5,×3 ▲6 注5 ○1 ◎7 △2,"5-1  1,390円(5)","5-1-3  5,630円(18)","1=3=5  2,240円(10)",5,溝口 葵  三,重,33,117,A1,逃,3.92,89.71,1,12.0,逃,nan,別線封じて
8120260407010005,kokura,2026-04-07,5,×3 ▲6 注5 ○1 ◎7 △2,"5-1  1,390円(5)","5-1-3  5,630円(18)","1=3=5  2,240円(10)",6,小林 卓人  大,阪,48,79,A1,追,3.92,89.33,4,11.8,nan,３/４車輪,吉堂将続く
8120260407010005,kokura,2026-04-07,5,×3 ▲6 注5 ○1 ◎7 △2,"5-1  1,390円(5)","5-1-3  5,630円(18)","1=3=5  2,240円(10)",7,磯島 康祐  青,森,34,105,A1,逃,3.85,91.21,7,12.3,nan,２車身,追上げ併走
8120260407010006,kokura,2026-04-07,6,◎1 ○4 注5 △2 ×3 ▲6,1-4  300円(1),"1-4-2  1,210円(2)",1=2=4  690円(4),1,野田 源一  福,岡,47,81,S2,両,3.92,104.62,1,11.4,捲,nan,遠藤拓捲る
8120260407010006,kokura,2026-04-07,6,◎1 ○4 注5 △2 ×3 ▲6,1-4  300円(1),"1-4-2  1,210円(2)",1=2=4  690円(4),2,岡田 泰地  栃,木,34,100,S2,追,3.92,98.58,3,11.4,nan,１/２車身,直線外回す
8120260407010006,kokura,2026-04-07,6,◎1 ○4 注5 △2 ×3 ▲6,1-4  300円(1),"1-4-2  1,210円(2)",1=2=4  690円(4),3,遠藤 拓巳  香,川,26,125,S2,逃,3.92,100.94,5,11.8,nan,３/４車輪,叩き捲られ
8120260407010006,kokura,2026-04-07,6,◎1 ○4 注5 △2 ×3 ▲6,1-4  300円(1),"1-4-2  1,210円(2)",1=2=4  690円(4),4,大坪 功一  福,岡,48,81,S1,追,3.92,97.76,2,11.4,ク,３/４車身,捲りマーク
8120260407010006,kokura,2026-04-07,6,◎1 ○4 注5 △2 ×3 ▲6,1-4  300円(1),"1-4-2  1,210円(2)",1=2=4  690円(4),5,熊崎 麻人  埼,玉,26,123,S2,逃,3.92,98.13,4,11.6,nan,１/２車身,車間空いて
8120260407010006,kokura,2026-04-07,6,◎1 ○4 注5 △2 ×3 ▲6,1-4  300円(1),"1-4-2  1,210円(2)",1=2=4  690円(4),6,室井 竜二  徳,島,55,65,S2,追,3.92,93.37,6,13.3,nan,大差,踏出し離れ
8120260407010007,kokura,2026-04-07,7,▲3 △4 ×1 注7 ◎5 ○2,5-2  500円(2),"5-2-7  1,750円(4)",2=5=7  550円(2),1,大石 崇晴  大,阪,33,109,S2,両,3.92,102.47,5,11.5,nan,３/４車身,前浮き膨れ
8120260407010007,kokura,2026-04-07,7,▲3 △4 ×1 注7 ◎5 ○2,5-2  500円(2),"5-2-7  1,750円(4)",2=5=7  550円(2),2,田中 誠  福,岡,42,89,S2,追,3.92,102.40,2,11.7,ク,３/４車輪,捲止め迫る
8120260407010007,kokura,2026-04-07,7,▲3 △4 ×1 注7 ◎5 ○2,5-2  500円(2),"5-2-7  1,750円(4)",2=5=7  550円(2),3,依田 翔大  山,梨,26,123,S2,逃,3.92,95.80,6,11.9,nan,１車輪,捌き捲るも
8120260407010007,kokura,2026-04-07,7,▲3 △4 ×1 注7 ◎5 ○2,5-2  500円(2),"5-2-7  1,750円(4)",2=5=7  550円(2),4,早坂 秀悟  茨,城,40,90,S2,逃,3.92,96.82,4,11.7,nan,３/４車輪,イン突くが
8120260407010007,kokura,2026-04-07,7,▲3 △4 ×1 注7 ◎5 ○2,5-2  500円(2),"5-2-7  1,750円(4)",2=5=7  550円(2),5,原口 昌平  福,岡,33,107,S2,両,3.93,102.57,1,11.9,逃,nan,叩き逃切る
8120260407010007,kokura,2026-04-07,7,▲3 △4 ×1 注7 ◎5 ○2,5-2  500円(2),"5-2-7  1,750円(4)",2=5=7  550円(2),6,桶谷 明誉  広,島,37,94,S2,追,3.92,93.00,7,14.7,nan,大差,依田捌かれ
8120260407010007,kokura,2026-04-07,7,▲3 △4 ×1 注7 ◎5 ○2,5-2  500円(2),"5-2-7  1,750円(4)",2=5=7  550円(2),7,吉田 敏洋  愛,知,46,85,S2,両,3.92,100.79,3,11.6,nan,１/２車輪,前飛び切換
8120260407010008,kokura,2026-04-07,8,○5 ◎1 △7 注4 ×2 ▲6,2-4  510円(2),"2-4-1  1,230円(1)",1=2=4  480円(2),1,近藤 保  千,葉,43,95,S1,追,3.92,105.25,3,11.5,nan,４車身,立直し直伸
8120260407010008,kokura,2026-04-07,8,○5 ◎1 △7 注4 ×2 ▲6,2-4  510円(2),"2-4-1  1,230円(1)",1=2=4  480円(2),2,久島 尚樹  宮,崎,34,100,S2,両,3.92,102.62,1,11.2,差,nan,巧追差切る
8120260407010008,kokura,2026-04-07,8,○5 ◎1 △7 注4 ×2 ▲6,2-4  510円(2),"2-4-1  1,230円(1)",1=2=4  480円(2),3,大矢 将大  埼,玉,47,81,S2,追,3.92,98.13,4,11.8,nan,３/４車身,目標捲られ
8120260407010008,kokura,2026-04-07,8,○5 ◎1 △7 注4 ×2 ▲6,2-4  510円(2),"2-4-1  1,230円(1)",1=2=4  480円(2),4,立部 楓真  佐,賀,27,115,S2,逃,3.92,101.73,2,11.4,捲,３/４車身,ドカし捲る
8120260407010008,kokura,2026-04-07,8,○5 ◎1 △7 注4 ×2 ▲6,2-4  510円(2),"2-4-1  1,230円(1)",1=2=4  480円(2),5,菅原 大也,神奈川,34,107,S2,両,3.92,103.41,7,12.3,nan,３車身,立部捌かれ
8120260407010008,kokura,2026-04-07,8,○5 ◎1 △7 注4 ×2 ▲6,2-4  510円(2),"2-4-1  1,230円(1)",1=2=4  480円(2),6,中村 隆生  栃,木,25,117,S2,逃,3.92,97.78,6,12.3,nan,２車身,立部捲られ
8120260407010008,kokura,2026-04-07,8,○5 ◎1 △7 注4 ×2 ▲6,2-4  510円(2),"2-4-1  1,230円(1)",1=2=4  480円(2),7,渡邉 晴智  静,岡,52,73,S2,追,3.92,99.48,5,11.7,nan,１車身１/２,前浮き内突
8120260407010009,kokura,2026-04-07,9,◎5 ○2 △7 ▲1 注3 ×4,2-5  270円(1),"2-5-7  1,090円(2)",2=5=7  390円(1),1,萩原 孝之  静,岡,48,80,S2,追,3.92,101.04,4,11.5,nan,タイヤ差,外弾き迫る
8120260407010009,kokura,2026-04-07,9,◎5 ○2 △7 ▲1 注3 ×4,2-5  270円(1),"2-5-7  1,090円(2)",2=5=7  390円(1),2,坂口 晃輔  三,重,38,95,S1,追,3.92,105.15,1,11.5,差,nan,仕事し差す
8120260407010009,kokura,2026-04-07,9,◎5 ○2 △7 ▲1 注3 ×4,2-5  270円(1),"2-5-7  1,090円(2)",2=5=7  390円(1),3,橋本 凌汰  岡,山,25,119,S2,逃,3.92,100.52,6,11.8,nan,１車身,坂口弾かれ
8120260407010009,kokura,2026-04-07,9,◎5 ○2 △7 ▲1 注3 ×4,2-5  270円(1),"2-5-7  1,090円(2)",2=5=7  390円(1),4,山本 奨  岡,山,37,94,S2,両,3.92,98.47,7,11.5,nan,３/４車身,外併走後退
8120260407010009,kokura,2026-04-07,9,◎5 ○2 △7 ▲1 注3 ×4,2-5  270円(1),"2-5-7  1,090円(2)",2=5=7  390円(1),5,南部 翔大  大,阪,25,125,S2,逃,3.92,101.52,2,11.7,逃,１/８車輪,正攻法逃げ
8120260407010009,kokura,2026-04-07,9,◎5 ○2 △7 ▲1 注3 ×4,2-5  270円(1),"2-5-7  1,090円(2)",2=5=7  390円(1),6,西田 雅志  広,島,48,82,S2,追,3.92,0.00,5,11.4,nan,３/４車身,内下り乗換
8120260407010009,kokura,2026-04-07,9,◎5 ○2 △7 ▲1 注3 ×4,2-5  270円(1),"2-5-7  1,090円(2)",2=5=7  390円(1),7,近藤 隆司  千,葉,42,90,S2,両,3.92,99.65,3,11.6,nan,１車身,３番手取る
8120260407010010,kokura,2026-04-07,10,◎7 ○1 ▲5 ×2 注4 △3,2-7  530円(1),"2-7-6  8,120円(31)","2=6=7  3,420円(14)",1,今野 有樹  愛,媛,28,115,S2,両,3.92,100.43,5,11.2,nan,１/２車輪,前は届くが
8120260407010010,kokura,2026-04-07,10,◎7 ○1 ▲5 ×2 注4 △3,2-7  530円(1),"2-7-6  8,120円(31)","2=6=7  3,420円(14)",2,小松崎 大地  福,島,43,99,S1,両,3.92,106.17,1,11.3,捲,nan,併せ番手捲
8120260407010010,kokura,2026-04-07,10,◎7 ○1 ▲5 ×2 注4 △3,2-7  530円(1),"2-7-6  8,120円(31)","2=6=7  3,420円(14)",3,小林 弘和  佐,賀,42,91,S2,追,3.92,98.88,4,11.4,nan,３/４車身,梅崎乗って
8120260407010010,kokura,2026-04-07,10,◎7 ○1 ▲5 ×2 注4 △3,2-7  530円(1),"2-7-6  8,120円(31)","2=6=7  3,420円(14)",4,梅崎 隆介  長,崎,36,121,S2,両,3.92,98.36,6,11.5,nan,１/４車輪,捲り併され
8120260407010010,kokura,2026-04-07,10,◎7 ○1 ▲5 ×2 注4 △3,2-7  530円(1),"2-7-6  8,120円(31)","2=6=7  3,420円(14)",5,藤根 俊貴  岩,手,31,113,S2,逃,3.92,98.05,7,13.2,nan,大差,貢献の逃げ
8120260407010010,kokura,2026-04-07,10,◎7 ○1 ▲5 ×2 注4 △3,2-7  530円(1),"2-7-6  8,120円(31)","2=6=7  3,420円(14)",6,林 敬宏  愛,知,34,117,S2,逃,3.92,94.85,3,11.3,nan,１/２車身,小松崎続く
8120260407010010,kokura,2026-04-07,10,◎7 ○1 ▲5 ×2 注4 △3,2-7  530円(1),"2-7-6  8,120円(31)","2=6=7  3,420円(14)",7,太田 竜馬  徳,島,30,109,S1,逃,3.92,103.66,2,11.1,捲,１/２車身,大外捲って
8120260407010011,kokura,2026-04-07,11,◎7 ○1 注4 ▲5 ×2 △6,7-1  140円(1),7-1-4  190円(1),1=4=7  120円(1),1,瓜生 崇智  熊,本,31,109,S2,追,3.92,103.00,2,11.8,ク,３/４車身,前ピッタリ
8120260407010011,kokura,2026-04-07,11,◎7 ○1 注4 ▲5 ×2 △6,7-1  140円(1),7-1-4  190円(1),1=4=7  120円(1),2,稲垣 裕之  京,都,48,86,S2,両,3.92,97.17,7,11.7,nan,１/８車輪,疋田捲れず
8120260407010011,kokura,2026-04-07,11,◎7 ○1 注4 ▲5 ×2 △6,7-1  140円(1),7-1-4  190円(1),1=4=7  120円(1),3,中田 雄喜  福,島,38,97,S2,追,3.92,98.80,6,11.7,nan,３/４車身,内に包まれ
8120260407010011,kokura,2026-04-07,11,◎7 ○1 注4 ▲5 ×2 △6,7-1  140円(1),7-1-4  190円(1),1=4=7  120円(1),4,山口 貴弘  佐,賀,42,92,S2,追,3.92,100.82,3,11.7,nan,１車輪,３番手巧追
8120260407010011,kokura,2026-04-07,11,◎7 ○1 注4 ▲5 ×2 △6,7-1  140円(1),7-1-4  190円(1),1=4=7  120円(1),5,疋田 力也  愛,知,25,119,S2,両,3.92,96.17,4,11.8,nan,１車身,捲り不発で
8120260407010011,kokura,2026-04-07,11,◎7 ○1 注4 ▲5 ×2 △6,7-1  140円(1),7-1-4  190円(1),1=4=7  120円(1),6,菅野 航基  宮,城,25,119,S2,逃,3.92,94.71,5,11.8,nan,１/２車輪,中団包まれ
8120260407010011,kokura,2026-04-07,11,◎7 ○1 注4 ▲5 ×2 △6,7-1  140円(1),7-1-4  190円(1),1=4=7  120円(1),7,木村 皆斗  茨,城,24,119,S1,逃,3.92,108.07,1,11.9,逃,nan,カマシ返し
8120260407010012,kokura,2026-04-07,12,△4 ◎7 ○1 注2 ×5 ▲3,7-4  600円(2),"7-4-6  9,190円(32)","4=6=7  2,900円(14)",1,吉澤 純平  茨,城,41,101,S1,両,3.92,108.69,4,11.3,nan,１/２車輪,脇本掬われ
8120260407010012,kokura,2026-04-07,12,△4 ◎7 ○1 注2 ×5 ▲3,7-4  600円(2),"7-4-6  9,190円(32)","4=6=7  2,900円(14)",2,阿部 将大  大,分,29,117,S1,逃,3.93,109.40,7,11.8,nan,４車身,菊池捲れず
8120260407010012,kokura,2026-04-07,12,△4 ◎7 ○1 注2 ×5 ▲3,7-4  600円(2),"7-4-6  9,190円(32)","4=6=7  2,900円(14)",3,橋本 強  愛,媛,41,89,S1,追,3.92,109.04,6,11.1,nan,３/４車身,小川勇続く
8120260407010012,kokura,2026-04-07,12,△4 ◎7 ○1 注2 ×5 ▲3,7-4  600円(2),"7-4-6  9,190円(32)","4=6=7  2,900円(14)",4,菊池 岳仁  長,野,25,117,S1,逃,3.92,110.00,2,11.5,逃,３/４車輪,突張り先行
8120260407010012,kokura,2026-04-07,12,△4 ◎7 ○1 注2 ×5 ▲3,7-4  600円(2),"7-4-6  9,190円(32)","4=6=7  2,900円(14)",5,小川 勇介  福,岡,41,90,S1,追,3.92,110.28,5,11.1,nan,１/４車輪,阿部捲れず
8120260407010012,kokura,2026-04-07,12,△4 ◎7 ○1 注2 ×5 ▲3,7-4  600円(2),"7-4-6  9,190円(32)","4=6=7  2,900円(14)",6,脇本 勇希  福,井,27,115,S1,逃,3.92,108.45,3,11.3,nan,３/４車輪,内掬い中割
8120260407010012,kokura,2026-04-07,12,△4 ◎7 ○1 注2 ×5 ▲3,7-4  600円(2),"7-4-6  9,190円(32)","4=6=7  2,900円(14)",7,坂井 洋  栃,木,31,115,S1,両,3.92,110.76,1,11.3,差,nan,援護し差す
